application_id,start_time,completion_time,status,release_version,channel,last_activity_time,abandonment_reason
APP00001,3/20/2026 21:09,,Abandoned,v1,Web,01:48.7,Upload failure
APP00002,2/22/2026 23:58,,Abandoned,v1,Mobile,34:33.4,Long processing time
APP00003,3/3/2026 22:05,01:04.2,Completed,v1,Web,01:04.2,
APP00004,1/16/2026 16:58,58:02.2,Completed,v1,Web,58:02.2,
APP00005,2/24/2026 9:19,45:39.5,Completed,v1,Mobile,45:39.5,
APP00006,1/28/2026 14:26,05:02.5,Completed,v1,Web,05:02.5,
APP00007,1/9/2026 11:36,,Abandoned,v1,Mobile,01:26.0,Unknown
APP00008,4/27/2026 19:36,23:50.8,Completed,v1,Mobile,23:50.8,
APP00009,3/31/2026 12:55,,Abandoned,v1,Mobile,20:52.3,Upload failure
APP00010,3/24/2026 7:10,01:51.3,Completed,v1,Mobile,01:51.3,
APP00011,2/25/2026 21:16,44:48.5,Completed,v1,Mobile,44:48.5,
APP00012,1/16/2026 22:10,00:41.4,Completed,v1,Web,00:41.4,
APP00013,2/22/2026 13:25,10:29.9,Completed,v1,Web,10:29.9,
APP00014,4/7/2026 21:43,35:51.8,Completed,v1,Web,35:51.8,
APP00015,4/6/2026 22:54,12:41.1,Completed,v1,Mobile,12:41.1,
APP00016,4/5/2026 18:20,51:46.7,Completed,v1,Web,51:46.7,
APP00017,1/30/2026 18:59,56:29.5,Completed,v1,Mobile,56:29.5,
APP00018,1/15/2026 1:50,,Abandoned,v1,Web,27:15.3,User left application
APP00019,1/12/2026 4:49,25:25.2,Completed,v1,Web,25:25.2,
APP00020,3/9/2026 10:30,08:56.3,Completed,v1,Mobile,08:56.3,
APP00021,1/5/2026 11:54,43:57.3,Completed,v1,Web,43:57.3,
APP00022,1/29/2026 9:44,19:09.8,Completed,v1,Mobile,19:09.8,
APP00023,4/30/2026 20:47,36:18.5,Completed,v1,Web,36:18.5,
APP00024,3/22/2026 1:13,48:53.5,Completed,v1,Mobile,48:53.5,
APP00025,3/25/2026 22:41,23:12.0,Completed,v1,Web,23:12.0,
APP00026,2/25/2026 18:12,04:38.8,Completed,v1,Mobile,04:38.8,
APP00027,1/29/2026 23:38,53:00.2,Completed,v1,Mobile,53:00.2,
APP00028,2/6/2026 12:21,47:02.6,Completed,v1,Mobile,47:02.6,
APP00029,3/1/2026 17:47,49:47.3,Completed,v1,Web,49:47.3,
APP00030,3/26/2026 7:09,36:03.7,Completed,v1,Web,36:03.7,
APP00031,1/10/2026 20:15,,Abandoned,v1,Mobile,05:48.4,Upload failure
APP00032,1/12/2026 21:36,21:48.2,Completed,v1,Mobile,21:48.2,
APP00033,2/25/2026 22:01,,Abandoned,v1,Mobile,24:24.6,Long processing time
APP00034,4/14/2026 3:02,09:37.7,Completed,v1,Mobile,09:37.7,
APP00035,3/17/2026 18:47,32:31.2,Completed,v1,Web,32:31.2,
APP00036,1/11/2026 11:11,58:42.6,Completed,v1,Mobile,58:42.6,
APP00037,1/22/2026 8:31,58:10.5,Completed,v1,Mobile,58:10.5,
APP00038,3/12/2026 20:24,16:09.7,Completed,v1,Web,16:09.7,
APP00039,1/19/2026 12:18,05:01.0,Completed,v1,Mobile,05:01.0,
APP00040,4/26/2026 8:39,07:37.3,Completed,v1,Mobile,07:37.3,
APP00041,1/20/2026 15:44,30:17.0,Completed,v1,Web,30:17.0,
APP00042,3/10/2026 22:34,06:12.4,Completed,v1,Mobile,06:12.4,
APP00043,2/13/2026 23:23,,Abandoned,v1,Mobile,53:49.6,Upload failure
APP00044,4/10/2026 11:43,17:13.1,Completed,v1,Web,17:13.1,
APP00045,1/30/2026 14:21,,Abandoned,v1,Mobile,57:36.3,Upload failure
APP00046,3/21/2026 11:08,,Abandoned,v1,Mobile,18:18.1,Upload failure
APP00047,1/18/2026 6:50,18:51.5,Completed,v1,Mobile,18:51.5,
APP00048,3/8/2026 21:58,54:54.3,Completed,v1,Web,54:54.3,
APP00049,3/16/2026 22:57,28:31.4,Completed,v1,Mobile,28:31.4,
APP00050,3/4/2026 3:21,43:23.4,Completed,v1,Mobile,43:23.4,
APP00051,1/19/2026 12:26,,Abandoned,v1,Web,03:12.0,Upload failure
APP00052,4/18/2026 8:01,03:53.8,Completed,v1,Web,03:53.8,
APP00053,2/10/2026 14:28,16:51.6,Completed,v1,Web,16:51.6,
APP00054,3/21/2026 17:35,57:24.5,Completed,v1,Web,57:24.5,
APP00055,1/5/2026 3:54,,Abandoned,v1,Mobile,24:24.6,Upload failure
APP00056,1/16/2026 1:32,56:17.2,Completed,v1,Mobile,56:17.2,
APP00057,5/1/2026 2:19,,Abandoned,v1,Mobile,52:53.9,Long processing time
APP00058,4/4/2026 14:55,59:31.2,Completed,v1,Mobile,59:31.2,
APP00059,1/3/2026 11:43,24:13.2,Completed,v1,Mobile,24:13.2,
APP00060,3/23/2026 15:39,06:57.0,Completed,v1,Web,06:57.0,
APP00061,1/4/2026 8:17,59:29.4,Completed,v1,Web,59:29.4,
APP00062,3/28/2026 4:22,,Abandoned,v1,Mobile,46:19.0,User left application
APP00063,1/17/2026 4:47,50:23.9,Completed,v1,Mobile,50:23.9,
APP00064,2/28/2026 23:07,,Abandoned,v1,Mobile,36:31.4,Session timeout
APP00065,1/19/2026 2:50,33:26.9,Completed,v1,Web,33:26.9,
APP00066,3/18/2026 9:50,,Abandoned,v1,Mobile,01:32.2,User left application
APP00067,3/30/2026 22:22,54:32.9,Completed,v1,Web,54:32.9,
APP00068,4/7/2026 20:33,03:20.1,Completed,v1,Mobile,03:20.1,
APP00069,2/25/2026 21:27,52:00.1,Completed,v1,Web,52:00.1,
APP00070,1/29/2026 6:00,33:31.7,Completed,v1,Web,33:31.7,
APP00071,4/22/2026 12:14,27:52.6,Completed,v1,Mobile,27:52.6,
APP00072,2/21/2026 10:32,53:24.1,Completed,v1,Mobile,53:24.1,
APP00073,4/12/2026 5:39,02:15.3,Completed,v1,Web,02:15.3,
APP00074,4/9/2026 7:43,52:39.5,Completed,v1,Web,52:39.5,
APP00075,4/22/2026 3:16,,Abandoned,v1,Mobile,58:41.7,Unknown
APP00076,1/18/2026 14:21,41:00.1,Completed,v1,Mobile,41:00.1,
APP00077,3/27/2026 10:01,34:06.9,Completed,v1,Mobile,34:06.9,
APP00078,1/7/2026 23:32,16:29.2,Completed,v1,Web,16:29.2,
APP00079,4/29/2026 11:08,,Abandoned,v1,Mobile,27:34.1,Long processing time
APP00080,3/2/2026 21:02,29:01.5,Completed,v1,Mobile,29:01.5,
APP00081,3/19/2026 10:35,04:47.5,Completed,v1,Mobile,04:47.5,
APP00082,3/10/2026 21:09,33:12.1,Completed,v1,Mobile,33:12.1,
APP00083,1/14/2026 3:25,,Abandoned,v1,Web,30:00.0,Upload failure
APP00084,1/7/2026 13:39,,Abandoned,v1,Web,50:47.5,Long processing time
APP00085,3/11/2026 20:34,11:19.5,Completed,v1,Web,11:19.5,
APP00086,4/4/2026 20:53,37:26.5,Completed,v1,Mobile,37:26.5,
APP00087,4/11/2026 9:03,47:49.5,Completed,v1,Web,47:49.5,
APP00088,2/25/2026 20:51,04:53.5,Completed,v1,Mobile,04:53.5,
APP00089,3/14/2026 20:01,56:49.3,Completed,v1,Mobile,56:49.3,
APP00090,1/29/2026 5:48,13:09.2,Completed,v1,Mobile,13:09.2,
APP00091,4/6/2026 11:07,,Abandoned,v1,Mobile,15:38.8,Session timeout
APP00092,4/25/2026 4:42,51:54.2,Completed,v1,Mobile,51:54.2,
APP00093,1/25/2026 14:47,30:03.9,Completed,v1,Web,30:03.9,
APP00094,4/7/2026 20:38,,Abandoned,v1,Mobile,48:26.0,Long processing time
APP00095,3/2/2026 17:31,31:44.4,Completed,v1,Web,31:44.4,
APP00096,4/14/2026 14:52,,Abandoned,v1,Mobile,40:36.9,Unknown
APP00097,3/29/2026 3:26,,Abandoned,v1,Web,49:38.1,Long processing time
APP00098,1/17/2026 19:44,,Abandoned,v1,Web,04:01.3,User left application
APP00099,1/12/2026 3:30,01:15.7,Completed,v1,Web,01:15.7,
APP00100,1/31/2026 17:44,44:29.1,Completed,v1,Web,44:29.1,
APP00101,2/27/2026 10:40,23:09.2,Completed,v1,Web,23:09.2,
APP00102,2/26/2026 6:02,10:59.3,Completed,v1,Web,10:59.3,
APP00103,4/12/2026 17:43,48:36.9,Completed,v1,Web,48:36.9,
APP00104,1/15/2026 16:49,21:51.9,Completed,v1,Web,21:51.9,
APP00105,3/29/2026 23:56,,Abandoned,v1,Web,34:41.3,Unknown
APP00106,2/10/2026 8:52,31:38.4,Completed,v1,Mobile,31:38.4,
APP00107,4/26/2026 16:32,,Abandoned,v1,Mobile,44:49.8,Long processing time
APP00108,1/19/2026 1:36,,Abandoned,v1,Mobile,55:07.7,User left application
APP00109,2/13/2026 15:03,45:11.0,Completed,v1,Web,45:11.0,
APP00110,4/4/2026 23:16,11:28.1,Completed,v1,Web,11:28.1,
APP00111,2/2/2026 20:23,32:56.6,Completed,v1,Mobile,32:56.6,
APP00112,4/13/2026 9:32,15:43.6,Completed,v1,Web,15:43.6,
APP00113,3/29/2026 1:02,18:22.8,Completed,v1,Mobile,18:22.8,
APP00114,4/10/2026 9:09,59:23.2,Completed,v1,Mobile,59:23.2,
APP00115,3/7/2026 17:19,,Abandoned,v1,Web,54:05.2,Unknown
APP00116,1/14/2026 14:29,,Abandoned,v1,Mobile,17:02.3,User left application
APP00117,1/4/2026 5:01,55:09.7,Completed,v1,Web,55:09.7,
APP00118,3/22/2026 5:10,40:43.5,Completed,v1,Web,40:43.5,
APP00119,4/13/2026 20:31,06:42.0,Completed,v1,Mobile,06:42.0,
APP00120,4/4/2026 13:05,45:07.2,Completed,v1,Web,45:07.2,
APP00121,4/9/2026 17:32,,Abandoned,v1,Mobile,37:00.0,User left application
APP00122,3/15/2026 1:03,56:59.5,Completed,v1,Web,56:59.5,
APP00123,1/15/2026 18:15,18:14.6,Completed,v1,Web,18:14.6,
APP00124,4/3/2026 23:40,43:39.4,Completed,v1,Mobile,43:39.4,
APP00125,1/11/2026 15:45,03:18.7,Completed,v1,Web,03:18.7,
APP00126,4/13/2026 11:15,09:51.4,Completed,v1,Mobile,09:51.4,
APP00127,4/1/2026 6:20,45:21.1,Completed,v1,Web,45:21.1,
APP00128,3/15/2026 17:14,,Abandoned,v1,Mobile,19:00.0,Upload failure
APP00129,2/14/2026 20:55,19:53.0,Completed,v1,Mobile,19:53.0,
APP00130,1/12/2026 8:09,,Abandoned,v1,Mobile,39:12.9,Long processing time
APP00131,2/23/2026 22:02,,Abandoned,v1,Web,29:08.7,Unknown
APP00132,1/18/2026 17:58,34:41.8,Completed,v1,Web,34:41.8,
APP00133,1/20/2026 6:49,36:34.8,Completed,v1,Web,36:34.8,
APP00134,1/19/2026 3:30,13:06.6,Completed,v1,Mobile,13:06.6,
APP00135,1/12/2026 13:01,48:19.7,Completed,v1,Mobile,48:19.7,
APP00136,2/6/2026 21:32,00:40.0,Completed,v1,Web,00:40.0,
APP00137,4/25/2026 5:31,05:39.7,Completed,v1,Mobile,05:39.7,
APP00138,3/12/2026 22:19,18:41.8,Completed,v1,Mobile,18:41.8,
APP00139,2/12/2026 10:30,07:27.0,Completed,v1,Web,07:27.0,
APP00140,3/10/2026 5:25,01:34.3,Completed,v1,Web,01:34.3,
APP00141,1/24/2026 23:16,39:33.8,Completed,v1,Mobile,39:33.8,
APP00142,2/22/2026 2:29,,Abandoned,v1,Mobile,04:49.8,Upload failure
APP00143,4/13/2026 8:39,08:31.7,Completed,v1,Web,08:31.7,
APP00144,3/2/2026 18:27,,Abandoned,v1,Mobile,14:18.7,Upload failure
APP00145,4/9/2026 23:01,50:15.8,Completed,v1,Web,50:15.8,
APP00146,1/8/2026 0:02,14:41.8,Completed,v1,Mobile,14:41.8,
APP00147,2/22/2026 17:37,,Abandoned,v1,Mobile,38:16.6,User left application
APP00148,4/10/2026 14:15,32:57.6,Completed,v1,Mobile,32:57.6,
APP00149,3/2/2026 13:01,,Abandoned,v1,Mobile,43:41.9,Upload failure
APP00150,4/26/2026 8:16,33:01.5,Completed,v1,Mobile,33:01.5,
APP00151,4/22/2026 9:52,46:39.2,Completed,v1,Mobile,46:39.2,
APP00152,3/19/2026 5:45,15:59.2,Completed,v1,Mobile,15:59.2,
APP00153,4/21/2026 18:39,06:47.8,Completed,v1,Web,06:47.8,
APP00154,4/30/2026 0:42,46:27.7,Completed,v1,Web,46:27.7,
APP00155,2/9/2026 18:20,,Abandoned,v1,Mobile,59:09.9,User left application
APP00156,1/10/2026 22:32,58:56.5,Completed,v1,Mobile,58:56.5,
APP00157,4/24/2026 5:16,08:12.0,Completed,v1,Web,08:12.0,
APP00158,1/6/2026 16:35,43:00.0,Completed,v1,Mobile,43:00.0,
APP00159,2/2/2026 14:21,,Abandoned,v1,Mobile,59:57.2,Long processing time
APP00160,1/30/2026 13:45,24:27.2,Completed,v1,Web,24:27.2,
APP00161,3/29/2026 7:51,43:36.2,Completed,v1,Mobile,43:36.2,
APP00162,2/14/2026 7:49,35:44.6,Completed,v1,Web,35:44.6,
APP00163,2/14/2026 17:13,,Abandoned,v1,Web,31:55.8,Session timeout
APP00164,3/2/2026 21:47,14:46.8,Completed,v1,Web,14:46.8,
APP00165,5/1/2026 2:50,19:45.1,Completed,v1,Mobile,19:45.1,
APP00166,4/21/2026 9:55,34:26.7,Completed,v1,Mobile,34:26.7,
APP00167,3/25/2026 5:30,48:49.8,Completed,v1,Web,48:49.8,
APP00168,2/24/2026 2:50,17:36.3,Completed,v1,Mobile,17:36.3,
APP00169,3/27/2026 22:49,50:58.0,Completed,v1,Web,50:58.0,
APP00170,4/29/2026 3:36,,Abandoned,v1,Web,41:00.0,Long processing time
APP00171,3/17/2026 3:17,,Abandoned,v1,Web,05:17.3,Upload failure
APP00172,4/5/2026 4:10,38:36.0,Completed,v1,Web,38:36.0,
APP00173,2/20/2026 8:30,,Abandoned,v1,Web,08:58.8,Upload failure
APP00174,4/27/2026 17:04,,Abandoned,v1,Web,29:31.3,Long processing time
APP00175,2/6/2026 1:35,,Abandoned,v1,Mobile,58:35.3,Upload failure
APP00176,1/6/2026 5:55,08:36.0,Completed,v1,Web,08:36.0,
APP00177,1/10/2026 5:12,43:57.5,Completed,v1,Mobile,43:57.5,
APP00178,4/6/2026 13:48,,Abandoned,v1,Web,37:15.5,Long processing time
APP00179,1/7/2026 22:33,58:27.1,Completed,v1,Mobile,58:27.1,
APP00180,2/15/2026 1:22,11:08.5,Completed,v1,Web,11:08.5,
APP00181,3/31/2026 2:48,,Abandoned,v1,Web,26:50.0,Long processing time
APP00182,3/31/2026 1:33,07:57.0,Completed,v1,Mobile,07:57.0,
APP00183,4/25/2026 12:56,45:32.3,Completed,v1,Mobile,45:32.3,
APP00184,3/4/2026 2:07,,Abandoned,v1,Mobile,08:15.2,Upload failure
APP00185,2/20/2026 3:12,34:47.4,Completed,v1,Mobile,34:47.4,
APP00186,4/13/2026 16:00,37:01.9,Completed,v1,Mobile,37:01.9,
APP00187,3/8/2026 7:02,53:16.4,Completed,v1,Mobile,53:16.4,
APP00188,4/17/2026 17:17,,Abandoned,v1,Mobile,04:59.0,Upload failure
APP00189,3/18/2026 22:08,47:43.7,Completed,v1,Web,47:43.7,
APP00190,2/5/2026 21:31,,Abandoned,v1,Web,39:35.1,Upload failure
APP00191,1/8/2026 13:38,,Abandoned,v1,Web,48:57.4,Long processing time
APP00192,2/17/2026 10:01,25:20.4,Completed,v1,Mobile,25:20.4,
APP00193,3/8/2026 21:51,35:50.3,Completed,v1,Mobile,35:50.3,
APP00194,1/3/2026 10:53,07:55.7,Completed,v1,Mobile,07:55.7,
APP00195,3/2/2026 16:57,37:41.7,Completed,v1,Web,37:41.7,
APP00196,3/7/2026 5:40,29:42.8,Completed,v1,Mobile,29:42.8,
APP00197,4/29/2026 9:53,39:21.5,Completed,v1,Mobile,39:21.5,
APP00198,3/31/2026 9:52,47:22.4,Completed,v1,Mobile,47:22.4,
APP00199,2/11/2026 23:24,12:43.4,Completed,v1,Mobile,12:43.4,
APP00200,4/16/2026 6:01,,Abandoned,v1,Web,51:20.1,User left application
APP00201,4/25/2026 7:48,23:02.0,Completed,v1,Mobile,23:02.0,
APP00202,4/30/2026 16:44,49:58.4,Completed,v1,Mobile,49:58.4,
APP00203,2/8/2026 14:34,12:04.1,Completed,v1,Web,12:04.1,
APP00204,4/25/2026 23:24,,Abandoned,v1,Mobile,41:28.0,Upload failure
APP00205,1/7/2026 11:35,02:21.4,Completed,v1,Mobile,02:21.4,
APP00206,1/30/2026 20:40,18:04.7,Completed,v1,Mobile,18:04.7,
APP00207,3/18/2026 14:25,51:23.1,Completed,v1,Mobile,51:23.1,
APP00208,2/16/2026 11:22,00:27.3,Completed,v1,Mobile,00:27.3,
APP00209,1/19/2026 12:16,41:26.3,Completed,v1,Mobile,41:26.3,
APP00210,1/1/2026 12:46,08:32.7,Completed,v1,Mobile,08:32.7,
APP00211,2/19/2026 13:11,,Abandoned,v1,Mobile,24:33.3,Upload failure
APP00212,2/22/2026 2:13,21:00.0,Completed,v1,Mobile,21:00.0,
APP00213,4/14/2026 22:13,59:31.3,Completed,v1,Mobile,59:31.3,
APP00214,3/24/2026 7:47,11:05.2,Completed,v1,Web,11:05.2,
APP00215,1/24/2026 7:06,44:59.8,Completed,v1,Web,44:59.8,
APP00216,1/19/2026 9:18,12:26.7,Completed,v1,Web,12:26.7,
APP00217,1/19/2026 18:14,12:01.7,Completed,v1,Mobile,12:01.7,
APP00218,1/14/2026 14:36,48:14.6,Completed,v1,Web,48:14.6,
APP00219,2/4/2026 0:19,09:15.6,Completed,v1,Mobile,09:15.6,
APP00220,4/13/2026 17:42,,Abandoned,v1,Web,16:13.7,Unknown
APP00221,3/9/2026 3:58,08:33.8,Completed,v1,Web,08:33.8,
APP00222,2/24/2026 20:50,,Abandoned,v1,Mobile,41:06.0,Upload failure
APP00223,1/14/2026 21:20,12:10.0,Completed,v1,Web,12:10.0,
APP00224,3/14/2026 10:06,53:27.2,Completed,v1,Mobile,53:27.2,
APP00225,2/16/2026 8:00,21:31.4,Completed,v1,Mobile,21:31.4,
APP00226,1/3/2026 14:49,52:44.9,Completed,v1,Web,52:44.9,
APP00227,1/19/2026 2:04,49:14.7,Completed,v1,Web,49:14.7,
APP00228,3/13/2026 14:13,55:58.0,Completed,v1,Web,55:58.0,
APP00229,2/2/2026 3:09,19:45.7,Completed,v1,Web,19:45.7,
APP00230,1/1/2026 19:32,17:58.8,Completed,v1,Web,17:58.8,
APP00231,2/20/2026 3:20,59:35.0,Completed,v1,Web,59:35.0,
APP00232,3/6/2026 16:15,05:10.8,Completed,v1,Mobile,05:10.8,
APP00233,4/28/2026 12:55,52:55.9,Completed,v1,Web,52:55.9,
APP00234,4/11/2026 16:23,,Abandoned,v1,Mobile,57:46.7,Unknown
APP00235,1/23/2026 13:30,18:04.1,Completed,v1,Web,18:04.1,
APP00236,3/8/2026 18:11,50:53.1,Completed,v1,Web,50:53.1,
APP00237,1/19/2026 7:22,00:46.0,Completed,v1,Web,00:46.0,
APP00238,2/20/2026 15:30,03:56.2,Completed,v1,Web,03:56.2,
APP00239,4/3/2026 23:59,44:54.3,Completed,v1,Mobile,44:54.3,
APP00240,4/18/2026 2:12,,Abandoned,v1,Mobile,36:22.5,Session timeout
APP00241,4/21/2026 17:20,,Abandoned,v1,Mobile,30:45.5,Upload failure
APP00242,4/14/2026 9:52,,Abandoned,v1,Mobile,26:34.9,Long processing time
APP00243,2/19/2026 21:26,,Abandoned,v1,Mobile,31:00.0,User left application
APP00244,3/4/2026 9:00,23:57.3,Completed,v1,Web,23:57.3,
APP00245,3/26/2026 6:31,,Abandoned,v1,Web,58:28.5,Unknown
APP00246,4/15/2026 4:50,,Abandoned,v1,Mobile,17:16.9,Long processing time
APP00247,4/29/2026 21:30,10:30.4,Completed,v1,Web,10:30.4,
APP00248,2/15/2026 14:10,42:51.7,Completed,v1,Mobile,42:51.7,
APP00249,2/16/2026 11:51,27:12.6,Completed,v1,Web,27:12.6,
APP00250,2/19/2026 10:19,01:29.8,Completed,v1,Mobile,01:29.8,
APP00251,4/3/2026 14:28,16:48.0,Completed,v1,Mobile,16:48.0,
APP00252,1/17/2026 1:35,,Abandoned,v1,Mobile,49:21.6,Unknown
APP00253,2/27/2026 1:53,,Abandoned,v1,Mobile,13:07.8,Unknown
APP00254,4/1/2026 18:05,40:29.3,Completed,v1,Mobile,40:29.3,
APP00255,2/24/2026 21:32,57:52.4,Completed,v1,Mobile,57:52.4,
APP00256,2/1/2026 11:11,22:43.7,Completed,v1,Web,22:43.7,
APP00257,1/29/2026 10:00,40:20.7,Completed,v1,Mobile,40:20.7,
APP00258,1/31/2026 15:00,,Abandoned,v1,Web,52:57.2,Session timeout
APP00259,2/12/2026 21:56,42:37.4,Completed,v1,Web,42:37.4,
APP00260,4/25/2026 16:38,46:00.0,Completed,v1,Mobile,46:00.0,
APP00261,3/31/2026 11:43,18:27.9,Completed,v1,Web,18:27.9,
APP00262,3/16/2026 8:15,13:47.4,Completed,v1,Mobile,13:47.4,
APP00263,3/5/2026 5:12,29:25.8,Completed,v1,Web,29:25.8,
APP00264,3/30/2026 13:10,,Abandoned,v1,Mobile,41:03.1,Upload failure
APP00265,3/14/2026 17:41,19:23.6,Completed,v1,Mobile,19:23.6,
APP00266,4/24/2026 7:37,01:46.8,Completed,v1,Mobile,01:46.8,
APP00267,3/20/2026 10:00,32:02.7,Completed,v1,Mobile,32:02.7,
APP00268,2/19/2026 23:04,,Abandoned,v1,Web,06:43.6,Upload failure
APP00269,3/28/2026 17:25,01:54.8,Completed,v1,Mobile,01:54.8,
APP00270,1/31/2026 3:24,,Abandoned,v1,Web,46:34.3,User left application
APP00271,2/4/2026 4:47,35:37.2,Completed,v1,Mobile,35:37.2,
APP00272,3/1/2026 4:57,39:05.8,Completed,v1,Mobile,39:05.8,
APP00273,1/12/2026 1:30,,Abandoned,v1,Web,10:11.5,Long processing time
APP00274,2/28/2026 4:14,54:35.6,Completed,v1,Web,54:35.6,
APP00275,2/15/2026 22:47,,Abandoned,v1,Mobile,38:43.7,Long processing time
APP00276,1/15/2026 14:35,21:37.8,Completed,v1,Web,21:37.8,
APP00277,3/21/2026 14:05,,Abandoned,v1,Mobile,46:39.5,Upload failure
APP00278,1/23/2026 19:14,03:13.7,Completed,v1,Web,03:13.7,
APP00279,3/24/2026 3:46,49:55.7,Completed,v1,Web,49:55.7,
APP00280,2/11/2026 7:11,52:58.2,Completed,v1,Web,52:58.2,
APP00281,4/10/2026 14:42,,Abandoned,v1,Web,55:57.2,Upload failure
APP00282,1/26/2026 18:25,45:09.8,Completed,v1,Web,45:09.8,
APP00283,4/16/2026 17:00,42:33.2,Completed,v1,Mobile,42:33.2,
APP00284,1/8/2026 18:44,29:34.2,Completed,v1,Mobile,29:34.2,
APP00285,3/20/2026 1:15,14:40.5,Completed,v1,Web,14:40.5,
APP00286,2/8/2026 15:10,59:06.1,Completed,v1,Web,59:06.1,
APP00287,3/5/2026 9:37,30:46.2,Completed,v1,Web,30:46.2,
APP00288,2/11/2026 11:00,19:31.9,Completed,v1,Web,19:31.9,
APP00289,3/31/2026 21:38,,Abandoned,v1,Web,05:56.9,Long processing time
APP00290,4/1/2026 6:54,59:40.1,Completed,v1,Web,59:40.1,
APP00291,3/30/2026 12:00,47:38.6,Completed,v1,Mobile,47:38.6,
APP00292,3/30/2026 22:54,38:05.5,Completed,v1,Web,38:05.5,
APP00293,1/24/2026 1:44,19:22.1,Completed,v1,Mobile,19:22.1,
APP00294,3/19/2026 23:34,21:26.6,Completed,v1,Mobile,21:26.6,
APP00295,1/17/2026 2:07,55:03.7,Completed,v1,Web,55:03.7,
APP00296,3/20/2026 23:53,26:59.3,Completed,v1,Mobile,26:59.3,
APP00297,4/1/2026 11:35,17:50.1,Completed,v1,Web,17:50.1,
APP00298,1/30/2026 22:26,17:54.9,Completed,v1,Mobile,17:54.9,
APP00299,4/21/2026 1:26,17:51.5,Completed,v1,Web,17:51.5,
APP00300,4/20/2026 13:44,,Abandoned,v1,Web,49:00.0,Upload failure
APP00301,2/7/2026 6:12,13:00.1,Completed,v1,Mobile,13:00.1,
APP00302,3/17/2026 9:22,11:45.8,Completed,v1,Mobile,11:45.8,
APP00303,3/26/2026 10:18,51:04.5,Completed,v1,Mobile,51:04.5,
APP00304,4/16/2026 8:18,,Abandoned,v1,Web,32:54.2,Long processing time
APP00305,3/26/2026 21:24,53:48.2,Completed,v1,Mobile,53:48.2,
APP00306,3/1/2026 2:41,,Abandoned,v1,Mobile,25:51.1,Long processing time
APP00307,4/23/2026 15:55,,Abandoned,v1,Web,24:55.1,Long processing time
APP00308,4/28/2026 17:13,32:57.8,Completed,v1,Web,32:57.8,
APP00309,3/15/2026 1:54,37:53.6,Completed,v1,Mobile,37:53.6,
APP00310,3/19/2026 17:04,09:15.9,Completed,v1,Web,09:15.9,
APP00311,2/5/2026 5:13,54:02.2,Completed,v1,Web,54:02.2,
APP00312,4/14/2026 14:26,,Abandoned,v1,Mobile,28:54.2,Long processing time
APP00313,3/26/2026 7:41,19:19.9,Completed,v1,Mobile,19:19.9,
APP00314,4/4/2026 6:05,50:37.7,Completed,v1,Web,50:37.7,
APP00315,2/18/2026 11:06,,Abandoned,v1,Mobile,08:42.4,User left application
APP00316,3/16/2026 16:38,26:55.3,Completed,v1,Mobile,26:55.3,
APP00317,2/27/2026 11:23,42:37.8,Completed,v1,Mobile,42:37.8,
APP00318,4/17/2026 12:21,58:34.4,Completed,v1,Web,58:34.4,
APP00319,1/30/2026 13:43,27:53.1,Completed,v1,Web,27:53.1,
APP00320,3/2/2026 10:12,,Abandoned,v1,Web,44:39.5,Upload failure
APP00321,3/24/2026 8:10,,Abandoned,v1,Mobile,08:50.4,Upload failure
APP00322,3/29/2026 16:11,02:34.4,Completed,v1,Mobile,02:34.4,
APP00323,4/2/2026 21:41,,Abandoned,v1,Web,47:53.0,Long processing time
APP00324,2/12/2026 17:36,31:26.6,Completed,v1,Web,31:26.6,
APP00325,3/28/2026 1:37,15:09.2,Completed,v1,Web,15:09.2,
APP00326,4/7/2026 12:00,,Abandoned,v1,Mobile,56:40.4,User left application
APP00327,2/7/2026 6:39,28:12.3,Completed,v1,Mobile,28:12.3,
APP00328,3/6/2026 9:27,05:13.6,Completed,v1,Mobile,05:13.6,
APP00329,2/10/2026 21:41,,Abandoned,v1,Mobile,13:01.9,User left application
APP00330,3/20/2026 14:30,,Abandoned,v1,Mobile,46:07.0,Upload failure
APP00331,2/24/2026 21:48,27:21.7,Completed,v1,Mobile,27:21.7,
APP00332,4/9/2026 15:17,59:35.7,Completed,v1,Web,59:35.7,
APP00333,3/6/2026 23:43,51:00.0,Completed,v1,Mobile,51:00.0,
APP00334,4/1/2026 8:45,27:13.9,Completed,v1,Mobile,27:13.9,
APP00335,4/2/2026 12:01,59:18.3,Completed,v1,Mobile,59:18.3,
APP00336,1/11/2026 15:37,34:24.2,Completed,v1,Web,34:24.2,
APP00337,4/29/2026 20:41,24:46.2,Completed,v1,Mobile,24:46.2,
APP00338,3/20/2026 18:11,,Abandoned,v1,Web,16:00.0,User left application
APP00339,3/16/2026 9:24,01:55.6,Completed,v1,Mobile,01:55.6,
APP00340,1/27/2026 19:53,21:13.6,Completed,v1,Web,21:13.6,
APP00341,2/14/2026 20:34,10:11.0,Completed,v1,Web,10:11.0,
APP00342,3/27/2026 14:20,00:07.8,Completed,v1,Web,00:07.8,
APP00343,2/1/2026 8:41,,Abandoned,v1,Mobile,59:45.6,Upload failure
APP00344,4/2/2026 6:46,34:40.8,Completed,v1,Mobile,34:40.8,
APP00345,2/24/2026 9:19,11:07.5,Completed,v1,Mobile,11:07.5,
APP00346,3/10/2026 0:35,11:56.4,Completed,v1,Mobile,11:56.4,
APP00347,4/4/2026 17:06,,Abandoned,v1,Web,10:38.1,Long processing time
APP00348,1/21/2026 23:14,,Abandoned,v1,Mobile,03:00.1,Upload failure
APP00349,2/27/2026 5:27,54:10.5,Completed,v1,Mobile,54:10.5,
APP00350,3/12/2026 15:01,21:50.4,Completed,v1,Mobile,21:50.4,
APP00351,3/4/2026 21:45,16:35.5,Completed,v1,Mobile,16:35.5,
APP00352,1/22/2026 11:16,43:55.7,Completed,v1,Mobile,43:55.7,
APP00353,2/11/2026 9:42,16:10.5,Completed,v1,Mobile,16:10.5,
APP00354,2/2/2026 2:38,,Abandoned,v1,Web,43:00.0,Upload failure
APP00355,1/7/2026 10:28,50:52.5,Completed,v1,Mobile,50:52.5,
APP00356,1/15/2026 4:08,,Abandoned,v1,Web,07:48.7,Unknown
APP00357,1/18/2026 12:31,21:23.0,Completed,v1,Mobile,21:23.0,
APP00358,4/30/2026 22:25,,Abandoned,v1,Mobile,10:11.4,Session timeout
APP00359,4/22/2026 7:49,,Abandoned,v1,Web,59:19.0,Long processing time
APP00360,1/21/2026 18:34,,Abandoned,v1,Mobile,09:43.8,Upload failure
APP00361,4/6/2026 17:03,54:07.7,Completed,v1,Mobile,54:07.7,
APP00362,3/12/2026 12:05,07:25.9,Completed,v1,Mobile,07:25.9,
APP00363,3/11/2026 14:55,53:43.1,Completed,v1,Web,53:43.1,
APP00364,2/13/2026 8:58,,Abandoned,v1,Web,03:00.0,Upload failure
APP00365,4/4/2026 2:04,10:16.1,Completed,v1,Mobile,10:16.1,
APP00366,2/9/2026 20:16,46:23.6,Completed,v1,Mobile,46:23.6,
APP00367,4/27/2026 18:16,25:50.1,Completed,v1,Mobile,25:50.1,
APP00368,2/11/2026 19:42,,Abandoned,v1,Mobile,17:56.9,Upload failure
APP00369,4/4/2026 23:49,,Abandoned,v1,Mobile,20:41.4,Upload failure
APP00370,3/9/2026 20:29,,Abandoned,v1,Web,16:00.3,Long processing time
APP00371,4/30/2026 9:55,,Abandoned,v1,Web,21:30.1,Upload failure
APP00372,1/7/2026 15:25,07:22.4,Completed,v1,Web,07:22.4,
APP00373,4/23/2026 14:47,25:30.7,Completed,v1,Mobile,25:30.7,
APP00374,3/23/2026 23:36,,Abandoned,v1,Web,41:00.0,Upload failure
APP00375,2/24/2026 14:15,,Abandoned,v1,Mobile,22:28.3,Long processing time
APP00376,1/1/2026 23:45,40:11.2,Completed,v1,Web,40:11.2,
APP00377,3/22/2026 23:30,,Abandoned,v1,Mobile,35:00.0,Long processing time
APP00378,1/20/2026 14:29,,Abandoned,v1,Mobile,34:00.0,Upload failure
APP00379,4/13/2026 12:20,02:51.3,Completed,v1,Web,02:51.3,
APP00380,1/23/2026 20:18,09:49.7,Completed,v1,Mobile,09:49.7,
APP00381,1/30/2026 16:01,,Abandoned,v1,Mobile,15:04.3,Unknown
APP00382,3/10/2026 1:27,03:26.4,Completed,v1,Mobile,03:26.4,
APP00383,4/17/2026 1:52,,Abandoned,v1,Mobile,34:04.7,User left application
APP00384,4/6/2026 16:52,,Abandoned,v1,Mobile,21:56.5,Long processing time
APP00385,3/3/2026 2:38,07:49.9,Completed,v1,Mobile,07:49.9,
APP00386,2/25/2026 23:23,39:59.6,Completed,v1,Web,39:59.6,
APP00387,3/12/2026 1:53,09:34.7,Completed,v1,Mobile,09:34.7,
APP00388,2/25/2026 17:46,57:57.1,Completed,v1,Mobile,57:57.1,
APP00389,3/3/2026 18:42,30:35.5,Completed,v1,Mobile,30:35.5,
APP00390,4/25/2026 0:16,08:31.6,Completed,v1,Web,08:31.6,
APP00391,4/17/2026 10:24,12:50.7,Completed,v1,Web,12:50.7,
APP00392,3/18/2026 10:35,00:28.9,Completed,v1,Mobile,00:28.9,
APP00393,3/21/2026 14:50,46:39.3,Completed,v1,Web,46:39.3,
APP00394,1/6/2026 4:20,10:59.8,Completed,v1,Web,10:59.8,
APP00395,4/20/2026 17:25,37:36.4,Completed,v1,Web,37:36.4,
APP00396,1/15/2026 10:24,57:53.2,Completed,v1,Mobile,57:53.2,
APP00397,3/27/2026 6:43,39:39.7,Completed,v1,Web,39:39.7,
APP00398,2/18/2026 0:01,36:55.5,Completed,v1,Web,36:55.5,
APP00399,1/25/2026 2:03,04:55.8,Completed,v1,Mobile,04:55.8,
APP00400,4/27/2026 1:23,,Abandoned,v1,Web,13:34.9,Long processing time
APP00401,2/13/2026 18:27,14:50.0,Completed,v1,Web,14:50.0,
APP00402,4/24/2026 12:56,42:39.6,Completed,v1,Mobile,42:39.6,
APP00403,2/22/2026 21:16,52:55.3,Completed,v1,Web,52:55.3,
APP00404,3/26/2026 21:56,39:30.4,Completed,v1,Mobile,39:30.4,
APP00405,3/29/2026 4:41,,Abandoned,v1,Mobile,56:41.0,Long processing time
APP00406,1/10/2026 15:00,33:19.1,Completed,v1,Web,33:19.1,
APP00407,4/14/2026 13:49,,Abandoned,v1,Mobile,35:03.2,Long processing time
APP00408,1/26/2026 0:45,,Abandoned,v1,Mobile,50:48.2,Upload failure
APP00409,3/9/2026 21:26,00:08.0,Completed,v1,Mobile,00:08.0,
APP00410,1/7/2026 5:27,13:05.7,Completed,v1,Mobile,13:05.7,
APP00411,3/21/2026 13:03,38:17.9,Completed,v1,Mobile,38:17.9,
APP00412,3/17/2026 10:50,,Abandoned,v1,Web,49:13.1,User left application
APP00413,1/14/2026 19:05,02:55.7,Completed,v1,Mobile,02:55.7,
APP00414,1/12/2026 4:52,30:31.5,Completed,v1,Web,30:31.5,
APP00415,2/21/2026 2:17,01:54.1,Completed,v1,Mobile,01:54.1,
APP00416,1/23/2026 6:29,25:44.3,Completed,v1,Web,25:44.3,
APP00417,4/19/2026 15:39,,Abandoned,v1,Web,54:25.2,Unknown
APP00418,1/21/2026 14:21,06:47.5,Completed,v1,Mobile,06:47.5,
APP00419,4/23/2026 17:49,,Abandoned,v1,Mobile,58:03.2,Long processing time
APP00420,2/22/2026 17:36,23:46.2,Completed,v1,Mobile,23:46.2,
APP00421,1/30/2026 4:46,32:38.4,Completed,v1,Web,32:38.4,
APP00422,1/28/2026 16:32,09:05.7,Completed,v1,Web,09:05.7,
APP00423,3/28/2026 9:30,,Abandoned,v1,Mobile,01:53.7,Unknown
APP00424,1/8/2026 13:45,25:10.4,Completed,v1,Web,25:10.4,
APP00425,4/3/2026 19:04,51:43.0,Completed,v1,Web,51:43.0,
APP00426,3/18/2026 1:28,,Abandoned,v1,Web,44:55.5,Upload failure
APP00427,3/17/2026 19:47,08:25.1,Completed,v1,Mobile,08:25.1,
APP00428,4/8/2026 18:54,07:43.1,Completed,v1,Mobile,07:43.1,
APP00429,2/16/2026 18:05,13:00.0,Completed,v1,Mobile,13:00.0,
APP00430,1/25/2026 3:55,10:32.2,Completed,v1,Web,10:32.2,
APP00431,4/7/2026 15:00,49:12.0,Completed,v1,Web,49:12.0,
APP00432,1/19/2026 20:44,,Abandoned,v1,Mobile,24:35.9,Upload failure
APP00433,4/11/2026 16:23,43:01.9,Completed,v1,Web,43:01.9,
APP00434,1/22/2026 8:31,03:08.4,Completed,v1,Mobile,03:08.4,
APP00435,3/27/2026 4:23,,Abandoned,v1,Mobile,49:55.7,Unknown
APP00436,3/8/2026 8:41,,Abandoned,v1,Mobile,51:59.9,Long processing time
APP00437,1/26/2026 1:32,,Abandoned,v1,Web,53:30.5,Long processing time
APP00438,2/24/2026 2:55,33:36.7,Completed,v1,Mobile,33:36.7,
APP00439,3/28/2026 14:52,,Abandoned,v1,Mobile,05:57.0,Upload failure
APP00440,1/30/2026 5:52,42:46.2,Completed,v1,Mobile,42:46.2,
APP00441,4/14/2026 14:06,51:21.9,Completed,v1,Mobile,51:21.9,
APP00442,2/14/2026 15:30,06:57.4,Completed,v1,Web,06:57.4,
APP00443,3/17/2026 3:58,36:15.2,Completed,v1,Web,36:15.2,
APP00444,5/1/2026 4:37,,Abandoned,v1,Web,32:34.7,Long processing time
APP00445,3/27/2026 14:12,03:52.6,Completed,v1,Mobile,03:52.6,
APP00446,1/3/2026 5:31,28:42.2,Completed,v1,Mobile,28:42.2,
APP00447,4/30/2026 1:47,40:59.3,Completed,v1,Web,40:59.3,
APP00448,1/14/2026 8:55,,Abandoned,v1,Web,59:19.6,Upload failure
APP00449,1/20/2026 13:44,24:19.2,Completed,v1,Web,24:19.2,
APP00450,2/8/2026 1:19,,Abandoned,v1,Web,24:00.0,User left application
APP00451,3/16/2026 2:03,19:55.6,Completed,v1,Web,19:55.6,
APP00452,2/5/2026 21:20,,Abandoned,v1,Mobile,46:41.4,Upload failure
APP00453,1/1/2026 17:04,58:20.7,Completed,v1,Web,58:20.7,
APP00454,3/24/2026 2:13,48:43.6,Completed,v1,Web,48:43.6,
APP00455,2/6/2026 6:19,,Abandoned,v1,Mobile,34:11.7,Unknown
APP00456,3/23/2026 15:48,,Abandoned,v1,Mobile,25:14.5,User left application
APP00457,4/29/2026 15:41,19:28.9,Completed,v1,Mobile,19:28.9,
APP00458,2/22/2026 5:38,56:44.5,Completed,v1,Web,56:44.5,
APP00459,3/23/2026 12:35,43:00.0,Completed,v1,Mobile,43:00.0,
APP00460,1/1/2026 20:24,03:33.1,Completed,v1,Mobile,03:33.1,
APP00461,4/3/2026 10:44,00:03.9,Completed,v1,Web,00:03.9,
APP00462,1/12/2026 0:26,52:14.4,Completed,v1,Mobile,52:14.4,
APP00463,2/22/2026 13:37,,Abandoned,v1,Mobile,07:31.4,Long processing time
APP00464,2/27/2026 20:43,,Abandoned,v1,Web,26:03.0,Long processing time
APP00465,1/30/2026 12:13,37:55.1,Completed,v1,Mobile,37:55.1,
APP00466,4/22/2026 3:14,16:14.0,Completed,v1,Web,16:14.0,
APP00467,1/22/2026 4:24,14:07.8,Completed,v1,Mobile,14:07.8,
APP00468,1/23/2026 13:52,,Abandoned,v1,Web,18:19.4,Long processing time
APP00469,3/14/2026 11:55,38:15.5,Completed,v1,Mobile,38:15.5,
APP00470,2/3/2026 5:30,58:37.7,Completed,v1,Web,58:37.7,
APP00471,3/18/2026 4:15,06:14.3,Completed,v1,Web,06:14.3,
APP00472,2/18/2026 5:40,,Abandoned,v1,Web,37:30.6,Long processing time
APP00473,3/16/2026 0:59,,Abandoned,v1,Web,04:48.5,User left application
APP00474,4/13/2026 10:52,,Abandoned,v1,Mobile,01:36.1,Upload failure
APP00475,3/6/2026 20:29,15:31.7,Completed,v1,Web,15:31.7,
APP00476,4/2/2026 12:42,39:34.9,Completed,v1,Web,39:34.9,
APP00477,1/23/2026 19:26,,Abandoned,v1,Web,10:03.7,Upload failure
APP00478,3/5/2026 15:04,56:22.5,Completed,v1,Web,56:22.5,
APP00479,2/7/2026 8:59,59:42.8,Completed,v1,Mobile,59:42.8,
APP00480,3/2/2026 16:16,,Abandoned,v1,Mobile,39:52.1,Long processing time
APP00481,4/4/2026 5:58,36:13.0,Completed,v1,Mobile,36:13.0,
APP00482,3/30/2026 17:11,,Abandoned,v1,Mobile,16:00.0,Unknown
APP00483,4/9/2026 0:53,,Abandoned,v1,Web,04:59.8,Upload failure
APP00484,4/21/2026 11:26,27:03.7,Completed,v1,Web,27:03.7,
APP00485,3/14/2026 0:27,,Abandoned,v1,Mobile,06:38.3,User left application
APP00486,2/19/2026 19:38,54:25.9,Completed,v1,Web,54:25.9,
APP00487,4/4/2026 22:16,,Abandoned,v1,Web,21:00.0,User left application
APP00488,2/6/2026 11:48,18:23.0,Completed,v1,Web,18:23.0,
APP00489,2/24/2026 23:42,,Abandoned,v1,Mobile,05:14.6,Long processing time
APP00490,1/27/2026 18:03,55:14.6,Completed,v1,Mobile,55:14.6,
APP00491,4/1/2026 9:11,06:58.1,Completed,v1,Web,06:58.1,
APP00492,1/5/2026 0:58,,Abandoned,v1,Mobile,28:53.7,Long processing time
APP00493,1/28/2026 3:04,,Abandoned,v1,Web,13:01.1,User left application
APP00494,3/31/2026 20:40,,Abandoned,v1,Mobile,01:29.5,User left application
APP00495,2/19/2026 5:59,,Abandoned,v1,Mobile,23:07.9,Upload failure
APP00496,1/4/2026 14:17,,Abandoned,v1,Web,55:44.2,Unknown
APP00497,1/16/2026 2:33,31:23.9,Completed,v1,Mobile,31:23.9,
APP00498,2/24/2026 6:39,,Abandoned,v1,Web,44:00.0,Session timeout
APP00499,1/16/2026 18:04,,Abandoned,v1,Web,40:31.9,Long processing time
APP00500,1/18/2026 6:09,00:42.0,Completed,v1,Web,00:42.0,
APP00501,1/17/2026 7:31,02:23.8,Completed,v1,Mobile,02:23.8,
APP00502,1/12/2026 3:12,55:33.7,Completed,v1,Web,55:33.7,
APP00503,3/30/2026 12:29,,Abandoned,v1,Web,03:45.0,Upload failure
APP00504,3/11/2026 23:05,43:34.2,Completed,v1,Web,43:34.2,
APP00505,2/20/2026 1:55,15:06.4,Completed,v1,Web,15:06.4,
APP00506,2/24/2026 0:29,,Abandoned,v1,Mobile,05:13.6,Long processing time
APP00507,4/1/2026 23:06,,Abandoned,v1,Mobile,13:45.8,Upload failure
APP00508,1/30/2026 21:29,,Abandoned,v1,Web,51:27.6,Long processing time
APP00509,1/26/2026 2:46,15:36.5,Completed,v1,Web,15:36.5,
APP00510,2/7/2026 6:04,36:57.0,Completed,v1,Web,36:57.0,
APP00511,2/11/2026 0:55,13:16.9,Completed,v1,Mobile,13:16.9,
APP00512,3/8/2026 20:20,43:10.8,Completed,v1,Web,43:10.8,
APP00513,3/9/2026 11:32,57:10.2,Completed,v1,Web,57:10.2,
APP00514,3/24/2026 5:51,46:28.4,Completed,v1,Mobile,46:28.4,
APP00515,4/11/2026 5:37,14:01.5,Completed,v1,Mobile,14:01.5,
APP00516,3/31/2026 11:34,,Abandoned,v1,Mobile,42:05.6,User left application
APP00517,1/11/2026 6:01,,Abandoned,v1,Mobile,08:03.8,Long processing time
APP00518,3/16/2026 16:47,52:23.9,Completed,v1,Mobile,52:23.9,
APP00519,2/19/2026 12:27,53:15.9,Completed,v1,Mobile,53:15.9,
APP00520,3/4/2026 5:10,09:44.8,Completed,v1,Mobile,09:44.8,
APP00521,3/13/2026 0:13,28:28.0,Completed,v1,Mobile,28:28.0,
APP00522,1/23/2026 0:56,33:11.3,Completed,v1,Mobile,33:11.3,
APP00523,3/27/2026 11:17,56:37.8,Completed,v1,Web,56:37.8,
APP00524,1/5/2026 4:35,16:21.9,Completed,v1,Web,16:21.9,
APP00525,2/17/2026 18:25,08:28.7,Completed,v1,Mobile,08:28.7,
APP00526,3/19/2026 7:41,,Abandoned,v1,Mobile,14:59.3,Upload failure
APP00527,3/1/2026 9:13,,Abandoned,v1,Web,18:00.0,Long processing time
APP00528,4/13/2026 7:13,57:43.4,Completed,v1,Mobile,57:43.4,
APP00529,4/1/2026 10:18,,Abandoned,v1,Web,01:40.8,Upload failure
APP00530,4/30/2026 13:20,,Abandoned,v1,Web,09:23.1,Upload failure
APP00531,2/15/2026 19:54,,Abandoned,v1,Mobile,41:28.6,Session timeout
APP00532,3/5/2026 18:12,,Abandoned,v1,Mobile,28:28.7,Session timeout
APP00533,3/12/2026 3:41,05:07.4,Completed,v1,Web,05:07.4,
APP00534,4/7/2026 3:31,14:24.4,Completed,v1,Mobile,14:24.4,
APP00535,2/19/2026 20:09,,Abandoned,v1,Web,24:59.2,Upload failure
APP00536,2/19/2026 7:58,54:03.8,Completed,v1,Mobile,54:03.8,
APP00537,4/29/2026 13:56,38:31.4,Completed,v1,Web,38:31.4,
APP00538,2/23/2026 21:17,09:34.9,Completed,v1,Web,09:34.9,
APP00539,1/31/2026 23:08,00:45.2,Completed,v1,Mobile,00:45.2,
APP00540,3/21/2026 0:54,33:18.1,Completed,v1,Mobile,33:18.1,
APP00541,1/13/2026 15:31,23:29.4,Completed,v1,Web,23:29.4,
APP00542,1/19/2026 23:32,30:23.1,Completed,v1,Mobile,30:23.1,
APP00543,1/16/2026 11:22,14:51.4,Completed,v1,Web,14:51.4,
APP00544,1/2/2026 15:43,38:57.1,Completed,v1,Mobile,38:57.1,
APP00545,1/18/2026 5:58,22:58.1,Completed,v1,Web,22:58.1,
APP00546,3/29/2026 7:28,38:56.6,Completed,v1,Mobile,38:56.6,
APP00547,3/31/2026 4:25,29:45.2,Completed,v1,Mobile,29:45.2,
APP00548,1/28/2026 6:19,28:52.4,Completed,v1,Web,28:52.4,
APP00549,1/31/2026 1:16,,Abandoned,v1,Web,21:00.0,Unknown
APP00550,3/15/2026 13:57,26:28.1,Completed,v1,Web,26:28.1,
APP00551,3/25/2026 17:12,44:41.7,Completed,v1,Web,44:41.7,
APP00552,1/30/2026 19:13,47:48.0,Completed,v1,Mobile,47:48.0,
APP00553,3/10/2026 10:09,00:38.8,Completed,v1,Web,00:38.8,
APP00554,4/22/2026 9:58,,Abandoned,v1,Mobile,08:46.9,Upload failure
APP00555,4/16/2026 2:23,,Abandoned,v1,Mobile,05:42.5,Long processing time
APP00556,4/2/2026 21:29,19:49.8,Completed,v1,Web,19:49.8,
APP00557,1/8/2026 14:01,33:08.6,Completed,v1,Web,33:08.6,
APP00558,3/15/2026 23:49,07:32.5,Completed,v1,Web,07:32.5,
APP00559,3/26/2026 16:17,,Abandoned,v1,Mobile,13:34.8,Upload failure
APP00560,3/29/2026 21:46,18:40.2,Completed,v1,Mobile,18:40.2,
APP00561,1/4/2026 3:12,26:29.6,Completed,v1,Web,26:29.6,
APP00562,2/14/2026 14:41,,Abandoned,v1,Mobile,40:52.2,Upload failure
APP00563,4/24/2026 22:57,20:24.5,Completed,v1,Mobile,20:24.5,
APP00564,4/14/2026 11:32,53:36.4,Completed,v1,Mobile,53:36.4,
APP00565,1/12/2026 17:40,,Abandoned,v1,Mobile,06:24.4,Upload failure
APP00566,3/25/2026 11:37,04:27.3,Completed,v1,Mobile,04:27.3,
APP00567,2/20/2026 3:38,,Abandoned,v1,Mobile,16:54.4,User left application
APP00568,2/27/2026 8:52,,Abandoned,v1,Mobile,30:18.4,Long processing time
APP00569,1/5/2026 13:36,,Abandoned,v1,Web,04:16.4,Long processing time
APP00570,2/23/2026 21:36,,Abandoned,v1,Mobile,57:11.4,Upload failure
APP00571,2/2/2026 19:48,37:45.7,Completed,v1,Mobile,37:45.7,
APP00572,1/19/2026 15:44,19:06.8,Completed,v1,Mobile,19:06.8,
APP00573,3/7/2026 8:08,51:40.5,Completed,v1,Mobile,51:40.5,
APP00574,3/4/2026 23:00,54:19.1,Completed,v1,Web,54:19.1,
APP00575,2/19/2026 22:21,10:49.1,Completed,v1,Mobile,10:49.1,
APP00576,1/2/2026 23:40,,Abandoned,v1,Mobile,14:37.3,Upload failure
APP00577,1/25/2026 23:12,57:10.4,Completed,v1,Mobile,57:10.4,
APP00578,3/13/2026 13:19,39:14.2,Completed,v1,Mobile,39:14.2,
APP00579,4/11/2026 9:52,49:26.6,Completed,v1,Web,49:26.6,
APP00580,4/24/2026 10:07,53:51.7,Completed,v1,Web,53:51.7,
APP00581,2/2/2026 16:13,,Abandoned,v1,Web,37:57.7,Upload failure
APP00582,4/22/2026 19:59,45:01.8,Completed,v1,Mobile,45:01.8,
APP00583,1/12/2026 8:35,59:13.5,Completed,v1,Mobile,59:13.5,
APP00584,4/29/2026 20:25,46:46.0,Completed,v1,Web,46:46.0,
APP00585,2/5/2026 6:20,04:32.9,Completed,v1,Web,04:32.9,
APP00586,2/27/2026 7:38,29:18.6,Completed,v1,Mobile,29:18.6,
APP00587,3/29/2026 23:22,,Abandoned,v1,Web,58:35.9,Unknown
APP00588,3/2/2026 14:56,,Abandoned,v1,Mobile,01:00.0,Long processing time
APP00589,2/19/2026 22:55,29:21.0,Completed,v1,Mobile,29:21.0,
APP00590,4/13/2026 23:46,38:33.1,Completed,v1,Web,38:33.1,
APP00591,2/18/2026 17:15,49:35.9,Completed,v1,Mobile,49:35.9,
APP00592,2/17/2026 8:29,15:42.8,Completed,v1,Mobile,15:42.8,
APP00593,2/18/2026 9:28,,Abandoned,v1,Mobile,46:43.9,Upload failure
APP00594,2/12/2026 4:43,,Abandoned,v1,Mobile,30:12.5,User left application
APP00595,1/6/2026 8:50,44:16.2,Completed,v1,Mobile,44:16.2,
APP00596,4/19/2026 8:15,42:43.1,Completed,v1,Mobile,42:43.1,
APP00597,2/11/2026 14:40,,Abandoned,v1,Web,04:08.6,Long processing time
APP00598,1/17/2026 0:33,57:30.8,Completed,v1,Web,57:30.8,
APP00599,2/28/2026 23:17,05:04.5,Completed,v1,Web,05:04.5,
APP00600,2/11/2026 7:37,34:26.0,Completed,v1,Mobile,34:26.0,
APP00601,1/10/2026 3:31,07:31.5,Completed,v1,Mobile,07:31.5,
APP00602,4/22/2026 15:41,18:48.9,Completed,v1,Mobile,18:48.9,
APP00603,2/12/2026 14:35,16:26.9,Completed,v1,Mobile,16:26.9,
APP00604,2/3/2026 20:32,59:21.5,Completed,v1,Mobile,59:21.5,
APP00605,3/14/2026 20:18,02:32.1,Completed,v1,Mobile,02:32.1,
APP00606,1/4/2026 8:35,,Abandoned,v1,Web,07:05.7,Unknown
APP00607,4/23/2026 7:56,,Abandoned,v1,Mobile,33:54.1,Upload failure
APP00608,2/8/2026 1:59,,Abandoned,v1,Web,49:22.5,Upload failure
APP00609,3/28/2026 1:06,35:07.7,Completed,v1,Web,35:07.7,
APP00610,4/8/2026 2:25,,Abandoned,v1,Mobile,04:08.0,User left application
APP00611,2/3/2026 12:30,07:31.5,Completed,v1,Mobile,07:31.5,
APP00612,3/21/2026 1:56,21:14.6,Completed,v1,Web,21:14.6,
APP00613,4/1/2026 13:39,28:56.5,Completed,v1,Mobile,28:56.5,
APP00614,2/3/2026 10:39,28:49.8,Completed,v1,Mobile,28:49.8,
APP00615,1/7/2026 3:02,47:26.5,Completed,v1,Mobile,47:26.5,
APP00616,4/16/2026 20:42,24:42.4,Completed,v1,Mobile,24:42.4,
APP00617,2/26/2026 11:03,48:05.5,Completed,v1,Mobile,48:05.5,
APP00618,2/1/2026 5:13,01:45.4,Completed,v1,Mobile,01:45.4,
APP00619,4/27/2026 3:20,,Abandoned,v1,Web,46:26.4,Long processing time
APP00620,2/1/2026 3:21,,Abandoned,v1,Web,47:58.2,Long processing time
APP00621,3/9/2026 8:01,,Abandoned,v1,Mobile,00:10.9,Upload failure
APP00622,1/21/2026 17:32,,Abandoned,v1,Mobile,00:04.8,Unknown
APP00623,2/16/2026 7:51,17:55.0,Completed,v1,Web,17:55.0,
APP00624,3/28/2026 20:35,19:02.3,Completed,v1,Web,19:02.3,
APP00625,1/9/2026 17:03,27:47.5,Completed,v1,Mobile,27:47.5,
APP00626,3/21/2026 21:13,00:19.2,Completed,v1,Web,00:19.2,
APP00627,2/10/2026 8:19,52:39.3,Completed,v1,Web,52:39.3,
APP00628,3/28/2026 12:01,,Abandoned,v1,Mobile,46:35.0,User left application
APP00629,2/1/2026 4:42,,Abandoned,v1,Web,40:56.7,Long processing time
APP00630,2/28/2026 5:14,,Abandoned,v1,Mobile,33:13.9,Session timeout
APP00631,2/9/2026 11:30,07:12.3,Completed,v1,Mobile,07:12.3,
APP00632,2/12/2026 22:52,,Abandoned,v1,Mobile,27:02.0,Long processing time
APP00633,3/15/2026 19:46,22:01.5,Completed,v1,Web,22:01.5,
APP00634,1/9/2026 9:24,36:12.0,Completed,v1,Mobile,36:12.0,
APP00635,4/17/2026 23:30,,Abandoned,v1,Web,01:33.8,Long processing time
APP00636,4/1/2026 3:43,33:47.0,Completed,v1,Mobile,33:47.0,
APP00637,4/11/2026 14:49,31:35.3,Completed,v1,Mobile,31:35.3,
APP00638,1/8/2026 14:36,15:06.9,Completed,v1,Mobile,15:06.9,
APP00639,2/9/2026 21:46,19:22.0,Completed,v1,Web,19:22.0,
APP00640,2/16/2026 21:52,43:40.6,Completed,v1,Web,43:40.6,
APP00641,2/6/2026 6:12,,Abandoned,v1,Web,54:45.2,Upload failure
APP00642,3/4/2026 23:18,12:38.8,Completed,v1,Mobile,12:38.8,
APP00643,4/7/2026 9:21,49:08.2,Completed,v1,Web,49:08.2,
APP00644,2/25/2026 8:07,,Abandoned,v1,Mobile,39:02.3,Upload failure
APP00645,4/11/2026 10:07,36:42.4,Completed,v1,Web,36:42.4,
APP00646,4/15/2026 15:45,,Abandoned,v1,Web,57:00.4,Upload failure
APP00647,1/13/2026 5:13,29:58.4,Completed,v1,Mobile,29:58.4,
APP00648,3/9/2026 1:49,13:45.5,Completed,v1,Web,13:45.5,
APP00649,3/26/2026 21:04,29:17.8,Completed,v1,Mobile,29:17.8,
APP00650,3/26/2026 18:52,,Abandoned,v1,Web,07:57.0,Upload failure
APP00651,1/24/2026 14:57,,Abandoned,v1,Mobile,03:07.6,Long processing time
APP00652,4/27/2026 23:33,05:04.3,Completed,v1,Mobile,05:04.3,
APP00653,3/16/2026 8:15,15:39.0,Completed,v1,Web,15:39.0,
APP00654,1/6/2026 12:20,,Abandoned,v1,Web,07:30.2,User left application
APP00655,4/16/2026 0:20,07:18.7,Completed,v1,Mobile,07:18.7,
APP00656,2/22/2026 16:04,54:48.9,Completed,v1,Mobile,54:48.9,
APP00657,4/10/2026 12:32,10:52.8,Completed,v1,Web,10:52.8,
APP00658,1/10/2026 18:46,37:44.1,Completed,v1,Mobile,37:44.1,
APP00659,4/10/2026 6:37,,Abandoned,v1,Web,19:19.6,Upload failure
APP00660,3/1/2026 21:18,14:32.1,Completed,v1,Mobile,14:32.1,
APP00661,2/18/2026 0:27,39:10.7,Completed,v1,Mobile,39:10.7,
APP00662,4/29/2026 15:45,46:45.8,Completed,v1,Web,46:45.8,
APP00663,2/7/2026 20:13,02:20.2,Completed,v1,Mobile,02:20.2,
APP00664,4/10/2026 13:04,,Abandoned,v1,Web,23:32.9,Long processing time
APP00665,3/20/2026 17:52,52:15.8,Completed,v1,Web,52:15.8,
APP00666,1/9/2026 15:07,07:38.3,Completed,v1,Web,07:38.3,
APP00667,4/30/2026 4:37,,Abandoned,v1,Mobile,00:51.1,Upload failure
APP00668,4/14/2026 20:08,35:45.6,Completed,v1,Mobile,35:45.6,
APP00669,2/26/2026 18:33,07:06.5,Completed,v1,Mobile,07:06.5,
APP00670,3/8/2026 3:01,03:39.4,Completed,v1,Mobile,03:39.4,
APP00671,3/10/2026 23:49,52:54.0,Completed,v1,Mobile,52:54.0,
APP00672,4/11/2026 0:25,12:51.7,Completed,v1,Web,12:51.7,
APP00673,4/10/2026 15:06,43:40.4,Completed,v1,Mobile,43:40.4,
APP00674,2/20/2026 13:29,29:14.6,Completed,v1,Mobile,29:14.6,
APP00675,4/15/2026 2:50,58:00.0,Completed,v1,Mobile,58:00.0,
APP00676,2/14/2026 3:20,17:59.7,Completed,v1,Web,17:59.7,
APP00677,1/13/2026 1:45,26:27.7,Completed,v1,Web,26:27.7,
APP00678,1/29/2026 20:06,,Abandoned,v1,Mobile,35:20.9,Long processing time
APP00679,2/10/2026 14:13,18:40.3,Completed,v1,Mobile,18:40.3,
APP00680,4/1/2026 2:26,04:59.0,Completed,v1,Web,04:59.0,
APP00681,1/24/2026 23:39,09:55.9,Completed,v1,Web,09:55.9,
APP00682,4/30/2026 6:47,39:25.5,Completed,v1,Mobile,39:25.5,
APP00683,3/25/2026 8:14,,Abandoned,v1,Web,24:17.8,Long processing time
APP00684,4/1/2026 16:51,38:11.0,Completed,v1,Mobile,38:11.0,
APP00685,3/6/2026 10:26,52:01.9,Completed,v1,Mobile,52:01.9,
APP00686,4/23/2026 3:59,21:30.6,Completed,v1,Mobile,21:30.6,
APP00687,2/17/2026 2:25,52:52.1,Completed,v1,Mobile,52:52.1,
APP00688,1/29/2026 17:42,20:11.1,Completed,v1,Web,20:11.1,
APP00689,4/11/2026 21:00,,Abandoned,v1,Web,05:00.0,Long processing time
APP00690,1/12/2026 23:10,52:40.9,Completed,v1,Mobile,52:40.9,
APP00691,1/8/2026 10:17,34:28.4,Completed,v1,Web,34:28.4,
APP00692,4/10/2026 17:12,44:10.5,Completed,v1,Mobile,44:10.5,
APP00693,1/24/2026 4:45,26:16.8,Completed,v1,Web,26:16.8,
APP00694,3/22/2026 1:18,33:26.5,Completed,v1,Web,33:26.5,
APP00695,2/10/2026 20:57,31:55.8,Completed,v1,Mobile,31:55.8,
APP00696,2/28/2026 2:21,12:25.2,Completed,v1,Mobile,12:25.2,
APP00697,3/16/2026 21:42,12:50.3,Completed,v1,Web,12:50.3,
APP00698,3/28/2026 18:13,41:08.7,Completed,v1,Web,41:08.7,
APP00699,1/13/2026 21:14,22:00.0,Completed,v1,Mobile,22:00.0,
APP00700,2/3/2026 2:41,48:12.6,Completed,v1,Web,48:12.6,
APP00701,1/3/2026 3:10,,Abandoned,v1,Mobile,11:08.1,Upload failure
APP00702,3/30/2026 9:58,49:51.6,Completed,v1,Web,49:51.6,
APP00703,1/5/2026 15:12,18:47.9,Completed,v1,Web,18:47.9,
APP00704,3/29/2026 3:09,09:08.4,Completed,v1,Mobile,09:08.4,
APP00705,4/21/2026 14:02,13:09.2,Completed,v1,Mobile,13:09.2,
APP00706,4/24/2026 15:08,33:42.4,Completed,v1,Mobile,33:42.4,
APP00707,4/11/2026 16:47,,Abandoned,v1,Mobile,01:20.3,Upload failure
APP00708,4/4/2026 0:49,28:55.5,Completed,v1,Mobile,28:55.5,
APP00709,3/20/2026 4:28,21:50.1,Completed,v1,Web,21:50.1,
APP00710,3/4/2026 23:46,21:58.9,Completed,v1,Web,21:58.9,
APP00711,4/4/2026 1:07,,Abandoned,v1,Web,30:17.9,Upload failure
APP00712,4/25/2026 9:25,,Abandoned,v1,Mobile,42:26.9,User left application
APP00713,4/5/2026 0:09,41:19.6,Completed,v1,Mobile,41:19.6,
APP00714,3/19/2026 9:52,13:51.0,Completed,v1,Mobile,13:51.0,
APP00715,2/13/2026 13:19,49:45.4,Completed,v1,Web,49:45.4,
APP00716,1/18/2026 19:59,02:09.6,Completed,v1,Mobile,02:09.6,
APP00717,4/3/2026 22:00,,Abandoned,v1,Mobile,25:20.1,Long processing time
APP00718,3/17/2026 11:20,,Abandoned,v1,Web,35:50.9,User left application
APP00719,3/6/2026 22:08,02:11.7,Completed,v1,Web,02:11.7,
APP00720,3/16/2026 18:01,,Abandoned,v1,Mobile,17:22.5,Upload failure
APP00721,1/18/2026 12:40,20:10.3,Completed,v1,Web,20:10.3,
APP00722,2/15/2026 14:34,38:02.6,Completed,v1,Mobile,38:02.6,
APP00723,1/17/2026 20:56,51:02.7,Completed,v1,Mobile,51:02.7,
APP00724,3/5/2026 15:19,48:48.5,Completed,v1,Mobile,48:48.5,
APP00725,1/30/2026 10:13,21:00.0,Completed,v1,Mobile,21:00.0,
APP00726,3/2/2026 5:55,45:51.0,Completed,v1,Mobile,45:51.0,
APP00727,1/31/2026 23:30,31:29.0,Completed,v1,Mobile,31:29.0,
APP00728,2/25/2026 23:30,,Abandoned,v1,Web,11:10.6,User left application
APP00729,2/9/2026 2:35,44:18.5,Completed,v1,Web,44:18.5,
APP00730,2/17/2026 20:40,,Abandoned,v1,Web,16:28.5,Upload failure
APP00731,3/19/2026 4:09,,Abandoned,v1,Web,54:06.3,User left application
APP00732,4/1/2026 10:54,04:31.0,Completed,v1,Web,04:31.0,
APP00733,1/17/2026 21:24,37:11.5,Completed,v1,Mobile,37:11.5,
APP00734,4/22/2026 11:24,04:52.8,Completed,v1,Mobile,04:52.8,
APP00735,4/15/2026 9:06,06:22.3,Completed,v1,Mobile,06:22.3,
APP00736,2/10/2026 10:57,,Abandoned,v1,Mobile,33:54.6,Session timeout
APP00737,4/14/2026 21:38,06:09.3,Completed,v1,Web,06:09.3,
APP00738,1/16/2026 6:18,10:06.0,Completed,v1,Mobile,10:06.0,
APP00739,2/22/2026 16:31,25:36.0,Completed,v1,Web,25:36.0,
APP00740,2/19/2026 16:15,52:00.6,Completed,v1,Web,52:00.6,
APP00741,4/7/2026 18:51,06:08.1,Completed,v1,Web,06:08.1,
APP00742,1/29/2026 5:45,,Abandoned,v1,Web,50:00.0,Upload failure
APP00743,1/11/2026 16:29,24:26.0,Completed,v1,Web,24:26.0,
APP00744,2/2/2026 20:52,,Abandoned,v1,Web,33:10.7,Upload failure
APP00745,4/20/2026 11:00,00:08.2,Completed,v1,Web,00:08.2,
APP00746,4/26/2026 11:38,27:01.9,Completed,v1,Web,27:01.9,
APP00747,1/8/2026 12:04,56:14.3,Completed,v1,Mobile,56:14.3,
APP00748,2/4/2026 23:01,,Abandoned,v1,Mobile,33:32.1,Long processing time
APP00749,1/23/2026 12:28,30:15.7,Completed,v1,Mobile,30:15.7,
APP00750,2/21/2026 18:20,17:29.3,Completed,v1,Web,17:29.3,
APP00751,4/30/2026 8:52,,Abandoned,v1,Web,45:53.2,Upload failure
APP00752,3/11/2026 7:37,23:57.0,Completed,v1,Web,23:57.0,
APP00753,1/21/2026 17:17,,Abandoned,v1,Web,00:23.8,User left application
APP00754,4/12/2026 21:28,,Abandoned,v1,Web,45:32.8,Upload failure
APP00755,1/26/2026 9:02,00:36.8,Completed,v1,Web,00:36.8,
APP00756,2/17/2026 15:56,,Abandoned,v1,Mobile,28:14.6,User left application
APP00757,3/10/2026 4:37,03:06.9,Completed,v1,Mobile,03:06.9,
APP00758,1/30/2026 20:25,45:42.4,Completed,v1,Web,45:42.4,
APP00759,2/6/2026 13:09,44:43.5,Completed,v1,Mobile,44:43.5,
APP00760,3/16/2026 1:07,48:52.7,Completed,v1,Mobile,48:52.7,
APP00761,4/5/2026 9:51,,Abandoned,v1,Mobile,11:18.5,Unknown
APP00762,4/9/2026 11:21,,Abandoned,v1,Web,59:13.8,Long processing time
APP00763,3/22/2026 3:43,48:27.6,Completed,v1,Web,48:27.6,
APP00764,2/4/2026 13:41,24:26.6,Completed,v1,Web,24:26.6,
APP00765,2/16/2026 23:18,,Abandoned,v1,Web,14:48.3,Long processing time
APP00766,2/16/2026 2:09,10:19.1,Completed,v1,Web,10:19.1,
APP00767,4/24/2026 13:55,,Abandoned,v1,Mobile,17:17.8,User left application
APP00768,2/17/2026 12:42,08:29.4,Completed,v1,Mobile,08:29.4,
APP00769,1/3/2026 22:37,,Abandoned,v1,Web,43:48.4,Long processing time
APP00770,2/26/2026 13:00,20:17.0,Completed,v1,Mobile,20:17.0,
APP00771,2/6/2026 10:03,05:35.1,Completed,v1,Mobile,05:35.1,
APP00772,1/31/2026 7:03,35:37.5,Completed,v1,Mobile,35:37.5,
APP00773,2/21/2026 1:32,21:11.8,Completed,v1,Mobile,21:11.8,
APP00774,3/9/2026 2:40,16:26.5,Completed,v1,Mobile,16:26.5,
APP00775,4/12/2026 11:38,13:36.4,Completed,v1,Web,13:36.4,
APP00776,4/5/2026 11:57,28:30.5,Completed,v1,Web,28:30.5,
APP00777,1/5/2026 9:40,29:45.8,Completed,v1,Web,29:45.8,
APP00778,2/10/2026 10:11,18:03.1,Completed,v1,Mobile,18:03.1,
APP00779,4/30/2026 2:43,,Abandoned,v1,Web,41:39.4,Long processing time
APP00780,1/12/2026 12:09,39:57.5,Completed,v1,Web,39:57.5,
APP00781,4/4/2026 6:21,59:09.8,Completed,v1,Mobile,59:09.8,
APP00782,1/23/2026 17:35,,Abandoned,v1,Mobile,43:24.6,Long processing time
APP00783,3/10/2026 9:40,,Abandoned,v1,Mobile,41:59.0,Upload failure
APP00784,4/17/2026 4:23,07:19.8,Completed,v1,Web,07:19.8,
APP00785,4/1/2026 11:09,33:12.4,Completed,v1,Web,33:12.4,
APP00786,4/21/2026 15:02,,Abandoned,v1,Mobile,40:13.0,Upload failure
APP00787,1/7/2026 23:45,,Abandoned,v1,Web,25:02.7,Upload failure
APP00788,4/12/2026 6:25,,Abandoned,v1,Web,13:07.8,Long processing time
APP00789,3/14/2026 14:33,16:04.9,Completed,v1,Web,16:04.9,
APP00790,2/12/2026 21:36,34:37.8,Completed,v1,Mobile,34:37.8,
APP00791,1/12/2026 10:30,44:14.8,Completed,v1,Mobile,44:14.8,
APP00792,3/18/2026 20:50,26:04.1,Completed,v1,Web,26:04.1,
APP00793,2/24/2026 19:10,,Abandoned,v1,Web,18:42.7,Upload failure
APP00794,2/16/2026 13:59,,Abandoned,v1,Web,07:32.9,Unknown
APP00795,3/5/2026 16:01,27:53.4,Completed,v1,Web,27:53.4,
APP00796,3/17/2026 13:05,,Abandoned,v1,Web,06:50.5,Upload failure
APP00797,2/24/2026 11:20,33:34.7,Completed,v1,Mobile,33:34.7,
APP00798,3/13/2026 20:04,,Abandoned,v1,Mobile,58:55.3,User left application
APP00799,1/3/2026 23:00,,Abandoned,v1,Mobile,12:57.6,User left application
APP00800,1/6/2026 17:29,45:05.7,Completed,v1,Mobile,45:05.7,
APP00801,4/3/2026 7:43,35:13.2,Completed,v1,Mobile,35:13.2,
APP00802,3/13/2026 22:34,29:57.1,Completed,v1,Mobile,29:57.1,
APP00803,4/28/2026 5:31,27:13.6,Completed,v1,Web,27:13.6,
APP00804,4/29/2026 0:34,,Abandoned,v1,Mobile,39:00.0,Unknown
APP00805,4/14/2026 14:10,07:29.0,Completed,v1,Mobile,07:29.0,
APP00806,2/24/2026 11:30,09:22.8,Completed,v1,Web,09:22.8,
APP00807,3/5/2026 1:41,15:34.8,Completed,v1,Mobile,15:34.8,
APP00808,2/14/2026 22:31,37:04.3,Completed,v1,Mobile,37:04.3,
APP00809,2/14/2026 19:18,06:09.4,Completed,v1,Mobile,06:09.4,
APP00810,3/12/2026 20:55,36:05.8,Completed,v1,Web,36:05.8,
APP00811,2/7/2026 18:09,49:15.8,Completed,v1,Mobile,49:15.8,
APP00812,4/9/2026 3:19,18:36.4,Completed,v1,Web,18:36.4,
APP00813,1/2/2026 3:04,41:52.8,Completed,v1,Web,41:52.8,
APP00814,2/25/2026 6:44,21:50.8,Completed,v1,Mobile,21:50.8,
APP00815,4/12/2026 10:57,25:18.7,Completed,v1,Mobile,25:18.7,
APP00816,2/19/2026 14:04,15:21.1,Completed,v1,Mobile,15:21.1,
APP00817,2/22/2026 7:47,18:51.0,Completed,v1,Mobile,18:51.0,
APP00818,1/31/2026 6:41,14:27.6,Completed,v1,Mobile,14:27.6,
APP00819,1/16/2026 7:37,31:28.7,Completed,v1,Mobile,31:28.7,
APP00820,1/20/2026 18:11,28:20.9,Completed,v1,Mobile,28:20.9,
APP00821,3/1/2026 10:36,18:08.8,Completed,v1,Mobile,18:08.8,
APP00822,4/24/2026 7:08,,Abandoned,v1,Mobile,20:29.4,Upload failure
APP00823,3/7/2026 15:00,57:41.4,Completed,v1,Web,57:41.4,
APP00824,4/29/2026 17:41,30:53.5,Completed,v1,Mobile,30:53.5,
APP00825,2/22/2026 19:56,57:08.5,Completed,v1,Mobile,57:08.5,
APP00826,4/23/2026 1:58,57:32.2,Completed,v1,Mobile,57:32.2,
APP00827,2/19/2026 5:47,12:16.5,Completed,v1,Mobile,12:16.5,
APP00828,4/22/2026 1:50,44:34.8,Completed,v1,Mobile,44:34.8,
APP00829,2/9/2026 23:07,10:53.7,Completed,v1,Mobile,10:53.7,
APP00830,1/19/2026 22:21,,Abandoned,v1,Mobile,26:30.5,Session timeout
APP00831,4/16/2026 4:03,30:45.8,Completed,v1,Mobile,30:45.8,
APP00832,1/20/2026 15:48,17:27.9,Completed,v1,Web,17:27.9,
APP00833,2/11/2026 10:07,57:09.7,Completed,v1,Mobile,57:09.7,
APP00834,3/26/2026 0:10,,Abandoned,v1,Web,55:26.7,User left application
APP00835,3/30/2026 20:50,01:40.8,Completed,v1,Mobile,01:40.8,
APP00836,2/8/2026 22:09,,Abandoned,v1,Mobile,16:33.4,Long processing time
APP00837,4/30/2026 3:41,27:53.4,Completed,v1,Web,27:53.4,
APP00838,1/21/2026 13:41,,Abandoned,v1,Mobile,37:49.0,Upload failure
APP00839,4/22/2026 22:33,,Abandoned,v1,Web,09:50.0,Long processing time
APP00840,1/19/2026 18:18,46:55.1,Completed,v1,Web,46:55.1,
APP00841,3/5/2026 6:17,48:47.3,Completed,v1,Mobile,48:47.3,
APP00842,1/2/2026 18:00,,Abandoned,v1,Web,09:47.5,Long processing time
APP00843,1/14/2026 21:40,34:56.2,Completed,v1,Web,34:56.2,
APP00844,2/1/2026 4:35,33:20.4,Completed,v1,Mobile,33:20.4,
APP00845,1/25/2026 7:27,27:16.9,Completed,v1,Mobile,27:16.9,
APP00846,3/20/2026 10:20,,Abandoned,v1,Mobile,04:52.7,Upload failure
APP00847,1/27/2026 11:40,,Abandoned,v1,Web,45:00.0,Long processing time
APP00848,3/28/2026 6:27,34:12.9,Completed,v1,Mobile,34:12.9,
APP00849,3/31/2026 19:00,30:26.9,Completed,v1,Mobile,30:26.9,
APP00850,1/30/2026 6:55,26:41.3,Completed,v1,Mobile,26:41.3,
APP00851,1/18/2026 3:49,35:25.7,Completed,v1,Web,35:25.7,
APP00852,2/7/2026 11:29,59:03.7,Completed,v1,Mobile,59:03.7,
APP00853,4/1/2026 16:19,,Abandoned,v1,Web,37:53.7,Upload failure
APP00854,1/13/2026 2:28,,Abandoned,v1,Mobile,30:26.0,Long processing time
APP00855,3/21/2026 4:15,17:14.6,Completed,v1,Web,17:14.6,
APP00856,3/13/2026 3:09,48:53.2,Completed,v1,Web,48:53.2,
APP00857,2/24/2026 4:37,30:37.0,Completed,v1,Web,30:37.0,
APP00858,3/26/2026 2:47,41:04.7,Completed,v1,Web,41:04.7,
APP00859,2/18/2026 3:35,,Abandoned,v1,Mobile,40:00.0,Long processing time
APP00860,2/17/2026 12:33,16:49.2,Completed,v1,Web,16:49.2,
APP00861,4/13/2026 7:19,00:33.7,Completed,v1,Mobile,00:33.7,
APP00862,4/14/2026 11:52,34:27.2,Completed,v1,Web,34:27.2,
APP00863,1/19/2026 7:38,,Abandoned,v1,Mobile,52:37.7,Upload failure
APP00864,4/29/2026 13:50,31:08.8,Completed,v1,Mobile,31:08.8,
APP00865,1/29/2026 15:23,,Abandoned,v1,Mobile,03:21.6,Upload failure
APP00866,4/22/2026 5:55,,Abandoned,v1,Web,13:18.9,Session timeout
APP00867,3/24/2026 0:23,03:33.9,Completed,v1,Web,03:33.9,
APP00868,4/21/2026 13:45,31:08.9,Completed,v1,Mobile,31:08.9,
APP00869,4/15/2026 3:01,46:22.1,Completed,v1,Web,46:22.1,
APP00870,3/1/2026 19:08,12:08.4,Completed,v1,Mobile,12:08.4,
APP00871,1/17/2026 23:32,,Abandoned,v1,Mobile,53:48.3,Long processing time
APP00872,1/30/2026 16:05,27:38.3,Completed,v1,Mobile,27:38.3,
APP00873,1/9/2026 5:19,20:59.1,Completed,v1,Web,20:59.1,
APP00874,2/24/2026 3:33,50:14.1,Completed,v1,Web,50:14.1,
APP00875,3/21/2026 6:28,26:57.9,Completed,v1,Web,26:57.9,
APP00876,2/10/2026 19:58,17:45.4,Completed,v1,Mobile,17:45.4,
APP00877,2/6/2026 15:14,,Abandoned,v1,Web,07:44.7,Upload failure
APP00878,4/5/2026 1:02,00:54.9,Completed,v1,Mobile,00:54.9,
APP00879,2/17/2026 5:00,,Abandoned,v1,Web,05:00.0,Upload failure
APP00880,4/16/2026 7:29,17:25.9,Completed,v1,Web,17:25.9,
APP00881,2/8/2026 21:16,49:17.1,Completed,v1,Mobile,49:17.1,
APP00882,2/17/2026 3:59,27:32.7,Completed,v1,Web,27:32.7,
APP00883,2/5/2026 4:51,13:19.7,Completed,v1,Web,13:19.7,
APP00884,3/19/2026 5:55,44:47.3,Completed,v1,Web,44:47.3,
APP00885,3/24/2026 1:28,,Abandoned,v1,Mobile,00:33.6,Unknown
APP00886,1/31/2026 22:56,23:45.8,Completed,v1,Mobile,23:45.8,
APP00887,4/8/2026 16:12,01:45.9,Completed,v1,Web,01:45.9,
APP00888,2/2/2026 19:21,25:46.6,Completed,v1,Mobile,25:46.6,
APP00889,3/24/2026 8:18,58:47.3,Completed,v1,Mobile,58:47.3,
APP00890,1/24/2026 11:51,,Abandoned,v1,Web,16:10.0,Long processing time
APP00891,3/7/2026 2:36,36:51.3,Completed,v1,Web,36:51.3,
APP00892,1/13/2026 3:09,,Abandoned,v1,Web,46:24.6,User left application
APP00893,1/5/2026 23:10,58:57.8,Completed,v1,Web,58:57.8,
APP00894,2/15/2026 12:25,20:44.7,Completed,v1,Web,20:44.7,
APP00895,1/5/2026 9:32,34:16.9,Completed,v1,Web,34:16.9,
APP00896,3/30/2026 13:01,15:23.7,Completed,v1,Mobile,15:23.7,
APP00897,4/8/2026 4:49,13:15.5,Completed,v1,Mobile,13:15.5,
APP00898,1/16/2026 4:30,04:28.0,Completed,v1,Mobile,04:28.0,
APP00899,4/4/2026 11:47,,Abandoned,v1,Mobile,24:04.9,Long processing time
APP00900,4/29/2026 4:49,20:21.5,Completed,v1,Web,20:21.5,
APP00901,1/9/2026 7:51,14:51.6,Completed,v1,Mobile,14:51.6,
APP00902,1/23/2026 23:03,17:12.7,Completed,v1,Web,17:12.7,
APP00903,2/27/2026 16:37,31:29.9,Completed,v1,Web,31:29.9,
APP00904,3/23/2026 16:40,22:42.9,Completed,v1,Mobile,22:42.9,
APP00905,4/2/2026 11:49,17:59.5,Completed,v1,Web,17:59.5,
APP00906,2/1/2026 5:06,13:51.3,Completed,v1,Mobile,13:51.3,
APP00907,1/18/2026 15:19,50:19.9,Completed,v1,Web,50:19.9,
APP00908,1/18/2026 12:42,04:01.2,Completed,v1,Mobile,04:01.2,
APP00909,4/2/2026 12:38,28:44.3,Completed,v1,Web,28:44.3,
APP00910,2/16/2026 21:35,,Abandoned,v1,Mobile,08:08.8,Upload failure
APP00911,4/8/2026 20:44,36:41.7,Completed,v1,Web,36:41.7,
APP00912,4/21/2026 8:02,34:01.3,Completed,v1,Mobile,34:01.3,
APP00913,4/29/2026 1:25,24:03.1,Completed,v1,Mobile,24:03.1,
APP00914,1/12/2026 18:37,15:58.3,Completed,v1,Web,15:58.3,
APP00915,1/31/2026 19:35,21:05.0,Completed,v1,Web,21:05.0,
APP00916,2/12/2026 21:49,44:22.2,Completed,v1,Mobile,44:22.2,
APP00917,2/4/2026 23:26,12:19.7,Completed,v1,Web,12:19.7,
APP00918,3/25/2026 19:11,50:51.3,Completed,v1,Web,50:51.3,
APP00919,1/21/2026 12:01,38:47.1,Completed,v1,Mobile,38:47.1,
APP00920,2/23/2026 1:19,00:10.5,Completed,v1,Mobile,00:10.5,
APP00921,1/30/2026 8:00,31:40.9,Completed,v1,Web,31:40.9,
APP00922,2/4/2026 12:24,56:05.1,Completed,v1,Web,56:05.1,
APP00923,1/17/2026 4:14,07:01.1,Completed,v1,Mobile,07:01.1,
APP00924,1/15/2026 2:43,,Abandoned,v1,Web,32:32.2,Long processing time
APP00925,3/3/2026 18:10,02:02.0,Completed,v1,Web,02:02.0,
APP00926,3/8/2026 16:40,,Abandoned,v1,Mobile,45:00.0,Upload failure
APP00927,2/3/2026 4:46,06:06.8,Completed,v1,Mobile,06:06.8,
APP00928,3/10/2026 4:06,42:17.0,Completed,v1,Web,42:17.0,
APP00929,1/8/2026 23:53,36:22.8,Completed,v1,Mobile,36:22.8,
APP00930,1/28/2026 16:52,50:56.2,Completed,v1,Web,50:56.2,
APP00931,1/22/2026 3:04,39:18.5,Completed,v1,Web,39:18.5,
APP00932,3/19/2026 7:58,35:06.0,Completed,v1,Web,35:06.0,
APP00933,4/25/2026 19:55,44:40.5,Completed,v1,Mobile,44:40.5,
APP00934,1/13/2026 23:08,41:13.6,Completed,v1,Mobile,41:13.6,
APP00935,1/4/2026 23:34,59:35.8,Completed,v1,Web,59:35.8,
APP00936,3/17/2026 18:00,20:55.8,Completed,v1,Mobile,20:55.8,
APP00937,3/7/2026 19:12,16:49.9,Completed,v1,Web,16:49.9,
APP00938,3/1/2026 7:42,54:29.6,Completed,v1,Web,54:29.6,
APP00939,1/17/2026 14:35,15:59.8,Completed,v1,Mobile,15:59.8,
APP00940,4/24/2026 10:25,16:51.0,Completed,v1,Web,16:51.0,
APP00941,1/26/2026 0:59,23:47.7,Completed,v1,Mobile,23:47.7,
APP00942,1/4/2026 9:26,,Abandoned,v1,Web,10:55.0,Upload failure
APP00943,2/22/2026 16:56,19:34.5,Completed,v1,Web,19:34.5,
APP00944,2/5/2026 8:39,25:09.2,Completed,v1,Mobile,25:09.2,
APP00945,4/28/2026 1:05,,Abandoned,v1,Mobile,22:07.4,Upload failure
APP00946,2/22/2026 10:01,,Abandoned,v1,Web,38:43.0,Long processing time
APP00947,4/17/2026 19:41,38:27.5,Completed,v1,Web,38:27.5,
APP00948,3/3/2026 2:38,09:38.4,Completed,v1,Mobile,09:38.4,
APP00949,1/23/2026 19:33,16:43.2,Completed,v1,Mobile,16:43.2,
APP00950,2/12/2026 11:53,00:47.4,Completed,v1,Mobile,00:47.4,
APP00951,2/15/2026 5:28,09:22.6,Completed,v1,Web,09:22.6,
APP00952,1/20/2026 5:53,,Abandoned,v1,Web,48:37.7,Upload failure
APP00953,2/9/2026 20:42,53:19.9,Completed,v1,Web,53:19.9,
APP00954,2/17/2026 11:00,08:14.4,Completed,v1,Mobile,08:14.4,
APP00955,3/10/2026 2:58,52:17.9,Completed,v1,Mobile,52:17.9,
APP00956,3/9/2026 14:31,01:09.1,Completed,v1,Web,01:09.1,
APP00957,4/14/2026 23:33,08:30.1,Completed,v1,Web,08:30.1,
APP00958,3/13/2026 21:43,29:26.2,Completed,v1,Web,29:26.2,
APP00959,1/1/2026 14:52,43:55.6,Completed,v1,Mobile,43:55.6,
APP00960,4/18/2026 10:59,33:56.3,Completed,v1,Mobile,33:56.3,
APP00961,3/21/2026 8:35,32:01.8,Completed,v1,Mobile,32:01.8,
APP00962,4/21/2026 4:20,,Abandoned,v1,Mobile,04:19.1,Upload failure
APP00963,3/4/2026 10:19,53:53.9,Completed,v1,Web,53:53.9,
APP00964,1/25/2026 15:42,21:12.8,Completed,v1,Web,21:12.8,
APP00965,2/17/2026 23:31,,Abandoned,v1,Mobile,01:45.9,Long processing time
APP00966,3/26/2026 4:03,,Abandoned,v1,Web,52:28.7,Long processing time
APP00967,1/10/2026 12:28,22:27.7,Completed,v1,Mobile,22:27.7,
APP00968,3/25/2026 8:50,41:21.8,Completed,v1,Web,41:21.8,
APP00969,4/9/2026 7:10,52:18.2,Completed,v1,Web,52:18.2,
APP00970,4/8/2026 20:01,36:38.4,Completed,v1,Mobile,36:38.4,
APP00971,3/7/2026 3:18,07:48.5,Completed,v1,Mobile,07:48.5,
APP00972,3/3/2026 16:10,46:25.8,Completed,v1,Mobile,46:25.8,
APP00973,1/9/2026 2:26,,Abandoned,v1,Mobile,31:00.0,Long processing time
APP00974,4/13/2026 8:49,33:50.5,Completed,v1,Web,33:50.5,
APP00975,3/23/2026 15:22,,Abandoned,v1,Mobile,04:24.4,Unknown
APP00976,1/11/2026 16:42,18:28.6,Completed,v1,Web,18:28.6,
APP00977,2/24/2026 2:25,58:36.6,Completed,v1,Web,58:36.6,
APP00978,1/31/2026 1:57,38:06.3,Completed,v1,Mobile,38:06.3,
APP00979,2/8/2026 4:49,38:46.3,Completed,v1,Web,38:46.3,
APP00980,2/2/2026 0:25,,Abandoned,v1,Mobile,53:20.2,Unknown
APP00981,3/26/2026 5:59,16:25.2,Completed,v1,Web,16:25.2,
APP00982,4/2/2026 2:51,32:52.1,Completed,v1,Web,32:52.1,
APP00983,1/20/2026 9:51,,Abandoned,v1,Mobile,05:42.0,User left application
APP00984,4/30/2026 5:41,28:11.9,Completed,v1,Web,28:11.9,
APP00985,2/26/2026 21:22,10:49.1,Completed,v1,Mobile,10:49.1,
APP00986,4/6/2026 1:55,,Abandoned,v1,Web,00:00.0,Long processing time
APP00987,2/28/2026 7:34,,Abandoned,v1,Mobile,52:05.2,Upload failure
APP00988,2/7/2026 13:50,41:37.0,Completed,v1,Mobile,41:37.0,
APP00989,3/25/2026 0:18,,Abandoned,v1,Web,42:06.8,Long processing time
APP00990,2/22/2026 5:07,37:35.5,Completed,v1,Web,37:35.5,
APP00991,1/11/2026 1:49,42:21.3,Completed,v1,Web,42:21.3,
APP00992,4/11/2026 22:22,30:44.3,Completed,v1,Web,30:44.3,
APP00993,3/16/2026 10:12,53:21.3,Completed,v1,Mobile,53:21.3,
APP00994,3/2/2026 3:19,03:04.2,Completed,v1,Web,03:04.2,
APP00995,1/29/2026 1:35,,Abandoned,v1,Web,11:18.2,User left application
APP00996,3/28/2026 9:07,08:39.3,Completed,v1,Web,08:39.3,
APP00997,3/15/2026 15:53,,Abandoned,v1,Mobile,07:25.9,Upload failure
APP00998,3/19/2026 17:14,,Abandoned,v1,Mobile,55:37.0,Long processing time
APP00999,3/4/2026 14:58,,Abandoned,v1,Mobile,03:00.0,Long processing time
APP01000,4/26/2026 10:07,,Abandoned,v1,Web,43:08.6,User left application
APP01001,4/13/2026 4:28,11:36.2,Completed,v1,Web,11:36.2,
APP01002,1/21/2026 23:51,,Abandoned,v1,Mobile,04:38.7,Upload failure
APP01003,4/7/2026 6:18,17:41.8,Completed,v1,Mobile,17:41.8,
APP01004,3/3/2026 1:10,,Abandoned,v1,Mobile,03:34.3,Session timeout
APP01005,4/28/2026 19:09,02:16.0,Completed,v1,Mobile,02:16.0,
APP01006,1/3/2026 7:29,,Abandoned,v1,Web,32:14.2,User left application
APP01007,4/8/2026 18:53,31:21.3,Completed,v1,Web,31:21.3,
APP01008,1/19/2026 20:48,,Abandoned,v1,Mobile,53:44.8,Upload failure
APP01009,3/20/2026 17:29,44:01.3,Completed,v1,Mobile,44:01.3,
APP01010,2/26/2026 20:20,,Abandoned,v1,Mobile,22:25.3,Long processing time
APP01011,2/4/2026 2:45,44:31.7,Completed,v1,Web,44:31.7,
APP01012,2/11/2026 14:49,40:46.3,Completed,v1,Web,40:46.3,
APP01013,2/21/2026 16:54,36:17.7,Completed,v1,Web,36:17.7,
APP01014,3/4/2026 1:14,11:35.8,Completed,v1,Web,11:35.8,
APP01015,4/5/2026 14:57,50:43.6,Completed,v1,Web,50:43.6,
APP01016,4/14/2026 14:54,,Abandoned,v1,Mobile,23:15.3,Upload failure
APP01017,4/18/2026 0:24,09:51.8,Completed,v1,Mobile,09:51.8,
APP01018,2/23/2026 19:42,40:03.3,Completed,v1,Web,40:03.3,
APP01019,1/6/2026 18:47,,Abandoned,v1,Mobile,16:07.8,Long processing time
APP01020,4/3/2026 5:19,,Abandoned,v1,Web,29:11.4,Long processing time
APP01021,1/15/2026 0:37,,Abandoned,v1,Mobile,19:57.3,User left application
APP01022,2/28/2026 10:32,22:10.3,Completed,v1,Web,22:10.3,
APP01023,2/1/2026 17:56,,Abandoned,v1,Mobile,37:08.1,Long processing time
APP01024,1/6/2026 15:51,32:02.3,Completed,v1,Mobile,32:02.3,
APP01025,4/29/2026 17:51,,Abandoned,v1,Mobile,25:48.4,Long processing time
APP01026,1/27/2026 17:44,11:16.4,Completed,v1,Mobile,11:16.4,
APP01027,2/13/2026 3:49,06:21.3,Completed,v1,Mobile,06:21.3,
APP01028,3/21/2026 1:25,04:00.7,Completed,v1,Web,04:00.7,
APP01029,2/12/2026 15:44,04:37.7,Completed,v1,Mobile,04:37.7,
APP01030,1/20/2026 12:02,57:48.6,Completed,v1,Web,57:48.6,
APP01031,2/18/2026 15:57,36:32.1,Completed,v1,Web,36:32.1,
APP01032,3/22/2026 13:07,38:36.9,Completed,v1,Web,38:36.9,
APP01033,4/1/2026 18:45,36:05.7,Completed,v1,Mobile,36:05.7,
APP01034,4/27/2026 3:36,34:32.5,Completed,v1,Web,34:32.5,
APP01035,2/1/2026 21:25,03:36.9,Completed,v1,Mobile,03:36.9,
APP01036,4/7/2026 21:05,,Abandoned,v1,Mobile,22:28.4,Long processing time
APP01037,3/22/2026 22:55,34:16.9,Completed,v1,Mobile,34:16.9,
APP01038,4/2/2026 0:55,,Abandoned,v1,Mobile,43:20.8,Session timeout
APP01039,4/20/2026 14:55,48:36.7,Completed,v1,Mobile,48:36.7,
APP01040,2/7/2026 10:38,18:50.5,Completed,v1,Mobile,18:50.5,
APP01041,1/27/2026 19:40,,Abandoned,v1,Mobile,17:43.3,Long processing time
APP01042,1/26/2026 20:30,22:19.2,Completed,v1,Web,22:19.2,
APP01043,2/10/2026 10:20,06:56.6,Completed,v1,Mobile,06:56.6,
APP01044,1/16/2026 18:20,05:15.1,Completed,v1,Mobile,05:15.1,
APP01045,4/22/2026 6:26,,Abandoned,v1,Mobile,26:56.8,User left application
APP01046,4/6/2026 5:08,43:58.5,Completed,v1,Web,43:58.5,
APP01047,1/1/2026 11:53,06:36.1,Completed,v1,Web,06:36.1,
APP01048,1/21/2026 20:29,49:41.1,Completed,v1,Mobile,49:41.1,
APP01049,3/15/2026 1:05,59:53.9,Completed,v1,Web,59:53.9,
APP01050,3/16/2026 3:35,29:35.1,Completed,v1,Web,29:35.1,
APP01051,4/30/2026 5:43,15:43.7,Completed,v1,Web,15:43.7,
APP01052,2/21/2026 3:55,39:07.5,Completed,v1,Mobile,39:07.5,
APP01053,2/20/2026 22:23,53:46.7,Completed,v1,Mobile,53:46.7,
APP01054,3/11/2026 5:16,03:15.1,Completed,v1,Mobile,03:15.1,
APP01055,4/17/2026 3:44,,Abandoned,v1,Mobile,16:43.4,User left application
APP01056,3/30/2026 10:28,,Abandoned,v1,Web,43:28.7,Long processing time
APP01057,2/16/2026 2:10,,Abandoned,v1,Web,07:48.7,User left application
APP01058,3/29/2026 23:09,48:15.4,Completed,v1,Mobile,48:15.4,
APP01059,1/19/2026 4:10,,Abandoned,v1,Web,48:44.8,Upload failure
APP01060,2/22/2026 2:18,26:38.2,Completed,v1,Web,26:38.2,
APP01061,3/7/2026 15:19,,Abandoned,v1,Web,24:00.0,Unknown
APP01062,4/23/2026 16:28,31:52.7,Completed,v1,Web,31:52.7,
APP01063,2/27/2026 8:01,,Abandoned,v1,Mobile,52:03.9,Upload failure
APP01064,3/29/2026 7:14,01:34.0,Completed,v1,Mobile,01:34.0,
APP01065,1/3/2026 1:44,,Abandoned,v1,Mobile,18:05.2,Upload failure
APP01066,1/12/2026 3:35,10:07.7,Completed,v1,Web,10:07.7,
APP01067,3/31/2026 15:52,34:09.2,Completed,v1,Mobile,34:09.2,
APP01068,3/3/2026 17:12,56:11.4,Completed,v1,Mobile,56:11.4,
APP01069,1/2/2026 20:31,42:04.7,Completed,v1,Mobile,42:04.7,
APP01070,4/22/2026 16:12,37:14.7,Completed,v1,Mobile,37:14.7,
APP01071,2/21/2026 9:17,48:52.1,Completed,v1,Mobile,48:52.1,
APP01072,4/6/2026 3:17,51:49.6,Completed,v1,Web,51:49.6,
APP01073,2/18/2026 10:03,,Abandoned,v1,Web,45:33.0,Session timeout
APP01074,3/24/2026 0:22,,Abandoned,v1,Mobile,10:22.0,Long processing time
APP01075,1/13/2026 21:06,08:31.5,Completed,v1,Web,08:31.5,
APP01076,4/26/2026 18:04,43:21.0,Completed,v1,Web,43:21.0,
APP01077,1/24/2026 17:17,44:44.1,Completed,v1,Web,44:44.1,
APP01078,4/26/2026 13:27,17:21.5,Completed,v1,Web,17:21.5,
APP01079,4/10/2026 12:09,48:43.6,Completed,v1,Mobile,48:43.6,
APP01080,1/19/2026 18:08,,Abandoned,v1,Web,55:21.8,Session timeout
APP01081,1/17/2026 2:31,59:13.7,Completed,v1,Mobile,59:13.7,
APP01082,1/3/2026 4:52,41:17.1,Completed,v1,Mobile,41:17.1,
APP01083,4/5/2026 22:24,,Abandoned,v1,Web,16:42.1,Upload failure
APP01084,3/17/2026 21:12,16:11.5,Completed,v1,Web,16:11.5,
APP01085,3/28/2026 17:23,08:57.1,Completed,v1,Mobile,08:57.1,
APP01086,2/22/2026 0:56,23:31.5,Completed,v1,Mobile,23:31.5,
APP01087,2/20/2026 9:47,21:11.5,Completed,v1,Web,21:11.5,
APP01088,3/17/2026 15:55,29:24.9,Completed,v1,Web,29:24.9,
APP01089,4/7/2026 17:12,04:06.5,Completed,v1,Mobile,04:06.5,
APP01090,4/23/2026 14:32,47:19.9,Completed,v1,Web,47:19.9,
APP01091,1/10/2026 18:51,28:29.3,Completed,v1,Mobile,28:29.3,
APP01092,2/23/2026 2:46,40:07.5,Completed,v1,Web,40:07.5,
APP01093,3/4/2026 0:51,30:41.0,Completed,v1,Web,30:41.0,
APP01094,3/20/2026 15:34,47:24.7,Completed,v1,Web,47:24.7,
APP01095,3/5/2026 19:31,22:26.7,Completed,v1,Mobile,22:26.7,
APP01096,2/21/2026 5:10,06:47.7,Completed,v1,Mobile,06:47.7,
APP01097,1/18/2026 16:26,00:58.1,Completed,v1,Web,00:58.1,
APP01098,2/22/2026 20:06,56:44.2,Completed,v1,Mobile,56:44.2,
APP01099,1/27/2026 19:02,51:21.5,Completed,v1,Mobile,51:21.5,
APP01100,4/25/2026 5:50,38:00.1,Completed,v1,Mobile,38:00.1,
APP01101,4/12/2026 11:33,44:11.9,Completed,v1,Mobile,44:11.9,
APP01102,1/25/2026 18:37,19:40.9,Completed,v1,Web,19:40.9,
APP01103,1/18/2026 13:34,40:46.8,Completed,v1,Web,40:46.8,
APP01104,1/3/2026 17:32,50:21.9,Completed,v1,Web,50:21.9,
APP01105,1/28/2026 13:09,,Abandoned,v1,Web,21:53.5,User left application
APP01106,1/6/2026 1:14,50:53.7,Completed,v1,Web,50:53.7,
APP01107,2/28/2026 7:58,55:43.6,Completed,v1,Web,55:43.6,
APP01108,3/4/2026 5:40,24:32.7,Completed,v1,Web,24:32.7,
APP01109,3/7/2026 19:39,16:07.3,Completed,v1,Mobile,16:07.3,
APP01110,1/24/2026 9:51,51:22.8,Completed,v1,Web,51:22.8,
APP01111,2/25/2026 9:38,44:57.9,Completed,v1,Web,44:57.9,
APP01112,4/17/2026 1:57,58:42.7,Completed,v1,Mobile,58:42.7,
APP01113,3/8/2026 12:29,06:54.4,Completed,v1,Mobile,06:54.4,
APP01114,2/17/2026 20:13,58:45.9,Completed,v1,Mobile,58:45.9,
APP01115,4/15/2026 2:35,14:09.3,Completed,v1,Mobile,14:09.3,
APP01116,4/15/2026 8:30,16:30.5,Completed,v1,Mobile,16:30.5,
APP01117,1/13/2026 5:17,,Abandoned,v1,Web,47:36.5,Long processing time
APP01118,1/17/2026 23:53,39:44.2,Completed,v1,Web,39:44.2,
APP01119,1/9/2026 16:10,50:29.8,Completed,v1,Mobile,50:29.8,
APP01120,2/1/2026 23:01,30:01.5,Completed,v1,Mobile,30:01.5,
APP01121,4/9/2026 17:13,49:25.6,Completed,v1,Mobile,49:25.6,
APP01122,1/24/2026 5:44,07:36.8,Completed,v1,Web,07:36.8,
APP01123,4/14/2026 2:46,08:33.9,Completed,v1,Web,08:33.9,
APP01124,2/5/2026 18:32,40:17.0,Completed,v1,Web,40:17.0,
APP01125,1/25/2026 12:55,,Abandoned,v1,Web,02:17.1,Unknown
APP01126,4/30/2026 0:32,14:16.8,Completed,v1,Mobile,14:16.8,
APP01127,4/30/2026 4:05,26:32.4,Completed,v1,Web,26:32.4,
APP01128,2/3/2026 4:40,04:01.7,Completed,v1,Mobile,04:01.7,
APP01129,3/17/2026 19:44,18:10.9,Completed,v1,Mobile,18:10.9,
APP01130,4/25/2026 19:05,06:46.4,Completed,v1,Mobile,06:46.4,
APP01131,3/20/2026 15:34,09:22.9,Completed,v1,Mobile,09:22.9,
APP01132,1/18/2026 1:27,49:33.1,Completed,v1,Mobile,49:33.1,
APP01133,1/2/2026 9:48,40:02.4,Completed,v1,Mobile,40:02.4,
APP01134,2/14/2026 23:35,,Abandoned,v1,Mobile,44:49.1,Upload failure
APP01135,3/7/2026 11:03,55:36.0,Completed,v1,Web,55:36.0,
APP01136,2/21/2026 2:29,45:06.5,Completed,v1,Mobile,45:06.5,
APP01137,3/28/2026 12:31,56:21.0,Completed,v1,Mobile,56:21.0,
APP01138,2/11/2026 2:13,,Abandoned,v1,Mobile,35:26.9,Upload failure
APP01139,3/10/2026 8:19,57:05.7,Completed,v1,Mobile,57:05.7,
APP01140,1/23/2026 10:19,04:32.5,Completed,v1,Mobile,04:32.5,
APP01141,1/24/2026 1:08,32:22.4,Completed,v1,Mobile,32:22.4,
APP01142,4/22/2026 21:43,39:12.8,Completed,v1,Mobile,39:12.8,
APP01143,2/9/2026 5:48,17:54.7,Completed,v1,Mobile,17:54.7,
APP01144,3/28/2026 21:15,,Abandoned,v1,Mobile,56:01.6,Upload failure
APP01145,2/22/2026 14:20,21:11.7,Completed,v1,Web,21:11.7,
APP01146,3/20/2026 13:39,44:41.2,Completed,v1,Web,44:41.2,
APP01147,1/26/2026 16:06,51:09.8,Completed,v1,Web,51:09.8,
APP01148,3/7/2026 20:52,,Abandoned,v1,Mobile,24:59.3,Upload failure
APP01149,4/18/2026 18:24,,Abandoned,v1,Web,57:11.9,Upload failure
APP01150,2/23/2026 10:04,44:56.5,Completed,v1,Web,44:56.5,
APP01151,2/11/2026 8:33,42:57.3,Completed,v1,Mobile,42:57.3,
APP01152,2/2/2026 3:25,56:56.2,Completed,v1,Web,56:56.2,
APP01153,3/20/2026 21:34,,Abandoned,v1,Mobile,18:20.4,Unknown
APP01154,4/10/2026 17:12,41:08.0,Completed,v1,Web,41:08.0,
APP01155,3/31/2026 4:07,32:26.7,Completed,v1,Web,32:26.7,
APP01156,3/26/2026 18:32,,Abandoned,v1,Mobile,10:41.5,Long processing time
APP01157,4/9/2026 7:31,18:00.2,Completed,v1,Web,18:00.2,
APP01158,4/20/2026 13:03,57:24.2,Completed,v1,Web,57:24.2,
APP01159,4/9/2026 1:00,20:07.0,Completed,v1,Mobile,20:07.0,
APP01160,2/19/2026 3:00,24:01.0,Completed,v1,Mobile,24:01.0,
APP01161,2/5/2026 13:36,22:32.1,Completed,v1,Mobile,22:32.1,
APP01162,3/29/2026 20:18,48:57.3,Completed,v1,Web,48:57.3,
APP01163,3/22/2026 22:33,11:04.1,Completed,v1,Mobile,11:04.1,
APP01164,1/22/2026 17:01,47:03.1,Completed,v1,Web,47:03.1,
APP01165,1/27/2026 1:17,21:52.6,Completed,v1,Mobile,21:52.6,
APP01166,3/13/2026 6:18,07:30.9,Completed,v1,Web,07:30.9,
APP01167,2/26/2026 20:05,,Abandoned,v1,Web,44:07.8,Upload failure
APP01168,2/7/2026 0:48,32:44.1,Completed,v1,Web,32:44.1,
APP01169,2/8/2026 2:22,,Abandoned,v1,Mobile,49:34.8,Long processing time
APP01170,2/8/2026 22:16,,Abandoned,v1,Mobile,57:14.2,Long processing time
APP01171,2/12/2026 20:09,35:33.9,Completed,v1,Web,35:33.9,
APP01172,4/15/2026 3:43,,Abandoned,v1,Web,13:37.3,User left application
APP01173,2/21/2026 0:34,25:23.8,Completed,v1,Mobile,25:23.8,
APP01174,4/30/2026 21:56,,Abandoned,v1,Mobile,33:14.0,Upload failure
APP01175,4/5/2026 2:37,16:13.2,Completed,v1,Web,16:13.2,
APP01176,3/17/2026 13:13,54:29.9,Completed,v1,Mobile,54:29.9,
APP01177,4/2/2026 9:02,,Abandoned,v1,Web,32:41.7,User left application
APP01178,3/27/2026 10:42,24:58.6,Completed,v1,Mobile,24:58.6,
APP01179,2/21/2026 11:27,00:20.1,Completed,v1,Mobile,00:20.1,
APP01180,1/31/2026 23:00,55:51.2,Completed,v1,Mobile,55:51.2,
APP01181,3/28/2026 10:55,40:55.1,Completed,v1,Mobile,40:55.1,
APP01182,3/12/2026 0:54,25:56.7,Completed,v1,Mobile,25:56.7,
APP01183,3/18/2026 22:06,,Abandoned,v1,Mobile,38:30.3,Session timeout
APP01184,2/3/2026 23:03,41:29.2,Completed,v1,Web,41:29.2,
APP01185,2/18/2026 4:15,37:32.8,Completed,v1,Mobile,37:32.8,
APP01186,3/6/2026 17:04,,Abandoned,v1,Web,28:22.9,Unknown
APP01187,1/16/2026 18:19,14:46.2,Completed,v1,Web,14:46.2,
APP01188,3/9/2026 0:00,,Abandoned,v1,Web,54:31.4,Unknown
APP01189,4/17/2026 2:10,44:56.3,Completed,v1,Mobile,44:56.3,
APP01190,3/26/2026 6:20,02:59.1,Completed,v1,Web,02:59.1,
APP01191,4/25/2026 1:30,43:46.0,Completed,v1,Mobile,43:46.0,
APP01192,3/1/2026 12:32,,Abandoned,v1,Web,14:43.5,Long processing time
APP01193,4/22/2026 22:48,,Abandoned,v1,Mobile,06:26.3,Upload failure
APP01194,1/15/2026 10:20,14:24.7,Completed,v1,Mobile,14:24.7,
APP01195,1/12/2026 12:13,,Abandoned,v1,Mobile,47:35.8,Upload failure
APP01196,3/16/2026 1:33,04:42.9,Completed,v1,Mobile,04:42.9,
APP01197,4/2/2026 19:29,29:01.9,Completed,v1,Mobile,29:01.9,
APP01198,3/26/2026 5:53,23:15.8,Completed,v1,Mobile,23:15.8,
APP01199,2/10/2026 21:31,,Abandoned,v1,Web,12:08.1,User left application
APP01200,1/9/2026 20:57,55:09.7,Completed,v1,Mobile,55:09.7,
APP01201,4/10/2026 5:43,,Abandoned,v1,Mobile,37:20.6,Upload failure
APP01202,1/27/2026 13:01,41:51.5,Completed,v1,Mobile,41:51.5,
APP01203,3/25/2026 3:31,16:13.6,Completed,v1,Web,16:13.6,
APP01204,1/5/2026 6:20,59:39.7,Completed,v1,Mobile,59:39.7,
APP01205,2/25/2026 17:01,36:54.6,Completed,v1,Web,36:54.6,
APP01206,3/6/2026 18:33,16:30.5,Completed,v1,Web,16:30.5,
APP01207,2/20/2026 20:31,,Abandoned,v1,Web,57:04.9,User left application
APP01208,2/1/2026 22:25,,Abandoned,v1,Mobile,42:13.4,Long processing time
APP01209,1/19/2026 16:29,32:24.7,Completed,v1,Mobile,32:24.7,
APP01210,1/23/2026 17:51,11:41.6,Completed,v1,Mobile,11:41.6,
APP01211,4/22/2026 13:56,,Abandoned,v1,Web,25:29.3,User left application
APP01212,2/3/2026 19:32,,Abandoned,v1,Mobile,45:30.9,Long processing time
APP01213,2/8/2026 16:27,,Abandoned,v1,Mobile,13:08.5,Upload failure
APP01214,2/21/2026 1:59,,Abandoned,v1,Web,15:20.7,Long processing time
APP01215,3/26/2026 12:23,11:33.5,Completed,v1,Web,11:33.5,
APP01216,4/14/2026 19:56,,Abandoned,v1,Mobile,14:17.2,Upload failure
APP01217,4/27/2026 10:18,37:41.6,Completed,v1,Web,37:41.6,
APP01218,1/2/2026 5:09,,Abandoned,v1,Mobile,50:59.4,Upload failure
APP01219,5/1/2026 0:35,,Abandoned,v1,Web,29:03.8,Session timeout
APP01220,1/27/2026 7:12,37:56.8,Completed,v1,Mobile,37:56.8,
APP01221,3/4/2026 11:30,45:46.2,Completed,v1,Web,45:46.2,
APP01222,4/8/2026 11:35,04:03.3,Completed,v1,Web,04:03.3,
APP01223,1/31/2026 8:56,,Abandoned,v1,Mobile,57:47.5,Long processing time
APP01224,3/27/2026 23:55,51:12.2,Completed,v1,Mobile,51:12.2,
APP01225,4/3/2026 23:55,41:48.6,Completed,v1,Mobile,41:48.6,
APP01226,4/24/2026 3:08,48:04.7,Completed,v1,Web,48:04.7,
APP01227,2/23/2026 14:00,,Abandoned,v1,Web,08:22.9,Long processing time
APP01228,4/23/2026 12:06,,Abandoned,v1,Mobile,50:51.0,Upload failure
APP01229,3/23/2026 22:27,15:42.0,Completed,v1,Web,15:42.0,
APP01230,1/8/2026 9:40,,Abandoned,v1,Mobile,00:37.9,Upload failure
APP01231,4/24/2026 7:44,,Abandoned,v1,Web,58:46.8,Upload failure
APP01232,1/13/2026 13:05,,Abandoned,v1,Mobile,50:59.5,Unknown
APP01233,4/25/2026 22:01,53:15.2,Completed,v1,Mobile,53:15.2,
APP01234,1/4/2026 7:50,14:03.7,Completed,v1,Mobile,14:03.7,
APP01235,3/6/2026 19:14,,Abandoned,v1,Mobile,52:26.6,Session timeout
APP01236,3/29/2026 23:00,50:00.8,Completed,v1,Web,50:00.8,
APP01237,5/1/2026 7:27,02:03.9,Completed,v1,Mobile,02:03.9,
APP01238,1/9/2026 12:50,19:21.1,Completed,v1,Web,19:21.1,
APP01239,3/26/2026 6:53,,Abandoned,v1,Mobile,57:13.4,User left application
APP01240,2/28/2026 16:08,07:54.3,Completed,v1,Mobile,07:54.3,
APP01241,3/14/2026 0:12,43:15.7,Completed,v1,Web,43:15.7,
APP01242,1/15/2026 12:13,00:28.9,Completed,v1,Mobile,00:28.9,
APP01243,2/19/2026 1:41,05:40.6,Completed,v1,Mobile,05:40.6,
APP01244,3/3/2026 18:40,,Abandoned,v1,Mobile,21:52.5,Upload failure
APP01245,1/28/2026 11:51,26:56.8,Completed,v1,Web,26:56.8,
APP01246,1/4/2026 11:28,36:00.0,Completed,v1,Mobile,36:00.0,
APP01247,3/2/2026 14:18,27:04.6,Completed,v1,Web,27:04.6,
APP01248,2/6/2026 17:21,00:54.8,Completed,v1,Web,00:54.8,
APP01249,1/31/2026 1:24,52:08.9,Completed,v1,Mobile,52:08.9,
APP01250,3/20/2026 17:46,,Abandoned,v1,Mobile,29:01.3,User left application
APP01251,3/23/2026 23:35,,Abandoned,v1,Web,05:14.2,Long processing time
APP01252,4/7/2026 2:15,45:26.5,Completed,v1,Mobile,45:26.5,
APP01253,2/27/2026 8:11,,Abandoned,v1,Web,50:11.5,Upload failure
APP01254,2/15/2026 9:44,52:00.0,Completed,v1,Mobile,52:00.0,
APP01255,3/17/2026 15:18,,Abandoned,v1,Mobile,59:24.6,Upload failure
APP01256,2/1/2026 4:13,54:09.5,Completed,v1,Mobile,54:09.5,
APP01257,3/19/2026 14:01,31:22.8,Completed,v1,Mobile,31:22.8,
APP01258,1/22/2026 23:17,35:04.2,Completed,v1,Web,35:04.2,
APP01259,1/18/2026 10:30,28:43.3,Completed,v1,Mobile,28:43.3,
APP01260,1/29/2026 18:09,,Abandoned,v1,Web,14:00.0,Upload failure
APP01261,1/2/2026 0:17,,Abandoned,v1,Web,11:25.9,Long processing time
APP01262,3/10/2026 9:59,43:25.5,Completed,v1,Mobile,43:25.5,
APP01263,1/19/2026 17:37,,Abandoned,v1,Mobile,42:00.0,Long processing time
APP01264,4/16/2026 16:23,57:14.6,Completed,v1,Mobile,57:14.6,
APP01265,3/30/2026 9:08,,Abandoned,v1,Web,13:00.0,User left application
APP01266,1/3/2026 18:20,58:48.4,Completed,v1,Web,58:48.4,
APP01267,3/23/2026 23:12,37:33.9,Completed,v1,Mobile,37:33.9,
APP01268,1/19/2026 5:03,39:11.9,Completed,v1,Web,39:11.9,
APP01269,1/26/2026 15:15,02:25.4,Completed,v1,Mobile,02:25.4,
APP01270,4/27/2026 15:44,52:00.0,Completed,v1,Mobile,52:00.0,
APP01271,1/12/2026 13:17,56:48.3,Completed,v1,Mobile,56:48.3,
APP01272,4/20/2026 0:10,42:33.7,Completed,v1,Mobile,42:33.7,
APP01273,4/19/2026 4:44,,Abandoned,v1,Mobile,49:00.0,Upload failure
APP01274,1/29/2026 20:57,31:26.5,Completed,v1,Mobile,31:26.5,
APP01275,2/18/2026 4:40,29:35.8,Completed,v1,Mobile,29:35.8,
APP01276,4/15/2026 1:37,12:54.8,Completed,v1,Mobile,12:54.8,
APP01277,4/15/2026 10:21,,Abandoned,v1,Mobile,26:56.4,Upload failure
APP01278,4/13/2026 9:14,38:47.6,Completed,v1,Mobile,38:47.6,
APP01279,1/27/2026 15:01,,Abandoned,v1,Mobile,36:19.2,Long processing time
APP01280,4/14/2026 1:50,11:44.1,Completed,v1,Mobile,11:44.1,
APP01281,2/25/2026 9:38,44:45.2,Completed,v1,Mobile,44:45.2,
APP01282,2/18/2026 0:43,16:28.1,Completed,v1,Web,16:28.1,
APP01283,4/14/2026 10:28,32:51.2,Completed,v1,Mobile,32:51.2,
APP01284,4/16/2026 14:59,28:58.1,Completed,v1,Mobile,28:58.1,
APP01285,4/28/2026 23:17,03:59.0,Completed,v1,Web,03:59.0,
APP01286,1/30/2026 18:21,,Abandoned,v1,Web,18:07.6,User left application
APP01287,1/7/2026 0:13,38:56.3,Completed,v1,Web,38:56.3,
APP01288,3/29/2026 5:40,,Abandoned,v1,Web,46:11.4,Upload failure
APP01289,4/14/2026 5:08,23:30.8,Completed,v1,Web,23:30.8,
APP01290,2/28/2026 2:39,,Abandoned,v1,Web,16:36.8,Session timeout
APP01291,4/21/2026 20:19,14:05.3,Completed,v1,Mobile,14:05.3,
APP01292,1/7/2026 4:09,56:19.8,Completed,v1,Mobile,56:19.8,
APP01293,1/26/2026 1:06,49:37.3,Completed,v1,Web,49:37.3,
APP01294,1/31/2026 14:28,10:18.6,Completed,v1,Mobile,10:18.6,
APP01295,2/11/2026 17:35,,Abandoned,v1,Web,04:03.7,User left application
APP01296,1/31/2026 9:05,56:26.3,Completed,v1,Web,56:26.3,
APP01297,5/1/2026 0:47,19:47.3,Completed,v1,Web,19:47.3,
APP01298,1/30/2026 10:45,26:08.8,Completed,v1,Mobile,26:08.8,
APP01299,3/18/2026 8:48,38:37.0,Completed,v1,Mobile,38:37.0,
APP01300,3/8/2026 18:50,10:49.6,Completed,v1,Web,10:49.6,
APP01301,4/12/2026 9:02,,Abandoned,v1,Web,11:42.7,User left application
APP01302,1/24/2026 5:03,53:12.1,Completed,v1,Mobile,53:12.1,
APP01303,4/24/2026 20:38,,Abandoned,v1,Web,19:47.2,Upload failure
APP01304,4/13/2026 7:35,23:53.8,Completed,v1,Web,23:53.8,
APP01305,1/23/2026 10:52,01:06.0,Completed,v1,Web,01:06.0,
APP01306,4/17/2026 8:37,13:52.6,Completed,v1,Web,13:52.6,
APP01307,4/15/2026 14:54,20:29.0,Completed,v1,Web,20:29.0,
APP01308,2/22/2026 11:40,14:20.6,Completed,v1,Mobile,14:20.6,
APP01309,2/14/2026 9:00,18:11.5,Completed,v1,Web,18:11.5,
APP01310,3/20/2026 12:53,47:45.1,Completed,v1,Web,47:45.1,
APP01311,1/19/2026 16:20,45:52.3,Completed,v1,Web,45:52.3,
APP01312,4/15/2026 0:43,20:48.1,Completed,v1,Mobile,20:48.1,
APP01313,2/27/2026 11:21,04:27.6,Completed,v1,Mobile,04:27.6,
APP01314,3/8/2026 6:02,,Abandoned,v1,Mobile,32:48.5,User left application
APP01315,3/3/2026 2:38,32:33.9,Completed,v1,Web,32:33.9,
APP01316,1/14/2026 10:42,21:47.6,Completed,v1,Mobile,21:47.6,
APP01317,1/19/2026 12:42,20:13.3,Completed,v1,Mobile,20:13.3,
APP01318,2/23/2026 23:55,59:54.2,Completed,v1,Web,59:54.2,
APP01319,1/21/2026 22:33,51:01.1,Completed,v1,Web,51:01.1,
APP01320,1/22/2026 10:26,53:22.0,Completed,v1,Mobile,53:22.0,
APP01321,3/10/2026 21:24,,Abandoned,v1,Mobile,19:09.4,Upload failure
APP01322,4/30/2026 17:02,28:31.9,Completed,v1,Mobile,28:31.9,
APP01323,2/24/2026 14:27,04:08.3,Completed,v1,Web,04:08.3,
APP01324,1/16/2026 11:34,,Abandoned,v1,Web,51:37.1,Upload failure
APP01325,2/24/2026 10:03,50:44.0,Completed,v1,Web,50:44.0,
APP01326,1/20/2026 0:20,07:45.3,Completed,v1,Mobile,07:45.3,
APP01327,3/19/2026 7:42,34:18.4,Completed,v1,Mobile,34:18.4,
APP01328,4/8/2026 15:23,01:21.6,Completed,v1,Mobile,01:21.6,
APP01329,3/23/2026 16:44,28:51.7,Completed,v1,Web,28:51.7,
APP01330,1/18/2026 9:46,,Abandoned,v1,Mobile,02:02.1,Session timeout
APP01331,2/11/2026 8:51,,Abandoned,v1,Mobile,31:13.6,Unknown
APP01332,4/2/2026 13:00,,Abandoned,v1,Mobile,41:15.1,Upload failure
APP01333,3/29/2026 21:14,,Abandoned,v1,Mobile,03:13.1,Upload failure
APP01334,1/30/2026 16:20,04:22.8,Completed,v1,Mobile,04:22.8,
APP01335,1/29/2026 19:23,,Abandoned,v1,Mobile,07:07.1,Upload failure
APP01336,3/5/2026 7:44,18:39.9,Completed,v1,Mobile,18:39.9,
APP01337,4/8/2026 22:21,58:19.0,Completed,v1,Mobile,58:19.0,
APP01338,1/11/2026 16:58,,Abandoned,v1,Mobile,47:08.5,Long processing time
APP01339,2/22/2026 14:41,41:53.3,Completed,v1,Web,41:53.3,
APP01340,4/19/2026 11:24,06:42.4,Completed,v1,Mobile,06:42.4,
APP01341,2/20/2026 12:48,33:02.1,Completed,v1,Mobile,33:02.1,
APP01342,2/23/2026 22:46,09:45.4,Completed,v1,Web,09:45.4,
APP01343,1/31/2026 9:08,43:14.2,Completed,v1,Web,43:14.2,
APP01344,2/1/2026 10:44,,Abandoned,v1,Mobile,51:10.7,Unknown
APP01345,4/17/2026 12:02,,Abandoned,v1,Mobile,47:49.1,Session timeout
APP01346,4/20/2026 10:47,30:04.8,Completed,v1,Mobile,30:04.8,
APP01347,1/3/2026 11:00,,Abandoned,v1,Mobile,23:12.3,Upload failure
APP01348,1/28/2026 9:50,15:28.0,Completed,v1,Mobile,15:28.0,
APP01349,2/17/2026 17:56,19:09.3,Completed,v1,Web,19:09.3,
APP01350,4/15/2026 14:23,31:00.0,Completed,v1,Mobile,31:00.0,
APP01351,1/26/2026 19:05,11:18.7,Completed,v1,Web,11:18.7,
APP01352,3/7/2026 17:17,,Abandoned,v1,Mobile,50:37.2,Long processing time
APP01353,2/28/2026 1:51,20:45.5,Completed,v1,Mobile,20:45.5,
APP01354,4/21/2026 23:15,41:53.2,Completed,v1,Mobile,41:53.2,
APP01355,3/8/2026 3:26,10:19.7,Completed,v1,Mobile,10:19.7,
APP01356,3/27/2026 11:06,49:07.7,Completed,v1,Mobile,49:07.7,
APP01357,3/1/2026 0:07,43:15.7,Completed,v1,Mobile,43:15.7,
APP01358,2/22/2026 0:09,31:19.9,Completed,v1,Web,31:19.9,
APP01359,1/27/2026 16:45,,Abandoned,v1,Web,56:03.4,Upload failure
APP01360,3/12/2026 13:41,,Abandoned,v1,Mobile,12:57.2,User left application
APP01361,2/24/2026 20:00,46:24.5,Completed,v1,Web,46:24.5,
APP01362,3/1/2026 6:18,12:47.0,Completed,v1,Web,12:47.0,
APP01363,2/23/2026 22:06,,Abandoned,v1,Mobile,42:01.1,User left application
APP01364,2/27/2026 20:08,39:36.8,Completed,v1,Mobile,39:36.8,
APP01365,2/27/2026 1:11,,Abandoned,v1,Mobile,41:06.0,Long processing time
APP01366,4/9/2026 2:33,19:41.4,Completed,v1,Web,19:41.4,
APP01367,1/26/2026 0:53,40:46.6,Completed,v1,Mobile,40:46.6,
APP01368,3/24/2026 1:11,10:16.0,Completed,v1,Mobile,10:16.0,
APP01369,5/1/2026 7:52,04:59.9,Completed,v1,Mobile,04:59.9,
APP01370,3/7/2026 4:50,41:12.3,Completed,v1,Mobile,41:12.3,
APP01371,2/5/2026 18:16,06:49.7,Completed,v1,Mobile,06:49.7,
APP01372,2/18/2026 14:14,,Abandoned,v1,Web,10:11.3,Upload failure
APP01373,1/6/2026 4:53,,Abandoned,v1,Mobile,44:22.3,Upload failure
APP01374,3/24/2026 4:59,43:28.6,Completed,v1,Web,43:28.6,
APP01375,4/9/2026 23:47,,Abandoned,v1,Mobile,13:52.1,Upload failure
APP01376,1/20/2026 1:18,54:51.3,Completed,v1,Mobile,54:51.3,
APP01377,3/13/2026 7:22,01:30.2,Completed,v1,Mobile,01:30.2,
APP01378,1/17/2026 21:09,17:00.0,Completed,v1,Web,17:00.0,
APP01379,2/8/2026 15:59,55:23.8,Completed,v1,Web,55:23.8,
APP01380,1/16/2026 8:56,33:40.2,Completed,v1,Mobile,33:40.2,
APP01381,4/8/2026 6:05,,Abandoned,v1,Mobile,35:14.4,Long processing time
APP01382,3/2/2026 23:32,54:18.9,Completed,v1,Web,54:18.9,
APP01383,2/18/2026 3:27,13:00.3,Completed,v1,Mobile,13:00.3,
APP01384,1/29/2026 21:02,12:33.5,Completed,v1,Mobile,12:33.5,
APP01385,3/27/2026 8:06,32:12.5,Completed,v1,Web,32:12.5,
APP01386,3/4/2026 15:37,04:43.2,Completed,v1,Web,04:43.2,
APP01387,4/22/2026 10:49,36:53.3,Completed,v1,Mobile,36:53.3,
APP01388,3/13/2026 22:53,,Abandoned,v1,Web,58:00.0,Session timeout
APP01389,4/12/2026 11:16,,Abandoned,v1,Web,26:46.3,Upload failure
APP01390,2/17/2026 14:14,52:12.5,Completed,v1,Mobile,52:12.5,
APP01391,1/25/2026 9:36,16:51.4,Completed,v1,Web,16:51.4,
APP01392,2/28/2026 1:00,,Abandoned,v1,Web,58:32.7,Upload failure
APP01393,4/18/2026 4:23,,Abandoned,v1,Mobile,28:00.0,Session timeout
APP01394,1/22/2026 22:04,,Abandoned,v1,Web,17:37.4,Upload failure
APP01395,2/24/2026 23:27,20:43.7,Completed,v1,Web,20:43.7,
APP01396,1/27/2026 8:07,,Abandoned,v1,Mobile,23:23.1,Long processing time
APP01397,2/15/2026 3:09,43:50.4,Completed,v1,Web,43:50.4,
APP01398,4/1/2026 4:37,25:32.3,Completed,v1,Mobile,25:32.3,
APP01399,3/10/2026 23:59,33:36.5,Completed,v1,Mobile,33:36.5,
APP01400,4/16/2026 21:45,17:19.6,Completed,v1,Mobile,17:19.6,
APP01401,3/5/2026 20:14,49:48.8,Completed,v1,Mobile,49:48.8,
APP01402,4/2/2026 6:13,57:47.8,Completed,v1,Mobile,57:47.8,
APP01403,4/16/2026 14:35,26:17.4,Completed,v1,Mobile,26:17.4,
APP01404,3/29/2026 6:09,40:14.6,Completed,v1,Web,40:14.6,
APP01405,4/23/2026 9:30,,Abandoned,v1,Web,50:59.5,User left application
APP01406,3/6/2026 2:44,46:32.5,Completed,v1,Web,46:32.5,
APP01407,2/4/2026 11:25,49:36.0,Completed,v1,Mobile,49:36.0,
APP01408,3/31/2026 8:26,56:15.2,Completed,v1,Mobile,56:15.2,
APP01409,1/10/2026 22:41,,Abandoned,v1,Mobile,23:04.3,Long processing time
APP01410,2/13/2026 15:24,41:25.4,Completed,v1,Mobile,41:25.4,
APP01411,2/11/2026 11:20,16:26.3,Completed,v1,Mobile,16:26.3,
APP01412,1/2/2026 10:36,18:23.6,Completed,v1,Mobile,18:23.6,
APP01413,1/21/2026 14:13,,Abandoned,v1,Mobile,18:00.0,User left application
APP01414,2/8/2026 9:04,22:32.7,Completed,v1,Mobile,22:32.7,
APP01415,2/6/2026 13:48,,Abandoned,v1,Web,53:00.0,Session timeout
APP01416,4/21/2026 0:20,10:08.0,Completed,v1,Mobile,10:08.0,
APP01417,3/14/2026 15:26,02:40.7,Completed,v1,Mobile,02:40.7,
APP01418,3/18/2026 7:20,43:00.0,Completed,v1,Mobile,43:00.0,
APP01419,3/1/2026 2:39,04:20.5,Completed,v1,Web,04:20.5,
APP01420,2/12/2026 23:26,17:15.3,Completed,v1,Mobile,17:15.3,
APP01421,2/10/2026 23:27,13:21.1,Completed,v1,Web,13:21.1,
APP01422,1/27/2026 12:16,05:03.7,Completed,v1,Mobile,05:03.7,
APP01423,3/24/2026 19:08,47:15.0,Completed,v1,Web,47:15.0,
APP01424,3/20/2026 10:14,32:31.4,Completed,v1,Mobile,32:31.4,
APP01425,4/1/2026 22:20,00:33.3,Completed,v1,Web,00:33.3,
APP01426,1/24/2026 23:15,01:55.8,Completed,v1,Mobile,01:55.8,
APP01427,2/15/2026 0:14,,Abandoned,v1,Web,48:30.9,Upload failure
APP01428,4/12/2026 3:00,01:51.0,Completed,v1,Web,01:51.0,
APP01429,3/29/2026 23:44,24:28.9,Completed,v1,Mobile,24:28.9,
APP01430,3/13/2026 8:58,45:42.6,Completed,v1,Web,45:42.6,
APP01431,1/29/2026 17:01,,Abandoned,v1,Web,06:00.0,Upload failure
APP01432,1/25/2026 2:43,,Abandoned,v1,Web,36:27.4,Upload failure
APP01433,1/22/2026 8:56,16:57.5,Completed,v1,Mobile,16:57.5,
APP01434,2/8/2026 6:45,46:08.1,Completed,v1,Web,46:08.1,
APP01435,3/19/2026 3:06,58:56.3,Completed,v1,Mobile,58:56.3,
APP01436,4/28/2026 23:06,56:34.8,Completed,v1,Web,56:34.8,
APP01437,1/8/2026 2:05,20:15.8,Completed,v1,Mobile,20:15.8,
APP01438,3/8/2026 5:53,40:55.8,Completed,v1,Mobile,40:55.8,
APP01439,2/22/2026 9:52,,Abandoned,v1,Mobile,22:46.5,Upload failure
APP01440,1/18/2026 17:21,08:40.3,Completed,v1,Web,08:40.3,
APP01441,2/15/2026 13:52,20:43.4,Completed,v1,Mobile,20:43.4,
APP01442,2/5/2026 15:39,,Abandoned,v1,Mobile,35:27.7,Upload failure
APP01443,2/27/2026 7:22,13:44.5,Completed,v1,Mobile,13:44.5,
APP01444,1/19/2026 6:35,27:01.5,Completed,v1,Mobile,27:01.5,
APP01445,4/14/2026 4:48,32:00.8,Completed,v1,Mobile,32:00.8,
APP01446,4/23/2026 7:15,,Abandoned,v1,Mobile,42:20.9,Long processing time
APP01447,1/3/2026 10:27,24:49.5,Completed,v1,Mobile,24:49.5,
APP01448,4/2/2026 9:31,03:04.6,Completed,v1,Web,03:04.6,
APP01449,3/15/2026 1:46,,Abandoned,v1,Web,05:45.1,Upload failure
APP01450,4/10/2026 16:25,39:36.9,Completed,v1,Mobile,39:36.9,
APP01451,1/27/2026 14:04,52:14.4,Completed,v1,Web,52:14.4,
APP01452,2/24/2026 9:33,,Abandoned,v1,Mobile,23:32.7,Long processing time
APP01453,4/1/2026 9:16,,Abandoned,v1,Web,36:27.2,Session timeout
APP01454,4/1/2026 17:42,18:30.5,Completed,v1,Web,18:30.5,
APP01455,2/19/2026 4:22,59:52.4,Completed,v1,Mobile,59:52.4,
APP01456,3/3/2026 1:42,30:51.3,Completed,v1,Mobile,30:51.3,
APP01457,3/19/2026 16:35,23:47.7,Completed,v1,Mobile,23:47.7,
APP01458,2/23/2026 1:42,36:29.7,Completed,v1,Web,36:29.7,
APP01459,2/10/2026 1:47,,Abandoned,v1,Mobile,20:59.2,Long processing time
APP01460,2/27/2026 15:55,22:03.4,Completed,v1,Mobile,22:03.4,
APP01461,3/27/2026 22:16,45:34.3,Completed,v1,Web,45:34.3,
APP01462,3/16/2026 21:51,16:18.4,Completed,v1,Web,16:18.4,
APP01463,4/4/2026 8:06,,Abandoned,v1,Web,36:35.9,Upload failure
APP01464,2/28/2026 8:00,00:35.4,Completed,v1,Web,00:35.4,
APP01465,1/13/2026 12:53,51:13.3,Completed,v1,Mobile,51:13.3,
APP01466,1/8/2026 20:45,14:39.7,Completed,v1,Web,14:39.7,
APP01467,2/28/2026 15:07,35:48.7,Completed,v1,Web,35:48.7,
APP01468,4/24/2026 1:49,57:00.0,Completed,v1,Web,57:00.0,
APP01469,1/31/2026 6:06,31:12.7,Completed,v1,Web,31:12.7,
APP01470,1/16/2026 5:33,,Abandoned,v1,Web,15:23.0,Unknown
APP01471,4/18/2026 6:52,34:29.9,Completed,v1,Mobile,34:29.9,
APP01472,1/7/2026 3:39,14:45.8,Completed,v1,Mobile,14:45.8,
APP01473,3/12/2026 23:01,55:49.7,Completed,v1,Mobile,55:49.7,
APP01474,1/1/2026 17:14,51:16.5,Completed,v1,Web,51:16.5,
APP01475,2/7/2026 23:31,02:10.1,Completed,v1,Web,02:10.1,
APP01476,3/11/2026 0:46,27:13.1,Completed,v1,Mobile,27:13.1,
APP01477,3/22/2026 21:57,39:37.5,Completed,v1,Web,39:37.5,
APP01478,2/23/2026 11:59,54:33.9,Completed,v1,Mobile,54:33.9,
APP01479,2/6/2026 1:08,51:35.7,Completed,v1,Mobile,51:35.7,
APP01480,2/25/2026 10:25,,Abandoned,v1,Mobile,25:05.7,Upload failure
APP01481,4/19/2026 6:50,04:29.2,Completed,v1,Mobile,04:29.2,
APP01482,2/24/2026 11:25,45:33.4,Completed,v1,Web,45:33.4,
APP01483,3/15/2026 9:13,12:12.7,Completed,v1,Mobile,12:12.7,
APP01484,1/5/2026 21:03,28:38.8,Completed,v1,Mobile,28:38.8,
APP01485,2/21/2026 18:17,56:49.9,Completed,v1,Mobile,56:49.9,
APP01486,2/27/2026 23:52,48:14.4,Completed,v1,Mobile,48:14.4,
APP01487,1/3/2026 13:29,07:59.5,Completed,v1,Web,07:59.5,
APP01488,4/21/2026 4:27,21:43.5,Completed,v1,Web,21:43.5,
APP01489,3/26/2026 20:00,38:48.1,Completed,v1,Mobile,38:48.1,
APP01490,2/22/2026 20:19,03:44.4,Completed,v1,Mobile,03:44.4,
APP01491,4/14/2026 18:01,34:50.0,Completed,v1,Mobile,34:50.0,
APP01492,3/20/2026 16:49,,Abandoned,v1,Mobile,50:27.8,Upload failure
APP01493,2/17/2026 1:15,,Abandoned,v1,Mobile,49:14.3,User left application
APP01494,2/1/2026 7:23,56:22.1,Completed,v1,Web,56:22.1,
APP01495,3/4/2026 16:50,22:41.9,Completed,v1,Mobile,22:41.9,
APP01496,1/24/2026 14:43,,Abandoned,v1,Mobile,48:00.0,Upload failure
APP01497,3/30/2026 2:49,,Abandoned,v1,Mobile,25:15.2,Long processing time
APP01498,2/9/2026 16:17,,Abandoned,v1,Mobile,51:02.6,Long processing time
APP01499,4/13/2026 14:06,48:44.8,Completed,v1,Web,48:44.8,
APP01500,4/14/2026 11:57,24:59.4,Completed,v1,Web,24:59.4,
APP01501,4/2/2026 15:40,48:07.4,Completed,v1,Web,48:07.4,
APP01502,4/26/2026 5:51,58:51.6,Completed,v1,Mobile,58:51.6,
APP01503,3/15/2026 5:30,41:46.2,Completed,v1,Web,41:46.2,
APP01504,3/8/2026 21:53,10:42.5,Completed,v1,Mobile,10:42.5,
APP01505,4/24/2026 8:56,22:41.8,Completed,v1,Web,22:41.8,
APP01506,4/2/2026 19:43,58:51.0,Completed,v1,Mobile,58:51.0,
APP01507,1/10/2026 3:36,07:17.7,Completed,v1,Web,07:17.7,
APP01508,3/15/2026 22:28,57:56.4,Completed,v1,Mobile,57:56.4,
APP01509,4/26/2026 5:52,33:58.5,Completed,v1,Mobile,33:58.5,
APP01510,2/4/2026 3:29,12:42.2,Completed,v1,Web,12:42.2,
APP01511,1/10/2026 18:31,35:36.1,Completed,v1,Mobile,35:36.1,
APP01512,4/21/2026 11:40,03:15.1,Completed,v1,Mobile,03:15.1,
APP01513,2/11/2026 21:29,03:20.8,Completed,v1,Mobile,03:20.8,
APP01514,1/18/2026 18:23,38:34.9,Completed,v1,Web,38:34.9,
APP01515,2/1/2026 18:21,56:41.9,Completed,v1,Web,56:41.9,
APP01516,3/31/2026 10:35,,Abandoned,v1,Mobile,23:48.3,Upload failure
APP01517,2/2/2026 15:40,10:34.6,Completed,v1,Web,10:34.6,
APP01518,4/10/2026 20:45,,Abandoned,v1,Mobile,36:41.0,Upload failure
APP01519,2/15/2026 13:07,,Abandoned,v1,Mobile,08:04.6,Upload failure
APP01520,1/9/2026 15:55,43:11.7,Completed,v1,Web,43:11.7,
APP01521,3/5/2026 23:23,00:00.7,Completed,v1,Web,00:00.7,
APP01522,3/21/2026 6:20,53:20.1,Completed,v1,Web,53:20.1,
APP01523,2/4/2026 19:22,49:52.7,Completed,v1,Mobile,49:52.7,
APP01524,4/9/2026 14:56,,Abandoned,v1,Mobile,26:17.3,Long processing time
APP01525,1/29/2026 18:53,,Abandoned,v1,Web,43:26.7,Long processing time
APP01526,2/21/2026 16:12,45:51.6,Completed,v1,Mobile,45:51.6,
APP01527,1/9/2026 12:29,09:26.8,Completed,v1,Web,09:26.8,
APP01528,3/20/2026 8:36,41:39.2,Completed,v1,Web,41:39.2,
APP01529,4/8/2026 6:24,,Abandoned,v1,Mobile,33:10.3,User left application
APP01530,3/25/2026 22:30,,Abandoned,v1,Mobile,14:27.8,Long processing time
APP01531,2/18/2026 16:26,,Abandoned,v1,Mobile,40:18.4,Upload failure
APP01532,2/24/2026 23:55,,Abandoned,v1,Mobile,00:00.0,Long processing time
APP01533,3/16/2026 9:03,02:44.0,Completed,v1,Mobile,02:44.0,
APP01534,2/19/2026 17:32,03:25.3,Completed,v1,Web,03:25.3,
APP01535,3/17/2026 7:18,52:57.5,Completed,v1,Mobile,52:57.5,
APP01536,2/16/2026 10:31,19:07.6,Completed,v1,Web,19:07.6,
APP01537,3/2/2026 15:02,50:04.2,Completed,v1,Mobile,50:04.2,
APP01538,4/9/2026 12:09,05:50.2,Completed,v1,Mobile,05:50.2,
APP01539,2/10/2026 10:06,,Abandoned,v1,Mobile,46:46.7,Long processing time
APP01540,1/5/2026 2:04,09:23.4,Completed,v1,Mobile,09:23.4,
APP01541,1/4/2026 17:06,,Abandoned,v1,Web,47:56.8,Long processing time
APP01542,1/2/2026 1:32,,Abandoned,v1,Web,25:45.9,User left application
APP01543,1/4/2026 6:31,15:09.2,Completed,v1,Web,15:09.2,
APP01544,2/13/2026 5:02,,Abandoned,v1,Mobile,50:15.7,Unknown
APP01545,2/27/2026 14:09,,Abandoned,v1,Web,39:27.3,Upload failure
APP01546,1/25/2026 20:03,,Abandoned,v1,Mobile,52:10.8,Long processing time
APP01547,2/4/2026 5:21,14:06.9,Completed,v1,Web,14:06.9,
APP01548,4/26/2026 14:19,47:33.1,Completed,v1,Mobile,47:33.1,
APP01549,1/6/2026 0:37,,Abandoned,v1,Mobile,54:42.9,User left application
APP01550,3/11/2026 6:27,15:12.1,Completed,v1,Web,15:12.1,
APP01551,2/22/2026 7:27,26:38.4,Completed,v1,Web,26:38.4,
APP01552,1/24/2026 8:44,40:16.7,Completed,v1,Mobile,40:16.7,
APP01553,2/8/2026 16:50,,Abandoned,v1,Mobile,28:00.6,Upload failure
APP01554,4/8/2026 12:08,48:42.8,Completed,v1,Mobile,48:42.8,
APP01555,3/14/2026 20:18,08:04.0,Completed,v1,Mobile,08:04.0,
APP01556,4/24/2026 16:06,52:44.3,Completed,v1,Mobile,52:44.3,
APP01557,3/21/2026 9:31,12:55.4,Completed,v1,Web,12:55.4,
APP01558,5/1/2026 4:43,24:04.7,Completed,v1,Mobile,24:04.7,
APP01559,4/4/2026 6:24,08:12.1,Completed,v1,Web,08:12.1,
APP01560,4/16/2026 23:54,40:40.0,Completed,v1,Web,40:40.0,
APP01561,4/11/2026 22:11,,Abandoned,v1,Mobile,45:06.4,Long processing time
APP01562,2/9/2026 3:26,12:54.8,Completed,v1,Web,12:54.8,
APP01563,4/13/2026 5:21,17:21.5,Completed,v1,Mobile,17:21.5,
APP01564,1/21/2026 21:04,,Abandoned,v1,Web,05:45.8,Unknown
APP01565,2/27/2026 12:35,,Abandoned,v1,Mobile,33:30.2,User left application
APP01566,2/18/2026 8:04,52:04.2,Completed,v1,Mobile,52:04.2,
APP01567,2/13/2026 3:50,,Abandoned,v1,Mobile,18:43.1,Upload failure
APP01568,1/14/2026 13:15,22:40.2,Completed,v1,Mobile,22:40.2,
APP01569,2/4/2026 15:36,04:44.6,Completed,v1,Mobile,04:44.6,
APP01570,1/31/2026 6:43,,Abandoned,v1,Mobile,25:44.9,Session timeout
APP01571,1/17/2026 3:47,,Abandoned,v1,Mobile,52:00.0,Long processing time
APP01572,4/25/2026 21:09,02:42.2,Completed,v1,Web,02:42.2,
APP01573,2/15/2026 12:06,06:29.5,Completed,v1,Web,06:29.5,
APP01574,4/1/2026 14:14,38:38.2,Completed,v1,Mobile,38:38.2,
APP01575,1/3/2026 2:26,59:26.4,Completed,v1,Mobile,59:26.4,
APP01576,3/14/2026 3:29,,Abandoned,v1,Mobile,34:00.0,Upload failure
APP01577,1/17/2026 11:03,25:37.7,Completed,v1,Web,25:37.7,
APP01578,2/24/2026 21:48,27:08.8,Completed,v1,Mobile,27:08.8,
APP01579,4/15/2026 18:09,40:02.8,Completed,v1,Web,40:02.8,
APP01580,2/6/2026 15:56,,Abandoned,v1,Mobile,15:44.9,User left application
APP01581,2/2/2026 13:09,,Abandoned,v1,Mobile,03:22.6,Long processing time
APP01582,1/22/2026 7:05,37:34.3,Completed,v1,Web,37:34.3,
APP01583,1/8/2026 18:46,27:54.5,Completed,v1,Web,27:54.5,
APP01584,1/19/2026 2:20,01:09.2,Completed,v1,Web,01:09.2,
APP01585,3/13/2026 23:02,,Abandoned,v1,Web,35:19.2,Upload failure
APP01586,3/23/2026 13:00,38:48.3,Completed,v1,Web,38:48.3,
APP01587,3/31/2026 0:16,,Abandoned,v1,Web,35:29.5,Long processing time
APP01588,3/28/2026 8:08,10:23.6,Completed,v1,Mobile,10:23.6,
APP01589,3/15/2026 17:23,02:25.3,Completed,v1,Mobile,02:25.3,
APP01590,4/6/2026 6:27,53:23.8,Completed,v1,Web,53:23.8,
APP01591,1/22/2026 22:50,37:56.9,Completed,v1,Mobile,37:56.9,
APP01592,3/11/2026 6:28,,Abandoned,v1,Mobile,52:26.1,Unknown
APP01593,2/21/2026 22:02,27:01.3,Completed,v1,Mobile,27:01.3,
APP01594,3/9/2026 2:52,,Abandoned,v1,Mobile,43:44.0,Long processing time
APP01595,4/5/2026 10:25,07:15.8,Completed,v1,Web,07:15.8,
APP01596,2/4/2026 18:15,09:44.0,Completed,v1,Mobile,09:44.0,
APP01597,4/28/2026 21:58,28:26.8,Completed,v1,Web,28:26.8,
APP01598,1/9/2026 13:57,35:40.9,Completed,v1,Web,35:40.9,
APP01599,2/11/2026 9:35,,Abandoned,v1,Web,56:59.2,Upload failure
APP01600,3/30/2026 12:22,51:42.2,Completed,v1,Mobile,51:42.2,
APP01601,1/19/2026 9:40,10:07.2,Completed,v1,Mobile,10:07.2,
APP01602,1/9/2026 20:51,,Abandoned,v1,Mobile,14:43.9,User left application
APP01603,1/21/2026 12:56,,Abandoned,v1,Web,38:02.8,Upload failure
APP01604,2/17/2026 7:22,24:52.2,Completed,v1,Mobile,24:52.2,
APP01605,4/10/2026 5:17,52:32.8,Completed,v1,Web,52:32.8,
APP01606,1/11/2026 2:02,56:59.6,Completed,v1,Web,56:59.6,
APP01607,2/14/2026 12:14,43:06.2,Completed,v1,Mobile,43:06.2,
APP01608,2/4/2026 23:34,53:26.4,Completed,v1,Web,53:26.4,
APP01609,3/5/2026 3:31,12:24.0,Completed,v1,Mobile,12:24.0,
APP01610,1/3/2026 4:20,01:18.3,Completed,v1,Mobile,01:18.3,
APP01611,2/12/2026 13:50,,Abandoned,v1,Web,06:06.9,Upload failure
APP01612,3/21/2026 4:38,00:36.3,Completed,v1,Web,00:36.3,
APP01613,3/17/2026 3:52,14:44.1,Completed,v1,Mobile,14:44.1,
APP01614,4/19/2026 18:55,04:25.7,Completed,v1,Web,04:25.7,
APP01615,4/14/2026 22:14,07:29.9,Completed,v1,Mobile,07:29.9,
APP01616,1/22/2026 3:07,38:52.5,Completed,v1,Mobile,38:52.5,
APP01617,1/13/2026 21:17,06:54.0,Completed,v1,Web,06:54.0,
APP01618,4/18/2026 9:04,,Abandoned,v1,Mobile,10:29.7,User left application
APP01619,3/12/2026 11:25,,Abandoned,v1,Mobile,43:32.2,User left application
APP01620,4/19/2026 9:57,19:35.6,Completed,v1,Web,19:35.6,
APP01621,3/22/2026 3:31,07:30.1,Completed,v1,Web,07:30.1,
APP01622,3/6/2026 16:34,33:59.8,Completed,v1,Web,33:59.8,
APP01623,4/18/2026 1:45,,Abandoned,v1,Web,02:05.1,User left application
APP01624,3/8/2026 9:24,13:50.8,Completed,v1,Mobile,13:50.8,
APP01625,1/16/2026 21:02,46:31.6,Completed,v1,Web,46:31.6,
APP01626,1/13/2026 3:13,52:00.1,Completed,v1,Mobile,52:00.1,
APP01627,4/4/2026 6:56,52:57.3,Completed,v1,Web,52:57.3,
APP01628,4/17/2026 2:54,41:07.5,Completed,v1,Web,41:07.5,
APP01629,1/17/2026 16:26,,Abandoned,v1,Web,53:20.3,Long processing time
APP01630,3/24/2026 0:46,38:07.5,Completed,v1,Web,38:07.5,
APP01631,1/21/2026 12:15,53:32.5,Completed,v1,Web,53:32.5,
APP01632,2/16/2026 0:34,,Abandoned,v1,Web,17:23.4,User left application
APP01633,1/1/2026 16:27,,Abandoned,v1,Mobile,30:01.0,Upload failure
APP01634,1/23/2026 7:26,06:17.1,Completed,v1,Web,06:17.1,
APP01635,2/10/2026 7:12,34:33.6,Completed,v1,Web,34:33.6,
APP01636,4/1/2026 16:18,33:01.0,Completed,v1,Mobile,33:01.0,
APP01637,3/24/2026 2:42,,Abandoned,v1,Mobile,47:00.0,Upload failure
APP01638,1/10/2026 22:27,37:03.9,Completed,v1,Mobile,37:03.9,
APP01639,4/11/2026 6:40,,Abandoned,v1,Mobile,13:49.6,Upload failure
APP01640,3/31/2026 21:16,16:24.8,Completed,v1,Mobile,16:24.8,
APP01641,3/25/2026 5:13,25:13.1,Completed,v1,Mobile,25:13.1,
APP01642,3/27/2026 6:32,,Abandoned,v1,Mobile,28:35.5,Upload failure
APP01643,1/16/2026 23:25,41:30.7,Completed,v1,Mobile,41:30.7,
APP01644,4/15/2026 6:14,,Abandoned,v1,Web,19:23.7,Upload failure
APP01645,4/2/2026 8:42,21:14.4,Completed,v1,Mobile,21:14.4,
APP01646,4/9/2026 17:34,,Abandoned,v1,Mobile,08:08.9,User left application
APP01647,3/15/2026 1:35,12:46.2,Completed,v1,Mobile,12:46.2,
APP01648,4/20/2026 4:54,34:28.3,Completed,v1,Mobile,34:28.3,
APP01649,3/16/2026 4:35,25:22.0,Completed,v1,Web,25:22.0,
APP01650,3/3/2026 9:13,55:27.1,Completed,v1,Web,55:27.1,
APP01651,4/4/2026 18:20,35:40.0,Completed,v1,Mobile,35:40.0,
APP01652,1/10/2026 7:06,,Abandoned,v1,Mobile,56:59.6,Long processing time
APP01653,2/10/2026 10:33,00:59.9,Completed,v1,Mobile,00:59.9,
APP01654,2/12/2026 10:06,12:31.3,Completed,v1,Web,12:31.3,
APP01655,3/1/2026 20:49,59:58.8,Completed,v1,Mobile,59:58.8,
APP01656,1/20/2026 8:13,,Abandoned,v1,Mobile,15:44.7,Long processing time
APP01657,4/10/2026 2:09,44:38.8,Completed,v1,Mobile,44:38.8,
APP01658,2/10/2026 6:39,,Abandoned,v1,Mobile,07:25.7,Upload failure
APP01659,1/10/2026 9:26,52:04.9,Completed,v1,Mobile,52:04.9,
APP01660,1/25/2026 3:30,18:53.5,Completed,v1,Mobile,18:53.5,
APP01661,3/26/2026 19:53,01:00.0,Completed,v1,Web,01:00.0,
APP01662,4/24/2026 7:04,,Abandoned,v1,Web,09:00.0,User left application
APP01663,4/26/2026 15:59,57:34.9,Completed,v1,Mobile,57:34.9,
APP01664,1/31/2026 11:38,32:45.4,Completed,v1,Web,32:45.4,
APP01665,2/26/2026 18:09,54:07.5,Completed,v1,Mobile,54:07.5,
APP01666,3/14/2026 12:43,43:21.5,Completed,v1,Web,43:21.5,
APP01667,2/26/2026 13:52,55:55.9,Completed,v1,Web,55:55.9,
APP01668,3/28/2026 4:46,58:15.9,Completed,v1,Web,58:15.9,
APP01669,1/10/2026 13:02,02:09.2,Completed,v1,Mobile,02:09.2,
APP01670,1/21/2026 4:58,,Abandoned,v1,Mobile,43:40.2,Upload failure
APP01671,1/27/2026 1:26,,Abandoned,v1,Mobile,31:00.0,Upload failure
APP01672,1/28/2026 3:40,19:55.4,Completed,v1,Mobile,19:55.4,
APP01673,3/31/2026 7:57,57:22.6,Completed,v1,Mobile,57:22.6,
APP01674,4/12/2026 11:09,37:26.1,Completed,v1,Web,37:26.1,
APP01675,3/26/2026 6:49,09:34.8,Completed,v1,Mobile,09:34.8,
APP01676,4/4/2026 14:11,23:50.3,Completed,v1,Mobile,23:50.3,
APP01677,3/26/2026 16:18,,Abandoned,v1,Mobile,25:02.4,Unknown
APP01678,1/17/2026 22:30,31:15.6,Completed,v1,Web,31:15.6,
APP01679,4/3/2026 8:32,,Abandoned,v1,Mobile,56:46.2,Upload failure
APP01680,1/17/2026 8:59,43:43.8,Completed,v1,Mobile,43:43.8,
APP01681,3/19/2026 20:06,,Abandoned,v1,Web,11:00.0,Session timeout
APP01682,4/7/2026 2:03,44:06.3,Completed,v1,Mobile,44:06.3,
APP01683,4/9/2026 23:15,45:21.1,Completed,v1,Web,45:21.1,
APP01684,2/6/2026 14:44,,Abandoned,v1,Web,18:33.8,Upload failure
APP01685,1/15/2026 0:26,14:16.3,Completed,v1,Mobile,14:16.3,
APP01686,4/30/2026 10:16,01:17.1,Completed,v1,Mobile,01:17.1,
APP01687,3/10/2026 11:10,29:41.6,Completed,v1,Mobile,29:41.6,
APP01688,2/17/2026 14:03,40:01.5,Completed,v1,Web,40:01.5,
APP01689,4/18/2026 9:25,58:00.1,Completed,v1,Web,58:00.1,
APP01690,1/5/2026 19:21,10:27.8,Completed,v1,Web,10:27.8,
APP01691,1/30/2026 0:13,48:23.4,Completed,v1,Mobile,48:23.4,
APP01692,2/25/2026 0:31,20:00.9,Completed,v1,Mobile,20:00.9,
APP01693,2/20/2026 22:17,01:20.4,Completed,v1,Mobile,01:20.4,
APP01694,3/22/2026 12:00,50:07.4,Completed,v1,Mobile,50:07.4,
APP01695,1/28/2026 4:14,,Abandoned,v1,Web,37:13.5,Upload failure
APP01696,1/30/2026 5:04,,Abandoned,v1,Web,42:02.8,Upload failure
APP01697,3/30/2026 20:12,,Abandoned,v1,Mobile,04:31.7,User left application
APP01698,3/6/2026 14:04,,Abandoned,v1,Mobile,09:28.0,User left application
APP01699,1/2/2026 22:25,14:40.5,Completed,v1,Mobile,14:40.5,
APP01700,3/22/2026 5:50,47:23.7,Completed,v1,Web,47:23.7,
APP01701,3/10/2026 19:24,22:08.7,Completed,v1,Mobile,22:08.7,
APP01702,1/6/2026 11:02,20:43.6,Completed,v1,Mobile,20:43.6,
APP01703,2/26/2026 6:46,27:39.5,Completed,v1,Web,27:39.5,
APP01704,4/20/2026 6:52,,Abandoned,v1,Web,49:59.0,Long processing time
APP01705,3/3/2026 6:24,58:31.4,Completed,v1,Web,58:31.4,
APP01706,2/24/2026 23:46,01:36.9,Completed,v1,Mobile,01:36.9,
APP01707,4/29/2026 4:00,,Abandoned,v1,Web,14:21.4,Long processing time
APP01708,4/13/2026 19:56,40:50.4,Completed,v1,Web,40:50.4,
APP01709,3/7/2026 4:53,26:58.0,Completed,v1,Web,26:58.0,
APP01710,1/15/2026 18:59,,Abandoned,v1,Web,56:09.9,Upload failure
APP01711,3/4/2026 8:16,57:02.5,Completed,v1,Web,57:02.5,
APP01712,4/18/2026 12:39,,Abandoned,v1,Web,20:21.8,Upload failure
APP01713,3/10/2026 11:56,51:15.6,Completed,v1,Mobile,51:15.6,
APP01714,4/22/2026 4:34,11:58.8,Completed,v1,Mobile,11:58.8,
APP01715,2/14/2026 10:45,,Abandoned,v1,Web,30:31.3,Long processing time
APP01716,4/16/2026 12:46,35:16.4,Completed,v1,Mobile,35:16.4,
APP01717,4/1/2026 9:59,,Abandoned,v1,Mobile,21:55.9,User left application
APP01718,4/4/2026 20:14,23:29.4,Completed,v1,Mobile,23:29.4,
APP01719,2/22/2026 12:51,44:28.0,Completed,v1,Mobile,44:28.0,
APP01720,3/2/2026 14:08,53:15.2,Completed,v1,Web,53:15.2,
APP01721,4/23/2026 16:41,28:01.4,Completed,v1,Mobile,28:01.4,
APP01722,1/17/2026 10:24,13:13.8,Completed,v1,Web,13:13.8,
APP01723,4/22/2026 6:11,36:22.1,Completed,v1,Mobile,36:22.1,
APP01724,2/18/2026 12:05,31:41.1,Completed,v1,Mobile,31:41.1,
APP01725,2/10/2026 8:10,54:45.1,Completed,v1,Mobile,54:45.1,
APP01726,4/21/2026 13:31,,Abandoned,v1,Mobile,00:07.1,Unknown
APP01727,3/20/2026 19:08,32:03.3,Completed,v1,Web,32:03.3,
APP01728,2/13/2026 6:16,07:46.6,Completed,v1,Mobile,07:46.6,
APP01729,4/24/2026 10:04,,Abandoned,v1,Mobile,09:00.0,Long processing time
APP01730,1/12/2026 19:47,42:29.6,Completed,v1,Mobile,42:29.6,
APP01731,1/7/2026 11:05,13:00.0,Completed,v1,Mobile,13:00.0,
APP01732,1/15/2026 7:27,59:08.7,Completed,v1,Web,59:08.7,
APP01733,1/4/2026 1:32,59:24.8,Completed,v1,Mobile,59:24.8,
APP01734,3/18/2026 22:26,,Abandoned,v1,Mobile,24:50.0,Upload failure
APP01735,4/17/2026 7:35,,Abandoned,v1,Mobile,07:39.2,Upload failure
APP01736,4/27/2026 8:13,42:13.8,Completed,v1,Mobile,42:13.8,
APP01737,2/27/2026 20:44,,Abandoned,v1,Mobile,26:45.0,Long processing time
APP01738,2/1/2026 16:10,51:11.5,Completed,v1,Web,51:11.5,
APP01739,2/26/2026 0:15,47:58.1,Completed,v1,Web,47:58.1,
APP01740,1/1/2026 9:12,41:59.6,Completed,v1,Web,41:59.6,
APP01741,3/3/2026 9:09,02:16.2,Completed,v1,Mobile,02:16.2,
APP01742,1/30/2026 17:32,11:25.1,Completed,v1,Mobile,11:25.1,
APP01743,2/5/2026 14:08,16:01.1,Completed,v1,Web,16:01.1,
APP01744,2/1/2026 22:45,21:58.6,Completed,v1,Web,21:58.6,
APP01745,3/25/2026 6:52,59:48.9,Completed,v1,Mobile,59:48.9,
APP01746,1/24/2026 1:12,57:36.1,Completed,v1,Web,57:36.1,
APP01747,3/30/2026 3:11,,Abandoned,v1,Web,16:00.0,Upload failure
APP01748,2/9/2026 11:54,13:15.1,Completed,v1,Web,13:15.1,
APP01749,4/12/2026 13:37,30:16.4,Completed,v1,Mobile,30:16.4,
APP01750,2/21/2026 0:50,18:07.1,Completed,v1,Mobile,18:07.1,
APP01751,1/2/2026 0:38,37:01.9,Completed,v1,Web,37:01.9,
APP01752,3/9/2026 18:07,21:40.2,Completed,v1,Web,21:40.2,
APP01753,4/27/2026 16:51,11:37.0,Completed,v1,Mobile,11:37.0,
APP01754,2/11/2026 19:36,07:42.0,Completed,v1,Mobile,07:42.0,
APP01755,1/28/2026 8:17,,Abandoned,v1,Mobile,23:23.3,Long processing time
APP01756,4/30/2026 4:59,36:10.4,Completed,v1,Mobile,36:10.4,
APP01757,2/16/2026 20:23,52:05.0,Completed,v1,Mobile,52:05.0,
APP01758,4/8/2026 16:46,27:00.6,Completed,v1,Web,27:00.6,
APP01759,4/5/2026 2:49,,Abandoned,v1,Web,21:48.3,Unknown
APP01760,3/15/2026 15:31,26:17.4,Completed,v1,Mobile,26:17.4,
APP01761,2/27/2026 2:59,21:50.8,Completed,v1,Mobile,21:50.8,
APP01762,4/5/2026 22:04,56:18.7,Completed,v1,Web,56:18.7,
APP01763,4/12/2026 13:34,33:37.1,Completed,v1,Mobile,33:37.1,
APP01764,3/23/2026 14:46,,Abandoned,v1,Mobile,23:06.6,Unknown
APP01765,2/11/2026 17:48,56:17.1,Completed,v1,Web,56:17.1,
APP01766,2/16/2026 4:07,00:30.5,Completed,v1,Mobile,00:30.5,
APP01767,3/7/2026 2:45,05:41.1,Completed,v1,Mobile,05:41.1,
APP01768,2/22/2026 16:42,25:16.3,Completed,v1,Web,25:16.3,
APP01769,4/13/2026 19:09,23:49.7,Completed,v1,Mobile,23:49.7,
APP01770,2/28/2026 14:21,,Abandoned,v1,Mobile,26:00.0,Long processing time
APP01771,4/9/2026 17:28,48:02.4,Completed,v1,Web,48:02.4,
APP01772,1/28/2026 9:52,02:59.6,Completed,v1,Mobile,02:59.6,
APP01773,4/27/2026 5:10,46:38.4,Completed,v1,Web,46:38.4,
APP01774,3/19/2026 3:24,22:16.3,Completed,v1,Web,22:16.3,
APP01775,3/18/2026 2:38,19:17.7,Completed,v1,Web,19:17.7,
APP01776,4/26/2026 22:56,29:02.5,Completed,v1,Web,29:02.5,
APP01777,2/5/2026 17:40,,Abandoned,v1,Mobile,08:45.3,Long processing time
APP01778,4/20/2026 20:34,04:27.8,Completed,v1,Mobile,04:27.8,
APP01779,2/24/2026 6:24,54:46.8,Completed,v1,Web,54:46.8,
APP01780,1/17/2026 22:36,,Abandoned,v1,Mobile,43:43.6,Upload failure
APP01781,2/26/2026 17:19,32:58.5,Completed,v1,Web,32:58.5,
APP01782,1/5/2026 19:31,08:46.2,Completed,v1,Mobile,08:46.2,
APP01783,2/17/2026 14:54,43:51.4,Completed,v1,Mobile,43:51.4,
APP01784,3/29/2026 14:11,49:37.6,Completed,v1,Web,49:37.6,
APP01785,4/2/2026 3:52,10:28.6,Completed,v1,Mobile,10:28.6,
APP01786,2/17/2026 1:53,18:03.7,Completed,v1,Web,18:03.7,
APP01787,2/14/2026 22:16,,Abandoned,v1,Mobile,23:29.6,Upload failure
APP01788,4/18/2026 5:26,,Abandoned,v1,Web,59:08.5,Upload failure
APP01789,2/8/2026 6:29,00:09.6,Completed,v1,Web,00:09.6,
APP01790,4/7/2026 20:56,27:44.0,Completed,v1,Web,27:44.0,
APP01791,4/12/2026 10:05,15:13.0,Completed,v1,Web,15:13.0,
APP01792,1/11/2026 23:56,,Abandoned,v1,Mobile,22:54.7,Long processing time
APP01793,1/6/2026 7:19,50:48.9,Completed,v1,Web,50:48.9,
APP01794,4/25/2026 13:51,58:49.7,Completed,v1,Mobile,58:49.7,
APP01795,3/19/2026 8:17,57:55.9,Completed,v1,Mobile,57:55.9,
APP01796,3/14/2026 8:56,08:26.8,Completed,v1,Web,08:26.8,
APP01797,4/13/2026 7:37,22:54.5,Completed,v1,Mobile,22:54.5,
APP01798,4/12/2026 22:02,31:42.9,Completed,v1,Mobile,31:42.9,
APP01799,2/26/2026 3:56,,Abandoned,v1,Mobile,30:43.7,Upload failure
APP01800,2/26/2026 16:07,42:54.1,Completed,v1,Mobile,42:54.1,
APP01801,3/5/2026 14:12,,Abandoned,v1,Web,47:19.2,Upload failure
APP01802,4/16/2026 2:19,58:15.3,Completed,v1,Mobile,58:15.3,
APP01803,2/20/2026 16:54,44:31.0,Completed,v1,Web,44:31.0,
APP01804,3/29/2026 13:54,,Abandoned,v1,Web,25:13.3,Unknown
APP01805,4/5/2026 3:13,39:13.6,Completed,v1,Mobile,39:13.6,
APP01806,2/3/2026 3:59,04:50.8,Completed,v1,Web,04:50.8,
APP01807,1/17/2026 16:17,57:59.5,Completed,v1,Mobile,57:59.5,
APP01808,3/19/2026 1:29,58:36.6,Completed,v1,Web,58:36.6,
APP01809,2/16/2026 9:29,,Abandoned,v1,Mobile,00:33.4,Upload failure
APP01810,3/8/2026 17:47,,Abandoned,v1,Mobile,40:52.7,Long processing time
APP01811,3/19/2026 10:40,21:52.0,Completed,v1,Mobile,21:52.0,
APP01812,1/25/2026 20:53,23:54.3,Completed,v1,Mobile,23:54.3,
APP01813,2/14/2026 3:50,,Abandoned,v1,Web,39:10.5,Upload failure
APP01814,3/21/2026 8:41,22:31.2,Completed,v1,Web,22:31.2,
APP01815,2/17/2026 13:16,58:09.9,Completed,v1,Web,58:09.9,
APP01816,1/25/2026 12:43,53:56.0,Completed,v1,Mobile,53:56.0,
APP01817,2/25/2026 13:06,26:56.0,Completed,v1,Web,26:56.0,
APP01818,4/6/2026 12:24,24:10.4,Completed,v1,Web,24:10.4,
APP01819,1/11/2026 5:03,09:49.1,Completed,v1,Mobile,09:49.1,
APP01820,3/5/2026 6:56,30:04.6,Completed,v1,Web,30:04.6,
APP01821,2/20/2026 21:57,,Abandoned,v1,Mobile,45:22.0,Session timeout
APP01822,1/3/2026 11:51,36:30.7,Completed,v1,Web,36:30.7,
APP01823,2/8/2026 13:31,,Abandoned,v1,Mobile,42:42.7,Upload failure
APP01824,1/25/2026 16:19,08:38.0,Completed,v1,Mobile,08:38.0,
APP01825,2/1/2026 11:43,06:38.9,Completed,v1,Web,06:38.9,
APP01826,1/10/2026 22:49,29:44.0,Completed,v1,Mobile,29:44.0,
APP01827,3/13/2026 10:16,06:35.3,Completed,v1,Mobile,06:35.3,
APP01828,2/23/2026 7:52,32:05.6,Completed,v1,Web,32:05.6,
APP01829,4/15/2026 21:49,57:00.0,Completed,v1,Mobile,57:00.0,
APP01830,4/13/2026 20:28,,Abandoned,v1,Web,14:26.9,Long processing time
APP01831,1/3/2026 12:51,52:43.5,Completed,v1,Mobile,52:43.5,
APP01832,1/19/2026 16:59,,Abandoned,v1,Web,15:50.7,Upload failure
APP01833,4/22/2026 3:15,48:03.2,Completed,v1,Mobile,48:03.2,
APP01834,3/1/2026 5:35,56:58.8,Completed,v1,Web,56:58.8,
APP01835,1/12/2026 7:32,39:07.7,Completed,v1,Mobile,39:07.7,
APP01836,3/27/2026 21:04,28:43.6,Completed,v1,Web,28:43.6,
APP01837,2/13/2026 6:58,13:33.6,Completed,v1,Web,13:33.6,
APP01838,1/31/2026 6:37,39:14.2,Completed,v1,Web,39:14.2,
APP01839,3/24/2026 3:02,45:15.1,Completed,v1,Web,45:15.1,
APP01840,3/10/2026 13:05,18:10.5,Completed,v1,Mobile,18:10.5,
APP01841,1/13/2026 3:28,,Abandoned,v1,Web,21:32.4,Upload failure
APP01842,2/26/2026 3:54,,Abandoned,v1,Web,30:03.2,Long processing time
APP01843,2/25/2026 9:51,,Abandoned,v1,Web,22:34.1,Upload failure
APP01844,1/3/2026 19:09,,Abandoned,v1,Web,47:47.5,Upload failure
APP01845,1/12/2026 1:15,28:27.6,Completed,v1,Web,28:27.6,
APP01846,1/2/2026 19:16,04:04.2,Completed,v1,Mobile,04:04.2,
APP01847,2/2/2026 1:35,,Abandoned,v1,Mobile,04:07.0,Long processing time
APP01848,3/11/2026 20:16,,Abandoned,v1,Mobile,33:54.6,Upload failure
APP01849,4/17/2026 23:50,,Abandoned,v1,Web,19:18.1,Long processing time
APP01850,3/11/2026 9:01,,Abandoned,v1,Mobile,42:39.6,Upload failure
APP01851,3/18/2026 18:00,06:53.8,Completed,v1,Mobile,06:53.8,
APP01852,3/30/2026 3:08,,Abandoned,v1,Mobile,56:41.1,Upload failure
APP01853,4/19/2026 17:38,49:32.6,Completed,v1,Mobile,49:32.6,
APP01854,1/27/2026 16:24,57:37.5,Completed,v1,Mobile,57:37.5,
APP01855,2/21/2026 5:20,,Abandoned,v1,Mobile,35:09.5,Upload failure
APP01856,4/30/2026 10:03,18:55.6,Completed,v1,Mobile,18:55.6,
APP01857,1/5/2026 11:23,,Abandoned,v1,Web,59:52.0,Long processing time
APP01858,3/3/2026 0:17,,Abandoned,v1,Mobile,57:28.2,Upload failure
APP01859,1/9/2026 19:29,22:38.6,Completed,v1,Mobile,22:38.6,
APP01860,4/12/2026 19:51,06:11.5,Completed,v1,Web,06:11.5,
APP01861,1/11/2026 10:43,31:44.6,Completed,v1,Mobile,31:44.6,
APP01862,4/12/2026 2:50,,Abandoned,v1,Mobile,31:42.4,User left application
APP01863,3/21/2026 18:51,51:41.3,Completed,v1,Web,51:41.3,
APP01864,1/28/2026 21:37,,Abandoned,v1,Mobile,25:26.0,Long processing time
APP01865,3/28/2026 11:35,54:53.7,Completed,v1,Web,54:53.7,
APP01866,3/11/2026 8:46,21:02.4,Completed,v1,Web,21:02.4,
APP01867,2/2/2026 10:58,08:07.8,Completed,v1,Web,08:07.8,
APP01868,3/15/2026 2:24,,Abandoned,v1,Web,51:42.3,Long processing time
APP01869,4/25/2026 0:51,,Abandoned,v1,Web,22:09.0,Upload failure
APP01870,3/14/2026 13:03,44:25.5,Completed,v1,Mobile,44:25.5,
APP01871,4/13/2026 8:50,31:13.0,Completed,v1,Web,31:13.0,
APP01872,4/14/2026 23:53,16:51.7,Completed,v1,Web,16:51.7,
APP01873,4/3/2026 21:37,14:48.2,Completed,v1,Web,14:48.2,
APP01874,2/12/2026 5:21,59:45.3,Completed,v1,Mobile,59:45.3,
APP01875,5/1/2026 3:23,19:24.6,Completed,v1,Mobile,19:24.6,
APP01876,2/2/2026 22:29,,Abandoned,v1,Mobile,31:23.4,Long processing time
APP01877,2/6/2026 21:07,,Abandoned,v1,Mobile,39:10.9,User left application
APP01878,1/2/2026 13:06,13:57.0,Completed,v1,Mobile,13:57.0,
APP01879,2/6/2026 11:55,,Abandoned,v1,Mobile,45:00.5,Unknown
APP01880,2/19/2026 18:20,,Abandoned,v1,Mobile,00:38.0,Upload failure
APP01881,1/3/2026 0:22,08:14.8,Completed,v1,Mobile,08:14.8,
APP01882,2/21/2026 16:23,25:37.3,Completed,v1,Web,25:37.3,
APP01883,3/21/2026 20:22,05:14.8,Completed,v1,Web,05:14.8,
APP01884,3/23/2026 14:29,,Abandoned,v1,Web,05:55.4,Long processing time
APP01885,4/22/2026 12:01,,Abandoned,v1,Mobile,39:59.0,Long processing time
APP01886,3/26/2026 15:03,,Abandoned,v1,Mobile,08:00.0,Long processing time
APP01887,3/30/2026 15:22,55:17.5,Completed,v1,Mobile,55:17.5,
APP01888,3/17/2026 17:18,,Abandoned,v1,Mobile,38:45.9,Upload failure
APP01889,3/12/2026 3:03,36:02.1,Completed,v1,Web,36:02.1,
APP01890,4/30/2026 0:59,28:42.8,Completed,v1,Mobile,28:42.8,
APP01891,3/7/2026 9:25,49:29.1,Completed,v1,Web,49:29.1,
APP01892,4/5/2026 21:34,44:26.2,Completed,v1,Web,44:26.2,
APP01893,3/28/2026 14:50,,Abandoned,v1,Mobile,08:35.8,User left application
APP01894,3/28/2026 5:00,,Abandoned,v1,Mobile,30:00.1,Long processing time
APP01895,3/18/2026 23:43,16:03.1,Completed,v1,Mobile,16:03.1,
APP01896,3/3/2026 12:50,38:22.1,Completed,v1,Mobile,38:22.1,
APP01897,1/13/2026 9:59,38:47.8,Completed,v1,Mobile,38:47.8,
APP01898,2/25/2026 5:08,,Abandoned,v1,Web,19:03.3,Unknown
APP01899,1/4/2026 13:55,,Abandoned,v1,Mobile,50:18.3,User left application
APP01900,4/24/2026 9:20,11:44.1,Completed,v1,Mobile,11:44.1,
APP01901,4/17/2026 5:08,56:01.1,Completed,v1,Web,56:01.1,
APP01902,4/9/2026 12:16,53:21.2,Completed,v1,Mobile,53:21.2,
APP01903,4/21/2026 2:00,18:47.8,Completed,v1,Web,18:47.8,
APP01904,1/29/2026 10:13,36:44.4,Completed,v1,Mobile,36:44.4,
APP01905,2/22/2026 10:37,29:23.9,Completed,v1,Mobile,29:23.9,
APP01906,3/6/2026 2:57,,Abandoned,v1,Mobile,22:19.9,Session timeout
APP01907,1/5/2026 22:31,,Abandoned,v1,Web,36:00.0,Upload failure
APP01908,3/17/2026 13:06,30:37.9,Completed,v1,Web,30:37.9,
APP01909,1/3/2026 21:34,17:01.9,Completed,v1,Mobile,17:01.9,
APP01910,2/15/2026 19:36,10:44.9,Completed,v1,Mobile,10:44.9,
APP01911,1/18/2026 13:21,10:23.1,Completed,v1,Mobile,10:23.1,
APP01912,4/1/2026 13:29,,Abandoned,v1,Mobile,14:49.3,User left application
APP01913,3/15/2026 19:47,09:07.2,Completed,v1,Mobile,09:07.2,
APP01914,4/28/2026 13:46,51:48.0,Completed,v1,Web,51:48.0,
APP01915,2/6/2026 22:37,28:22.2,Completed,v1,Mobile,28:22.2,
APP01916,1/8/2026 14:34,23:50.0,Completed,v1,Mobile,23:50.0,
APP01917,1/14/2026 19:50,38:39.0,Completed,v1,Mobile,38:39.0,
APP01918,3/25/2026 8:44,,Abandoned,v1,Web,34:53.5,Upload failure
APP01919,2/13/2026 17:36,,Abandoned,v1,Mobile,17:39.8,Session timeout
APP01920,4/7/2026 4:20,21:26.0,Completed,v1,Mobile,21:26.0,
APP01921,4/26/2026 12:15,54:42.2,Completed,v1,Web,54:42.2,
APP01922,3/23/2026 16:19,15:08.0,Completed,v1,Web,15:08.0,
APP01923,1/6/2026 0:40,33:31.0,Completed,v1,Mobile,33:31.0,
APP01924,2/12/2026 3:41,22:04.3,Completed,v1,Web,22:04.3,
APP01925,1/7/2026 22:57,21:41.6,Completed,v1,Mobile,21:41.6,
APP01926,3/8/2026 2:04,12:56.4,Completed,v1,Mobile,12:56.4,
APP01927,3/11/2026 14:39,38:40.0,Completed,v1,Mobile,38:40.0,
APP01928,3/20/2026 23:25,,Abandoned,v1,Web,37:12.9,Upload failure
APP01929,4/5/2026 20:14,,Abandoned,v1,Mobile,33:51.0,Long processing time
APP01930,2/9/2026 13:52,29:59.3,Completed,v1,Web,29:59.3,
APP01931,1/15/2026 2:21,57:16.3,Completed,v1,Mobile,57:16.3,
APP01932,3/9/2026 0:27,10:14.5,Completed,v1,Web,10:14.5,
APP01933,2/3/2026 6:34,27:58.1,Completed,v1,Web,27:58.1,
APP01934,4/4/2026 1:44,,Abandoned,v1,Mobile,13:11.2,Upload failure
APP01935,1/10/2026 18:02,44:18.9,Completed,v1,Mobile,44:18.9,
APP01936,2/10/2026 21:41,07:33.2,Completed,v1,Mobile,07:33.2,
APP01937,1/4/2026 8:07,35:36.4,Completed,v1,Mobile,35:36.4,
APP01938,4/27/2026 14:58,01:59.9,Completed,v1,Mobile,01:59.9,
APP01939,3/30/2026 14:06,,Abandoned,v1,Web,11:00.0,Unknown
APP01940,1/3/2026 3:07,15:00.0,Completed,v1,Web,15:00.0,
APP01941,4/6/2026 9:49,24:18.3,Completed,v1,Mobile,24:18.3,
APP01942,4/28/2026 4:25,52:25.5,Completed,v1,Mobile,52:25.5,
APP01943,3/29/2026 11:56,,Abandoned,v1,Web,01:00.0,Upload failure
APP01944,3/26/2026 14:03,42:48.1,Completed,v1,Mobile,42:48.1,
APP01945,3/12/2026 2:02,,Abandoned,v1,Mobile,47:35.9,Unknown
APP01946,1/25/2026 13:14,,Abandoned,v1,Mobile,40:01.2,Upload failure
APP01947,1/4/2026 7:47,11:37.1,Completed,v1,Mobile,11:37.1,
APP01948,2/10/2026 18:20,58:01.7,Completed,v1,Mobile,58:01.7,
APP01949,2/14/2026 19:03,37:01.7,Completed,v1,Web,37:01.7,
APP01950,1/11/2026 13:26,00:32.9,Completed,v1,Mobile,00:32.9,
APP01951,3/23/2026 0:57,06:45.6,Completed,v1,Web,06:45.6,
APP01952,3/9/2026 22:49,14:44.1,Completed,v1,Mobile,14:44.1,
APP01953,4/24/2026 8:55,49:49.3,Completed,v1,Mobile,49:49.3,
APP01954,1/4/2026 11:01,36:31.3,Completed,v1,Mobile,36:31.3,
APP01955,1/12/2026 13:33,,Abandoned,v1,Mobile,44:04.4,Long processing time
APP01956,4/7/2026 13:15,26:24.7,Completed,v1,Mobile,26:24.7,
APP01957,2/3/2026 14:17,49:38.2,Completed,v1,Web,49:38.2,
APP01958,3/17/2026 0:21,29:00.0,Completed,v1,Mobile,29:00.0,
APP01959,3/12/2026 12:09,23:22.1,Completed,v1,Web,23:22.1,
APP01960,1/2/2026 23:52,28:42.2,Completed,v1,Mobile,28:42.2,
APP01961,1/9/2026 23:26,,Abandoned,v1,Mobile,35:42.2,Upload failure
APP01962,2/27/2026 15:38,,Abandoned,v1,Web,51:55.4,User left application
APP01963,1/29/2026 17:13,18:41.0,Completed,v1,Web,18:41.0,
APP01964,3/14/2026 16:01,,Abandoned,v1,Web,45:30.1,Unknown
APP01965,1/12/2026 3:50,31:45.1,Completed,v1,Web,31:45.1,
APP01966,2/3/2026 23:14,53:41.8,Completed,v1,Web,53:41.8,
APP01967,1/28/2026 2:20,09:49.4,Completed,v1,Mobile,09:49.4,
APP01968,1/21/2026 14:49,,Abandoned,v1,Mobile,57:42.1,Long processing time
APP01969,4/26/2026 6:14,51:11.7,Completed,v1,Web,51:11.7,
APP01970,3/11/2026 4:50,,Abandoned,v1,Web,11:20.9,Long processing time
APP01971,4/16/2026 6:20,,Abandoned,v1,Mobile,26:01.9,User left application
APP01972,2/2/2026 19:58,40:28.6,Completed,v1,Mobile,40:28.6,
APP01973,4/13/2026 10:23,52:40.7,Completed,v1,Web,52:40.7,
APP01974,3/29/2026 3:46,52:54.6,Completed,v1,Web,52:54.6,
APP01975,4/17/2026 10:43,,Abandoned,v1,Mobile,47:43.1,Upload failure
APP01976,3/18/2026 4:02,15:48.4,Completed,v1,Mobile,15:48.4,
APP01977,2/5/2026 6:51,44:54.6,Completed,v1,Web,44:54.6,
APP01978,2/13/2026 3:33,03:25.6,Completed,v1,Mobile,03:25.6,
APP01979,4/13/2026 13:54,30:25.5,Completed,v1,Mobile,30:25.5,
APP01980,1/22/2026 2:48,54:19.3,Completed,v1,Web,54:19.3,
APP01981,2/5/2026 15:19,10:47.1,Completed,v1,Web,10:47.1,
APP01982,3/9/2026 16:18,,Abandoned,v1,Mobile,13:50.3,User left application
APP01983,1/6/2026 11:52,39:35.6,Completed,v1,Web,39:35.6,
APP01984,4/27/2026 4:52,16:48.3,Completed,v1,Mobile,16:48.3,
APP01985,1/10/2026 19:16,57:07.2,Completed,v1,Mobile,57:07.2,
APP01986,1/1/2026 22:55,,Abandoned,v1,Mobile,26:25.5,Session timeout
APP01987,1/19/2026 16:24,10:22.2,Completed,v1,Web,10:22.2,
APP01988,4/11/2026 22:20,,Abandoned,v1,Web,25:00.0,Upload failure
APP01989,3/4/2026 4:46,31:17.4,Completed,v1,Web,31:17.4,
APP01990,3/14/2026 4:09,,Abandoned,v1,Mobile,50:59.6,Session timeout
APP01991,3/11/2026 2:37,41:07.8,Completed,v1,Mobile,41:07.8,
APP01992,3/5/2026 17:28,,Abandoned,v1,Mobile,46:11.5,Upload failure
APP01993,3/3/2026 8:58,50:07.0,Completed,v1,Web,50:07.0,
APP01994,2/16/2026 2:50,,Abandoned,v1,Web,55:00.0,Long processing time
APP01995,4/22/2026 11:22,59:10.0,Completed,v1,Mobile,59:10.0,
APP01996,2/28/2026 6:11,32:19.1,Completed,v1,Web,32:19.1,
APP01997,4/8/2026 14:35,43:22.6,Completed,v1,Web,43:22.6,
APP01998,1/1/2026 10:45,26:49.6,Completed,v1,Mobile,26:49.6,
APP01999,4/8/2026 2:01,,Abandoned,v1,Mobile,29:13.0,Long processing time
APP02000,3/30/2026 22:58,42:21.0,Completed,v1,Web,42:21.0,
APP02001,4/29/2026 3:40,00:32.4,Completed,v2,Web,00:32.4,
APP02002,4/26/2026 19:33,15:36.2,Completed,v2,Mobile,15:36.2,
APP02003,3/6/2026 6:12,14:01.0,Completed,v2,Mobile,14:01.0,
APP02004,2/14/2026 15:07,,Abandoned,v2,Mobile,57:23.0,Upload failure
APP02005,2/7/2026 3:36,40:35.9,Completed,v2,Web,40:35.9,
APP02006,2/19/2026 3:06,07:25.1,Completed,v2,Mobile,07:25.1,
APP02007,4/17/2026 5:48,,Abandoned,v2,Web,15:22.0,Upload failure
APP02008,3/28/2026 16:41,,Abandoned,v2,Web,18:59.8,Upload failure
APP02009,2/18/2026 3:09,,Abandoned,v2,Mobile,43:19.8,Upload failure
APP02010,3/5/2026 21:54,,Abandoned,v2,Mobile,16:08.8,User left application
APP02011,4/2/2026 10:18,,Abandoned,v2,Web,28:11.4,Unknown
APP02012,4/8/2026 10:03,,Abandoned,v2,Mobile,59:03.4,Session timeout
APP02013,1/26/2026 21:15,27:57.6,Completed,v2,Web,27:57.6,
APP02014,2/2/2026 22:06,,Abandoned,v2,Mobile,44:09.0,Upload failure
APP02015,4/20/2026 15:22,03:07.9,Completed,v2,Web,03:07.9,
APP02016,3/23/2026 11:18,16:47.8,Completed,v2,Mobile,16:47.8,
APP02017,4/8/2026 6:41,,Abandoned,v2,Mobile,09:01.6,Session timeout
APP02018,2/1/2026 1:36,41:17.0,Completed,v2,Mobile,41:17.0,
APP02019,1/20/2026 7:34,39:02.2,Completed,v2,Web,39:02.2,
APP02020,2/10/2026 19:56,,Abandoned,v2,Web,36:29.0,Upload failure
APP02021,3/13/2026 20:35,23:42.5,Completed,v2,Web,23:42.5,
APP02022,4/18/2026 21:34,,Abandoned,v2,Mobile,36:11.8,Upload failure
APP02023,2/5/2026 8:13,,Abandoned,v2,Mobile,23:11.2,User left application
APP02024,4/25/2026 23:55,24:21.5,Completed,v2,Web,24:21.5,
APP02025,2/22/2026 12:24,22:43.0,Completed,v2,Web,22:43.0,
APP02026,2/6/2026 21:14,25:56.4,Completed,v2,Mobile,25:56.4,
APP02027,3/10/2026 7:07,36:34.2,Completed,v2,Web,36:34.2,
APP02028,1/17/2026 15:35,00:19.5,Completed,v2,Mobile,00:19.5,
APP02029,2/18/2026 10:09,,Abandoned,v2,Web,51:56.9,User left application
APP02030,1/12/2026 17:15,,Abandoned,v2,Mobile,38:30.1,Upload failure
APP02031,1/26/2026 12:14,,Abandoned,v2,Web,31:39.5,Upload failure
APP02032,3/9/2026 8:25,,Abandoned,v2,Web,59:23.1,User left application
APP02033,4/14/2026 23:45,39:50.9,Completed,v2,Web,39:50.9,
APP02034,4/25/2026 21:01,09:27.4,Completed,v2,Web,09:27.4,
APP02035,1/3/2026 20:56,38:35.5,Completed,v2,Web,38:35.5,
APP02036,4/23/2026 3:20,,Abandoned,v2,Mobile,09:27.2,User left application
APP02037,2/1/2026 14:07,,Abandoned,v2,Mobile,55:47.9,Long processing time
APP02038,3/7/2026 18:34,43:31.8,Completed,v2,Mobile,43:31.8,
APP02039,4/29/2026 0:12,10:40.5,Completed,v2,Web,10:40.5,
APP02040,4/22/2026 0:19,,Abandoned,v2,Mobile,41:53.8,Long processing time
APP02041,1/5/2026 21:22,00:43.5,Completed,v2,Mobile,00:43.5,
APP02042,2/18/2026 16:02,,Abandoned,v2,Mobile,49:08.0,Session timeout
APP02043,3/25/2026 8:08,17:48.7,Completed,v2,Mobile,17:48.7,
APP02044,3/8/2026 19:07,10:59.1,Completed,v2,Web,10:59.1,
APP02045,4/5/2026 8:03,40:58.9,Completed,v2,Web,40:58.9,
APP02046,3/25/2026 10:33,,Abandoned,v2,Mobile,53:49.1,Upload failure
APP02047,3/15/2026 16:42,41:06.8,Completed,v2,Mobile,41:06.8,
APP02048,3/7/2026 14:03,58:30.6,Completed,v2,Web,58:30.6,
APP02049,4/28/2026 19:52,,Abandoned,v2,Web,30:36.0,Session timeout
APP02050,3/14/2026 12:08,,Abandoned,v2,Web,05:32.7,User left application
APP02051,1/31/2026 14:13,08:11.7,Completed,v2,Mobile,08:11.7,
APP02052,1/26/2026 23:53,,Abandoned,v2,Mobile,02:31.4,Upload failure
APP02053,1/29/2026 18:21,51:10.4,Completed,v2,Mobile,51:10.4,
APP02054,2/8/2026 15:33,49:25.0,Completed,v2,Mobile,49:25.0,
APP02055,4/3/2026 8:32,,Abandoned,v2,Mobile,56:54.7,User left application
APP02056,3/15/2026 0:50,40:59.1,Completed,v2,Web,40:59.1,
APP02057,1/13/2026 18:04,,Abandoned,v2,Web,07:46.4,Long processing time
APP02058,2/5/2026 2:53,,Abandoned,v2,Mobile,46:17.3,Unknown
APP02059,4/12/2026 23:21,,Abandoned,v2,Mobile,08:40.9,Upload failure
APP02060,4/5/2026 17:51,,Abandoned,v2,Mobile,00:25.6,Session timeout
APP02061,3/15/2026 16:55,02:23.1,Completed,v2,Mobile,02:23.1,
APP02062,1/7/2026 4:42,41:50.3,Completed,v2,Web,41:50.3,
APP02063,4/23/2026 0:19,09:54.6,Completed,v2,Web,09:54.6,
APP02064,3/7/2026 22:27,28:19.5,Completed,v2,Mobile,28:19.5,
APP02065,3/24/2026 1:06,,Abandoned,v2,Web,50:03.9,Upload failure
APP02066,2/13/2026 6:27,08:03.4,Completed,v2,Mobile,08:03.4,
APP02067,1/11/2026 2:56,,Abandoned,v2,Web,15:47.0,Long processing time
APP02068,2/17/2026 10:09,,Abandoned,v2,Web,24:37.8,Upload failure
APP02069,4/3/2026 17:59,,Abandoned,v2,Mobile,00:53.8,Unknown
APP02070,1/17/2026 6:15,01:17.3,Completed,v2,Web,01:17.3,
APP02071,1/23/2026 17:52,30:05.6,Completed,v2,Mobile,30:05.6,
APP02072,2/14/2026 12:56,,Abandoned,v2,Mobile,28:06.5,Upload failure
APP02073,1/5/2026 6:39,,Abandoned,v2,Web,37:19.1,Session timeout
APP02074,1/10/2026 20:11,,Abandoned,v2,Mobile,04:52.2,Long processing time
APP02075,2/11/2026 5:21,10:40.0,Completed,v2,Mobile,10:40.0,
APP02076,3/6/2026 2:12,16:22.0,Completed,v2,Web,16:22.0,
APP02077,3/9/2026 8:24,06:07.4,Completed,v2,Mobile,06:07.4,
APP02078,2/3/2026 22:31,25:42.1,Completed,v2,Mobile,25:42.1,
APP02079,1/4/2026 3:27,14:26.4,Completed,v2,Web,14:26.4,
APP02080,2/25/2026 8:43,37:57.8,Completed,v2,Mobile,37:57.8,
APP02081,3/7/2026 11:33,,Abandoned,v2,Web,36:41.9,Session timeout
APP02082,2/12/2026 5:53,14:20.8,Completed,v2,Mobile,14:20.8,
APP02083,2/22/2026 4:15,,Abandoned,v2,Web,14:14.4,Upload failure
APP02084,2/13/2026 16:10,,Abandoned,v2,Web,39:58.5,Long processing time
APP02085,3/22/2026 10:54,,Abandoned,v2,Mobile,55:45.2,Upload failure
APP02086,4/19/2026 13:31,43:36.6,Completed,v2,Web,43:36.6,
APP02087,1/3/2026 11:32,31:43.8,Completed,v2,Mobile,31:43.8,
APP02088,2/11/2026 2:39,33:11.1,Completed,v2,Mobile,33:11.1,
APP02089,3/25/2026 23:59,59:16.8,Completed,v2,Web,59:16.8,
APP02090,3/11/2026 9:09,07:57.4,Completed,v2,Web,07:57.4,
APP02091,3/11/2026 1:00,,Abandoned,v2,Web,59:05.1,User left application
APP02092,2/27/2026 19:42,55:21.7,Completed,v2,Web,55:21.7,
APP02093,4/11/2026 13:31,,Abandoned,v2,Mobile,04:33.5,Long processing time
APP02094,4/5/2026 8:34,,Abandoned,v2,Mobile,15:01.3,Long processing time
APP02095,2/6/2026 3:06,51:48.5,Completed,v2,Web,51:48.5,
APP02096,3/8/2026 3:17,30:49.4,Completed,v2,Web,30:49.4,
APP02097,3/16/2026 6:32,,Abandoned,v2,Mobile,10:42.0,Long processing time
APP02098,2/15/2026 19:19,,Abandoned,v2,Mobile,00:08.0,Session timeout
APP02099,2/27/2026 18:29,33:50.5,Completed,v2,Mobile,33:50.5,
APP02100,1/5/2026 11:14,52:20.0,Completed,v2,Mobile,52:20.0,
APP02101,4/26/2026 2:19,06:59.7,Completed,v2,Web,06:59.7,
APP02102,4/19/2026 2:55,,Abandoned,v2,Web,03:00.9,Upload failure
APP02103,1/21/2026 11:49,,Abandoned,v2,Mobile,28:15.5,Session timeout
APP02104,2/8/2026 21:21,,Abandoned,v2,Mobile,26:47.3,Session timeout
APP02105,3/4/2026 19:36,,Abandoned,v2,Web,52:15.0,Upload failure
APP02106,1/26/2026 17:02,,Abandoned,v2,Mobile,04:37.1,Long processing time
APP02107,2/23/2026 19:28,,Abandoned,v2,Web,59:45.3,Session timeout
APP02108,1/26/2026 1:32,18:55.5,Completed,v2,Mobile,18:55.5,
APP02109,3/26/2026 6:18,,Abandoned,v2,Mobile,22:20.0,Upload failure
APP02110,3/1/2026 21:38,54:30.2,Completed,v2,Web,54:30.2,
APP02111,4/23/2026 7:39,,Abandoned,v2,Web,14:41.0,Upload failure
APP02112,4/11/2026 5:37,34:06.2,Completed,v2,Mobile,34:06.2,
APP02113,2/27/2026 10:17,02:20.4,Completed,v2,Mobile,02:20.4,
APP02114,2/13/2026 6:19,,Abandoned,v2,Web,36:37.6,Unknown
APP02115,3/28/2026 9:06,,Abandoned,v2,Mobile,50:12.1,Upload failure
APP02116,1/7/2026 3:17,28:51.3,Completed,v2,Mobile,28:51.3,
APP02117,3/18/2026 22:01,13:45.3,Completed,v2,Mobile,13:45.3,
APP02118,2/8/2026 0:47,32:43.9,Completed,v2,Web,32:43.9,
APP02119,4/13/2026 9:50,,Abandoned,v2,Web,30:11.8,Session timeout
APP02120,1/14/2026 22:54,48:50.5,Completed,v2,Web,48:50.5,
APP02121,2/12/2026 15:25,35:42.2,Completed,v2,Web,35:42.2,
APP02122,1/1/2026 18:01,,Abandoned,v2,Web,43:52.6,Upload failure
APP02123,2/13/2026 22:49,47:54.5,Completed,v2,Web,47:54.5,
APP02124,2/12/2026 18:00,06:19.5,Completed,v2,Mobile,06:19.5,
APP02125,2/14/2026 6:16,,Abandoned,v2,Mobile,12:25.5,Session timeout
APP02126,4/20/2026 8:00,53:07.0,Completed,v2,Web,53:07.0,
APP02127,4/12/2026 15:34,41:11.0,Completed,v2,Mobile,41:11.0,
APP02128,1/3/2026 16:18,,Abandoned,v2,Web,15:53.1,Long processing time
APP02129,1/3/2026 7:13,,Abandoned,v2,Mobile,40:35.0,Upload failure
APP02130,4/19/2026 4:57,,Abandoned,v2,Mobile,42:20.1,Long processing time
APP02131,3/10/2026 17:20,07:00.5,Completed,v2,Mobile,07:00.5,
APP02132,3/30/2026 5:17,,Abandoned,v2,Mobile,49:26.4,Session timeout
APP02133,4/1/2026 5:45,,Abandoned,v2,Web,07:45.3,User left application
APP02134,3/16/2026 21:58,43:24.2,Completed,v2,Mobile,43:24.2,
APP02135,4/4/2026 19:51,,Abandoned,v2,Web,38:41.9,User left application
APP02136,3/3/2026 19:56,19:22.6,Completed,v2,Mobile,19:22.6,
APP02137,1/5/2026 15:04,49:28.3,Completed,v2,Mobile,49:28.3,
APP02138,2/25/2026 18:51,,Abandoned,v2,Mobile,42:04.0,Session timeout
APP02139,4/19/2026 8:42,04:35.3,Completed,v2,Mobile,04:35.3,
APP02140,1/22/2026 0:24,35:55.9,Completed,v2,Mobile,35:55.9,
APP02141,3/16/2026 0:48,,Abandoned,v2,Web,44:08.6,Long processing time
APP02142,3/3/2026 5:36,,Abandoned,v2,Mobile,33:57.0,Unknown
APP02143,1/31/2026 17:01,53:58.8,Completed,v2,Web,53:58.8,
APP02144,4/28/2026 11:14,35:46.1,Completed,v2,Mobile,35:46.1,
APP02145,2/8/2026 7:30,,Abandoned,v2,Mobile,34:15.4,Upload failure
APP02146,4/17/2026 10:31,,Abandoned,v2,Mobile,39:44.2,User left application
APP02147,3/7/2026 23:41,,Abandoned,v2,Mobile,31:54.0,Upload failure
APP02148,2/8/2026 22:05,37:02.7,Completed,v2,Web,37:02.7,
APP02149,1/11/2026 19:12,,Abandoned,v2,Mobile,51:08.3,Session timeout
APP02150,2/5/2026 19:48,,Abandoned,v2,Web,04:48.7,Long processing time
APP02151,1/17/2026 0:31,10:34.0,Completed,v2,Web,10:34.0,
APP02152,4/25/2026 7:46,,Abandoned,v2,Mobile,38:50.3,Upload failure
APP02153,3/28/2026 1:44,46:14.1,Completed,v2,Mobile,46:14.1,
APP02154,1/3/2026 12:13,,Abandoned,v2,Mobile,52:43.0,Upload failure
APP02155,1/4/2026 10:13,,Abandoned,v2,Mobile,38:22.4,Long processing time
APP02156,1/18/2026 19:40,37:37.8,Completed,v2,Mobile,37:37.8,
APP02157,1/3/2026 21:54,,Abandoned,v2,Web,53:49.1,Upload failure
APP02158,4/8/2026 16:12,,Abandoned,v2,Mobile,57:35.1,Session timeout
APP02159,1/5/2026 15:03,,Abandoned,v2,Web,53:26.3,Session timeout
APP02160,5/1/2026 2:40,,Abandoned,v2,Web,09:43.5,Upload failure
APP02161,1/18/2026 2:38,43:12.4,Completed,v2,Web,43:12.4,
APP02162,1/9/2026 3:43,,Abandoned,v2,Web,47:51.1,Session timeout
APP02163,2/3/2026 11:53,,Abandoned,v2,Mobile,33:36.7,Upload failure
APP02164,2/18/2026 17:20,,Abandoned,v2,Web,30:03.3,Upload failure
APP02165,2/9/2026 3:40,43:46.9,Completed,v2,Mobile,43:46.9,
APP02166,3/31/2026 8:38,26:12.9,Completed,v2,Mobile,26:12.9,
APP02167,4/26/2026 1:02,,Abandoned,v2,Web,54:48.6,Long processing time
APP02168,1/7/2026 4:55,,Abandoned,v2,Web,14:56.9,Unknown
APP02169,3/27/2026 9:57,41:18.5,Completed,v2,Mobile,41:18.5,
APP02170,1/1/2026 15:25,21:46.4,Completed,v2,Web,21:46.4,
APP02171,1/7/2026 19:06,,Abandoned,v2,Web,48:07.8,Long processing time
APP02172,2/9/2026 14:12,11:31.9,Completed,v2,Mobile,11:31.9,
APP02173,4/27/2026 21:32,,Abandoned,v2,Mobile,55:07.4,Upload failure
APP02174,3/26/2026 8:44,59:26.1,Completed,v2,Mobile,59:26.1,
APP02175,1/25/2026 13:27,,Abandoned,v2,Web,29:31.7,Long processing time
APP02176,4/6/2026 12:59,20:35.4,Completed,v2,Web,20:35.4,
APP02177,3/25/2026 18:55,19:01.2,Completed,v2,Web,19:01.2,
APP02178,4/23/2026 13:22,21:59.9,Completed,v2,Web,21:59.9,
APP02179,3/6/2026 3:48,55:24.7,Completed,v2,Mobile,55:24.7,
APP02180,4/30/2026 8:45,43:38.2,Completed,v2,Mobile,43:38.2,
APP02181,3/9/2026 13:49,,Abandoned,v2,Mobile,18:46.1,Upload failure
APP02182,4/26/2026 23:20,,Abandoned,v2,Web,45:10.4,Long processing time
APP02183,4/6/2026 9:58,,Abandoned,v2,Web,17:11.3,Upload failure
APP02184,1/4/2026 4:33,26:07.4,Completed,v2,Web,26:07.4,
APP02185,1/11/2026 7:16,06:22.6,Completed,v2,Mobile,06:22.6,
APP02186,2/21/2026 4:30,,Abandoned,v2,Mobile,10:01.5,Upload failure
APP02187,1/26/2026 20:11,17:48.9,Completed,v2,Web,17:48.9,
APP02188,1/14/2026 16:47,,Abandoned,v2,Mobile,39:20.2,Long processing time
APP02189,4/3/2026 17:43,20:57.2,Completed,v2,Mobile,20:57.2,
APP02190,3/3/2026 11:17,,Abandoned,v2,Mobile,20:37.4,Upload failure
APP02191,3/29/2026 17:50,44:38.5,Completed,v2,Web,44:38.5,
APP02192,2/21/2026 10:51,,Abandoned,v2,Mobile,20:22.5,Long processing time
APP02193,2/25/2026 4:14,40:50.3,Completed,v2,Web,40:50.3,
APP02194,2/22/2026 20:50,41:52.0,Completed,v2,Mobile,41:52.0,
APP02195,4/19/2026 13:01,47:24.2,Completed,v2,Mobile,47:24.2,
APP02196,1/15/2026 11:28,,Abandoned,v2,Mobile,11:15.6,Upload failure
APP02197,3/16/2026 17:48,,Abandoned,v2,Mobile,38:29.4,Upload failure
APP02198,1/30/2026 5:51,57:24.7,Completed,v2,Web,57:24.7,
APP02199,3/7/2026 14:35,49:03.0,Completed,v2,Mobile,49:03.0,
APP02200,3/3/2026 6:08,,Abandoned,v2,Web,33:36.5,User left application
APP02201,4/14/2026 8:23,15:14.8,Completed,v2,Mobile,15:14.8,
APP02202,3/19/2026 16:29,23:07.5,Completed,v2,Web,23:07.5,
APP02203,4/21/2026 23:45,,Abandoned,v2,Web,05:19.1,Upload failure
APP02204,2/21/2026 6:31,43:15.7,Completed,v2,Mobile,43:15.7,
APP02205,3/30/2026 13:44,42:55.0,Completed,v2,Mobile,42:55.0,
APP02206,4/24/2026 9:09,32:30.6,Completed,v2,Web,32:30.6,
APP02207,2/1/2026 17:40,,Abandoned,v2,Mobile,48:20.5,Upload failure
APP02208,4/28/2026 15:54,48:40.4,Completed,v2,Mobile,48:40.4,
APP02209,4/16/2026 19:51,24:37.3,Completed,v2,Web,24:37.3,
APP02210,2/21/2026 15:30,,Abandoned,v2,Mobile,27:22.1,Upload failure
APP02211,2/20/2026 7:04,05:46.8,Completed,v2,Mobile,05:46.8,
APP02212,3/2/2026 22:09,,Abandoned,v2,Web,22:30.4,User left application
APP02213,4/29/2026 10:55,,Abandoned,v2,Mobile,49:51.5,Long processing time
APP02214,1/30/2026 0:26,25:19.5,Completed,v2,Mobile,25:19.5,
APP02215,1/8/2026 1:43,,Abandoned,v2,Web,36:22.3,Session timeout
APP02216,1/30/2026 12:28,21:36.1,Completed,v2,Mobile,21:36.1,
APP02217,3/25/2026 22:59,14:18.8,Completed,v2,Mobile,14:18.8,
APP02218,2/28/2026 8:11,24:58.0,Completed,v2,Web,24:58.0,
APP02219,4/6/2026 5:22,,Abandoned,v2,Mobile,00:21.7,Long processing time
APP02220,1/17/2026 6:52,,Abandoned,v2,Mobile,13:15.6,User left application
APP02221,2/11/2026 17:51,,Abandoned,v2,Web,09:06.6,Unknown
APP02222,3/21/2026 10:51,08:21.7,Completed,v2,Web,08:21.7,
APP02223,3/10/2026 16:10,05:26.2,Completed,v2,Mobile,05:26.2,
APP02224,4/29/2026 21:04,,Abandoned,v2,Mobile,16:11.3,Long processing time
APP02225,2/24/2026 0:01,22:36.7,Completed,v2,Web,22:36.7,
APP02226,3/24/2026 15:38,37:45.5,Completed,v2,Web,37:45.5,
APP02227,2/10/2026 19:31,32:41.1,Completed,v2,Web,32:41.1,
APP02228,3/31/2026 7:07,00:12.5,Completed,v2,Mobile,00:12.5,
APP02229,1/1/2026 16:37,,Abandoned,v2,Mobile,36:36.9,User left application
APP02230,2/3/2026 12:47,,Abandoned,v2,Mobile,29:34.3,Upload failure
APP02231,1/23/2026 14:26,25:52.5,Completed,v2,Web,25:52.5,
APP02232,3/12/2026 1:58,34:17.0,Completed,v2,Web,34:17.0,
APP02233,1/6/2026 22:12,,Abandoned,v2,Web,54:53.2,Upload failure
APP02234,3/31/2026 6:38,31:34.1,Completed,v2,Mobile,31:34.1,
APP02235,2/7/2026 14:01,56:33.2,Completed,v2,Mobile,56:33.2,
APP02236,1/3/2026 9:48,58:30.9,Completed,v2,Web,58:30.9,
APP02237,4/12/2026 20:03,,Abandoned,v2,Mobile,27:36.7,Long processing time
APP02238,1/11/2026 8:29,,Abandoned,v2,Web,29:07.9,Session timeout
APP02239,1/16/2026 12:44,27:47.3,Completed,v2,Web,27:47.3,
APP02240,2/3/2026 3:17,34:10.9,Completed,v2,Web,34:10.9,
APP02241,2/13/2026 20:57,,Abandoned,v2,Mobile,05:04.2,Upload failure
APP02242,1/27/2026 15:42,,Abandoned,v2,Mobile,48:34.6,Upload failure
APP02243,4/20/2026 10:07,,Abandoned,v2,Mobile,37:07.4,Upload failure
APP02244,2/16/2026 8:20,,Abandoned,v2,Mobile,56:54.2,Long processing time
APP02245,3/26/2026 15:21,,Abandoned,v2,Mobile,01:59.0,Upload failure
APP02246,3/17/2026 4:03,25:54.0,Completed,v2,Web,25:54.0,
APP02247,1/3/2026 12:52,33:05.6,Completed,v2,Web,33:05.6,
APP02248,3/3/2026 9:59,27:56.5,Completed,v2,Mobile,27:56.5,
APP02249,4/5/2026 6:59,,Abandoned,v2,Web,23:47.6,Upload failure
APP02250,4/28/2026 23:30,27:19.0,Completed,v2,Web,27:19.0,
APP02251,4/13/2026 20:42,,Abandoned,v2,Mobile,07:08.1,Session timeout
APP02252,4/8/2026 23:21,16:01.0,Completed,v2,Mobile,16:01.0,
APP02253,1/27/2026 7:12,23:05.2,Completed,v2,Mobile,23:05.2,
APP02254,3/25/2026 11:24,46:30.2,Completed,v2,Mobile,46:30.2,
APP02255,1/17/2026 23:59,40:13.5,Completed,v2,Mobile,40:13.5,
APP02256,1/27/2026 2:23,27:58.8,Completed,v2,Web,27:58.8,
APP02257,1/17/2026 12:38,,Abandoned,v2,Web,27:20.4,Long processing time
APP02258,1/31/2026 10:36,,Abandoned,v2,Mobile,20:10.0,Long processing time
APP02259,2/4/2026 8:50,42:44.8,Completed,v2,Web,42:44.8,
APP02260,4/17/2026 17:47,48:23.5,Completed,v2,Web,48:23.5,
APP02261,2/8/2026 17:13,14:02.5,Completed,v2,Mobile,14:02.5,
APP02262,4/24/2026 6:17,,Abandoned,v2,Web,07:10.0,Long processing time
APP02263,3/23/2026 15:33,,Abandoned,v2,Web,19:02.0,Upload failure
APP02264,3/3/2026 13:37,,Abandoned,v2,Mobile,38:56.0,Long processing time
APP02265,3/28/2026 0:36,,Abandoned,v2,Mobile,26:18.1,Session timeout
APP02266,1/3/2026 0:37,,Abandoned,v2,Web,27:36.0,Long processing time
APP02267,3/24/2026 14:40,,Abandoned,v2,Mobile,25:53.5,Long processing time
APP02268,2/18/2026 3:14,,Abandoned,v2,Web,00:51.6,Upload failure
APP02269,3/21/2026 16:03,,Abandoned,v2,Web,40:01.9,Session timeout
APP02270,4/24/2026 23:46,,Abandoned,v2,Mobile,52:14.8,Long processing time
APP02271,2/11/2026 11:04,44:10.4,Completed,v2,Mobile,44:10.4,
APP02272,1/17/2026 13:44,52:16.3,Completed,v2,Web,52:16.3,
APP02273,2/18/2026 9:01,,Abandoned,v2,Mobile,37:19.6,Session timeout
APP02274,1/4/2026 10:48,,Abandoned,v2,Mobile,30:24.8,Long processing time
APP02275,2/7/2026 13:14,,Abandoned,v2,Web,18:20.6,Upload failure
APP02276,4/27/2026 5:52,09:55.9,Completed,v2,Mobile,09:55.9,
APP02277,1/22/2026 17:05,06:52.1,Completed,v2,Web,06:52.1,
APP02278,3/27/2026 12:25,45:26.1,Completed,v2,Mobile,45:26.1,
APP02279,2/23/2026 1:10,16:30.8,Completed,v2,Mobile,16:30.8,
APP02280,1/30/2026 17:33,,Abandoned,v2,Web,04:15.4,Upload failure
APP02281,3/25/2026 5:37,35:22.6,Completed,v2,Web,35:22.6,
APP02282,2/14/2026 2:43,,Abandoned,v2,Mobile,34:11.3,Upload failure
APP02283,4/24/2026 4:25,,Abandoned,v2,Mobile,31:32.0,Unknown
APP02284,1/11/2026 8:28,,Abandoned,v2,Mobile,34:48.8,User left application
APP02285,4/4/2026 13:25,,Abandoned,v2,Web,46:08.9,Upload failure
APP02286,1/26/2026 10:49,,Abandoned,v2,Mobile,47:27.0,Unknown
APP02287,4/25/2026 14:32,,Abandoned,v2,Web,04:58.3,User left application
APP02288,4/20/2026 9:33,29:14.1,Completed,v2,Web,29:14.1,
APP02289,3/10/2026 10:09,,Abandoned,v2,Web,48:16.2,Long processing time
APP02290,4/17/2026 4:01,,Abandoned,v2,Mobile,17:15.2,Unknown
APP02291,1/5/2026 17:09,10:53.2,Completed,v2,Mobile,10:53.2,
APP02292,1/16/2026 15:11,21:17.7,Completed,v2,Web,21:17.7,
APP02293,2/14/2026 18:39,,Abandoned,v2,Mobile,51:02.0,Long processing time
APP02294,2/24/2026 5:28,11:32.1,Completed,v2,Mobile,11:32.1,
APP02295,3/14/2026 17:59,,Abandoned,v2,Web,26:20.7,Long processing time
APP02296,1/26/2026 14:13,07:19.5,Completed,v2,Web,07:19.5,
APP02297,1/26/2026 18:26,16:13.9,Completed,v2,Web,16:13.9,
APP02298,1/22/2026 2:12,10:32.9,Completed,v2,Mobile,10:32.9,
APP02299,2/23/2026 3:40,,Abandoned,v2,Web,56:38.6,Long processing time
APP02300,1/6/2026 16:27,40:51.7,Completed,v2,Mobile,40:51.7,
APP02301,3/30/2026 12:31,,Abandoned,v2,Mobile,36:00.0,Unknown
APP02302,1/22/2026 21:29,28:24.3,Completed,v2,Web,28:24.3,
APP02303,1/24/2026 11:21,,Abandoned,v2,Web,02:33.2,User left application
APP02304,3/14/2026 10:28,,Abandoned,v2,Mobile,08:23.5,Long processing time
APP02305,3/31/2026 2:08,,Abandoned,v2,Mobile,29:30.1,User left application
APP02306,4/23/2026 20:35,,Abandoned,v2,Mobile,30:17.6,Upload failure
APP02307,4/22/2026 20:33,26:23.9,Completed,v2,Web,26:23.9,
APP02308,3/27/2026 14:14,04:20.5,Completed,v2,Mobile,04:20.5,
APP02309,4/28/2026 6:55,,Abandoned,v2,Web,56:53.8,Long processing time
APP02310,2/23/2026 3:32,,Abandoned,v2,Web,25:12.3,User left application
APP02311,2/6/2026 16:34,33:43.0,Completed,v2,Mobile,33:43.0,
APP02312,3/8/2026 18:59,01:40.5,Completed,v2,Mobile,01:40.5,
APP02313,3/24/2026 0:45,,Abandoned,v2,Mobile,12:52.8,Upload failure
APP02314,2/10/2026 21:28,23:40.8,Completed,v2,Mobile,23:40.8,
APP02315,3/14/2026 7:22,,Abandoned,v2,Mobile,30:31.5,Session timeout
APP02316,3/3/2026 20:55,,Abandoned,v2,Web,19:10.0,User left application
APP02317,3/18/2026 4:31,18:03.3,Completed,v2,Web,18:03.3,
APP02318,1/27/2026 2:27,,Abandoned,v2,Mobile,05:35.8,Session timeout
APP02319,4/21/2026 13:57,,Abandoned,v2,Mobile,46:38.9,Long processing time
APP02320,2/16/2026 2:24,23:54.0,Completed,v2,Web,23:54.0,
APP02321,3/26/2026 15:33,,Abandoned,v2,Web,37:46.9,Long processing time
APP02322,3/25/2026 3:13,,Abandoned,v2,Mobile,08:08.8,User left application
APP02323,4/1/2026 2:29,29:50.3,Completed,v2,Web,29:50.3,
APP02324,3/7/2026 1:45,41:07.0,Completed,v2,Web,41:07.0,
APP02325,1/14/2026 23:24,31:03.9,Completed,v2,Mobile,31:03.9,
APP02326,4/22/2026 18:22,,Abandoned,v2,Web,06:53.1,Long processing time
APP02327,1/6/2026 19:40,,Abandoned,v2,Web,39:58.1,Session timeout
APP02328,1/15/2026 0:14,,Abandoned,v2,Mobile,04:17.0,Upload failure
APP02329,4/24/2026 2:51,23:10.5,Completed,v2,Mobile,23:10.5,
APP02330,1/25/2026 15:47,,Abandoned,v2,Mobile,38:16.3,Unknown
APP02331,3/28/2026 8:33,37:22.4,Completed,v2,Mobile,37:22.4,
APP02332,2/18/2026 1:33,53:28.5,Completed,v2,Web,53:28.5,
APP02333,4/11/2026 7:21,10:38.1,Completed,v2,Web,10:38.1,
APP02334,3/15/2026 4:33,46:56.3,Completed,v2,Web,46:56.3,
APP02335,4/25/2026 4:24,,Abandoned,v2,Web,37:53.9,Unknown
APP02336,2/7/2026 14:28,32:06.7,Completed,v2,Web,32:06.7,
APP02337,1/20/2026 3:05,,Abandoned,v2,Web,04:04.8,Session timeout
APP02338,1/20/2026 21:00,59:54.0,Completed,v2,Mobile,59:54.0,
APP02339,4/21/2026 5:07,01:24.9,Completed,v2,Web,01:24.9,
APP02340,4/18/2026 13:57,,Abandoned,v2,Mobile,10:38.7,Session timeout
APP02341,1/5/2026 5:24,,Abandoned,v2,Mobile,59:27.8,Upload failure
APP02342,4/26/2026 6:57,04:59.3,Completed,v2,Web,04:59.3,
APP02343,3/2/2026 5:45,41:57.0,Completed,v2,Mobile,41:57.0,
APP02344,2/17/2026 6:51,,Abandoned,v2,Mobile,11:16.2,Upload failure
APP02345,4/1/2026 15:16,,Abandoned,v2,Web,51:55.5,Upload failure
APP02346,1/25/2026 9:25,32:15.4,Completed,v2,Mobile,32:15.4,
APP02347,4/22/2026 15:39,,Abandoned,v2,Web,46:40.9,Upload failure
APP02348,3/22/2026 5:50,,Abandoned,v2,Mobile,59:10.2,Upload failure
APP02349,2/16/2026 18:04,,Abandoned,v2,Mobile,41:37.7,Long processing time
APP02350,1/20/2026 4:03,14:52.4,Completed,v2,Mobile,14:52.4,
APP02351,4/3/2026 23:13,34:35.2,Completed,v2,Web,34:35.2,
APP02352,4/22/2026 10:00,00:57.0,Completed,v2,Web,00:57.0,
APP02353,3/18/2026 12:37,32:33.7,Completed,v2,Mobile,32:33.7,
APP02354,1/21/2026 10:54,12:32.2,Completed,v2,Mobile,12:32.2,
APP02355,1/14/2026 10:23,04:14.1,Completed,v2,Web,04:14.1,
APP02356,2/25/2026 10:16,,Abandoned,v2,Mobile,00:18.5,Upload failure
APP02357,1/14/2026 7:07,,Abandoned,v2,Mobile,58:49.4,Session timeout
APP02358,2/11/2026 16:08,09:12.9,Completed,v2,Mobile,09:12.9,
APP02359,2/24/2026 19:04,,Abandoned,v2,Mobile,10:28.9,Long processing time
APP02360,3/25/2026 8:14,,Abandoned,v2,Web,23:41.4,Long processing time
APP02361,1/21/2026 16:44,38:30.4,Completed,v2,Mobile,38:30.4,
APP02362,2/7/2026 7:55,,Abandoned,v2,Web,22:57.2,Long processing time
APP02363,4/27/2026 19:29,,Abandoned,v2,Mobile,13:20.9,Upload failure
APP02364,1/5/2026 17:14,,Abandoned,v2,Web,38:32.4,Long processing time
APP02365,1/2/2026 20:13,,Abandoned,v2,Web,54:14.6,User left application
APP02366,3/10/2026 11:53,,Abandoned,v2,Mobile,22:06.0,Long processing time
APP02367,1/21/2026 23:02,,Abandoned,v2,Web,36:00.5,Unknown
APP02368,1/26/2026 20:35,01:09.5,Completed,v2,Mobile,01:09.5,
APP02369,1/26/2026 22:15,,Abandoned,v2,Mobile,29:35.9,Long processing time
APP02370,3/10/2026 7:35,36:22.6,Completed,v2,Web,36:22.6,
APP02371,1/23/2026 19:54,02:16.6,Completed,v2,Mobile,02:16.6,
APP02372,1/4/2026 2:42,,Abandoned,v2,Web,58:56.6,Unknown
APP02373,3/19/2026 7:49,,Abandoned,v2,Mobile,09:08.0,Long processing time
APP02374,4/6/2026 20:49,47:49.6,Completed,v2,Web,47:49.6,
APP02375,3/2/2026 3:53,06:18.1,Completed,v2,Web,06:18.1,
APP02376,2/28/2026 11:41,42:29.7,Completed,v2,Web,42:29.7,
APP02377,2/7/2026 16:13,04:00.5,Completed,v2,Mobile,04:00.5,
APP02378,1/15/2026 9:06,06:21.8,Completed,v2,Mobile,06:21.8,
APP02379,1/27/2026 21:57,,Abandoned,v2,Web,48:48.4,User left application
APP02380,3/29/2026 2:42,47:43.0,Completed,v2,Mobile,47:43.0,
APP02381,4/12/2026 3:00,59:59.9,Completed,v2,Mobile,59:59.9,
APP02382,2/7/2026 20:23,,Abandoned,v2,Web,56:36.1,Unknown
APP02383,1/10/2026 22:35,04:18.6,Completed,v2,Web,04:18.6,
APP02384,3/22/2026 14:56,15:41.8,Completed,v2,Web,15:41.8,
APP02385,3/28/2026 18:53,,Abandoned,v2,Mobile,27:20.1,Upload failure
APP02386,4/2/2026 3:26,00:45.7,Completed,v2,Mobile,00:45.7,
APP02387,3/24/2026 19:02,,Abandoned,v2,Web,49:57.6,User left application
APP02388,4/23/2026 5:21,,Abandoned,v2,Web,57:40.5,User left application
APP02389,1/18/2026 6:00,,Abandoned,v2,Web,06:50.2,Upload failure
APP02390,3/2/2026 8:28,,Abandoned,v2,Mobile,31:10.0,Long processing time
APP02391,1/22/2026 21:29,39:24.1,Completed,v2,Web,39:24.1,
APP02392,2/10/2026 9:40,,Abandoned,v2,Web,16:55.5,Session timeout
APP02393,2/7/2026 8:08,,Abandoned,v2,Mobile,14:31.4,Session timeout
APP02394,3/8/2026 12:14,,Abandoned,v2,Web,11:05.8,User left application
APP02395,2/24/2026 14:28,,Abandoned,v2,Mobile,24:34.0,Upload failure
APP02396,4/17/2026 4:46,41:10.8,Completed,v2,Web,41:10.8,
APP02397,1/23/2026 17:27,,Abandoned,v2,Web,58:25.7,Upload failure
APP02398,1/21/2026 23:51,16:32.8,Completed,v2,Mobile,16:32.8,
APP02399,1/16/2026 14:57,,Abandoned,v2,Mobile,29:15.8,Upload failure
APP02400,2/22/2026 9:42,33:17.3,Completed,v2,Mobile,33:17.3,
APP02401,3/2/2026 14:04,,Abandoned,v2,Mobile,54:57.3,Upload failure
APP02402,1/10/2026 19:20,10:08.9,Completed,v2,Web,10:08.9,
APP02403,3/8/2026 19:10,,Abandoned,v2,Web,10:03.2,Long processing time
APP02404,3/21/2026 8:10,12:34.2,Completed,v2,Mobile,12:34.2,
APP02405,4/2/2026 4:18,14:31.5,Completed,v2,Mobile,14:31.5,
APP02406,2/13/2026 15:11,20:21.0,Completed,v2,Mobile,20:21.0,
APP02407,3/3/2026 19:06,03:05.2,Completed,v2,Mobile,03:05.2,
APP02408,4/6/2026 13:30,43:23.5,Completed,v2,Web,43:23.5,
APP02409,4/5/2026 19:30,,Abandoned,v2,Web,17:31.4,Upload failure
APP02410,3/8/2026 9:52,07:27.1,Completed,v2,Web,07:27.1,
APP02411,2/11/2026 4:51,,Abandoned,v2,Web,55:22.7,Session timeout
APP02412,1/26/2026 4:14,,Abandoned,v2,Web,00:38.3,Upload failure
APP02413,1/18/2026 12:56,,Abandoned,v2,Mobile,49:32.6,Session timeout
APP02414,4/21/2026 1:15,,Abandoned,v2,Mobile,01:12.3,Upload failure
APP02415,2/18/2026 13:39,46:02.0,Completed,v2,Web,46:02.0,
APP02416,3/24/2026 1:30,,Abandoned,v2,Mobile,56:43.8,Session timeout
APP02417,2/4/2026 5:52,,Abandoned,v2,Mobile,21:06.9,Unknown
APP02418,3/5/2026 18:59,,Abandoned,v2,Mobile,37:51.6,Session timeout
APP02419,5/1/2026 5:57,20:03.2,Completed,v2,Mobile,20:03.2,
APP02420,3/8/2026 9:23,,Abandoned,v2,Mobile,31:56.3,Upload failure
APP02421,1/7/2026 15:59,,Abandoned,v2,Mobile,42:41.8,Long processing time
APP02422,4/11/2026 9:55,53:30.0,Completed,v2,Web,53:30.0,
APP02423,4/20/2026 19:48,,Abandoned,v2,Mobile,19:13.9,Upload failure
APP02424,1/24/2026 23:02,30:07.4,Completed,v2,Mobile,30:07.4,
APP02425,1/18/2026 14:57,57:27.7,Completed,v2,Mobile,57:27.7,
APP02426,2/1/2026 4:21,,Abandoned,v2,Mobile,38:34.6,Session timeout
APP02427,4/14/2026 13:18,,Abandoned,v2,Mobile,36:34.6,Long processing time
APP02428,3/31/2026 20:17,,Abandoned,v2,Web,17:44.2,Upload failure
APP02429,3/10/2026 21:32,,Abandoned,v2,Web,20:19.4,Session timeout
APP02430,3/27/2026 13:21,,Abandoned,v2,Web,00:51.2,Long processing time
APP02431,4/18/2026 22:51,21:46.3,Completed,v2,Web,21:46.3,
APP02432,2/6/2026 21:34,22:49.1,Completed,v2,Mobile,22:49.1,
APP02433,4/21/2026 9:35,,Abandoned,v2,Web,34:45.2,Long processing time
APP02434,2/24/2026 23:04,,Abandoned,v2,Web,48:28.6,Long processing time
APP02435,2/23/2026 6:44,,Abandoned,v2,Mobile,29:34.1,Long processing time
APP02436,4/25/2026 10:20,,Abandoned,v2,Mobile,11:38.2,Upload failure
APP02437,1/14/2026 10:15,17:26.6,Completed,v2,Web,17:26.6,
APP02438,2/13/2026 17:24,24:27.6,Completed,v2,Web,24:27.6,
APP02439,3/13/2026 9:55,,Abandoned,v2,Mobile,56:38.1,Upload failure
APP02440,2/28/2026 16:11,,Abandoned,v2,Mobile,14:58.2,Session timeout
APP02441,2/8/2026 12:25,,Abandoned,v2,Mobile,15:29.1,Upload failure
APP02442,4/4/2026 1:44,39:49.6,Completed,v2,Mobile,39:49.6,
APP02443,1/25/2026 11:35,,Abandoned,v2,Mobile,45:24.6,User left application
APP02444,2/6/2026 4:59,54:43.0,Completed,v2,Mobile,54:43.0,
APP02445,1/31/2026 10:47,,Abandoned,v2,Mobile,44:11.9,Unknown
APP02446,1/19/2026 21:00,00:35.8,Completed,v2,Mobile,00:35.8,
APP02447,2/16/2026 8:57,44:21.8,Completed,v2,Web,44:21.8,
APP02448,3/24/2026 15:40,,Abandoned,v2,Web,53:43.7,User left application
APP02449,3/24/2026 18:28,34:36.5,Completed,v2,Web,34:36.5,
APP02450,2/11/2026 12:04,25:05.1,Completed,v2,Web,25:05.1,
APP02451,2/10/2026 7:59,02:59.6,Completed,v2,Mobile,02:59.6,
APP02452,3/4/2026 8:53,56:16.2,Completed,v2,Mobile,56:16.2,
APP02453,1/2/2026 15:52,58:57.0,Completed,v2,Mobile,58:57.0,
APP02454,3/6/2026 18:46,30:15.1,Completed,v2,Web,30:15.1,
APP02455,4/27/2026 14:53,,Abandoned,v2,Mobile,14:43.7,Session timeout
APP02456,2/15/2026 20:37,,Abandoned,v2,Mobile,46:10.6,Long processing time
APP02457,4/15/2026 3:05,45:45.4,Completed,v2,Web,45:45.4,
APP02458,4/28/2026 21:27,20:50.9,Completed,v2,Mobile,20:50.9,
APP02459,4/12/2026 9:58,05:16.8,Completed,v2,Web,05:16.8,
APP02460,2/21/2026 9:52,,Abandoned,v2,Web,24:40.7,Session timeout
APP02461,2/20/2026 23:44,,Abandoned,v2,Web,12:08.0,Upload failure
APP02462,2/25/2026 3:48,59:41.7,Completed,v2,Web,59:41.7,
APP02463,2/24/2026 21:22,32:58.6,Completed,v2,Web,32:58.6,
APP02464,1/23/2026 4:58,,Abandoned,v2,Web,58:57.4,Upload failure
APP02465,1/23/2026 20:20,,Abandoned,v2,Web,19:03.8,Upload failure
APP02466,1/17/2026 15:01,03:28.5,Completed,v2,Web,03:28.5,
APP02467,4/3/2026 20:47,07:14.4,Completed,v2,Web,07:14.4,
APP02468,2/1/2026 2:51,51:07.1,Completed,v2,Mobile,51:07.1,
APP02469,1/13/2026 22:28,34:24.7,Completed,v2,Mobile,34:24.7,
APP02470,4/6/2026 10:45,57:59.3,Completed,v2,Mobile,57:59.3,
APP02471,1/28/2026 3:34,08:08.3,Completed,v2,Mobile,08:08.3,
APP02472,3/8/2026 6:35,37:33.7,Completed,v2,Mobile,37:33.7,
APP02473,3/14/2026 18:02,45:58.3,Completed,v2,Mobile,45:58.3,
APP02474,1/5/2026 14:07,,Abandoned,v2,Mobile,32:36.7,Upload failure
APP02475,3/25/2026 16:24,20:04.6,Completed,v2,Mobile,20:04.6,
APP02476,1/4/2026 13:02,18:49.6,Completed,v2,Mobile,18:49.6,
APP02477,4/11/2026 23:24,,Abandoned,v2,Mobile,20:55.4,Session timeout
APP02478,3/29/2026 16:30,,Abandoned,v2,Web,06:38.5,Long processing time
APP02479,4/25/2026 11:26,22:48.7,Completed,v2,Mobile,22:48.7,
APP02480,2/13/2026 22:07,05:53.0,Completed,v2,Mobile,05:53.0,
APP02481,4/1/2026 20:10,16:37.9,Completed,v2,Mobile,16:37.9,
APP02482,3/6/2026 19:55,47:47.0,Completed,v2,Web,47:47.0,
APP02483,3/30/2026 1:54,,Abandoned,v2,Mobile,55:04.7,Long processing time
APP02484,3/29/2026 6:29,,Abandoned,v2,Web,18:47.4,User left application
APP02485,3/4/2026 16:32,26:15.8,Completed,v2,Mobile,26:15.8,
APP02486,3/29/2026 1:21,52:10.4,Completed,v2,Web,52:10.4,
APP02487,3/1/2026 7:39,56:04.9,Completed,v2,Mobile,56:04.9,
APP02488,1/21/2026 6:18,14:21.6,Completed,v2,Web,14:21.6,
APP02489,4/11/2026 21:31,49:09.2,Completed,v2,Web,49:09.2,
APP02490,2/18/2026 3:48,53:23.9,Completed,v2,Web,53:23.9,
APP02491,2/2/2026 13:56,,Abandoned,v2,Mobile,51:37.7,Long processing time
APP02492,4/27/2026 13:16,00:57.6,Completed,v2,Web,00:57.6,
APP02493,2/6/2026 13:22,54:11.6,Completed,v2,Web,54:11.6,
APP02494,4/15/2026 7:07,,Abandoned,v2,Mobile,02:38.1,Session timeout
APP02495,1/17/2026 17:26,,Abandoned,v2,Web,26:58.1,Session timeout
APP02496,1/29/2026 1:36,,Abandoned,v2,Mobile,28:43.8,Upload failure
APP02497,1/22/2026 10:51,,Abandoned,v2,Web,00:06.0,Upload failure
APP02498,2/10/2026 0:41,29:49.1,Completed,v2,Web,29:49.1,
APP02499,2/6/2026 6:43,42:12.3,Completed,v2,Mobile,42:12.3,
APP02500,2/19/2026 9:28,32:23.4,Completed,v2,Mobile,32:23.4,
APP02501,4/5/2026 14:14,,Abandoned,v2,Mobile,57:52.8,Upload failure
APP02502,1/4/2026 4:05,,Abandoned,v2,Web,37:56.7,Unknown
APP02503,1/2/2026 0:27,,Abandoned,v2,Web,02:59.8,Upload failure
APP02504,4/26/2026 20:15,,Abandoned,v2,Web,59:59.0,Upload failure
APP02505,1/8/2026 5:59,58:52.4,Completed,v2,Web,58:52.4,
APP02506,2/16/2026 10:28,,Abandoned,v2,Web,23:21.4,Long processing time
APP02507,3/4/2026 23:27,42:03.6,Completed,v2,Web,42:03.6,
APP02508,4/26/2026 3:51,,Abandoned,v2,Mobile,34:33.0,Session timeout
APP02509,4/13/2026 5:55,59:53.8,Completed,v2,Web,59:53.8,
APP02510,2/17/2026 3:30,48:45.9,Completed,v2,Web,48:45.9,
APP02511,2/17/2026 19:25,37:35.0,Completed,v2,Mobile,37:35.0,
APP02512,1/17/2026 19:42,,Abandoned,v2,Web,54:36.4,Session timeout
APP02513,4/3/2026 10:54,,Abandoned,v2,Web,58:59.2,Long processing time
APP02514,4/7/2026 0:17,27:53.9,Completed,v2,Mobile,27:53.9,
APP02515,3/14/2026 20:06,,Abandoned,v2,Mobile,30:23.7,Upload failure
APP02516,1/23/2026 10:35,17:52.0,Completed,v2,Mobile,17:52.0,
APP02517,4/27/2026 10:12,,Abandoned,v2,Mobile,19:42.6,Upload failure
APP02518,4/13/2026 17:17,23:41.9,Completed,v2,Mobile,23:41.9,
APP02519,3/2/2026 0:21,,Abandoned,v2,Mobile,26:00.0,User left application
APP02520,3/20/2026 3:15,10:26.0,Completed,v2,Web,10:26.0,
APP02521,1/7/2026 2:43,24:14.1,Completed,v2,Web,24:14.1,
APP02522,3/25/2026 4:23,,Abandoned,v2,Web,15:37.7,Unknown
APP02523,1/18/2026 20:14,10:46.6,Completed,v2,Mobile,10:46.6,
APP02524,3/2/2026 7:08,,Abandoned,v2,Web,06:03.4,Upload failure
APP02525,1/11/2026 1:52,,Abandoned,v2,Web,32:36.5,Upload failure
APP02526,3/27/2026 2:23,16:00.4,Completed,v2,Mobile,16:00.4,
APP02527,4/25/2026 21:21,18:13.9,Completed,v2,Mobile,18:13.9,
APP02528,2/8/2026 15:58,,Abandoned,v2,Web,09:13.7,Upload failure
APP02529,3/28/2026 2:08,29:14.4,Completed,v2,Web,29:14.4,
APP02530,1/30/2026 0:05,47:34.7,Completed,v2,Mobile,47:34.7,
APP02531,2/2/2026 9:36,30:22.4,Completed,v2,Mobile,30:22.4,
APP02532,3/16/2026 19:27,,Abandoned,v2,Mobile,12:26.8,Unknown
APP02533,4/19/2026 11:09,29:50.4,Completed,v2,Web,29:50.4,
APP02534,4/1/2026 0:25,46:46.7,Completed,v2,Mobile,46:46.7,
APP02535,1/31/2026 12:46,,Abandoned,v2,Mobile,42:07.2,Upload failure
APP02536,4/1/2026 4:20,,Abandoned,v2,Mobile,22:44.7,User left application
APP02537,3/6/2026 2:19,,Abandoned,v2,Mobile,40:13.1,Long processing time
APP02538,4/26/2026 17:14,57:01.6,Completed,v2,Mobile,57:01.6,
APP02539,3/21/2026 19:29,35:29.8,Completed,v2,Web,35:29.8,
APP02540,1/17/2026 22:22,,Abandoned,v2,Web,59:38.1,Long processing time
APP02541,4/19/2026 21:08,18:51.4,Completed,v2,Mobile,18:51.4,
APP02542,3/29/2026 3:04,,Abandoned,v2,Mobile,28:28.1,Unknown
APP02543,3/23/2026 18:04,28:31.7,Completed,v2,Web,28:31.7,
APP02544,2/27/2026 7:15,41:57.4,Completed,v2,Web,41:57.4,
APP02545,4/28/2026 19:50,,Abandoned,v2,Mobile,31:01.6,Upload failure
APP02546,2/15/2026 8:40,42:53.0,Completed,v2,Mobile,42:53.0,
APP02547,3/28/2026 22:18,,Abandoned,v2,Mobile,41:21.7,User left application
APP02548,4/20/2026 21:13,,Abandoned,v2,Mobile,54:17.7,User left application
APP02549,4/2/2026 16:27,31:06.4,Completed,v2,Mobile,31:06.4,
APP02550,1/10/2026 17:08,,Abandoned,v2,Web,54:08.9,Long processing time
APP02551,2/9/2026 6:48,,Abandoned,v2,Web,09:24.7,Session timeout
APP02552,3/18/2026 23:25,08:34.6,Completed,v2,Web,08:34.6,
APP02553,1/15/2026 3:28,,Abandoned,v2,Mobile,31:46.1,User left application
APP02554,2/16/2026 17:20,16:49.3,Completed,v2,Mobile,16:49.3,
APP02555,1/15/2026 20:50,30:11.4,Completed,v2,Web,30:11.4,
APP02556,4/11/2026 16:01,,Abandoned,v2,Web,26:23.9,User left application
APP02557,3/1/2026 15:06,30:05.4,Completed,v2,Mobile,30:05.4,
APP02558,1/4/2026 21:35,,Abandoned,v2,Mobile,39:08.0,Upload failure
APP02559,3/25/2026 8:55,,Abandoned,v2,Mobile,46:11.2,Upload failure
APP02560,2/24/2026 4:22,,Abandoned,v2,Mobile,50:16.9,Session timeout
APP02561,1/12/2026 4:11,,Abandoned,v2,Web,15:43.9,Upload failure
APP02562,2/17/2026 8:44,,Abandoned,v2,Mobile,47:26.5,Session timeout
APP02563,4/10/2026 10:10,,Abandoned,v2,Mobile,03:13.9,Upload failure
APP02564,3/29/2026 1:45,23:10.6,Completed,v2,Web,23:10.6,
APP02565,3/4/2026 16:44,44:23.6,Completed,v2,Mobile,44:23.6,
APP02566,4/21/2026 10:43,48:16.0,Completed,v2,Mobile,48:16.0,
APP02567,4/16/2026 9:51,26:12.9,Completed,v2,Web,26:12.9,
APP02568,2/13/2026 14:11,35:54.0,Completed,v2,Mobile,35:54.0,
APP02569,1/1/2026 19:45,40:22.8,Completed,v2,Mobile,40:22.8,
APP02570,1/9/2026 4:43,13:08.2,Completed,v2,Web,13:08.2,
APP02571,1/3/2026 20:25,,Abandoned,v2,Web,45:54.6,Long processing time
APP02572,4/21/2026 16:33,,Abandoned,v2,Web,39:27.2,Upload failure
APP02573,2/23/2026 2:42,,Abandoned,v2,Mobile,46:15.5,Session timeout
APP02574,4/11/2026 12:20,,Abandoned,v2,Mobile,53:40.6,Upload failure
APP02575,2/2/2026 17:36,,Abandoned,v2,Web,22:22.6,User left application
APP02576,2/13/2026 8:53,02:22.6,Completed,v2,Mobile,02:22.6,
APP02577,1/16/2026 21:46,,Abandoned,v2,Web,40:30.7,Long processing time
APP02578,3/23/2026 13:23,,Abandoned,v2,Web,07:34.9,User left application
APP02579,4/6/2026 13:00,31:58.2,Completed,v2,Mobile,31:58.2,
APP02580,2/26/2026 8:07,52:28.0,Completed,v2,Mobile,52:28.0,
APP02581,3/14/2026 1:56,,Abandoned,v2,Mobile,35:01.8,Session timeout
APP02582,4/9/2026 17:30,34:52.6,Completed,v2,Web,34:52.6,
APP02583,1/11/2026 8:05,,Abandoned,v2,Mobile,35:53.5,Session timeout
APP02584,1/28/2026 0:51,,Abandoned,v2,Mobile,21:10.1,User left application
APP02585,4/29/2026 11:20,02:11.8,Completed,v2,Mobile,02:11.8,
APP02586,3/4/2026 18:09,,Abandoned,v2,Web,29:23.2,Session timeout
APP02587,2/7/2026 21:35,23:11.8,Completed,v2,Mobile,23:11.8,
APP02588,4/8/2026 16:10,49:10.5,Completed,v2,Mobile,49:10.5,
APP02589,2/18/2026 20:58,15:59.3,Completed,v2,Mobile,15:59.3,
APP02590,4/12/2026 19:25,,Abandoned,v2,Web,42:31.3,Upload failure
APP02591,4/5/2026 20:56,06:13.5,Completed,v2,Web,06:13.5,
APP02592,4/15/2026 23:50,01:07.4,Completed,v2,Web,01:07.4,
APP02593,1/26/2026 12:18,29:02.3,Completed,v2,Mobile,29:02.3,
APP02594,3/20/2026 6:45,,Abandoned,v2,Mobile,46:14.5,Long processing time
APP02595,1/14/2026 11:43,,Abandoned,v2,Web,28:20.7,Upload failure
APP02596,3/1/2026 20:27,43:13.3,Completed,v2,Mobile,43:13.3,
APP02597,1/7/2026 14:47,14:49.2,Completed,v2,Mobile,14:49.2,
APP02598,3/23/2026 10:24,47:37.3,Completed,v2,Mobile,47:37.3,
APP02599,1/16/2026 10:35,35:50.7,Completed,v2,Mobile,35:50.7,
APP02600,2/11/2026 19:16,04:04.0,Completed,v2,Web,04:04.0,
APP02601,1/20/2026 17:51,46:19.5,Completed,v2,Mobile,46:19.5,
APP02602,1/14/2026 5:43,,Abandoned,v2,Mobile,57:05.1,User left application
APP02603,2/17/2026 4:11,46:15.6,Completed,v2,Web,46:15.6,
APP02604,3/1/2026 6:44,02:36.5,Completed,v2,Mobile,02:36.5,
APP02605,2/15/2026 8:13,20:49.5,Completed,v2,Mobile,20:49.5,
APP02606,3/23/2026 14:02,,Abandoned,v2,Web,34:42.7,Session timeout
APP02607,3/11/2026 12:49,56:45.1,Completed,v2,Mobile,56:45.1,
APP02608,4/4/2026 3:23,03:42.5,Completed,v2,Mobile,03:42.5,
APP02609,1/16/2026 15:45,,Abandoned,v2,Web,12:54.9,Session timeout
APP02610,4/29/2026 12:55,,Abandoned,v2,Web,09:46.3,Upload failure
APP02611,4/23/2026 20:52,19:32.1,Completed,v2,Mobile,19:32.1,
APP02612,3/4/2026 18:06,,Abandoned,v2,Mobile,26:40.5,Upload failure
APP02613,3/31/2026 0:20,04:26.8,Completed,v2,Mobile,04:26.8,
APP02614,3/2/2026 5:12,06:49.6,Completed,v2,Mobile,06:49.6,
APP02615,4/27/2026 13:26,01:43.9,Completed,v2,Web,01:43.9,
APP02616,3/17/2026 10:24,,Abandoned,v2,Web,21:01.5,Upload failure
APP02617,2/22/2026 2:24,07:39.9,Completed,v2,Mobile,07:39.9,
APP02618,1/14/2026 10:28,,Abandoned,v2,Web,32:40.7,Long processing time
APP02619,1/17/2026 18:00,26:52.7,Completed,v2,Mobile,26:52.7,
APP02620,4/28/2026 15:48,00:29.1,Completed,v2,Web,00:29.1,
APP02621,1/3/2026 0:49,,Abandoned,v2,Web,45:25.9,Upload failure
APP02622,4/4/2026 8:12,,Abandoned,v2,Mobile,15:14.3,Session timeout
APP02623,4/3/2026 5:40,00:25.1,Completed,v2,Web,00:25.1,
APP02624,1/15/2026 5:58,,Abandoned,v2,Web,38:32.4,Upload failure
APP02625,4/19/2026 3:12,14:34.5,Completed,v2,Mobile,14:34.5,
APP02626,3/1/2026 13:40,,Abandoned,v2,Mobile,58:32.7,User left application
APP02627,2/18/2026 1:23,,Abandoned,v2,Mobile,45:24.3,Session timeout
APP02628,3/17/2026 5:20,,Abandoned,v2,Mobile,26:13.7,Long processing time
APP02629,1/24/2026 16:19,22:33.6,Completed,v2,Web,22:33.6,
APP02630,1/26/2026 10:52,48:58.5,Completed,v2,Mobile,48:58.5,
APP02631,3/29/2026 23:09,,Abandoned,v2,Mobile,57:29.7,Upload failure
APP02632,3/27/2026 0:08,17:13.9,Completed,v2,Web,17:13.9,
APP02633,2/6/2026 15:32,32:05.3,Completed,v2,Web,32:05.3,
APP02634,4/16/2026 0:45,,Abandoned,v2,Web,05:33.1,User left application
APP02635,3/22/2026 19:10,26:41.4,Completed,v2,Mobile,26:41.4,
APP02636,4/14/2026 1:22,,Abandoned,v2,Web,43:37.9,Upload failure
APP02637,1/7/2026 9:36,45:52.3,Completed,v2,Mobile,45:52.3,
APP02638,1/22/2026 14:59,54:07.0,Completed,v2,Web,54:07.0,
APP02639,4/23/2026 16:38,,Abandoned,v2,Mobile,19:20.6,User left application
APP02640,2/18/2026 23:05,02:28.2,Completed,v2,Mobile,02:28.2,
APP02641,3/29/2026 16:30,,Abandoned,v2,Mobile,13:27.7,User left application
APP02642,4/23/2026 10:02,38:51.5,Completed,v2,Web,38:51.5,
APP02643,2/21/2026 23:47,20:24.8,Completed,v2,Web,20:24.8,
APP02644,1/2/2026 22:30,27:46.3,Completed,v2,Web,27:46.3,
APP02645,3/22/2026 20:37,02:17.0,Completed,v2,Mobile,02:17.0,
APP02646,3/9/2026 13:24,,Abandoned,v2,Mobile,22:10.7,Session timeout
APP02647,4/25/2026 6:35,15:07.5,Completed,v2,Mobile,15:07.5,
APP02648,4/4/2026 12:47,57:42.9,Completed,v2,Mobile,57:42.9,
APP02649,3/31/2026 22:33,,Abandoned,v2,Mobile,46:40.0,Upload failure
APP02650,3/5/2026 22:48,,Abandoned,v2,Mobile,53:00.0,User left application
APP02651,1/4/2026 4:30,,Abandoned,v2,Mobile,45:34.5,Upload failure
APP02652,3/15/2026 21:00,,Abandoned,v2,Mobile,34:24.2,Upload failure
APP02653,1/23/2026 0:35,46:31.4,Completed,v2,Mobile,46:31.4,
APP02654,1/7/2026 19:01,,Abandoned,v2,Mobile,39:43.2,Long processing time
APP02655,2/6/2026 19:40,,Abandoned,v2,Mobile,31:26.3,Upload failure
APP02656,4/11/2026 8:27,12:51.1,Completed,v2,Web,12:51.1,
APP02657,1/30/2026 4:16,49:19.5,Completed,v2,Web,49:19.5,
APP02658,3/24/2026 15:52,,Abandoned,v2,Web,58:55.1,Upload failure
APP02659,1/19/2026 20:22,,Abandoned,v2,Mobile,21:57.3,Long processing time
APP02660,2/23/2026 23:17,01:40.7,Completed,v2,Web,01:40.7,
APP02661,4/23/2026 11:01,,Abandoned,v2,Web,58:13.2,Upload failure
APP02662,4/3/2026 3:20,,Abandoned,v2,Mobile,40:37.7,Upload failure
APP02663,4/14/2026 13:39,,Abandoned,v2,Web,28:08.3,Session timeout
APP02664,1/27/2026 9:52,39:57.8,Completed,v2,Mobile,39:57.8,
APP02665,4/27/2026 19:25,,Abandoned,v2,Mobile,58:50.4,Upload failure
APP02666,3/1/2026 6:46,,Abandoned,v2,Mobile,30:50.9,Long processing time
APP02667,4/28/2026 15:07,,Abandoned,v2,Mobile,25:49.0,Long processing time
APP02668,1/2/2026 21:13,48:19.0,Completed,v2,Web,48:19.0,
APP02669,2/11/2026 19:25,,Abandoned,v2,Web,04:32.0,Session timeout
APP02670,3/10/2026 3:17,,Abandoned,v2,Web,59:32.4,Long processing time
APP02671,3/20/2026 13:20,,Abandoned,v2,Mobile,35:41.5,Unknown
APP02672,2/26/2026 0:05,37:11.1,Completed,v2,Mobile,37:11.1,
APP02673,3/21/2026 23:23,59:38.5,Completed,v2,Web,59:38.5,
APP02674,2/11/2026 9:40,,Abandoned,v2,Web,13:50.2,Upload failure
APP02675,2/23/2026 11:01,,Abandoned,v2,Mobile,32:04.2,Upload failure
APP02676,3/30/2026 18:03,49:55.2,Completed,v2,Mobile,49:55.2,
APP02677,2/4/2026 11:58,,Abandoned,v2,Mobile,52:04.9,Upload failure
APP02678,3/14/2026 20:23,,Abandoned,v2,Mobile,42:02.4,Upload failure
APP02679,3/28/2026 1:38,,Abandoned,v2,Mobile,58:46.4,Long processing time
APP02680,1/26/2026 1:43,38:27.0,Completed,v2,Web,38:27.0,
APP02681,2/3/2026 3:07,05:15.4,Completed,v2,Web,05:15.4,
APP02682,3/4/2026 11:06,,Abandoned,v2,Web,44:39.2,User left application
APP02683,2/18/2026 0:58,01:55.9,Completed,v2,Web,01:55.9,
APP02684,2/4/2026 5:54,03:30.6,Completed,v2,Mobile,03:30.6,
APP02685,3/15/2026 3:09,,Abandoned,v2,Mobile,00:42.0,Upload failure
APP02686,4/7/2026 10:57,08:49.1,Completed,v2,Mobile,08:49.1,
APP02687,2/16/2026 3:34,,Abandoned,v2,Web,19:15.5,Long processing time
APP02688,4/28/2026 3:20,42:45.4,Completed,v2,Mobile,42:45.4,
APP02689,4/30/2026 18:13,,Abandoned,v2,Mobile,20:35.7,Session timeout
APP02690,1/25/2026 11:46,,Abandoned,v2,Mobile,15:47.0,Session timeout
APP02691,4/6/2026 4:28,18:27.9,Completed,v2,Mobile,18:27.9,
APP02692,1/11/2026 5:21,,Abandoned,v2,Mobile,44:19.5,Upload failure
APP02693,4/24/2026 19:23,52:32.0,Completed,v2,Web,52:32.0,
APP02694,4/27/2026 6:36,,Abandoned,v2,Web,30:13.5,User left application
APP02695,1/11/2026 5:37,,Abandoned,v2,Web,40:39.2,Unknown
APP02696,3/3/2026 15:41,,Abandoned,v2,Mobile,32:23.6,Upload failure
APP02697,3/22/2026 8:55,36:41.6,Completed,v2,Web,36:41.6,
APP02698,1/11/2026 4:29,,Abandoned,v2,Mobile,48:26.8,Upload failure
APP02699,3/29/2026 14:47,,Abandoned,v2,Web,21:18.3,Upload failure
APP02700,3/18/2026 17:12,,Abandoned,v2,Web,53:16.7,Long processing time
APP02701,2/25/2026 18:52,36:04.6,Completed,v2,Mobile,36:04.6,
APP02702,3/29/2026 2:24,42:47.0,Completed,v2,Mobile,42:47.0,
APP02703,3/5/2026 11:31,,Abandoned,v2,Mobile,07:08.3,Upload failure
APP02704,4/23/2026 6:59,50:56.0,Completed,v2,Mobile,50:56.0,
APP02705,4/14/2026 0:15,10:23.9,Completed,v2,Web,10:23.9,
APP02706,1/5/2026 3:32,21:09.4,Completed,v2,Web,21:09.4,
APP02707,1/14/2026 7:37,41:58.2,Completed,v2,Web,41:58.2,
APP02708,2/1/2026 19:28,40:10.4,Completed,v2,Web,40:10.4,
APP02709,2/25/2026 14:11,50:21.2,Completed,v2,Mobile,50:21.2,
APP02710,4/14/2026 5:25,,Abandoned,v2,Mobile,53:32.9,Session timeout
APP02711,3/1/2026 5:25,,Abandoned,v2,Mobile,23:08.1,User left application
APP02712,3/5/2026 4:56,,Abandoned,v2,Web,54:05.8,Upload failure
APP02713,4/26/2026 5:03,06:12.0,Completed,v2,Mobile,06:12.0,
APP02714,4/21/2026 15:15,21:52.4,Completed,v2,Mobile,21:52.4,
APP02715,2/4/2026 11:15,,Abandoned,v2,Mobile,56:47.3,User left application
APP02716,3/19/2026 1:59,48:42.9,Completed,v2,Web,48:42.9,
APP02717,4/9/2026 20:28,55:26.2,Completed,v2,Web,55:26.2,
APP02718,3/20/2026 17:17,21:20.0,Completed,v2,Web,21:20.0,
APP02719,1/4/2026 1:05,47:03.1,Completed,v2,Mobile,47:03.1,
APP02720,3/20/2026 20:48,,Abandoned,v2,Mobile,35:53.4,Unknown
APP02721,2/24/2026 21:33,01:54.1,Completed,v2,Web,01:54.1,
APP02722,1/15/2026 17:28,51:23.0,Completed,v2,Mobile,51:23.0,
APP02723,2/11/2026 2:11,09:58.1,Completed,v2,Web,09:58.1,
APP02724,4/13/2026 19:52,08:02.4,Completed,v2,Web,08:02.4,
APP02725,1/13/2026 20:56,,Abandoned,v2,Mobile,30:37.5,Upload failure
APP02726,4/20/2026 22:09,24:54.6,Completed,v2,Mobile,24:54.6,
APP02727,3/8/2026 6:20,36:21.5,Completed,v2,Web,36:21.5,
APP02728,3/7/2026 5:55,45:54.0,Completed,v2,Web,45:54.0,
APP02729,2/23/2026 7:41,25:51.6,Completed,v2,Web,25:51.6,
APP02730,3/3/2026 3:34,,Abandoned,v2,Mobile,11:44.8,User left application
APP02731,2/21/2026 13:12,02:25.1,Completed,v2,Web,02:25.1,
APP02732,1/29/2026 11:07,55:26.7,Completed,v2,Mobile,55:26.7,
APP02733,1/5/2026 5:39,,Abandoned,v2,Web,07:25.0,Upload failure
APP02734,1/21/2026 11:41,,Abandoned,v2,Web,04:37.8,Long processing time
APP02735,1/3/2026 2:11,,Abandoned,v2,Mobile,14:16.3,Unknown
APP02736,2/13/2026 15:21,,Abandoned,v2,Web,56:48.0,Long processing time
APP02737,2/10/2026 1:03,16:21.9,Completed,v2,Mobile,16:21.9,
APP02738,3/19/2026 17:01,,Abandoned,v2,Mobile,49:29.0,Upload failure
APP02739,4/30/2026 13:30,,Abandoned,v2,Web,05:21.7,Upload failure
APP02740,1/13/2026 10:38,,Abandoned,v2,Mobile,09:48.0,Session timeout
APP02741,1/7/2026 1:53,,Abandoned,v2,Mobile,39:42.9,Upload failure
APP02742,4/13/2026 7:11,,Abandoned,v2,Web,46:25.2,Unknown
APP02743,2/25/2026 7:57,,Abandoned,v2,Mobile,44:08.4,Long processing time
APP02744,1/7/2026 2:30,,Abandoned,v2,Mobile,23:00.4,Long processing time
APP02745,3/5/2026 18:42,,Abandoned,v2,Web,03:08.2,Upload failure
APP02746,1/10/2026 11:01,,Abandoned,v2,Web,38:46.1,Unknown
APP02747,1/28/2026 13:08,,Abandoned,v2,Mobile,12:12.4,Upload failure
APP02748,4/27/2026 7:56,18:00.3,Completed,v2,Mobile,18:00.3,
APP02749,2/25/2026 13:59,10:33.9,Completed,v2,Web,10:33.9,
APP02750,2/18/2026 19:30,,Abandoned,v2,Mobile,33:05.1,Long processing time
APP02751,4/20/2026 0:00,,Abandoned,v2,Mobile,26:19.5,Upload failure
APP02752,1/1/2026 23:48,27:30.1,Completed,v2,Mobile,27:30.1,
APP02753,2/20/2026 15:54,39:23.2,Completed,v2,Mobile,39:23.2,
APP02754,3/30/2026 15:09,00:14.9,Completed,v2,Mobile,00:14.9,
APP02755,2/8/2026 1:59,42:11.1,Completed,v2,Mobile,42:11.1,
APP02756,1/27/2026 18:24,16:12.8,Completed,v2,Web,16:12.8,
APP02757,2/21/2026 3:24,,Abandoned,v2,Mobile,29:36.1,Unknown
APP02758,4/1/2026 22:52,,Abandoned,v2,Web,54:24.2,Upload failure
APP02759,2/22/2026 14:20,52:45.2,Completed,v2,Web,52:45.2,
APP02760,4/7/2026 3:44,57:05.6,Completed,v2,Mobile,57:05.6,
APP02761,1/8/2026 14:31,,Abandoned,v2,Mobile,04:47.2,Upload failure
APP02762,3/29/2026 22:52,,Abandoned,v2,Mobile,22:34.5,Upload failure
APP02763,2/3/2026 7:42,,Abandoned,v2,Mobile,31:18.0,Long processing time
APP02764,1/31/2026 10:01,20:42.3,Completed,v2,Mobile,20:42.3,
APP02765,1/1/2026 22:15,,Abandoned,v2,Mobile,04:08.6,Session timeout
APP02766,1/10/2026 13:40,,Abandoned,v2,Mobile,47:41.3,Session timeout
APP02767,2/25/2026 10:12,,Abandoned,v2,Mobile,55:29.7,User left application
APP02768,2/16/2026 9:11,,Abandoned,v2,Web,18:46.9,Upload failure
APP02769,2/20/2026 1:33,26:55.9,Completed,v2,Web,26:55.9,
APP02770,4/11/2026 21:30,35:43.4,Completed,v2,Web,35:43.4,
APP02771,3/18/2026 6:11,,Abandoned,v2,Web,01:35.9,Unknown
APP02772,2/22/2026 22:38,38:07.6,Completed,v2,Mobile,38:07.6,
APP02773,1/3/2026 19:49,38:45.4,Completed,v2,Mobile,38:45.4,
APP02774,3/30/2026 17:36,27:52.4,Completed,v2,Mobile,27:52.4,
APP02775,2/18/2026 10:10,45:39.0,Completed,v2,Web,45:39.0,
APP02776,1/11/2026 12:58,09:35.1,Completed,v2,Web,09:35.1,
APP02777,2/19/2026 15:32,,Abandoned,v2,Mobile,18:41.1,Session timeout
APP02778,1/15/2026 12:26,25:44.7,Completed,v2,Web,25:44.7,
APP02779,3/29/2026 7:18,17:04.9,Completed,v2,Web,17:04.9,
APP02780,1/28/2026 4:15,56:55.4,Completed,v2,Mobile,56:55.4,
APP02781,3/16/2026 13:47,59:10.1,Completed,v2,Web,59:10.1,
APP02782,1/29/2026 17:58,28:31.8,Completed,v2,Mobile,28:31.8,
APP02783,1/20/2026 8:51,03:45.9,Completed,v2,Mobile,03:45.9,
APP02784,2/4/2026 17:49,,Abandoned,v2,Mobile,36:38.3,User left application
APP02785,2/1/2026 10:22,,Abandoned,v2,Web,32:03.3,Upload failure
APP02786,1/28/2026 6:06,09:37.3,Completed,v2,Mobile,09:37.3,
APP02787,2/22/2026 8:39,,Abandoned,v2,Mobile,44:11.1,Upload failure
APP02788,2/16/2026 2:53,02:35.5,Completed,v2,Web,02:35.5,
APP02789,3/13/2026 20:50,,Abandoned,v2,Mobile,16:53.5,Upload failure
APP02790,2/18/2026 6:42,16:40.9,Completed,v2,Web,16:40.9,
APP02791,2/26/2026 8:41,,Abandoned,v2,Mobile,38:09.9,User left application
APP02792,1/6/2026 21:41,00:48.4,Completed,v2,Web,00:48.4,
APP02793,1/4/2026 7:08,48:46.0,Completed,v2,Web,48:46.0,
APP02794,4/13/2026 6:42,,Abandoned,v2,Mobile,08:24.0,Upload failure
APP02795,4/8/2026 19:32,37:39.7,Completed,v2,Web,37:39.7,
APP02796,1/26/2026 18:56,,Abandoned,v2,Mobile,39:57.0,Session timeout
APP02797,2/16/2026 18:49,49:26.6,Completed,v2,Mobile,49:26.6,
APP02798,2/15/2026 17:59,04:02.4,Completed,v2,Web,04:02.4,
APP02799,3/6/2026 3:03,,Abandoned,v2,Mobile,31:41.9,Upload failure
APP02800,1/12/2026 17:45,,Abandoned,v2,Mobile,50:35.3,Session timeout
APP02801,2/5/2026 13:31,,Abandoned,v2,Mobile,03:45.4,Upload failure
APP02802,1/8/2026 12:37,33:14.1,Completed,v2,Mobile,33:14.1,
APP02803,1/12/2026 5:06,16:04.9,Completed,v2,Mobile,16:04.9,
APP02804,4/22/2026 7:45,22:57.1,Completed,v2,Web,22:57.1,
APP02805,1/19/2026 8:44,,Abandoned,v2,Mobile,49:57.0,Session timeout
APP02806,4/10/2026 17:48,01:48.4,Completed,v2,Mobile,01:48.4,
APP02807,3/14/2026 7:26,,Abandoned,v2,Mobile,11:42.8,Long processing time
APP02808,4/15/2026 6:04,,Abandoned,v2,Mobile,23:47.7,Session timeout
APP02809,1/2/2026 1:45,,Abandoned,v2,Mobile,29:33.0,User left application
APP02810,1/2/2026 14:29,,Abandoned,v2,Web,08:30.5,Upload failure
APP02811,2/9/2026 19:16,59:56.2,Completed,v2,Web,59:56.2,
APP02812,4/21/2026 20:22,10:22.8,Completed,v2,Web,10:22.8,
APP02813,1/4/2026 2:58,,Abandoned,v2,Web,07:33.1,Session timeout
APP02814,3/8/2026 0:35,34:19.3,Completed,v2,Web,34:19.3,
APP02815,1/28/2026 19:42,31:55.0,Completed,v2,Web,31:55.0,
APP02816,1/31/2026 15:45,14:18.1,Completed,v2,Web,14:18.1,
APP02817,3/1/2026 9:01,19:40.7,Completed,v2,Web,19:40.7,
APP02818,1/25/2026 21:28,20:35.3,Completed,v2,Mobile,20:35.3,
APP02819,3/26/2026 4:41,,Abandoned,v2,Web,34:46.1,Long processing time
APP02820,1/5/2026 8:40,,Abandoned,v2,Mobile,03:08.6,Session timeout
APP02821,1/30/2026 21:33,39:10.8,Completed,v2,Mobile,39:10.8,
APP02822,4/16/2026 15:46,,Abandoned,v2,Mobile,26:58.1,Session timeout
APP02823,4/7/2026 21:22,,Abandoned,v2,Web,52:17.8,Long processing time
APP02824,1/28/2026 20:29,44:25.8,Completed,v2,Mobile,44:25.8,
APP02825,1/3/2026 14:12,,Abandoned,v2,Mobile,08:02.4,Upload failure
APP02826,3/18/2026 3:25,,Abandoned,v2,Web,39:01.2,Long processing time
APP02827,3/16/2026 16:01,,Abandoned,v2,Web,52:49.8,Upload failure
APP02828,2/27/2026 12:35,14:22.6,Completed,v2,Mobile,14:22.6,
APP02829,3/9/2026 4:27,,Abandoned,v2,Mobile,22:49.9,Upload failure
APP02830,1/18/2026 12:06,53:12.8,Completed,v2,Mobile,53:12.8,
APP02831,1/24/2026 8:00,,Abandoned,v2,Mobile,31:17.1,Unknown
APP02832,3/6/2026 7:35,40:25.4,Completed,v2,Web,40:25.4,
APP02833,3/4/2026 3:53,,Abandoned,v2,Mobile,31:56.2,Upload failure
APP02834,3/27/2026 11:19,16:49.5,Completed,v2,Mobile,16:49.5,
APP02835,2/14/2026 14:16,,Abandoned,v2,Web,46:24.7,User left application
APP02836,3/14/2026 3:20,,Abandoned,v2,Web,49:45.1,Long processing time
APP02837,2/17/2026 23:35,47:40.4,Completed,v2,Mobile,47:40.4,
APP02838,2/5/2026 8:12,28:47.5,Completed,v2,Mobile,28:47.5,
APP02839,3/29/2026 20:44,52:36.5,Completed,v2,Mobile,52:36.5,
APP02840,1/21/2026 4:11,,Abandoned,v2,Web,29:39.3,User left application
APP02841,3/26/2026 13:11,16:52.2,Completed,v2,Mobile,16:52.2,
APP02842,2/6/2026 18:56,31:44.5,Completed,v2,Web,31:44.5,
APP02843,1/10/2026 17:16,22:21.4,Completed,v2,Web,22:21.4,
APP02844,3/3/2026 10:26,30:34.2,Completed,v2,Web,30:34.2,
APP02845,2/28/2026 11:11,,Abandoned,v2,Web,17:31.2,Unknown
APP02846,2/2/2026 4:27,59:48.4,Completed,v2,Mobile,59:48.4,
APP02847,1/1/2026 8:56,,Abandoned,v2,Mobile,02:35.8,User left application
APP02848,1/16/2026 20:07,,Abandoned,v2,Web,37:05.3,Long processing time
APP02849,4/17/2026 1:13,44:56.8,Completed,v2,Web,44:56.8,
APP02850,3/29/2026 10:52,,Abandoned,v2,Web,39:19.8,User left application
APP02851,4/26/2026 19:48,25:58.7,Completed,v2,Mobile,25:58.7,
APP02852,1/3/2026 3:01,,Abandoned,v2,Mobile,07:12.4,User left application
APP02853,1/5/2026 14:28,25:37.5,Completed,v2,Web,25:37.5,
APP02854,3/26/2026 23:40,20:51.5,Completed,v2,Web,20:51.5,
APP02855,3/21/2026 10:29,20:02.1,Completed,v2,Mobile,20:02.1,
APP02856,1/2/2026 23:49,,Abandoned,v2,Web,15:31.5,Long processing time
APP02857,2/24/2026 19:49,43:48.3,Completed,v2,Web,43:48.3,
APP02858,1/9/2026 18:33,,Abandoned,v2,Mobile,59:58.7,Session timeout
APP02859,3/19/2026 13:11,,Abandoned,v2,Mobile,17:10.7,Session timeout
APP02860,3/5/2026 7:18,52:28.0,Completed,v2,Web,52:28.0,
APP02861,3/9/2026 23:21,,Abandoned,v2,Web,42:19.7,Upload failure
APP02862,1/22/2026 8:02,03:44.0,Completed,v2,Mobile,03:44.0,
APP02863,1/16/2026 21:53,,Abandoned,v2,Web,59:16.2,Upload failure
APP02864,3/21/2026 0:44,19:32.1,Completed,v2,Web,19:32.1,
APP02865,4/5/2026 17:37,41:25.1,Completed,v2,Web,41:25.1,
APP02866,1/13/2026 17:45,,Abandoned,v2,Web,50:17.4,User left application
APP02867,4/26/2026 8:52,14:26.0,Completed,v2,Web,14:26.0,
APP02868,1/18/2026 1:46,,Abandoned,v2,Web,25:14.7,Unknown
APP02869,1/12/2026 18:34,49:12.5,Completed,v2,Web,49:12.5,
APP02870,2/4/2026 11:30,58:58.2,Completed,v2,Web,58:58.2,
APP02871,4/9/2026 0:55,,Abandoned,v2,Mobile,54:41.5,Upload failure
APP02872,2/9/2026 11:15,,Abandoned,v2,Mobile,19:28.0,Unknown
APP02873,2/23/2026 10:47,32:16.1,Completed,v2,Mobile,32:16.1,
APP02874,2/7/2026 19:37,43:31.8,Completed,v2,Mobile,43:31.8,
APP02875,2/5/2026 7:00,,Abandoned,v2,Mobile,34:13.7,Long processing time
APP02876,1/2/2026 15:43,,Abandoned,v2,Mobile,08:32.9,Long processing time
APP02877,3/18/2026 20:03,,Abandoned,v2,Mobile,19:31.4,Upload failure
APP02878,4/12/2026 16:58,,Abandoned,v2,Web,48:20.9,Upload failure
APP02879,4/18/2026 23:05,,Abandoned,v2,Mobile,35:19.1,User left application
APP02880,1/2/2026 6:39,,Abandoned,v2,Mobile,20:02.8,Session timeout
APP02881,1/11/2026 18:07,53:22.3,Completed,v2,Mobile,53:22.3,
APP02882,1/8/2026 1:41,,Abandoned,v2,Mobile,25:52.9,Upload failure
APP02883,2/23/2026 12:21,07:57.5,Completed,v2,Mobile,07:57.5,
APP02884,2/12/2026 11:52,06:08.0,Completed,v2,Web,06:08.0,
APP02885,1/1/2026 14:09,13:03.0,Completed,v2,Mobile,13:03.0,
APP02886,3/9/2026 14:53,,Abandoned,v2,Mobile,42:47.5,User left application
APP02887,4/17/2026 4:48,49:16.1,Completed,v2,Web,49:16.1,
APP02888,4/18/2026 11:12,,Abandoned,v2,Mobile,37:53.8,Long processing time
APP02889,3/30/2026 13:21,06:38.6,Completed,v2,Mobile,06:38.6,
APP02890,3/24/2026 17:44,,Abandoned,v2,Mobile,56:20.8,Long processing time
APP02891,4/13/2026 22:28,27:21.1,Completed,v2,Web,27:21.1,
APP02892,1/26/2026 20:31,,Abandoned,v2,Mobile,46:26.1,Long processing time
APP02893,3/6/2026 19:20,,Abandoned,v2,Mobile,04:13.8,Long processing time
APP02894,1/27/2026 15:36,38:06.9,Completed,v2,Mobile,38:06.9,
APP02895,2/17/2026 15:40,,Abandoned,v2,Web,33:15.2,Unknown
APP02896,1/13/2026 5:24,,Abandoned,v2,Web,13:52.4,Upload failure
APP02897,3/3/2026 5:24,,Abandoned,v2,Mobile,40:40.8,Session timeout
APP02898,2/28/2026 23:28,27:37.7,Completed,v2,Mobile,27:37.7,
APP02899,4/2/2026 5:19,20:40.1,Completed,v2,Mobile,20:40.1,
APP02900,1/2/2026 10:44,,Abandoned,v2,Web,03:27.2,User left application
APP02901,3/4/2026 12:33,49:37.7,Completed,v2,Web,49:37.7,
APP02902,1/1/2026 8:02,,Abandoned,v2,Web,11:28.8,User left application
APP02903,3/31/2026 19:19,,Abandoned,v2,Web,03:25.8,Long processing time
APP02904,3/31/2026 2:01,28:55.3,Completed,v2,Mobile,28:55.3,
APP02905,4/19/2026 8:48,47:04.5,Completed,v2,Mobile,47:04.5,
APP02906,4/2/2026 20:20,05:45.2,Completed,v2,Web,05:45.2,
APP02907,3/4/2026 3:45,00:16.0,Completed,v2,Mobile,00:16.0,
APP02908,2/13/2026 11:17,53:47.1,Completed,v2,Mobile,53:47.1,
APP02909,3/9/2026 20:25,23:54.5,Completed,v2,Mobile,23:54.5,
APP02910,4/5/2026 14:23,,Abandoned,v2,Mobile,01:43.4,User left application
APP02911,3/31/2026 15:47,30:20.7,Completed,v2,Web,30:20.7,
APP02912,4/20/2026 13:15,,Abandoned,v2,Mobile,18:21.6,Upload failure
APP02913,4/4/2026 16:30,,Abandoned,v2,Mobile,14:12.9,Upload failure
APP02914,4/21/2026 0:31,21:34.9,Completed,v2,Mobile,21:34.9,
APP02915,1/13/2026 19:20,30:48.9,Completed,v2,Mobile,30:48.9,
APP02916,2/27/2026 2:36,,Abandoned,v2,Mobile,58:36.7,Upload failure
APP02917,2/5/2026 20:55,58:29.9,Completed,v2,Web,58:29.9,
APP02918,2/12/2026 19:58,08:04.1,Completed,v2,Web,08:04.1,
APP02919,3/18/2026 22:38,,Abandoned,v2,Web,54:03.8,Long processing time
APP02920,3/22/2026 21:21,31:19.3,Completed,v2,Web,31:19.3,
APP02921,1/24/2026 2:27,28:49.6,Completed,v2,Web,28:49.6,
APP02922,4/18/2026 8:08,,Abandoned,v2,Mobile,46:23.7,Long processing time
APP02923,4/9/2026 9:17,,Abandoned,v2,Mobile,18:52.3,Upload failure
APP02924,1/8/2026 16:21,,Abandoned,v2,Web,24:24.0,Upload failure
APP02925,4/22/2026 3:11,,Abandoned,v2,Web,46:14.5,Unknown
APP02926,3/8/2026 5:25,38:59.1,Completed,v2,Mobile,38:59.1,
APP02927,1/8/2026 5:44,28:02.6,Completed,v2,Mobile,28:02.6,
APP02928,1/4/2026 12:31,,Abandoned,v2,Web,56:32.9,Upload failure
APP02929,1/17/2026 13:19,,Abandoned,v2,Mobile,09:36.8,Upload failure
APP02930,3/3/2026 9:40,32:57.9,Completed,v2,Web,32:57.9,
APP02931,2/12/2026 7:52,25:53.5,Completed,v2,Web,25:53.5,
APP02932,1/27/2026 12:01,00:53.5,Completed,v2,Mobile,00:53.5,
APP02933,1/8/2026 5:59,,Abandoned,v2,Mobile,55:34.6,Session timeout
APP02934,4/12/2026 18:08,,Abandoned,v2,Mobile,03:54.4,Upload failure
APP02935,1/5/2026 21:58,,Abandoned,v2,Web,48:46.9,Long processing time
APP02936,2/7/2026 13:08,39:30.9,Completed,v2,Web,39:30.9,
APP02937,4/27/2026 19:13,,Abandoned,v2,Mobile,20:05.4,Upload failure
APP02938,4/11/2026 21:25,,Abandoned,v2,Mobile,16:59.6,Upload failure
APP02939,2/1/2026 11:21,,Abandoned,v2,Mobile,32:28.9,User left application
APP02940,3/9/2026 13:18,26:39.3,Completed,v2,Web,26:39.3,
APP02941,4/18/2026 21:21,,Abandoned,v2,Web,08:40.0,Unknown
APP02942,3/27/2026 11:11,,Abandoned,v2,Mobile,33:13.5,Session timeout
APP02943,4/18/2026 19:01,22:43.7,Completed,v2,Mobile,22:43.7,
APP02944,4/6/2026 9:24,24:40.4,Completed,v2,Web,24:40.4,
APP02945,1/7/2026 20:48,,Abandoned,v2,Mobile,51:44.0,Unknown
APP02946,1/30/2026 16:09,12:54.8,Completed,v2,Web,12:54.8,
APP02947,2/25/2026 6:59,,Abandoned,v2,Mobile,57:54.0,Long processing time
APP02948,3/24/2026 3:35,,Abandoned,v2,Web,18:04.5,Long processing time
APP02949,4/14/2026 1:48,57:12.2,Completed,v2,Web,57:12.2,
APP02950,3/14/2026 12:17,,Abandoned,v2,Web,27:12.3,Upload failure
APP02951,3/23/2026 7:32,54:20.8,Completed,v2,Web,54:20.8,
APP02952,3/19/2026 22:26,,Abandoned,v2,Mobile,38:53.5,Long processing time
APP02953,4/24/2026 1:53,27:08.3,Completed,v2,Web,27:08.3,
APP02954,1/19/2026 16:09,03:03.6,Completed,v2,Mobile,03:03.6,
APP02955,5/1/2026 7:44,46:37.7,Completed,v2,Web,46:37.7,
APP02956,3/19/2026 23:54,55:02.8,Completed,v2,Mobile,55:02.8,
APP02957,3/15/2026 3:36,04:19.8,Completed,v2,Mobile,04:19.8,
APP02958,4/27/2026 5:07,,Abandoned,v2,Mobile,10:22.5,Long processing time
APP02959,1/7/2026 8:47,06:07.3,Completed,v2,Mobile,06:07.3,
APP02960,2/21/2026 4:33,27:12.0,Completed,v2,Mobile,27:12.0,
APP02961,4/20/2026 14:07,08:51.2,Completed,v2,Mobile,08:51.2,
APP02962,3/15/2026 15:12,07:23.8,Completed,v2,Mobile,07:23.8,
APP02963,1/27/2026 15:45,,Abandoned,v2,Web,50:33.3,Long processing time
APP02964,1/29/2026 0:49,50:07.5,Completed,v2,Mobile,50:07.5,
APP02965,2/6/2026 17:12,05:08.2,Completed,v2,Web,05:08.2,
APP02966,3/16/2026 14:07,56:10.0,Completed,v2,Web,56:10.0,
APP02967,3/6/2026 2:43,,Abandoned,v2,Mobile,34:44.0,Upload failure
APP02968,2/27/2026 10:16,15:20.3,Completed,v2,Mobile,15:20.3,
APP02969,2/19/2026 9:46,48:19.4,Completed,v2,Mobile,48:19.4,
APP02970,1/22/2026 6:32,,Abandoned,v2,Web,30:13.7,User left application
APP02971,3/31/2026 20:53,,Abandoned,v2,Web,46:59.1,Session timeout
APP02972,1/31/2026 10:29,31:25.8,Completed,v2,Mobile,31:25.8,
APP02973,2/14/2026 12:28,,Abandoned,v2,Mobile,50:39.7,Unknown
APP02974,3/11/2026 2:59,17:12.3,Completed,v2,Mobile,17:12.3,
APP02975,4/1/2026 0:10,,Abandoned,v2,Mobile,29:08.5,Upload failure
APP02976,1/24/2026 23:17,,Abandoned,v2,Mobile,02:44.9,Long processing time
APP02977,4/16/2026 19:29,49:41.2,Completed,v2,Mobile,49:41.2,
APP02978,3/18/2026 13:14,,Abandoned,v2,Web,07:24.6,Upload failure
APP02979,2/4/2026 13:41,37:17.2,Completed,v2,Mobile,37:17.2,
APP02980,4/25/2026 8:15,26:11.5,Completed,v2,Web,26:11.5,
APP02981,3/14/2026 5:42,56:50.1,Completed,v2,Web,56:50.1,
APP02982,4/3/2026 21:05,,Abandoned,v2,Mobile,11:20.2,Upload failure
APP02983,2/11/2026 21:54,51:41.7,Completed,v2,Web,51:41.7,
APP02984,3/12/2026 9:00,52:16.1,Completed,v2,Web,52:16.1,
APP02985,1/12/2026 16:41,,Abandoned,v2,Mobile,25:21.3,Upload failure
APP02986,2/19/2026 5:22,,Abandoned,v2,Mobile,44:26.9,Long processing time
APP02987,2/4/2026 19:51,,Abandoned,v2,Web,41:13.9,Upload failure
APP02988,4/20/2026 2:37,,Abandoned,v2,Mobile,14:40.6,Upload failure
APP02989,4/19/2026 5:04,08:33.5,Completed,v2,Web,08:33.5,
APP02990,3/20/2026 15:09,06:03.1,Completed,v2,Web,06:03.1,
APP02991,1/30/2026 23:00,17:56.9,Completed,v2,Web,17:56.9,
APP02992,1/20/2026 4:21,32:20.7,Completed,v2,Web,32:20.7,
APP02993,1/31/2026 3:45,43:08.6,Completed,v2,Web,43:08.6,
APP02994,2/27/2026 3:29,,Abandoned,v2,Mobile,56:52.7,Long processing time
APP02995,1/19/2026 9:55,,Abandoned,v2,Mobile,39:26.3,Session timeout
APP02996,3/9/2026 2:23,,Abandoned,v2,Mobile,27:40.1,User left application
APP02997,3/11/2026 21:19,39:01.9,Completed,v2,Web,39:01.9,
APP02998,4/21/2026 16:38,,Abandoned,v2,Web,58:02.7,Upload failure
APP02999,1/28/2026 14:18,19:26.1,Completed,v2,Mobile,19:26.1,
APP03000,4/8/2026 11:16,36:35.8,Completed,v2,Mobile,36:35.8,
APP03001,2/2/2026 7:49,,Abandoned,v2,Mobile,36:50.5,Upload failure
APP03002,4/23/2026 11:08,23:17.9,Completed,v2,Mobile,23:17.9,
APP03003,2/19/2026 21:35,39:14.3,Completed,v2,Web,39:14.3,
APP03004,4/4/2026 4:13,,Abandoned,v2,Mobile,16:12.3,Upload failure
APP03005,4/3/2026 18:01,55:18.9,Completed,v2,Mobile,55:18.9,
APP03006,2/26/2026 15:42,,Abandoned,v2,Web,33:23.1,Long processing time
APP03007,3/15/2026 3:06,,Abandoned,v2,Web,36:24.7,Upload failure
APP03008,1/8/2026 22:07,,Abandoned,v2,Mobile,25:25.6,Upload failure
APP03009,2/6/2026 19:32,30:24.9,Completed,v2,Mobile,30:24.9,
APP03010,2/27/2026 0:48,,Abandoned,v2,Web,03:33.3,Upload failure
APP03011,3/1/2026 21:42,,Abandoned,v2,Mobile,19:54.9,Upload failure
APP03012,2/15/2026 3:17,45:55.0,Completed,v2,Web,45:55.0,
APP03013,1/15/2026 1:34,,Abandoned,v2,Web,28:40.7,Upload failure
APP03014,1/18/2026 8:43,,Abandoned,v2,Mobile,10:35.4,Upload failure
APP03015,4/20/2026 12:01,07:23.6,Completed,v2,Web,07:23.6,
APP03016,2/28/2026 16:08,48:16.6,Completed,v2,Web,48:16.6,
APP03017,3/29/2026 18:43,,Abandoned,v2,Mobile,15:57.5,Unknown
APP03018,1/8/2026 23:33,08:45.3,Completed,v2,Mobile,08:45.3,
APP03019,1/6/2026 9:55,11:34.3,Completed,v2,Web,11:34.3,
APP03020,3/18/2026 16:00,50:47.4,Completed,v2,Web,50:47.4,
APP03021,3/11/2026 23:47,,Abandoned,v2,Web,49:34.2,Upload failure
APP03022,4/11/2026 8:07,43:52.4,Completed,v2,Web,43:52.4,
APP03023,2/9/2026 11:05,00:29.4,Completed,v2,Web,00:29.4,
APP03024,2/2/2026 4:11,,Abandoned,v2,Mobile,08:51.0,Long processing time
APP03025,4/15/2026 3:36,,Abandoned,v2,Mobile,33:40.5,Long processing time
APP03026,2/2/2026 12:07,06:53.0,Completed,v2,Mobile,06:53.0,
APP03027,3/8/2026 16:17,,Abandoned,v2,Web,25:14.5,Upload failure
APP03028,4/30/2026 9:52,43:49.8,Completed,v2,Web,43:49.8,
APP03029,3/20/2026 16:40,25:42.5,Completed,v2,Mobile,25:42.5,
APP03030,1/13/2026 15:28,,Abandoned,v2,Mobile,35:25.0,Long processing time
APP03031,1/15/2026 15:08,,Abandoned,v2,Web,23:24.6,Long processing time
APP03032,2/28/2026 13:58,49:15.7,Completed,v2,Mobile,49:15.7,
APP03033,4/17/2026 13:46,,Abandoned,v2,Web,31:46.7,Unknown
APP03034,4/13/2026 3:00,,Abandoned,v2,Web,20:29.6,Upload failure
APP03035,3/30/2026 8:48,37:20.2,Completed,v2,Web,37:20.2,
APP03036,4/16/2026 7:28,,Abandoned,v2,Mobile,08:31.1,Upload failure
APP03037,1/1/2026 18:41,,Abandoned,v2,Mobile,19:40.5,User left application
APP03038,3/14/2026 21:58,56:08.6,Completed,v2,Web,56:08.6,
APP03039,3/29/2026 7:39,57:34.3,Completed,v2,Web,57:34.3,
APP03040,1/23/2026 2:06,,Abandoned,v2,Web,50:52.2,Unknown
APP03041,4/14/2026 17:37,43:57.7,Completed,v2,Web,43:57.7,
APP03042,2/22/2026 12:44,44:24.9,Completed,v2,Web,44:24.9,
APP03043,1/1/2026 16:33,53:28.2,Completed,v2,Web,53:28.2,
APP03044,1/3/2026 10:36,32:46.2,Completed,v2,Mobile,32:46.2,
APP03045,3/21/2026 20:28,,Abandoned,v2,Web,42:20.9,Upload failure
APP03046,5/1/2026 3:44,,Abandoned,v2,Web,36:39.1,Long processing time
APP03047,2/7/2026 13:58,,Abandoned,v2,Mobile,55:16.8,Session timeout
APP03048,3/27/2026 11:03,58:25.6,Completed,v2,Mobile,58:25.6,
APP03049,3/22/2026 3:24,,Abandoned,v2,Web,15:17.4,Session timeout
APP03050,2/15/2026 17:48,,Abandoned,v2,Mobile,36:30.2,Session timeout
APP03051,1/14/2026 11:56,,Abandoned,v2,Mobile,01:02.0,Upload failure
APP03052,3/1/2026 22:50,47:33.2,Completed,v2,Mobile,47:33.2,
APP03053,3/8/2026 12:00,,Abandoned,v2,Web,16:51.3,User left application
APP03054,1/22/2026 19:09,02:15.7,Completed,v2,Web,02:15.7,
APP03055,3/15/2026 3:33,,Abandoned,v2,Web,56:36.7,Upload failure
APP03056,1/23/2026 13:37,,Abandoned,v2,Web,37:57.6,Upload failure
APP03057,3/3/2026 19:58,,Abandoned,v2,Mobile,19:59.3,Upload failure
APP03058,2/21/2026 21:11,20:19.9,Completed,v2,Mobile,20:19.9,
APP03059,3/29/2026 16:10,13:36.3,Completed,v2,Web,13:36.3,
APP03060,1/19/2026 6:38,,Abandoned,v2,Mobile,24:51.4,Long processing time
APP03061,4/5/2026 2:04,28:52.2,Completed,v2,Mobile,28:52.2,
APP03062,3/16/2026 23:08,03:33.1,Completed,v2,Web,03:33.1,
APP03063,1/2/2026 2:14,,Abandoned,v2,Mobile,06:46.8,Upload failure
APP03064,4/23/2026 20:39,24:59.8,Completed,v2,Web,24:59.8,
APP03065,1/24/2026 12:59,,Abandoned,v2,Mobile,28:07.1,Long processing time
APP03066,2/7/2026 2:30,10:46.9,Completed,v2,Mobile,10:46.9,
APP03067,2/19/2026 1:36,,Abandoned,v2,Mobile,24:28.6,Long processing time
APP03068,3/8/2026 8:14,07:08.7,Completed,v2,Mobile,07:08.7,
APP03069,2/22/2026 11:59,17:09.0,Completed,v2,Mobile,17:09.0,
APP03070,3/12/2026 13:34,58:42.2,Completed,v2,Mobile,58:42.2,
APP03071,1/15/2026 18:53,36:17.7,Completed,v2,Web,36:17.7,
APP03072,2/2/2026 3:12,02:27.4,Completed,v2,Mobile,02:27.4,
APP03073,1/25/2026 7:17,,Abandoned,v2,Mobile,02:53.9,User left application
APP03074,3/20/2026 5:08,07:29.5,Completed,v2,Web,07:29.5,
APP03075,1/17/2026 23:33,,Abandoned,v2,Mobile,16:52.3,User left application
APP03076,2/7/2026 21:07,19:50.2,Completed,v2,Mobile,19:50.2,
APP03077,4/24/2026 17:22,,Abandoned,v2,Mobile,18:12.9,Upload failure
APP03078,3/29/2026 6:56,,Abandoned,v2,Mobile,16:45.0,Session timeout
APP03079,3/23/2026 5:58,04:47.9,Completed,v2,Web,04:47.9,
APP03080,3/27/2026 3:08,19:37.7,Completed,v2,Mobile,19:37.7,
APP03081,1/31/2026 0:53,,Abandoned,v2,Web,40:43.8,Long processing time
APP03082,3/29/2026 6:47,,Abandoned,v2,Web,01:27.8,Upload failure
APP03083,3/6/2026 8:25,,Abandoned,v2,Mobile,14:56.5,Long processing time
APP03084,2/17/2026 6:08,,Abandoned,v2,Mobile,56:33.7,Upload failure
APP03085,1/12/2026 14:24,,Abandoned,v2,Mobile,00:32.0,Unknown
APP03086,1/7/2026 12:32,24:42.6,Completed,v2,Mobile,24:42.6,
APP03087,3/16/2026 20:05,,Abandoned,v2,Mobile,30:40.7,User left application
APP03088,4/30/2026 19:24,23:33.6,Completed,v2,Mobile,23:33.6,
APP03089,1/29/2026 21:15,,Abandoned,v2,Mobile,31:04.8,Long processing time
APP03090,4/14/2026 4:10,08:17.2,Completed,v2,Web,08:17.2,
APP03091,1/18/2026 10:16,01:51.8,Completed,v2,Web,01:51.8,
APP03092,2/15/2026 14:52,,Abandoned,v2,Mobile,15:08.9,Long processing time
APP03093,4/5/2026 0:22,26:36.1,Completed,v2,Web,26:36.1,
APP03094,4/26/2026 18:54,01:06.1,Completed,v2,Mobile,01:06.1,
APP03095,3/24/2026 17:58,22:51.9,Completed,v2,Mobile,22:51.9,
APP03096,2/18/2026 16:36,,Abandoned,v2,Mobile,25:46.3,Long processing time
APP03097,4/24/2026 17:37,,Abandoned,v2,Web,10:33.7,Long processing time
APP03098,4/22/2026 19:57,,Abandoned,v2,Web,56:48.5,User left application
APP03099,4/9/2026 12:38,,Abandoned,v2,Web,21:16.5,User left application
APP03100,2/21/2026 12:55,,Abandoned,v2,Mobile,40:57.9,Session timeout
APP03101,2/26/2026 12:21,15:29.2,Completed,v2,Web,15:29.2,
APP03102,2/14/2026 14:06,,Abandoned,v2,Web,56:00.3,Upload failure
APP03103,1/18/2026 3:26,,Abandoned,v2,Mobile,40:15.8,Upload failure
APP03104,2/1/2026 6:37,10:46.8,Completed,v2,Mobile,10:46.8,
APP03105,1/21/2026 3:00,,Abandoned,v2,Mobile,08:47.9,User left application
APP03106,4/21/2026 14:06,48:40.1,Completed,v2,Mobile,48:40.1,
APP03107,3/20/2026 9:12,,Abandoned,v2,Web,21:21.9,Upload failure
APP03108,4/26/2026 15:00,17:54.0,Completed,v2,Mobile,17:54.0,
APP03109,3/4/2026 18:39,,Abandoned,v2,Mobile,10:47.9,Long processing time
APP03110,4/2/2026 3:20,05:42.8,Completed,v2,Web,05:42.8,
APP03111,2/11/2026 2:22,49:49.4,Completed,v2,Web,49:49.4,
APP03112,1/27/2026 12:21,21:55.9,Completed,v2,Web,21:55.9,
APP03113,3/10/2026 7:26,,Abandoned,v2,Mobile,27:51.8,Upload failure
APP03114,4/24/2026 15:21,,Abandoned,v2,Web,26:29.2,Upload failure
APP03115,2/21/2026 17:45,59:39.8,Completed,v2,Mobile,59:39.8,
APP03116,3/15/2026 7:12,,Abandoned,v2,Mobile,47:41.7,Session timeout
APP03117,4/17/2026 15:56,56:02.7,Completed,v2,Mobile,56:02.7,
APP03118,2/2/2026 23:42,10:25.4,Completed,v2,Web,10:25.4,
APP03119,2/6/2026 20:09,,Abandoned,v2,Web,50:24.3,Long processing time
APP03120,2/1/2026 12:33,37:23.9,Completed,v2,Web,37:23.9,
APP03121,1/6/2026 1:25,23:23.5,Completed,v2,Web,23:23.5,
APP03122,4/10/2026 16:33,,Abandoned,v2,Mobile,41:15.9,User left application
APP03123,3/28/2026 17:46,,Abandoned,v2,Mobile,14:06.6,Upload failure
APP03124,4/16/2026 20:18,,Abandoned,v2,Mobile,06:14.5,Upload failure
APP03125,1/5/2026 19:35,,Abandoned,v2,Mobile,03:12.5,Session timeout
APP03126,4/17/2026 10:00,19:25.4,Completed,v2,Web,19:25.4,
APP03127,3/24/2026 1:53,56:50.9,Completed,v2,Web,56:50.9,
APP03128,3/4/2026 8:15,25:51.9,Completed,v2,Web,25:51.9,
APP03129,4/7/2026 12:20,32:42.1,Completed,v2,Web,32:42.1,
APP03130,4/3/2026 10:48,,Abandoned,v2,Mobile,56:46.1,Long processing time
APP03131,1/29/2026 0:12,28:54.8,Completed,v2,Web,28:54.8,
APP03132,2/15/2026 15:56,,Abandoned,v2,Mobile,00:51.9,User left application
APP03133,2/22/2026 17:40,,Abandoned,v2,Mobile,03:37.4,Long processing time
APP03134,2/25/2026 0:27,48:24.4,Completed,v2,Web,48:24.4,
APP03135,4/20/2026 14:23,,Abandoned,v2,Mobile,19:47.9,Long processing time
APP03136,3/15/2026 15:32,35:09.2,Completed,v2,Mobile,35:09.2,
APP03137,1/8/2026 13:59,,Abandoned,v2,Mobile,46:22.2,Upload failure
APP03138,2/14/2026 2:57,,Abandoned,v2,Mobile,14:32.9,Unknown
APP03139,3/21/2026 2:56,48:59.3,Completed,v2,Mobile,48:59.3,
APP03140,4/23/2026 15:25,22:51.6,Completed,v2,Web,22:51.6,
APP03141,1/7/2026 12:20,,Abandoned,v2,Mobile,19:47.9,User left application
APP03142,2/11/2026 18:08,44:32.3,Completed,v2,Mobile,44:32.3,
APP03143,1/15/2026 19:56,41:03.0,Completed,v2,Mobile,41:03.0,
APP03144,4/15/2026 23:00,05:50.1,Completed,v2,Mobile,05:50.1,
APP03145,3/23/2026 20:09,,Abandoned,v2,Mobile,14:24.5,Upload failure
APP03146,4/1/2026 16:36,,Abandoned,v2,Mobile,14:00.4,Upload failure
APP03147,1/22/2026 2:49,,Abandoned,v2,Web,22:13.8,Long processing time
APP03148,3/30/2026 3:29,52:05.9,Completed,v2,Web,52:05.9,
APP03149,4/26/2026 12:57,11:38.4,Completed,v2,Web,11:38.4,
APP03150,2/15/2026 6:58,,Abandoned,v2,Mobile,43:49.7,Long processing time
APP03151,3/29/2026 6:44,34:29.0,Completed,v2,Mobile,34:29.0,
APP03152,4/14/2026 10:11,,Abandoned,v2,Web,12:08.4,Long processing time
APP03153,1/30/2026 4:18,58:21.2,Completed,v2,Web,58:21.2,
APP03154,2/24/2026 8:20,,Abandoned,v2,Mobile,48:59.7,Upload failure
APP03155,2/4/2026 18:32,37:54.9,Completed,v2,Mobile,37:54.9,
APP03156,3/20/2026 13:42,47:17.0,Completed,v2,Mobile,47:17.0,
APP03157,1/11/2026 9:40,,Abandoned,v2,Web,16:00.4,Unknown
APP03158,3/8/2026 9:04,19:57.3,Completed,v2,Web,19:57.3,
APP03159,1/23/2026 7:03,,Abandoned,v2,Mobile,31:44.4,Upload failure
APP03160,1/11/2026 11:50,22:17.0,Completed,v2,Mobile,22:17.0,
APP03161,1/28/2026 19:23,,Abandoned,v2,Web,26:38.1,Upload failure
APP03162,4/22/2026 22:06,32:53.9,Completed,v2,Mobile,32:53.9,
APP03163,2/12/2026 16:03,01:14.3,Completed,v2,Mobile,01:14.3,
APP03164,3/28/2026 9:20,11:09.5,Completed,v2,Web,11:09.5,
APP03165,3/3/2026 20:16,20:14.9,Completed,v2,Mobile,20:14.9,
APP03166,3/25/2026 5:08,,Abandoned,v2,Mobile,24:52.7,Upload failure
APP03167,4/12/2026 13:14,,Abandoned,v2,Mobile,53:31.0,User left application
APP03168,4/20/2026 0:53,42:11.6,Completed,v2,Mobile,42:11.6,
APP03169,4/8/2026 6:28,,Abandoned,v2,Mobile,44:54.5,Unknown
APP03170,4/23/2026 2:34,,Abandoned,v2,Mobile,48:50.2,Upload failure
APP03171,3/22/2026 3:48,,Abandoned,v2,Web,54:21.5,Upload failure
APP03172,1/9/2026 22:51,,Abandoned,v2,Web,43:27.8,User left application
APP03173,4/11/2026 0:46,,Abandoned,v2,Mobile,55:40.0,User left application
APP03174,3/26/2026 11:42,28:13.2,Completed,v2,Mobile,28:13.2,
APP03175,3/5/2026 0:16,11:23.7,Completed,v2,Web,11:23.7,
APP03176,1/9/2026 6:00,24:06.9,Completed,v2,Mobile,24:06.9,
APP03177,3/12/2026 9:28,,Abandoned,v2,Mobile,53:40.1,Long processing time
APP03178,1/15/2026 9:47,,Abandoned,v2,Web,35:31.6,Upload failure
APP03179,3/1/2026 5:16,46:53.2,Completed,v2,Mobile,46:53.2,
APP03180,1/21/2026 4:50,,Abandoned,v2,Mobile,51:57.4,Session timeout
APP03181,2/21/2026 3:15,,Abandoned,v2,Mobile,08:46.2,Long processing time
APP03182,1/20/2026 20:05,20:32.0,Completed,v2,Web,20:32.0,
APP03183,3/29/2026 15:35,26:44.5,Completed,v2,Web,26:44.5,
APP03184,2/7/2026 19:43,,Abandoned,v2,Mobile,38:59.7,Long processing time
APP03185,4/9/2026 23:58,57:01.9,Completed,v2,Mobile,57:01.9,
APP03186,4/3/2026 13:49,16:22.6,Completed,v2,Mobile,16:22.6,
APP03187,1/13/2026 19:50,,Abandoned,v2,Mobile,31:50.9,Upload failure
APP03188,2/5/2026 12:49,13:18.6,Completed,v2,Web,13:18.6,
APP03189,4/28/2026 9:08,,Abandoned,v2,Mobile,23:46.0,Upload failure
APP03190,4/10/2026 10:09,,Abandoned,v2,Mobile,22:28.4,Long processing time
APP03191,1/15/2026 1:52,53:47.3,Completed,v2,Mobile,53:47.3,
APP03192,4/6/2026 10:46,,Abandoned,v2,Web,20:57.9,Upload failure
APP03193,4/13/2026 19:41,47:30.3,Completed,v2,Mobile,47:30.3,
APP03194,3/1/2026 5:05,,Abandoned,v2,Mobile,35:11.6,User left application
APP03195,3/24/2026 6:18,28:26.5,Completed,v2,Mobile,28:26.5,
APP03196,2/27/2026 5:39,37:15.9,Completed,v2,Mobile,37:15.9,
APP03197,3/27/2026 9:13,19:20.0,Completed,v2,Web,19:20.0,
APP03198,4/16/2026 17:50,37:54.1,Completed,v2,Mobile,37:54.1,
APP03199,1/28/2026 6:00,07:01.0,Completed,v2,Web,07:01.0,
APP03200,1/7/2026 7:02,,Abandoned,v2,Mobile,39:50.9,Long processing time
APP03201,4/19/2026 6:22,24:28.9,Completed,v2,Mobile,24:28.9,
APP03202,2/12/2026 16:40,00:44.9,Completed,v2,Mobile,00:44.9,
APP03203,2/26/2026 12:34,06:48.2,Completed,v2,Web,06:48.2,
APP03204,3/2/2026 12:53,,Abandoned,v2,Mobile,16:28.6,Long processing time
APP03205,1/16/2026 20:45,,Abandoned,v2,Mobile,21:34.2,Unknown
APP03206,1/28/2026 18:16,,Abandoned,v2,Mobile,03:17.9,Upload failure
APP03207,4/30/2026 8:03,,Abandoned,v2,Web,33:10.4,User left application
APP03208,3/29/2026 20:19,04:03.5,Completed,v2,Web,04:03.5,
APP03209,4/8/2026 7:26,,Abandoned,v2,Web,10:09.8,Upload failure
APP03210,4/13/2026 4:41,,Abandoned,v2,Mobile,40:20.8,Unknown
APP03211,4/27/2026 23:06,,Abandoned,v2,Mobile,49:45.2,User left application
APP03212,2/18/2026 18:44,06:45.9,Completed,v2,Mobile,06:45.9,
APP03213,1/1/2026 22:17,,Abandoned,v2,Mobile,42:54.6,Session timeout
APP03214,1/3/2026 0:28,29:00.0,Completed,v2,Mobile,29:00.0,
APP03215,3/21/2026 4:54,02:31.5,Completed,v2,Web,02:31.5,
APP03216,1/19/2026 6:14,,Abandoned,v2,Mobile,51:03.8,Upload failure
APP03217,4/22/2026 14:17,14:01.6,Completed,v2,Web,14:01.6,
APP03218,4/26/2026 2:44,56:40.5,Completed,v2,Mobile,56:40.5,
APP03219,3/3/2026 16:14,33:23.2,Completed,v2,Mobile,33:23.2,
APP03220,3/3/2026 6:07,02:13.2,Completed,v2,Mobile,02:13.2,
APP03221,4/10/2026 15:15,,Abandoned,v2,Web,57:02.6,Upload failure
APP03222,3/4/2026 7:43,,Abandoned,v2,Mobile,28:51.3,Long processing time
APP03223,4/7/2026 12:26,02:49.3,Completed,v2,Mobile,02:49.3,
APP03224,1/6/2026 4:20,,Abandoned,v2,Mobile,19:27.9,Upload failure
APP03225,4/5/2026 16:28,,Abandoned,v2,Mobile,41:17.6,Unknown
APP03226,1/14/2026 4:41,43:17.2,Completed,v2,Web,43:17.2,
APP03227,3/1/2026 1:16,,Abandoned,v2,Web,08:34.6,User left application
APP03228,1/21/2026 22:29,45:05.0,Completed,v2,Web,45:05.0,
APP03229,2/2/2026 23:01,52:06.0,Completed,v2,Mobile,52:06.0,
APP03230,4/26/2026 13:02,41:22.0,Completed,v2,Web,41:22.0,
APP03231,2/9/2026 11:50,58:56.5,Completed,v2,Mobile,58:56.5,
APP03232,3/20/2026 4:25,27:51.1,Completed,v2,Mobile,27:51.1,
APP03233,3/26/2026 2:38,47:29.0,Completed,v2,Mobile,47:29.0,
APP03234,3/27/2026 1:41,18:24.9,Completed,v2,Mobile,18:24.9,
APP03235,4/9/2026 16:27,,Abandoned,v2,Mobile,55:17.9,User left application
APP03236,4/15/2026 20:44,20:07.0,Completed,v2,Web,20:07.0,
APP03237,4/30/2026 4:14,22:52.2,Completed,v2,Web,22:52.2,
APP03238,3/11/2026 1:26,15:52.7,Completed,v2,Web,15:52.7,
APP03239,2/8/2026 10:39,33:34.8,Completed,v2,Mobile,33:34.8,
APP03240,3/3/2026 20:59,,Abandoned,v2,Mobile,43:49.9,Upload failure
APP03241,1/30/2026 0:13,,Abandoned,v2,Web,10:37.8,User left application
APP03242,4/1/2026 6:31,,Abandoned,v2,Web,10:13.4,Upload failure
APP03243,3/7/2026 4:09,56:21.4,Completed,v2,Mobile,56:21.4,
APP03244,3/20/2026 10:56,,Abandoned,v2,Web,46:07.3,Long processing time
APP03245,3/27/2026 13:04,01:04.6,Completed,v2,Mobile,01:04.6,
APP03246,4/17/2026 17:11,,Abandoned,v2,Web,12:32.2,Upload failure
APP03247,2/27/2026 16:18,20:51.7,Completed,v2,Mobile,20:51.7,
APP03248,2/10/2026 18:09,07:32.8,Completed,v2,Web,07:32.8,
APP03249,3/30/2026 8:23,20:14.8,Completed,v2,Mobile,20:14.8,
APP03250,1/7/2026 9:42,52:49.6,Completed,v2,Web,52:49.6,
APP03251,2/11/2026 7:33,,Abandoned,v2,Mobile,38:00.0,User left application
APP03252,4/11/2026 19:53,,Abandoned,v2,Mobile,43:08.0,Session timeout
APP03253,3/12/2026 4:56,,Abandoned,v2,Mobile,50:01.7,Unknown
APP03254,1/7/2026 17:21,24:33.2,Completed,v2,Mobile,24:33.2,
APP03255,3/24/2026 4:00,,Abandoned,v2,Mobile,46:24.9,Long processing time
APP03256,4/16/2026 4:14,,Abandoned,v2,Mobile,10:12.8,Session timeout
APP03257,3/24/2026 13:05,19:13.5,Completed,v2,Mobile,19:13.5,
APP03258,2/11/2026 7:09,21:11.6,Completed,v2,Mobile,21:11.6,
APP03259,3/25/2026 15:42,,Abandoned,v2,Web,06:19.1,Upload failure
APP03260,4/7/2026 2:41,28:12.4,Completed,v2,Web,28:12.4,
APP03261,4/3/2026 20:00,,Abandoned,v2,Mobile,29:15.2,Long processing time
APP03262,3/4/2026 15:26,,Abandoned,v2,Mobile,27:14.8,Long processing time
APP03263,4/4/2026 12:37,14:46.4,Completed,v2,Mobile,14:46.4,
APP03264,1/4/2026 17:08,33:39.9,Completed,v2,Mobile,33:39.9,
APP03265,2/23/2026 16:18,,Abandoned,v2,Mobile,01:58.7,User left application
APP03266,2/17/2026 14:22,,Abandoned,v2,Mobile,19:53.7,Session timeout
APP03267,2/6/2026 12:30,27:16.8,Completed,v2,Mobile,27:16.8,
APP03268,2/28/2026 18:28,,Abandoned,v2,Mobile,36:39.3,Upload failure
APP03269,4/27/2026 1:06,01:46.8,Completed,v2,Mobile,01:46.8,
APP03270,2/2/2026 4:42,02:04.8,Completed,v2,Mobile,02:04.8,
APP03271,3/19/2026 17:01,,Abandoned,v2,Mobile,49:39.0,Long processing time
APP03272,1/7/2026 22:17,,Abandoned,v2,Web,01:52.5,Long processing time
APP03273,4/20/2026 17:24,,Abandoned,v2,Web,16:19.5,Upload failure
APP03274,4/3/2026 20:18,,Abandoned,v2,Mobile,40:43.2,Long processing time
APP03275,3/4/2026 15:45,57:46.7,Completed,v2,Mobile,57:46.7,
APP03276,3/2/2026 4:38,,Abandoned,v2,Web,21:43.7,Session timeout
APP03277,3/27/2026 20:00,14:42.1,Completed,v2,Mobile,14:42.1,
APP03278,4/12/2026 23:07,04:54.4,Completed,v2,Web,04:54.4,
APP03279,2/16/2026 8:57,,Abandoned,v2,Web,48:30.0,User left application
APP03280,1/17/2026 8:50,,Abandoned,v2,Mobile,55:52.4,Long processing time
APP03281,2/6/2026 14:10,,Abandoned,v2,Mobile,33:33.0,User left application
APP03282,4/26/2026 15:52,14:55.4,Completed,v2,Web,14:55.4,
APP03283,2/18/2026 14:05,44:59.1,Completed,v2,Mobile,44:59.1,
APP03284,1/19/2026 17:45,08:38.4,Completed,v2,Web,08:38.4,
APP03285,1/25/2026 7:41,50:26.3,Completed,v2,Web,50:26.3,
APP03286,4/30/2026 12:48,32:20.9,Completed,v2,Web,32:20.9,
APP03287,1/5/2026 8:34,,Abandoned,v2,Mobile,16:19.7,Long processing time
APP03288,3/22/2026 1:25,24:55.4,Completed,v2,Web,24:55.4,
APP03289,1/21/2026 2:10,,Abandoned,v2,Web,52:30.1,Unknown
APP03290,4/27/2026 23:57,02:28.1,Completed,v2,Mobile,02:28.1,
APP03291,2/8/2026 16:24,,Abandoned,v2,Mobile,12:14.9,Upload failure
APP03292,4/19/2026 10:59,50:28.0,Completed,v2,Mobile,50:28.0,
APP03293,4/3/2026 8:08,,Abandoned,v2,Web,03:47.2,Long processing time
APP03294,1/12/2026 1:18,,Abandoned,v2,Mobile,53:24.3,Long processing time
APP03295,2/10/2026 10:37,24:55.6,Completed,v2,Mobile,24:55.6,
APP03296,3/18/2026 22:36,39:35.9,Completed,v2,Mobile,39:35.9,
APP03297,4/11/2026 12:28,,Abandoned,v2,Mobile,16:09.5,Upload failure
APP03298,4/4/2026 15:21,18:24.2,Completed,v2,Mobile,18:24.2,
APP03299,4/18/2026 19:01,44:31.5,Completed,v2,Mobile,44:31.5,
APP03300,4/5/2026 18:10,,Abandoned,v2,Web,54:47.6,User left application
APP03301,4/24/2026 9:52,02:25.2,Completed,v2,Mobile,02:25.2,
APP03302,4/28/2026 17:56,34:22.6,Completed,v2,Web,34:22.6,
APP03303,1/5/2026 2:39,,Abandoned,v2,Mobile,23:58.7,Unknown
APP03304,2/28/2026 18:36,,Abandoned,v2,Web,12:19.0,Long processing time
APP03305,3/2/2026 13:55,21:45.9,Completed,v2,Web,21:45.9,
APP03306,1/10/2026 12:21,10:49.1,Completed,v2,Web,10:49.1,
APP03307,2/11/2026 3:51,,Abandoned,v2,Mobile,06:44.0,Long processing time
APP03308,2/11/2026 0:06,,Abandoned,v2,Mobile,42:09.0,Long processing time
APP03309,1/25/2026 14:19,14:06.9,Completed,v2,Mobile,14:06.9,
APP03310,3/14/2026 6:25,,Abandoned,v2,Mobile,07:50.1,User left application
APP03311,1/7/2026 11:21,30:24.1,Completed,v2,Mobile,30:24.1,
APP03312,2/6/2026 11:53,,Abandoned,v2,Web,51:39.3,Session timeout
APP03313,3/9/2026 21:40,44:47.7,Completed,v2,Mobile,44:47.7,
APP03314,3/22/2026 16:13,,Abandoned,v2,Mobile,06:28.4,Session timeout
APP03315,2/15/2026 22:31,,Abandoned,v2,Mobile,27:40.7,Upload failure
APP03316,2/5/2026 21:44,37:03.1,Completed,v2,Mobile,37:03.1,
APP03317,4/15/2026 0:26,,Abandoned,v2,Web,41:41.4,Session timeout
APP03318,4/26/2026 19:31,58:15.2,Completed,v2,Mobile,58:15.2,
APP03319,3/23/2026 6:13,,Abandoned,v2,Web,40:53.9,Upload failure
APP03320,1/25/2026 15:47,34:54.1,Completed,v2,Mobile,34:54.1,
APP03321,4/19/2026 4:44,,Abandoned,v2,Web,02:12.5,Upload failure
APP03322,3/6/2026 0:22,,Abandoned,v2,Mobile,39:59.6,Unknown
APP03323,1/6/2026 8:21,20:57.6,Completed,v2,Mobile,20:57.6,
APP03324,1/15/2026 12:32,41:33.0,Completed,v2,Mobile,41:33.0,
APP03325,4/19/2026 15:18,59:54.3,Completed,v2,Web,59:54.3,
APP03326,1/7/2026 20:32,,Abandoned,v2,Web,12:29.1,Upload failure
APP03327,1/21/2026 12:55,,Abandoned,v2,Web,32:44.1,Long processing time
APP03328,3/11/2026 14:53,,Abandoned,v2,Mobile,12:17.7,User left application
APP03329,4/1/2026 15:08,19:16.3,Completed,v2,Mobile,19:16.3,
APP03330,1/7/2026 14:03,23:31.8,Completed,v2,Web,23:31.8,
APP03331,2/4/2026 8:57,41:08.6,Completed,v2,Mobile,41:08.6,
APP03332,4/27/2026 1:22,06:24.5,Completed,v2,Web,06:24.5,
APP03333,2/10/2026 2:55,,Abandoned,v2,Web,44:39.8,Long processing time
APP03334,2/21/2026 6:29,,Abandoned,v2,Mobile,19:15.2,Upload failure
APP03335,3/14/2026 4:02,,Abandoned,v2,Mobile,52:19.8,Long processing time
APP03336,2/7/2026 12:47,,Abandoned,v2,Mobile,49:24.3,Long processing time
APP03337,4/2/2026 18:38,,Abandoned,v2,Web,10:50.7,Long processing time
APP03338,3/22/2026 20:38,,Abandoned,v2,Mobile,43:03.2,Long processing time
APP03339,2/26/2026 8:57,50:56.5,Completed,v2,Mobile,50:56.5,
APP03340,1/9/2026 15:31,,Abandoned,v2,Mobile,24:44.3,Session timeout
APP03341,3/16/2026 13:09,12:12.7,Completed,v2,Mobile,12:12.7,
APP03342,1/28/2026 1:30,,Abandoned,v2,Mobile,08:35.6,Upload failure
APP03343,4/17/2026 12:05,19:36.9,Completed,v2,Mobile,19:36.9,
APP03344,1/1/2026 12:31,37:55.6,Completed,v2,Web,37:55.6,
APP03345,1/2/2026 14:51,,Abandoned,v2,Web,44:01.1,Upload failure
APP03346,3/26/2026 5:54,05:12.9,Completed,v2,Web,05:12.9,
APP03347,2/24/2026 14:44,,Abandoned,v2,Mobile,30:45.8,Session timeout
APP03348,3/28/2026 6:40,,Abandoned,v2,Mobile,56:42.0,Unknown
APP03349,1/14/2026 19:09,03:13.0,Completed,v2,Mobile,03:13.0,
APP03350,2/11/2026 4:15,08:02.3,Completed,v2,Web,08:02.3,
APP03351,3/8/2026 10:20,,Abandoned,v2,Web,52:39.4,User left application
APP03352,3/23/2026 5:36,24:43.0,Completed,v2,Mobile,24:43.0,
APP03353,4/14/2026 6:33,,Abandoned,v2,Web,54:23.2,User left application
APP03354,2/26/2026 7:28,,Abandoned,v2,Mobile,29:34.8,Long processing time
APP03355,4/20/2026 17:29,42:42.7,Completed,v2,Mobile,42:42.7,
APP03356,1/6/2026 23:37,,Abandoned,v2,Mobile,25:44.1,Long processing time
APP03357,3/27/2026 15:19,39:21.8,Completed,v2,Web,39:21.8,
APP03358,2/4/2026 14:56,58:17.7,Completed,v2,Mobile,58:17.7,
APP03359,4/16/2026 21:09,07:08.9,Completed,v2,Mobile,07:08.9,
APP03360,3/11/2026 23:04,15:07.3,Completed,v2,Web,15:07.3,
APP03361,4/4/2026 3:03,,Abandoned,v2,Web,13:10.6,Session timeout
APP03362,1/3/2026 5:28,14:12.6,Completed,v2,Web,14:12.6,
APP03363,4/10/2026 11:02,,Abandoned,v2,Mobile,08:19.8,User left application
APP03364,4/3/2026 15:21,22:55.8,Completed,v2,Mobile,22:55.8,
APP03365,3/28/2026 15:28,58:02.6,Completed,v2,Mobile,58:02.6,
APP03366,4/18/2026 10:09,,Abandoned,v2,Mobile,29:16.0,Upload failure
APP03367,2/25/2026 3:41,,Abandoned,v2,Mobile,50:54.3,User left application
APP03368,4/25/2026 13:20,38:35.5,Completed,v2,Web,38:35.5,
APP03369,3/31/2026 10:44,28:22.8,Completed,v2,Mobile,28:22.8,
APP03370,4/5/2026 10:56,,Abandoned,v2,Mobile,10:30.9,Session timeout
APP03371,3/16/2026 10:55,38:59.3,Completed,v2,Mobile,38:59.3,
APP03372,3/3/2026 15:03,42:30.9,Completed,v2,Mobile,42:30.9,
APP03373,4/8/2026 8:01,,Abandoned,v2,Web,09:13.2,Unknown
APP03374,4/11/2026 1:32,03:41.8,Completed,v2,Mobile,03:41.8,
APP03375,1/26/2026 0:25,44:29.2,Completed,v2,Mobile,44:29.2,
APP03376,4/6/2026 20:12,,Abandoned,v2,Mobile,15:09.4,User left application
APP03377,3/24/2026 22:17,20:18.1,Completed,v2,Mobile,20:18.1,
APP03378,1/20/2026 23:39,,Abandoned,v2,Mobile,58:51.7,Unknown
APP03379,2/10/2026 22:27,25:23.9,Completed,v2,Mobile,25:23.9,
APP03380,2/25/2026 4:25,,Abandoned,v2,Web,06:35.3,Session timeout
APP03381,1/1/2026 8:46,,Abandoned,v2,Mobile,04:15.4,Long processing time
APP03382,3/15/2026 3:19,51:33.2,Completed,v2,Web,51:33.2,
APP03383,3/8/2026 16:22,,Abandoned,v2,Web,55:43.3,User left application
APP03384,4/6/2026 17:02,,Abandoned,v2,Mobile,35:55.9,Long processing time
APP03385,4/25/2026 12:49,28:17.1,Completed,v2,Web,28:17.1,
APP03386,4/1/2026 12:13,,Abandoned,v2,Mobile,18:24.8,User left application
APP03387,2/19/2026 8:20,,Abandoned,v2,Web,20:15.7,Upload failure
APP03388,4/5/2026 22:56,,Abandoned,v2,Web,54:36.2,Upload failure
APP03389,4/15/2026 12:03,48:28.2,Completed,v2,Web,48:28.2,
APP03390,5/1/2026 5:16,51:02.6,Completed,v2,Mobile,51:02.6,
APP03391,2/6/2026 9:10,,Abandoned,v2,Mobile,58:56.0,User left application
APP03392,1/23/2026 12:43,,Abandoned,v2,Mobile,33:18.5,Long processing time
APP03393,4/19/2026 19:11,10:48.8,Completed,v2,Web,10:48.8,
APP03394,2/23/2026 12:19,23:21.1,Completed,v2,Web,23:21.1,
APP03395,1/6/2026 17:16,17:16.9,Completed,v2,Mobile,17:16.9,
APP03396,3/1/2026 0:15,46:42.5,Completed,v2,Mobile,46:42.5,
APP03397,4/19/2026 11:04,36:04.7,Completed,v2,Web,36:04.7,
APP03398,2/5/2026 20:01,13:19.4,Completed,v2,Web,13:19.4,
APP03399,1/10/2026 23:24,13:14.8,Completed,v2,Mobile,13:14.8,
APP03400,1/13/2026 19:05,10:31.5,Completed,v2,Mobile,10:31.5,
APP03401,1/26/2026 14:20,04:24.1,Completed,v2,Mobile,04:24.1,
APP03402,1/29/2026 8:06,42:44.1,Completed,v2,Mobile,42:44.1,
APP03403,3/17/2026 23:33,,Abandoned,v2,Mobile,20:39.6,Upload failure
APP03404,4/23/2026 21:34,,Abandoned,v2,Mobile,15:31.1,Upload failure
APP03405,2/15/2026 13:50,41:33.5,Completed,v2,Mobile,41:33.5,
APP03406,4/7/2026 21:33,,Abandoned,v2,Web,33:34.4,Upload failure
APP03407,4/18/2026 5:07,,Abandoned,v2,Mobile,42:16.8,Session timeout
APP03408,1/10/2026 8:09,05:57.1,Completed,v2,Mobile,05:57.1,
APP03409,1/10/2026 17:11,,Abandoned,v2,Web,54:06.6,Session timeout
APP03410,2/25/2026 5:06,06:41.7,Completed,v2,Web,06:41.7,
APP03411,2/8/2026 9:58,,Abandoned,v2,Mobile,14:45.6,Upload failure
APP03412,5/1/2026 5:01,28:07.4,Completed,v2,Mobile,28:07.4,
APP03413,4/6/2026 12:08,,Abandoned,v2,Mobile,26:34.3,Unknown
APP03414,1/3/2026 21:23,58:59.7,Completed,v2,Web,58:59.7,
APP03415,3/13/2026 10:49,,Abandoned,v2,Mobile,46:46.1,Long processing time
APP03416,1/24/2026 16:43,59:22.7,Completed,v2,Mobile,59:22.7,
APP03417,2/5/2026 15:47,,Abandoned,v2,Mobile,38:26.0,Unknown
APP03418,3/6/2026 3:41,,Abandoned,v2,Mobile,20:03.2,Upload failure
APP03419,3/18/2026 7:27,,Abandoned,v2,Mobile,54:01.1,Long processing time
APP03420,1/15/2026 21:11,,Abandoned,v2,Mobile,50:17.9,Long processing time
APP03421,3/13/2026 6:29,21:12.9,Completed,v2,Mobile,21:12.9,
APP03422,1/18/2026 3:44,27:48.0,Completed,v2,Web,27:48.0,
APP03423,4/26/2026 20:00,22:23.7,Completed,v2,Web,22:23.7,
APP03424,2/16/2026 23:15,,Abandoned,v2,Web,22:57.4,Session timeout
APP03425,1/25/2026 21:52,26:22.7,Completed,v2,Mobile,26:22.7,
APP03426,2/22/2026 15:49,,Abandoned,v2,Mobile,26:41.8,User left application
APP03427,3/3/2026 18:04,58:16.6,Completed,v2,Mobile,58:16.6,
APP03428,2/14/2026 4:07,29:25.7,Completed,v2,Web,29:25.7,
APP03429,3/3/2026 8:01,,Abandoned,v2,Mobile,55:36.4,Upload failure
APP03430,2/17/2026 10:16,,Abandoned,v2,Mobile,05:04.3,Long processing time
APP03431,1/18/2026 7:02,39:36.2,Completed,v2,Web,39:36.2,
APP03432,3/17/2026 18:00,42:50.6,Completed,v2,Web,42:50.6,
APP03433,2/1/2026 15:43,48:06.3,Completed,v2,Mobile,48:06.3,
APP03434,2/17/2026 9:12,38:27.1,Completed,v2,Mobile,38:27.1,
APP03435,3/31/2026 2:36,34:58.2,Completed,v2,Web,34:58.2,
APP03436,1/18/2026 20:46,,Abandoned,v2,Web,35:26.6,Upload failure
APP03437,1/5/2026 8:11,18:21.2,Completed,v2,Web,18:21.2,
APP03438,1/13/2026 17:39,05:51.2,Completed,v2,Mobile,05:51.2,
APP03439,4/26/2026 10:54,54:15.3,Completed,v2,Mobile,54:15.3,
APP03440,3/18/2026 2:42,22:10.2,Completed,v2,Web,22:10.2,
APP03441,3/6/2026 19:46,05:11.1,Completed,v2,Mobile,05:11.1,
APP03442,3/28/2026 5:21,,Abandoned,v2,Web,34:56.2,User left application
APP03443,4/15/2026 15:51,,Abandoned,v2,Web,51:26.1,Long processing time
APP03444,1/11/2026 7:27,18:07.7,Completed,v2,Mobile,18:07.7,
APP03445,1/22/2026 13:01,03:08.2,Completed,v2,Web,03:08.2,
APP03446,3/4/2026 16:46,,Abandoned,v2,Web,43:25.2,Upload failure
APP03447,4/22/2026 8:33,37:33.5,Completed,v2,Web,37:33.5,
APP03448,4/14/2026 5:11,09:46.1,Completed,v2,Mobile,09:46.1,
APP03449,1/25/2026 13:17,14:01.3,Completed,v2,Mobile,14:01.3,
APP03450,3/7/2026 8:38,06:21.6,Completed,v2,Web,06:21.6,
APP03451,2/5/2026 18:34,,Abandoned,v2,Mobile,58:12.9,Upload failure
APP03452,4/12/2026 18:12,14:39.6,Completed,v2,Web,14:39.6,
APP03453,4/6/2026 19:45,21:28.0,Completed,v2,Mobile,21:28.0,
APP03454,3/28/2026 15:27,,Abandoned,v2,Mobile,26:31.3,Upload failure
APP03455,1/22/2026 2:51,,Abandoned,v2,Web,38:57.6,Upload failure
APP03456,3/4/2026 13:33,,Abandoned,v2,Web,51:28.4,Upload failure
APP03457,1/6/2026 10:46,49:06.9,Completed,v2,Mobile,49:06.9,
APP03458,4/17/2026 23:46,,Abandoned,v2,Mobile,02:47.6,Unknown
APP03459,3/9/2026 13:56,56:27.0,Completed,v2,Web,56:27.0,
APP03460,3/17/2026 4:03,36:16.5,Completed,v2,Mobile,36:16.5,
APP03461,2/5/2026 1:14,14:49.9,Completed,v2,Web,14:49.9,
APP03462,1/17/2026 16:41,46:53.9,Completed,v2,Mobile,46:53.9,
APP03463,3/10/2026 4:27,,Abandoned,v2,Mobile,06:19.1,Long processing time
APP03464,3/6/2026 18:07,,Abandoned,v2,Web,43:59.7,Upload failure
APP03465,1/21/2026 1:42,22:44.2,Completed,v2,Mobile,22:44.2,
APP03466,3/18/2026 8:04,01:31.9,Completed,v2,Mobile,01:31.9,
APP03467,1/8/2026 19:43,,Abandoned,v2,Mobile,24:16.5,Upload failure
APP03468,3/23/2026 7:05,51:14.5,Completed,v2,Mobile,51:14.5,
APP03469,4/9/2026 6:41,,Abandoned,v2,Web,39:56.4,Upload failure
APP03470,3/25/2026 6:50,,Abandoned,v2,Web,55:28.8,Session timeout
APP03471,2/27/2026 11:15,,Abandoned,v2,Mobile,09:46.2,User left application
APP03472,1/2/2026 21:20,11:37.7,Completed,v2,Web,11:37.7,
APP03473,3/23/2026 16:32,,Abandoned,v2,Mobile,35:16.6,Upload failure
APP03474,1/10/2026 6:51,29:11.7,Completed,v2,Web,29:11.7,
APP03475,2/24/2026 1:21,25:29.6,Completed,v2,Web,25:29.6,
APP03476,3/23/2026 4:48,,Abandoned,v2,Web,09:06.5,Session timeout
APP03477,3/5/2026 20:39,,Abandoned,v2,Mobile,46:59.7,User left application
APP03478,3/26/2026 1:19,23:32.8,Completed,v2,Mobile,23:32.8,
APP03479,1/27/2026 9:26,,Abandoned,v2,Mobile,42:53.3,User left application
APP03480,1/7/2026 14:38,37:41.5,Completed,v2,Mobile,37:41.5,
APP03481,3/15/2026 17:22,38:41.5,Completed,v2,Mobile,38:41.5,
APP03482,2/26/2026 14:08,11:36.4,Completed,v2,Web,11:36.4,
APP03483,2/9/2026 7:39,20:18.8,Completed,v2,Mobile,20:18.8,
APP03484,1/6/2026 22:00,59:40.4,Completed,v2,Mobile,59:40.4,
APP03485,2/17/2026 23:40,,Abandoned,v2,Web,26:33.8,User left application
APP03486,2/23/2026 18:53,,Abandoned,v2,Mobile,04:45.0,Long processing time
APP03487,3/22/2026 12:07,09:57.8,Completed,v2,Web,09:57.8,
APP03488,4/26/2026 2:31,,Abandoned,v2,Mobile,29:38.8,Upload failure
APP03489,3/23/2026 10:18,,Abandoned,v2,Web,00:21.8,Long processing time
APP03490,2/11/2026 0:56,,Abandoned,v2,Mobile,56:53.7,Long processing time
APP03491,3/1/2026 9:17,00:48.7,Completed,v2,Web,00:48.7,
APP03492,5/1/2026 7:50,23:21.9,Completed,v2,Mobile,23:21.9,
APP03493,3/14/2026 8:37,,Abandoned,v2,Web,31:36.7,Upload failure
APP03494,2/24/2026 4:19,,Abandoned,v2,Mobile,23:10.8,Unknown
APP03495,2/13/2026 11:02,12:38.0,Completed,v2,Mobile,12:38.0,
APP03496,4/21/2026 0:46,,Abandoned,v2,Mobile,59:01.6,User left application
APP03497,4/2/2026 19:53,21:39.8,Completed,v2,Web,21:39.8,
APP03498,3/6/2026 7:27,48:56.1,Completed,v2,Mobile,48:56.1,
APP03499,4/13/2026 10:20,31:09.2,Completed,v2,Mobile,31:09.2,
APP03500,2/17/2026 23:29,14:03.4,Completed,v2,Mobile,14:03.4,
APP03501,2/4/2026 23:55,,Abandoned,v2,Mobile,09:47.2,Session timeout
APP03502,3/19/2026 2:14,55:34.9,Completed,v2,Mobile,55:34.9,
APP03503,3/28/2026 4:51,,Abandoned,v2,Mobile,56:00.0,Upload failure
APP03504,3/29/2026 11:30,,Abandoned,v2,Web,21:21.2,Long processing time
APP03505,2/24/2026 1:06,,Abandoned,v2,Mobile,38:01.8,Long processing time
APP03506,1/20/2026 0:53,40:02.4,Completed,v2,Web,40:02.4,
APP03507,2/16/2026 22:12,04:51.2,Completed,v2,Web,04:51.2,
APP03508,1/27/2026 3:18,,Abandoned,v2,Mobile,29:54.0,User left application
APP03509,2/7/2026 4:29,07:25.5,Completed,v2,Mobile,07:25.5,
APP03510,3/6/2026 2:22,,Abandoned,v2,Web,59:10.3,Long processing time
APP03511,1/26/2026 11:02,57:19.6,Completed,v2,Mobile,57:19.6,
APP03512,3/7/2026 9:52,50:16.2,Completed,v2,Mobile,50:16.2,
APP03513,1/29/2026 15:53,29:20.4,Completed,v2,Mobile,29:20.4,
APP03514,1/24/2026 2:31,24:07.9,Completed,v2,Web,24:07.9,
APP03515,1/5/2026 10:39,28:31.1,Completed,v2,Mobile,28:31.1,
APP03516,4/4/2026 9:29,18:34.9,Completed,v2,Mobile,18:34.9,
APP03517,3/4/2026 7:25,29:41.8,Completed,v2,Web,29:41.8,
APP03518,4/1/2026 16:56,39:00.6,Completed,v2,Web,39:00.6,
APP03519,1/1/2026 20:01,08:51.0,Completed,v2,Mobile,08:51.0,
APP03520,1/28/2026 3:35,,Abandoned,v2,Web,39:01.3,Upload failure
APP03521,2/5/2026 14:35,,Abandoned,v2,Web,55:43.8,Long processing time
APP03522,2/17/2026 21:34,40:36.5,Completed,v2,Mobile,40:36.5,
APP03523,4/8/2026 19:56,,Abandoned,v2,Web,01:35.4,Long processing time
APP03524,3/24/2026 7:59,,Abandoned,v2,Web,28:51.9,Long processing time
APP03525,4/16/2026 23:40,,Abandoned,v2,Web,30:38.5,Long processing time
APP03526,1/1/2026 15:31,24:54.5,Completed,v2,Mobile,24:54.5,
APP03527,4/28/2026 22:53,04:20.8,Completed,v2,Mobile,04:20.8,
APP03528,1/29/2026 15:05,,Abandoned,v2,Web,11:48.4,Session timeout
APP03529,1/8/2026 7:53,32:37.5,Completed,v2,Mobile,32:37.5,
APP03530,4/13/2026 16:56,21:41.9,Completed,v2,Web,21:41.9,
APP03531,4/7/2026 19:21,11:11.8,Completed,v2,Mobile,11:11.8,
APP03532,3/7/2026 16:15,47:17.6,Completed,v2,Web,47:17.6,
APP03533,4/9/2026 22:20,,Abandoned,v2,Mobile,52:25.9,User left application
APP03534,1/20/2026 21:25,29:08.6,Completed,v2,Web,29:08.6,
APP03535,3/2/2026 12:45,,Abandoned,v2,Web,27:35.6,Upload failure
APP03536,3/25/2026 6:04,14:31.2,Completed,v2,Web,14:31.2,
APP03537,3/14/2026 14:11,,Abandoned,v2,Web,32:44.8,Upload failure
APP03538,1/17/2026 6:55,40:09.4,Completed,v2,Mobile,40:09.4,
APP03539,2/11/2026 14:11,34:11.3,Completed,v2,Web,34:11.3,
APP03540,2/4/2026 21:33,,Abandoned,v2,Mobile,58:30.7,Session timeout
APP03541,4/5/2026 14:28,,Abandoned,v2,Mobile,35:19.6,Long processing time
APP03542,1/5/2026 4:55,04:51.8,Completed,v2,Web,04:51.8,
APP03543,2/27/2026 11:51,,Abandoned,v2,Mobile,29:30.2,Long processing time
APP03544,4/14/2026 13:11,,Abandoned,v2,Web,01:38.9,User left application
APP03545,3/22/2026 4:18,,Abandoned,v2,Mobile,42:51.3,Long processing time
APP03546,2/22/2026 19:58,28:47.0,Completed,v2,Mobile,28:47.0,
APP03547,4/4/2026 13:33,,Abandoned,v2,Web,23:09.9,Upload failure
APP03548,3/19/2026 12:40,27:04.7,Completed,v2,Mobile,27:04.7,
APP03549,2/20/2026 2:44,47:53.3,Completed,v2,Web,47:53.3,
APP03550,1/10/2026 23:26,20:45.9,Completed,v2,Web,20:45.9,
APP03551,2/9/2026 9:09,,Abandoned,v2,Mobile,05:42.9,Session timeout
APP03552,4/13/2026 21:01,53:14.6,Completed,v2,Mobile,53:14.6,
APP03553,2/28/2026 8:46,,Abandoned,v2,Mobile,32:59.6,Session timeout
APP03554,4/1/2026 0:38,33:26.2,Completed,v2,Mobile,33:26.2,
APP03555,3/3/2026 1:32,25:42.6,Completed,v2,Web,25:42.6,
APP03556,4/23/2026 23:16,,Abandoned,v2,Mobile,13:54.6,Long processing time
APP03557,3/28/2026 13:40,03:49.3,Completed,v2,Web,03:49.3,
APP03558,1/20/2026 22:04,02:19.5,Completed,v2,Mobile,02:19.5,
APP03559,1/29/2026 11:41,32:59.7,Completed,v2,Web,32:59.7,
APP03560,2/5/2026 5:05,53:01.0,Completed,v2,Web,53:01.0,
APP03561,3/2/2026 12:06,06:51.4,Completed,v2,Mobile,06:51.4,
APP03562,3/7/2026 19:34,06:12.3,Completed,v2,Web,06:12.3,
APP03563,2/14/2026 7:13,15:23.1,Completed,v2,Mobile,15:23.1,
APP03564,3/6/2026 10:21,,Abandoned,v2,Mobile,22:42.2,Long processing time
APP03565,2/8/2026 16:46,,Abandoned,v2,Mobile,42:58.8,Long processing time
APP03566,2/6/2026 13:34,06:37.4,Completed,v2,Mobile,06:37.4,
APP03567,3/21/2026 9:17,09:35.5,Completed,v2,Web,09:35.5,
APP03568,2/12/2026 9:05,,Abandoned,v2,Mobile,37:07.5,Upload failure
APP03569,3/28/2026 2:22,,Abandoned,v2,Web,51:36.6,Session timeout
APP03570,4/20/2026 23:42,32:22.0,Completed,v2,Web,32:22.0,
APP03571,2/12/2026 6:13,04:30.2,Completed,v2,Web,04:30.2,
APP03572,2/3/2026 18:20,,Abandoned,v2,Mobile,14:44.8,User left application
APP03573,1/12/2026 1:26,42:30.7,Completed,v2,Web,42:30.7,
APP03574,2/9/2026 20:20,,Abandoned,v2,Mobile,17:39.8,User left application
APP03575,2/9/2026 3:15,19:08.2,Completed,v2,Web,19:08.2,
APP03576,4/5/2026 6:59,,Abandoned,v2,Web,57:41.6,User left application
APP03577,4/14/2026 2:51,,Abandoned,v2,Web,53:34.6,Long processing time
APP03578,2/17/2026 10:52,40:50.1,Completed,v2,Web,40:50.1,
APP03579,3/11/2026 8:53,,Abandoned,v2,Web,28:49.6,Session timeout
APP03580,3/18/2026 1:18,,Abandoned,v2,Web,41:31.3,Long processing time
APP03581,4/1/2026 20:21,09:48.7,Completed,v2,Mobile,09:48.7,
APP03582,3/26/2026 15:50,56:01.5,Completed,v2,Web,56:01.5,
APP03583,3/15/2026 5:38,,Abandoned,v2,Web,36:43.8,User left application
APP03584,3/28/2026 23:50,,Abandoned,v2,Web,17:57.4,Upload failure
APP03585,4/4/2026 22:07,29:44.1,Completed,v2,Mobile,29:44.1,
APP03586,2/3/2026 4:17,,Abandoned,v2,Mobile,27:54.9,Upload failure
APP03587,1/28/2026 23:05,,Abandoned,v2,Mobile,03:10.5,Upload failure
APP03588,1/13/2026 0:17,56:51.0,Completed,v2,Web,56:51.0,
APP03589,3/11/2026 6:48,54:54.8,Completed,v2,Web,54:54.8,
APP03590,3/4/2026 7:15,,Abandoned,v2,Mobile,13:06.2,Unknown
APP03591,1/7/2026 6:32,36:56.6,Completed,v2,Mobile,36:56.6,
APP03592,1/24/2026 9:49,01:20.7,Completed,v2,Web,01:20.7,
APP03593,1/1/2026 13:46,42:56.9,Completed,v2,Mobile,42:56.9,
APP03594,2/26/2026 23:54,33:31.1,Completed,v2,Web,33:31.1,
APP03595,3/20/2026 19:59,,Abandoned,v2,Mobile,35:25.9,Long processing time
APP03596,3/9/2026 6:35,48:33.2,Completed,v2,Mobile,48:33.2,
APP03597,2/11/2026 15:26,17:37.8,Completed,v2,Mobile,17:37.8,
APP03598,4/18/2026 7:56,,Abandoned,v2,Mobile,42:20.3,Session timeout
APP03599,2/19/2026 20:08,,Abandoned,v2,Mobile,38:53.2,Upload failure
APP03600,1/12/2026 14:32,,Abandoned,v2,Web,41:17.6,Unknown
APP03601,4/26/2026 18:06,53:36.8,Completed,v2,Mobile,53:36.8,
APP03602,1/18/2026 11:19,14:41.2,Completed,v2,Web,14:41.2,
APP03603,1/26/2026 12:38,14:02.7,Completed,v2,Web,14:02.7,
APP03604,2/6/2026 11:23,,Abandoned,v2,Mobile,16:02.6,Unknown
APP03605,4/19/2026 2:34,33:04.9,Completed,v2,Web,33:04.9,
APP03606,4/4/2026 0:59,,Abandoned,v2,Web,33:24.1,Upload failure
APP03607,1/27/2026 1:04,00:29.3,Completed,v2,Mobile,00:29.3,
APP03608,4/10/2026 18:12,16:51.4,Completed,v2,Mobile,16:51.4,
APP03609,4/16/2026 3:07,,Abandoned,v2,Mobile,48:42.1,Upload failure
APP03610,3/21/2026 2:41,,Abandoned,v2,Mobile,14:48.6,Upload failure
APP03611,3/13/2026 20:20,08:07.1,Completed,v2,Mobile,08:07.1,
APP03612,1/29/2026 6:33,,Abandoned,v2,Mobile,03:28.4,User left application
APP03613,2/19/2026 5:57,,Abandoned,v2,Mobile,38:26.4,Long processing time
APP03614,4/15/2026 20:22,,Abandoned,v2,Web,05:39.6,Long processing time
APP03615,3/19/2026 10:13,,Abandoned,v2,Mobile,42:37.6,Long processing time
APP03616,4/14/2026 13:39,,Abandoned,v2,Mobile,08:22.1,User left application
APP03617,4/8/2026 10:56,37:39.2,Completed,v2,Web,37:39.2,
APP03618,4/17/2026 6:17,,Abandoned,v2,Web,08:23.1,Unknown
APP03619,4/29/2026 5:17,00:52.2,Completed,v2,Web,00:52.2,
APP03620,2/11/2026 12:11,58:39.6,Completed,v2,Web,58:39.6,
APP03621,3/2/2026 3:51,,Abandoned,v2,Mobile,39:41.3,Long processing time
APP03622,4/22/2026 18:21,12:21.6,Completed,v2,Mobile,12:21.6,
APP03623,3/8/2026 19:52,46:32.5,Completed,v2,Web,46:32.5,
APP03624,3/10/2026 1:51,05:23.8,Completed,v2,Mobile,05:23.8,
APP03625,2/5/2026 0:04,50:43.3,Completed,v2,Mobile,50:43.3,
APP03626,3/14/2026 16:15,,Abandoned,v2,Mobile,59:50.2,Upload failure
APP03627,4/3/2026 15:52,59:00.4,Completed,v2,Mobile,59:00.4,
APP03628,1/7/2026 14:31,,Abandoned,v2,Mobile,44:37.7,Long processing time
APP03629,3/19/2026 1:53,29:08.0,Completed,v2,Web,29:08.0,
APP03630,3/12/2026 10:28,,Abandoned,v2,Mobile,28:12.2,Long processing time
APP03631,1/5/2026 6:51,,Abandoned,v2,Web,38:50.6,Upload failure
APP03632,2/2/2026 16:02,18:23.1,Completed,v2,Mobile,18:23.1,
APP03633,3/29/2026 18:52,03:17.1,Completed,v2,Web,03:17.1,
APP03634,4/16/2026 6:09,,Abandoned,v2,Web,54:16.5,Upload failure
APP03635,3/14/2026 21:55,,Abandoned,v2,Mobile,24:18.5,User left application
APP03636,1/18/2026 22:37,,Abandoned,v2,Web,03:12.8,Upload failure
APP03637,3/9/2026 12:08,,Abandoned,v2,Mobile,13:50.4,User left application
APP03638,3/28/2026 8:48,24:26.6,Completed,v2,Mobile,24:26.6,
APP03639,4/3/2026 17:46,43:38.7,Completed,v2,Web,43:38.7,
APP03640,4/12/2026 19:19,17:08.5,Completed,v2,Mobile,17:08.5,
APP03641,3/5/2026 7:12,,Abandoned,v2,Web,35:09.5,Upload failure
APP03642,3/21/2026 3:55,,Abandoned,v2,Mobile,51:51.6,Session timeout
APP03643,3/30/2026 23:47,51:54.0,Completed,v2,Mobile,51:54.0,
APP03644,3/4/2026 4:44,52:36.3,Completed,v2,Mobile,52:36.3,
APP03645,4/1/2026 1:17,,Abandoned,v2,Mobile,45:33.9,Long processing time
APP03646,3/2/2026 11:22,,Abandoned,v2,Mobile,54:31.1,Long processing time
APP03647,2/27/2026 4:39,30:05.2,Completed,v2,Mobile,30:05.2,
APP03648,3/6/2026 13:50,,Abandoned,v2,Mobile,01:24.7,User left application
APP03649,4/30/2026 4:19,18:53.7,Completed,v2,Web,18:53.7,
APP03650,1/18/2026 19:47,38:26.8,Completed,v2,Web,38:26.8,
APP03651,1/23/2026 10:48,51:04.7,Completed,v2,Web,51:04.7,
APP03652,3/10/2026 10:19,57:56.3,Completed,v2,Mobile,57:56.3,
APP03653,1/12/2026 4:10,,Abandoned,v2,Web,09:50.1,User left application
APP03654,2/2/2026 3:55,,Abandoned,v2,Mobile,25:58.2,Upload failure
APP03655,4/29/2026 8:12,09:39.0,Completed,v2,Mobile,09:39.0,
APP03656,4/4/2026 7:49,47:51.2,Completed,v2,Web,47:51.2,
APP03657,2/28/2026 5:28,,Abandoned,v2,Mobile,32:10.1,Upload failure
APP03658,1/13/2026 20:17,,Abandoned,v2,Web,54:28.9,Long processing time
APP03659,2/21/2026 12:32,,Abandoned,v2,Mobile,43:53.4,Unknown
APP03660,1/29/2026 17:21,,Abandoned,v2,Web,12:44.0,Upload failure
APP03661,1/25/2026 4:29,,Abandoned,v2,Mobile,20:26.0,Upload failure
APP03662,3/17/2026 7:30,,Abandoned,v2,Web,23:28.4,Long processing time
APP03663,1/2/2026 22:27,,Abandoned,v2,Mobile,37:58.7,Session timeout
APP03664,3/29/2026 8:00,,Abandoned,v2,Mobile,00:31.2,Unknown
APP03665,2/2/2026 8:20,23:35.4,Completed,v2,Web,23:35.4,
APP03666,2/7/2026 21:35,35:33.8,Completed,v2,Mobile,35:33.8,
APP03667,1/1/2026 12:16,,Abandoned,v2,Web,57:05.0,Long processing time
APP03668,3/2/2026 18:57,08:24.4,Completed,v2,Web,08:24.4,
APP03669,1/24/2026 3:59,,Abandoned,v2,Mobile,28:18.6,Session timeout
APP03670,1/25/2026 21:09,32:21.1,Completed,v2,Web,32:21.1,
APP03671,3/3/2026 23:52,23:52.8,Completed,v2,Web,23:52.8,
APP03672,3/8/2026 11:56,,Abandoned,v2,Web,58:42.8,User left application
APP03673,2/12/2026 13:23,,Abandoned,v2,Mobile,38:53.7,Long processing time
APP03674,2/9/2026 2:22,06:48.6,Completed,v2,Web,06:48.6,
APP03675,2/2/2026 17:35,31:47.7,Completed,v2,Web,31:47.7,
APP03676,3/4/2026 0:29,19:47.1,Completed,v2,Mobile,19:47.1,
APP03677,2/17/2026 17:59,56:23.0,Completed,v2,Mobile,56:23.0,
APP03678,1/16/2026 19:49,47:19.2,Completed,v2,Web,47:19.2,
APP03679,4/10/2026 0:15,,Abandoned,v2,Mobile,04:58.5,Long processing time
APP03680,4/27/2026 11:07,,Abandoned,v2,Web,56:29.6,Long processing time
APP03681,3/21/2026 2:21,,Abandoned,v2,Mobile,00:41.7,Long processing time
APP03682,3/30/2026 3:40,39:20.3,Completed,v2,Mobile,39:20.3,
APP03683,1/11/2026 20:08,,Abandoned,v2,Mobile,09:22.4,Upload failure
APP03684,4/10/2026 19:10,,Abandoned,v2,Mobile,53:26.8,Upload failure
APP03685,1/16/2026 7:34,,Abandoned,v2,Mobile,03:22.3,Unknown
APP03686,1/10/2026 17:04,,Abandoned,v2,Mobile,51:30.6,Long processing time
APP03687,1/23/2026 19:14,50:38.7,Completed,v2,Mobile,50:38.7,
APP03688,3/17/2026 15:43,59:47.9,Completed,v2,Mobile,59:47.9,
APP03689,2/21/2026 2:59,,Abandoned,v2,Web,33:57.1,Upload failure
APP03690,2/15/2026 21:01,05:04.7,Completed,v2,Web,05:04.7,
APP03691,4/21/2026 14:18,14:04.2,Completed,v2,Web,14:04.2,
APP03692,4/5/2026 17:33,,Abandoned,v2,Web,26:15.7,Upload failure
APP03693,4/10/2026 0:48,,Abandoned,v2,Mobile,24:21.3,User left application
APP03694,2/24/2026 16:38,29:07.0,Completed,v2,Mobile,29:07.0,
APP03695,3/4/2026 20:35,13:59.6,Completed,v2,Web,13:59.6,
APP03696,2/24/2026 5:23,10:37.5,Completed,v2,Web,10:37.5,
APP03697,3/6/2026 22:14,45:59.2,Completed,v2,Mobile,45:59.2,
APP03698,1/14/2026 6:57,10:01.3,Completed,v2,Mobile,10:01.3,
APP03699,2/6/2026 9:30,31:25.5,Completed,v2,Mobile,31:25.5,
APP03700,2/12/2026 11:08,,Abandoned,v2,Mobile,57:18.5,User left application
APP03701,4/11/2026 22:46,,Abandoned,v2,Web,02:41.2,Long processing time
APP03702,1/12/2026 21:03,53:18.8,Completed,v2,Mobile,53:18.8,
APP03703,1/23/2026 9:26,,Abandoned,v2,Web,46:40.5,Unknown
APP03704,4/4/2026 18:39,35:41.6,Completed,v2,Web,35:41.6,
APP03705,1/24/2026 18:08,04:22.7,Completed,v2,Web,04:22.7,
APP03706,1/18/2026 17:55,08:15.4,Completed,v2,Mobile,08:15.4,
APP03707,1/9/2026 16:35,27:14.4,Completed,v2,Mobile,27:14.4,
APP03708,3/8/2026 12:34,,Abandoned,v2,Web,43:25.0,Upload failure
APP03709,1/1/2026 21:22,,Abandoned,v2,Mobile,09:57.9,Unknown
APP03710,4/5/2026 2:02,,Abandoned,v2,Web,03:37.7,Long processing time
APP03711,4/24/2026 15:11,42:24.2,Completed,v2,Web,42:24.2,
APP03712,1/30/2026 12:24,,Abandoned,v2,Mobile,59:14.3,Upload failure
APP03713,4/22/2026 15:12,04:29.8,Completed,v2,Web,04:29.8,
APP03714,2/22/2026 21:18,37:48.5,Completed,v2,Web,37:48.5,
APP03715,1/9/2026 5:00,,Abandoned,v2,Mobile,47:42.0,Upload failure
APP03716,1/17/2026 0:49,,Abandoned,v2,Mobile,13:28.8,Upload failure
APP03717,3/5/2026 8:16,10:45.4,Completed,v2,Web,10:45.4,
APP03718,2/17/2026 3:34,,Abandoned,v2,Mobile,27:03.1,Upload failure
APP03719,4/2/2026 0:28,06:39.6,Completed,v2,Mobile,06:39.6,
APP03720,1/21/2026 10:47,,Abandoned,v2,Mobile,11:33.8,Session timeout
APP03721,2/10/2026 18:48,36:57.3,Completed,v2,Mobile,36:57.3,
APP03722,4/7/2026 9:04,27:13.1,Completed,v2,Mobile,27:13.1,
APP03723,3/1/2026 11:21,,Abandoned,v2,Mobile,30:58.9,Long processing time
APP03724,4/11/2026 14:53,,Abandoned,v2,Mobile,56:02.2,Upload failure
APP03725,1/22/2026 10:06,,Abandoned,v2,Mobile,49:58.8,Long processing time
APP03726,2/16/2026 13:40,,Abandoned,v2,Mobile,32:42.3,Unknown
APP03727,4/2/2026 13:56,,Abandoned,v2,Web,06:41.6,User left application
APP03728,1/16/2026 6:04,,Abandoned,v2,Mobile,31:55.5,Unknown
APP03729,1/7/2026 5:35,25:02.2,Completed,v2,Web,25:02.2,
APP03730,1/14/2026 11:28,,Abandoned,v2,Web,21:56.4,User left application
APP03731,3/24/2026 12:57,55:25.4,Completed,v2,Mobile,55:25.4,
APP03732,4/1/2026 8:26,30:48.3,Completed,v2,Web,30:48.3,
APP03733,1/21/2026 21:15,,Abandoned,v2,Mobile,13:14.1,Session timeout
APP03734,3/30/2026 19:54,,Abandoned,v2,Web,12:18.2,Session timeout
APP03735,2/24/2026 17:11,,Abandoned,v2,Mobile,16:09.2,Long processing time
APP03736,2/23/2026 7:27,40:32.6,Completed,v2,Mobile,40:32.6,
APP03737,1/10/2026 20:47,,Abandoned,v2,Mobile,26:47.9,Upload failure
APP03738,2/4/2026 13:36,13:12.7,Completed,v2,Mobile,13:12.7,
APP03739,1/8/2026 2:07,,Abandoned,v2,Web,10:03.8,Unknown
APP03740,1/20/2026 22:43,45:04.5,Completed,v2,Mobile,45:04.5,
APP03741,2/1/2026 3:20,,Abandoned,v2,Mobile,52:01.6,Long processing time
APP03742,1/29/2026 11:39,01:27.0,Completed,v2,Web,01:27.0,
APP03743,1/4/2026 11:33,59:46.8,Completed,v2,Web,59:46.8,
APP03744,2/2/2026 17:14,,Abandoned,v2,Mobile,18:15.6,Session timeout
APP03745,3/29/2026 20:55,19:40.1,Completed,v2,Web,19:40.1,
APP03746,1/23/2026 7:23,20:42.5,Completed,v2,Web,20:42.5,
APP03747,1/18/2026 22:14,14:26.9,Completed,v2,Web,14:26.9,
APP03748,1/1/2026 8:34,32:58.0,Completed,v2,Mobile,32:58.0,
APP03749,1/3/2026 12:39,,Abandoned,v2,Web,49:14.6,Upload failure
APP03750,3/6/2026 17:00,04:10.1,Completed,v2,Mobile,04:10.1,
APP03751,1/27/2026 7:21,,Abandoned,v2,Web,57:42.8,User left application
APP03752,1/23/2026 20:16,29:11.2,Completed,v2,Web,29:11.2,
APP03753,2/16/2026 13:24,19:49.9,Completed,v2,Web,19:49.9,
APP03754,3/20/2026 22:30,,Abandoned,v2,Mobile,08:25.0,User left application
APP03755,1/12/2026 9:18,36:55.0,Completed,v2,Mobile,36:55.0,
APP03756,3/30/2026 12:02,,Abandoned,v2,Web,10:21.8,Long processing time
APP03757,3/22/2026 9:04,,Abandoned,v2,Mobile,33:03.1,Session timeout
APP03758,1/14/2026 13:55,37:51.7,Completed,v2,Mobile,37:51.7,
APP03759,1/10/2026 20:24,35:28.2,Completed,v2,Web,35:28.2,
APP03760,1/20/2026 4:54,56:55.6,Completed,v2,Web,56:55.6,
APP03761,1/31/2026 4:53,44:26.0,Completed,v2,Mobile,44:26.0,
APP03762,4/2/2026 17:13,,Abandoned,v2,Mobile,14:36.0,Long processing time
APP03763,2/24/2026 17:59,54:17.8,Completed,v2,Mobile,54:17.8,
APP03764,3/25/2026 22:34,23:12.2,Completed,v2,Mobile,23:12.2,
APP03765,3/22/2026 10:09,,Abandoned,v2,Mobile,01:03.0,Session timeout
APP03766,1/25/2026 3:19,13:30.6,Completed,v2,Mobile,13:30.6,
APP03767,3/14/2026 7:01,,Abandoned,v2,Mobile,40:53.1,Unknown
APP03768,3/17/2026 1:34,,Abandoned,v2,Web,37:17.5,Upload failure
APP03769,1/4/2026 16:16,59:09.8,Completed,v2,Web,59:09.8,
APP03770,2/7/2026 12:55,,Abandoned,v2,Mobile,19:11.0,User left application
APP03771,3/21/2026 23:52,,Abandoned,v2,Web,28:49.5,User left application
APP03772,3/20/2026 16:44,,Abandoned,v2,Web,35:46.7,Session timeout
APP03773,2/10/2026 11:54,53:02.6,Completed,v2,Mobile,53:02.6,
APP03774,3/20/2026 22:14,10:13.7,Completed,v2,Mobile,10:13.7,
APP03775,2/24/2026 7:10,,Abandoned,v2,Mobile,11:32.3,Upload failure
APP03776,3/21/2026 6:52,,Abandoned,v2,Web,09:53.0,Upload failure
APP03777,1/2/2026 7:24,22:41.3,Completed,v2,Mobile,22:41.3,
APP03778,4/24/2026 13:08,,Abandoned,v2,Mobile,18:50.9,Upload failure
APP03779,3/13/2026 20:20,36:10.0,Completed,v2,Mobile,36:10.0,
APP03780,4/4/2026 16:42,46:08.8,Completed,v2,Mobile,46:08.8,
APP03781,1/10/2026 11:41,47:48.5,Completed,v2,Mobile,47:48.5,
APP03782,1/24/2026 21:58,,Abandoned,v2,Web,28:01.4,User left application
APP03783,2/20/2026 6:02,05:19.3,Completed,v2,Web,05:19.3,
APP03784,1/31/2026 22:16,27:05.3,Completed,v2,Mobile,27:05.3,
APP03785,1/18/2026 3:29,12:15.6,Completed,v2,Mobile,12:15.6,
APP03786,2/28/2026 16:36,31:27.2,Completed,v2,Mobile,31:27.2,
APP03787,4/12/2026 9:59,11:27.3,Completed,v2,Mobile,11:27.3,
APP03788,1/8/2026 10:05,,Abandoned,v2,Web,47:55.1,Long processing time
APP03789,2/2/2026 16:26,,Abandoned,v2,Web,06:13.4,Upload failure
APP03790,3/30/2026 22:49,,Abandoned,v2,Web,28:07.1,Long processing time
APP03791,2/4/2026 3:55,20:53.0,Completed,v2,Mobile,20:53.0,
APP03792,1/11/2026 11:28,42:23.4,Completed,v2,Mobile,42:23.4,
APP03793,3/5/2026 8:52,49:17.4,Completed,v2,Web,49:17.4,
APP03794,2/15/2026 19:19,,Abandoned,v2,Mobile,18:30.7,Upload failure
APP03795,4/16/2026 15:38,26:06.1,Completed,v2,Mobile,26:06.1,
APP03796,3/3/2026 16:36,,Abandoned,v2,Web,21:19.6,Unknown
APP03797,1/24/2026 2:22,,Abandoned,v2,Web,15:44.0,Upload failure
APP03798,4/6/2026 12:01,55:26.9,Completed,v2,Mobile,55:26.9,
APP03799,2/2/2026 2:54,46:32.9,Completed,v2,Web,46:32.9,
APP03800,2/22/2026 2:36,,Abandoned,v2,Mobile,25:08.5,Upload failure
APP03801,3/5/2026 17:01,58:41.6,Completed,v2,Web,58:41.6,
APP03802,4/4/2026 3:11,,Abandoned,v2,Mobile,35:43.3,Long processing time
APP03803,1/23/2026 11:39,28:16.3,Completed,v2,Mobile,28:16.3,
APP03804,2/26/2026 6:46,57:33.2,Completed,v2,Mobile,57:33.2,
APP03805,2/26/2026 20:59,06:49.5,Completed,v2,Web,06:49.5,
APP03806,1/15/2026 6:41,,Abandoned,v2,Mobile,26:47.9,Upload failure
APP03807,4/21/2026 9:01,,Abandoned,v2,Mobile,59:30.0,User left application
APP03808,2/6/2026 5:33,,Abandoned,v2,Mobile,28:34.3,Long processing time
APP03809,1/15/2026 20:20,07:26.8,Completed,v2,Web,07:26.8,
APP03810,4/30/2026 4:29,,Abandoned,v2,Mobile,06:37.1,Long processing time
APP03811,2/17/2026 3:49,,Abandoned,v2,Mobile,55:04.7,Upload failure
APP03812,4/27/2026 15:20,,Abandoned,v2,Mobile,33:04.3,Long processing time
APP03813,3/22/2026 2:23,31:36.8,Completed,v2,Mobile,31:36.8,
APP03814,2/10/2026 0:44,,Abandoned,v2,Mobile,55:00.9,Session timeout
APP03815,1/5/2026 7:22,18:09.6,Completed,v2,Mobile,18:09.6,
APP03816,4/11/2026 12:38,40:50.0,Completed,v2,Web,40:50.0,
APP03817,1/17/2026 15:18,,Abandoned,v2,Mobile,34:53.9,Upload failure
APP03818,2/19/2026 22:57,06:38.0,Completed,v2,Mobile,06:38.0,
APP03819,1/9/2026 19:55,,Abandoned,v2,Mobile,25:49.0,Unknown
APP03820,4/6/2026 20:45,02:41.3,Completed,v2,Mobile,02:41.3,
APP03821,2/4/2026 16:33,17:22.3,Completed,v2,Mobile,17:22.3,
APP03822,3/23/2026 15:27,56:31.7,Completed,v2,Web,56:31.7,
APP03823,4/10/2026 21:22,24:18.1,Completed,v2,Web,24:18.1,
APP03824,3/29/2026 19:03,,Abandoned,v2,Mobile,20:00.9,Long processing time
APP03825,3/4/2026 17:01,,Abandoned,v2,Web,41:53.7,User left application
APP03826,4/2/2026 1:15,20:17.6,Completed,v2,Mobile,20:17.6,
APP03827,3/15/2026 5:11,15:19.1,Completed,v2,Mobile,15:19.1,
APP03828,4/16/2026 0:59,,Abandoned,v2,Mobile,14:11.9,Upload failure
APP03829,3/4/2026 19:43,16:34.9,Completed,v2,Web,16:34.9,
APP03830,4/10/2026 3:16,23:46.5,Completed,v2,Mobile,23:46.5,
APP03831,4/17/2026 0:41,,Abandoned,v2,Mobile,25:04.2,Session timeout
APP03832,3/27/2026 4:02,03:51.2,Completed,v2,Web,03:51.2,
APP03833,1/18/2026 22:20,,Abandoned,v2,Web,08:06.5,Long processing time
APP03834,1/17/2026 10:13,33:44.5,Completed,v2,Web,33:44.5,
APP03835,2/9/2026 15:04,46:21.3,Completed,v2,Web,46:21.3,
APP03836,3/3/2026 13:33,44:24.2,Completed,v2,Mobile,44:24.2,
APP03837,3/11/2026 17:58,,Abandoned,v2,Web,45:18.2,Long processing time
APP03838,3/15/2026 12:28,46:31.3,Completed,v2,Mobile,46:31.3,
APP03839,3/2/2026 19:52,,Abandoned,v2,Web,29:52.9,Long processing time
APP03840,1/14/2026 1:06,21:46.4,Completed,v2,Web,21:46.4,
APP03841,1/14/2026 1:29,47:58.6,Completed,v2,Web,47:58.6,
APP03842,3/11/2026 0:02,59:07.0,Completed,v2,Web,59:07.0,
APP03843,4/13/2026 17:53,49:28.8,Completed,v2,Mobile,49:28.8,
APP03844,4/28/2026 15:43,,Abandoned,v2,Mobile,01:14.2,Upload failure
APP03845,1/14/2026 18:59,04:17.9,Completed,v2,Mobile,04:17.9,
APP03846,2/9/2026 9:45,56:17.6,Completed,v2,Web,56:17.6,
APP03847,4/15/2026 0:18,55:54.7,Completed,v2,Web,55:54.7,
APP03848,1/15/2026 13:06,,Abandoned,v2,Web,54:04.3,Long processing time
APP03849,2/3/2026 11:23,16:32.4,Completed,v2,Mobile,16:32.4,
APP03850,4/6/2026 14:46,40:35.6,Completed,v2,Web,40:35.6,
APP03851,4/30/2026 3:37,20:46.8,Completed,v2,Mobile,20:46.8,
APP03852,4/15/2026 20:37,,Abandoned,v2,Web,39:04.0,Unknown
APP03853,4/10/2026 17:14,,Abandoned,v2,Web,35:04.6,Upload failure
APP03854,2/19/2026 16:08,01:32.1,Completed,v2,Mobile,01:32.1,
APP03855,1/28/2026 2:19,02:40.3,Completed,v2,Web,02:40.3,
APP03856,3/19/2026 1:16,,Abandoned,v2,Mobile,16:43.5,Long processing time
APP03857,4/6/2026 16:21,,Abandoned,v2,Mobile,19:40.8,Upload failure
APP03858,1/6/2026 9:14,,Abandoned,v2,Mobile,59:46.2,Upload failure
APP03859,2/23/2026 5:07,23:14.0,Completed,v2,Mobile,23:14.0,
APP03860,4/10/2026 5:00,53:17.9,Completed,v2,Web,53:17.9,
APP03861,1/14/2026 1:35,,Abandoned,v2,Mobile,28:12.8,Upload failure
APP03862,1/25/2026 6:45,02:28.1,Completed,v2,Web,02:28.1,
APP03863,1/28/2026 2:42,,Abandoned,v2,Web,12:18.8,Upload failure
APP03864,2/28/2026 17:36,55:16.4,Completed,v2,Web,55:16.4,
APP03865,2/24/2026 2:35,,Abandoned,v2,Web,50:54.0,Upload failure
APP03866,1/2/2026 9:35,,Abandoned,v2,Web,29:10.0,Session timeout
APP03867,2/6/2026 0:01,,Abandoned,v2,Mobile,35:26.1,Long processing time
APP03868,3/16/2026 1:50,48:23.8,Completed,v2,Web,48:23.8,
APP03869,2/4/2026 10:56,57:44.2,Completed,v2,Web,57:44.2,
APP03870,4/24/2026 11:37,41:49.0,Completed,v2,Mobile,41:49.0,
APP03871,3/3/2026 8:50,31:15.2,Completed,v2,Web,31:15.2,
APP03872,1/18/2026 6:36,08:52.9,Completed,v2,Mobile,08:52.9,
APP03873,4/21/2026 8:03,,Abandoned,v2,Web,20:31.3,User left application
APP03874,3/17/2026 3:00,,Abandoned,v2,Mobile,48:17.3,Session timeout
APP03875,1/11/2026 11:00,16:55.4,Completed,v2,Mobile,16:55.4,
APP03876,2/16/2026 3:32,01:16.0,Completed,v2,Web,01:16.0,
APP03877,4/23/2026 19:29,,Abandoned,v2,Mobile,10:08.3,Unknown
APP03878,3/15/2026 12:54,,Abandoned,v2,Mobile,56:39.1,Upload failure
APP03879,3/5/2026 5:00,,Abandoned,v2,Web,18:58.5,Upload failure
APP03880,4/22/2026 13:40,,Abandoned,v2,Web,52:02.1,Unknown
APP03881,2/6/2026 13:42,,Abandoned,v2,Mobile,02:41.6,Long processing time
APP03882,3/8/2026 9:22,,Abandoned,v2,Mobile,12:13.4,Long processing time
APP03883,1/26/2026 12:36,13:33.1,Completed,v2,Mobile,13:33.1,
APP03884,1/19/2026 4:53,57:47.0,Completed,v2,Mobile,57:47.0,
APP03885,2/9/2026 6:46,49:32.6,Completed,v2,Mobile,49:32.6,
APP03886,2/17/2026 11:53,41:31.5,Completed,v2,Web,41:31.5,
APP03887,1/17/2026 1:02,23:43.9,Completed,v2,Mobile,23:43.9,
APP03888,2/10/2026 2:20,39:01.8,Completed,v2,Mobile,39:01.8,
APP03889,3/11/2026 20:12,,Abandoned,v2,Mobile,23:08.7,Upload failure
APP03890,1/12/2026 18:24,44:38.4,Completed,v2,Web,44:38.4,
APP03891,3/7/2026 0:11,28:01.9,Completed,v2,Web,28:01.9,
APP03892,1/20/2026 9:49,59:16.2,Completed,v2,Web,59:16.2,
APP03893,1/15/2026 12:47,31:56.8,Completed,v2,Mobile,31:56.8,
APP03894,3/19/2026 7:13,,Abandoned,v2,Mobile,28:13.3,Unknown
APP03895,3/22/2026 5:12,,Abandoned,v2,Web,31:34.1,Unknown
APP03896,4/1/2026 1:17,,Abandoned,v2,Mobile,07:33.2,Session timeout
APP03897,4/5/2026 2:28,36:01.4,Completed,v2,Web,36:01.4,
APP03898,3/16/2026 5:20,,Abandoned,v2,Web,34:18.1,Unknown
APP03899,2/15/2026 8:10,,Abandoned,v2,Mobile,03:02.8,Long processing time
APP03900,2/14/2026 20:54,,Abandoned,v2,Mobile,50:23.7,User left application
APP03901,4/13/2026 6:40,,Abandoned,v2,Web,08:45.6,Upload failure
APP03902,3/8/2026 17:10,24:53.5,Completed,v2,Mobile,24:53.5,
APP03903,3/5/2026 10:02,,Abandoned,v2,Web,31:11.9,Upload failure
APP03904,3/5/2026 3:19,,Abandoned,v2,Mobile,23:05.8,Upload failure
APP03905,4/4/2026 16:46,20:09.1,Completed,v2,Mobile,20:09.1,
APP03906,1/24/2026 10:48,55:48.9,Completed,v2,Mobile,55:48.9,
APP03907,2/15/2026 6:59,,Abandoned,v2,Web,54:27.5,Long processing time
APP03908,3/16/2026 22:46,02:38.5,Completed,v2,Mobile,02:38.5,
APP03909,2/8/2026 10:24,,Abandoned,v2,Mobile,19:22.2,Upload failure
APP03910,3/15/2026 1:39,59:28.7,Completed,v2,Mobile,59:28.7,
APP03911,2/8/2026 4:41,34:15.1,Completed,v2,Mobile,34:15.1,
APP03912,3/13/2026 15:34,19:38.9,Completed,v2,Web,19:38.9,
APP03913,4/2/2026 17:36,41:47.5,Completed,v2,Web,41:47.5,
APP03914,3/9/2026 15:34,26:45.6,Completed,v2,Web,26:45.6,
APP03915,2/4/2026 1:48,52:02.4,Completed,v2,Mobile,52:02.4,
APP03916,3/18/2026 20:03,10:49.2,Completed,v2,Mobile,10:49.2,
APP03917,1/16/2026 5:25,,Abandoned,v2,Web,04:41.9,User left application
APP03918,2/8/2026 8:10,,Abandoned,v2,Web,01:04.3,Unknown
APP03919,2/25/2026 19:15,,Abandoned,v2,Mobile,35:53.0,Long processing time
APP03920,2/7/2026 7:43,,Abandoned,v2,Mobile,02:28.9,Long processing time
APP03921,4/7/2026 2:40,,Abandoned,v2,Web,34:29.1,User left application
APP03922,3/4/2026 6:30,26:36.1,Completed,v2,Web,26:36.1,
APP03923,1/5/2026 16:07,21:26.8,Completed,v2,Web,21:26.8,
APP03924,4/20/2026 13:02,,Abandoned,v2,Mobile,17:27.6,Long processing time
APP03925,2/13/2026 19:18,46:56.2,Completed,v2,Web,46:56.2,
APP03926,2/19/2026 19:16,58:12.2,Completed,v2,Mobile,58:12.2,
APP03927,2/10/2026 10:16,,Abandoned,v2,Web,00:39.7,Long processing time
APP03928,4/6/2026 0:04,30:06.5,Completed,v2,Mobile,30:06.5,
APP03929,1/1/2026 8:07,,Abandoned,v2,Web,33:10.2,User left application
APP03930,3/15/2026 15:35,36:36.7,Completed,v2,Web,36:36.7,
APP03931,4/11/2026 2:47,47:43.3,Completed,v2,Mobile,47:43.3,
APP03932,3/1/2026 8:56,49:45.3,Completed,v2,Mobile,49:45.3,
APP03933,4/26/2026 10:37,21:01.3,Completed,v2,Web,21:01.3,
APP03934,2/8/2026 7:49,,Abandoned,v2,Mobile,59:14.3,Session timeout
APP03935,1/23/2026 11:30,13:03.4,Completed,v2,Mobile,13:03.4,
APP03936,1/20/2026 4:51,58:24.5,Completed,v2,Web,58:24.5,
APP03937,2/17/2026 18:18,,Abandoned,v2,Mobile,11:43.3,Upload failure
APP03938,2/21/2026 8:44,36:31.8,Completed,v2,Mobile,36:31.8,
APP03939,1/20/2026 17:07,23:35.4,Completed,v2,Mobile,23:35.4,
APP03940,4/5/2026 0:12,07:04.5,Completed,v2,Mobile,07:04.5,
APP03941,1/2/2026 16:43,,Abandoned,v2,Mobile,33:15.6,User left application
APP03942,3/10/2026 17:26,33:55.2,Completed,v2,Web,33:55.2,
APP03943,2/20/2026 17:15,21:49.4,Completed,v2,Web,21:49.4,
APP03944,4/17/2026 17:42,13:22.5,Completed,v2,Web,13:22.5,
APP03945,2/26/2026 23:48,27:03.4,Completed,v2,Mobile,27:03.4,
APP03946,3/9/2026 10:07,00:06.6,Completed,v2,Web,00:06.6,
APP03947,4/17/2026 18:04,15:48.1,Completed,v2,Web,15:48.1,
APP03948,2/19/2026 17:41,,Abandoned,v2,Mobile,40:52.5,Upload failure
APP03949,2/14/2026 8:36,,Abandoned,v2,Web,31:58.9,Long processing time
APP03950,1/13/2026 15:01,,Abandoned,v2,Mobile,40:25.6,Upload failure
APP03951,3/16/2026 1:37,26:26.3,Completed,v2,Web,26:26.3,
APP03952,4/1/2026 23:45,,Abandoned,v2,Web,42:16.3,Unknown
APP03953,3/8/2026 6:23,,Abandoned,v2,Mobile,51:16.4,User left application
APP03954,2/9/2026 6:47,57:47.7,Completed,v2,Web,57:47.7,
APP03955,3/10/2026 2:20,36:58.3,Completed,v2,Mobile,36:58.3,
APP03956,4/2/2026 20:20,,Abandoned,v2,Mobile,18:58.3,Session timeout
APP03957,2/24/2026 6:02,,Abandoned,v2,Web,49:06.9,Upload failure
APP03958,2/11/2026 10:42,,Abandoned,v2,Mobile,10:48.0,Upload failure
APP03959,4/17/2026 8:12,04:16.1,Completed,v2,Mobile,04:16.1,
APP03960,4/25/2026 1:38,,Abandoned,v2,Web,51:03.9,Upload failure
APP03961,2/13/2026 13:50,48:17.5,Completed,v2,Web,48:17.5,
APP03962,3/17/2026 19:48,38:11.9,Completed,v2,Web,38:11.9,
APP03963,3/14/2026 18:20,14:40.1,Completed,v2,Mobile,14:40.1,
APP03964,4/16/2026 10:48,06:46.5,Completed,v2,Web,06:46.5,
APP03965,1/29/2026 22:08,,Abandoned,v2,Mobile,06:41.3,Long processing time
APP03966,4/7/2026 10:15,11:10.5,Completed,v2,Mobile,11:10.5,
APP03967,1/20/2026 7:55,,Abandoned,v2,Web,19:44.2,User left application
APP03968,2/1/2026 15:57,,Abandoned,v2,Web,48:20.2,Long processing time
APP03969,2/7/2026 21:39,,Abandoned,v2,Web,33:32.8,User left application
APP03970,3/26/2026 12:35,,Abandoned,v2,Mobile,26:57.6,Upload failure
APP03971,2/10/2026 3:24,55:40.1,Completed,v2,Web,55:40.1,
APP03972,1/1/2026 9:59,07:23.0,Completed,v2,Mobile,07:23.0,
APP03973,1/6/2026 8:24,09:12.9,Completed,v2,Mobile,09:12.9,
APP03974,1/31/2026 2:39,,Abandoned,v2,Web,14:28.8,User left application
APP03975,4/12/2026 9:40,,Abandoned,v2,Mobile,24:44.7,User left application
APP03976,4/11/2026 6:07,,Abandoned,v2,Web,58:41.4,User left application
APP03977,3/13/2026 15:34,,Abandoned,v2,Mobile,38:10.4,Upload failure
APP03978,4/5/2026 19:31,36:59.0,Completed,v2,Mobile,36:59.0,
APP03979,2/1/2026 8:05,,Abandoned,v2,Mobile,58:49.7,Session timeout
APP03980,4/9/2026 19:15,15:15.0,Completed,v2,Web,15:15.0,
APP03981,3/4/2026 12:32,,Abandoned,v2,Web,25:52.6,Upload failure
APP03982,3/30/2026 1:39,18:11.9,Completed,v2,Web,18:11.9,
APP03983,3/16/2026 17:18,,Abandoned,v2,Web,03:00.5,Long processing time
APP03984,3/24/2026 17:04,11:28.7,Completed,v2,Web,11:28.7,
APP03985,4/1/2026 4:03,,Abandoned,v2,Web,43:44.0,User left application
APP03986,3/29/2026 2:40,,Abandoned,v2,Mobile,19:46.2,Upload failure
APP03987,1/18/2026 17:41,53:53.0,Completed,v2,Mobile,53:53.0,
APP03988,1/6/2026 23:57,,Abandoned,v2,Web,56:18.6,Session timeout
APP03989,4/30/2026 7:56,41:35.1,Completed,v2,Mobile,41:35.1,
APP03990,3/4/2026 10:38,57:14.6,Completed,v2,Mobile,57:14.6,
APP03991,3/10/2026 18:17,44:35.3,Completed,v2,Web,44:35.3,
APP03992,2/16/2026 3:18,,Abandoned,v2,Web,17:07.7,Session timeout
APP03993,2/25/2026 17:45,,Abandoned,v2,Web,14:48.2,Upload failure
APP03994,3/28/2026 15:33,38:02.4,Completed,v2,Web,38:02.4,
APP03995,3/5/2026 20:45,06:51.1,Completed,v2,Mobile,06:51.1,
APP03996,2/12/2026 23:00,08:06.2,Completed,v2,Mobile,08:06.2,
APP03997,4/13/2026 19:25,25:27.4,Completed,v2,Mobile,25:27.4,
APP03998,3/27/2026 3:56,17:13.9,Completed,v2,Mobile,17:13.9,
APP03999,2/6/2026 0:31,,Abandoned,v2,Mobile,34:48.2,Session timeout
APP04000,3/11/2026 5:42,53:45.4,Completed,v2,Mobile,53:45.4,
