processing_id,application_id,upload_id,start_time,end_time,result,validation_type,document_hash,validation_reason
PROC000001,APP00001,UP000001,40:23.8,48:34.0,Pass,Initial,HASH_IDENTITY_001,
PROC000002,APP00001,UP000002,34:36.4,48:16.4,Pass,Initial,HASH_INCOME_001,
PROC000003,APP00002,UP000003,21:38.0,26:34.0,Pass,Initial,HASH_IDENTITY_002,
PROC000004,APP00002,UP000004,26:54.0,28:54.9,Pass,Initial,HASH_INCOME_002,
PROC000005,APP00003,UP000005,46:55.8,47:55.8,Pass,Initial,HASH_IDENTITY_003,
PROC000006,APP00003,UP000006,28:47.2,32:00.6,Pass,Initial,HASH_INCOME_003,
PROC000007,APP00004,UP000007,26:47.1,28:14.4,Pass,Initial,HASH_IDENTITY_004,
PROC000008,APP00004,UP000008,27:29.7,39:26.7,Pass,Initial,HASH_INCOME_004,
PROC000009,APP00005,UP000009,35:55.6,49:14.8,Pass,Initial,HASH_IDENTITY_005,
PROC000010,APP00005,UP000010,55:48.6,59:39.9,Pass,Initial,HASH_INCOME_005,
PROC000011,APP00006,UP000011,49:28.1,58:20.0,Pass,Initial,HASH_IDENTITY_006,
PROC000012,APP00006,UP000012,52:16.9,59:52.4,Pass,Initial,HASH_INCOME_006,
PROC000013,APP00007,UP000013,02:18.3,08:34.0,Pass,Initial,HASH_IDENTITY_007,
PROC000014,APP00007,UP000014,05:21.4,12:02.7,Pass,Initial,HASH_INCOME_007,
PROC000015,APP00008,UP000015,09:24.4,17:43.6,Fail,Initial,HASH_IDENTITY_008,
PROC000016,APP00008,UP000017,09:29.0,12:44.5,Fail,Re-validation,HASH_INCOME_008,Retry after failed upload
PROC000017,APP00009,UP000019,13:41.1,17:41.5,Pass,Re-validation,HASH_IDENTITY_009,Retry after failed upload
PROC000018,APP00009,UP000020,37:19.3,47:16.4,Pass,Re-validation,HASH_INCOME_009,System could not reuse prior result
PROC000019,APP00010,UP000021,35:11.5,46:43.8,Pass,Initial,HASH_IDENTITY_010,
PROC000020,APP00010,UP000022,40:01.2,41:17.0,Pass,Initial,HASH_INCOME_010,
PROC000021,APP00011,UP000023,56:35.2,08:23.5,Pass,Initial,HASH_IDENTITY_011,
PROC000022,APP00011,UP000024,44:30.3,50:04.3,Pass,Initial,HASH_INCOME_011,
PROC000023,APP00012,UP000025,40:00.2,47:49.8,Pass,Initial,HASH_IDENTITY_012,
PROC000024,APP00012,UP000026,32:16.7,41:29.7,Pass,Initial,HASH_INCOME_012,
PROC000025,APP00013,UP000027,36:32.0,48:56.6,Pass,Initial,HASH_IDENTITY_013,
PROC000026,APP00013,UP000028,47:21.2,52:52.2,Pass,Initial,HASH_INCOME_013,
PROC000027,APP00014,UP000029,14:28.4,16:19.8,Pass,Initial,HASH_IDENTITY_014,
PROC000028,APP00014,UP000030,08:35.7,16:37.7,Pass,Initial,HASH_INCOME_014,
PROC000029,APP00015,UP000033,27:58.6,33:32.4,Pass,Re-validation,HASH_IDENTITY_015,Retry after failed upload
PROC000030,APP00015,UP000034,27:55.4,33:33.6,Pass,Initial,HASH_INCOME_015,
PROC000031,APP00016,UP000035,39:19.8,41:10.4,Pass,Initial,HASH_IDENTITY_016,
PROC000032,APP00016,UP000036,44:44.3,48:45.6,Pass,Initial,HASH_INCOME_016,
PROC000033,APP00017,UP000037,13:23.2,19:42.1,Pass,Initial,HASH_IDENTITY_017,
PROC000034,APP00017,UP000038,40:16.6,49:05.7,Pass,Initial,HASH_INCOME_017,
PROC000035,APP00018,UP000039,12:23.5,16:54.9,Pass,Initial,HASH_IDENTITY_018,
PROC000036,APP00018,UP000040,19:04.4,21:16.9,Fail,Initial,HASH_INCOME_018,
PROC000037,APP00019,UP000041,17:17.9,23:21.8,Pass,Re-validation,HASH_IDENTITY_019,System could not reuse prior result
PROC000038,APP00019,UP000042,27:34.1,31:49.2,Pass,Initial,HASH_INCOME_019,
PROC000039,APP00020,UP000043,46:57.2,54:30.9,Pass,Initial,HASH_IDENTITY_020,
PROC000040,APP00020,UP000044,53:27.2,57:22.1,Pass,Initial,HASH_INCOME_020,
PROC000041,APP00021,UP000045,15:51.0,19:30.9,Pass,Initial,HASH_IDENTITY_021,
PROC000042,APP00021,UP000046,23:00.1,26:19.2,Pass,Initial,HASH_INCOME_021,
PROC000043,APP00022,UP000047,08:16.3,14:19.8,Pass,Initial,HASH_IDENTITY_022,
PROC000044,APP00022,UP000048,12:47.4,18:09.5,Pass,Initial,HASH_INCOME_022,
PROC000045,APP00023,UP000049,56:50.4,59:27.9,Pass,Initial,HASH_IDENTITY_023,
PROC000046,APP00023,UP000050,15:46.6,20:55.0,Fail,Initial,HASH_INCOME_023,
PROC000047,APP00024,UP000051,49:23.5,51:12.2,Pass,Initial,HASH_IDENTITY_024,
PROC000048,APP00024,UP000052,46:20.7,51:48.8,Pass,Initial,HASH_INCOME_024,
PROC000049,APP00025,UP000053,11:36.4,20:51.6,Fail,Initial,HASH_IDENTITY_025,
PROC000050,APP00025,UP000054,09:59.8,18:42.5,Pass,Initial,HASH_INCOME_025,
PROC000051,APP00026,UP000056,35:34.0,40:36.2,Pass,Re-validation,HASH_IDENTITY_026,Retry after failed upload
PROC000052,APP00026,UP000057,39:38.3,44:42.5,Pass,Initial,HASH_INCOME_026,
PROC000053,APP00027,UP000058,15:06.1,16:06.1,Pass,Initial,HASH_IDENTITY_027,
PROC000054,APP00027,UP000060,09:56.1,14:37.2,Pass,Re-validation,HASH_INCOME_027,Retry after failed upload
PROC000055,APP00028,UP000061,44:51.2,52:40.3,Pass,Initial,HASH_IDENTITY_028,
PROC000056,APP00028,UP000062,49:45.6,51:16.3,Pass,Initial,HASH_INCOME_028,
PROC000057,APP00029,UP000063,09:47.8,14:30.3,Pass,Initial,HASH_IDENTITY_029,
PROC000058,APP00029,UP000065,06:31.8,14:38.2,Pass,Re-validation,HASH_INCOME_029,Retry after failed upload
PROC000059,APP00030,UP000066,34:52.9,35:58.5,Pass,Initial,HASH_IDENTITY_030,
PROC000060,APP00030,UP000067,33:37.9,34:37.9,Pass,Initial,HASH_INCOME_030,
PROC000061,APP00031,UP000068,33:55.6,36:20.4,Pass,Initial,HASH_IDENTITY_031,
PROC000062,APP00031,UP000069,44:59.3,57:29.0,Pass,Initial,HASH_INCOME_031,
PROC000063,APP00032,UP000070,59:34.7,10:54.1,Pass,Initial,HASH_IDENTITY_032,
PROC000064,APP00032,UP000071,07:39.9,17:09.0,Pass,Initial,HASH_INCOME_032,
PROC000065,APP00033,UP000072,26:59.5,32:42.6,Pass,Initial,HASH_IDENTITY_033,
PROC000066,APP00033,UP000073,33:57.3,43:25.6,Pass,Initial,HASH_INCOME_033,
PROC000067,APP00034,UP000074,25:17.0,30:01.8,Pass,Initial,HASH_IDENTITY_034,
PROC000068,APP00034,UP000075,35:43.2,45:45.1,Pass,Initial,HASH_INCOME_034,
PROC000069,APP00035,UP000076,58:46.8,03:38.1,Pass,Initial,HASH_IDENTITY_035,
PROC000070,APP00035,UP000077,06:46.6,14:37.5,Fail,Initial,HASH_INCOME_035,
PROC000071,APP00036,UP000078,32:01.2,39:09.5,Pass,Initial,HASH_IDENTITY_036,
PROC000072,APP00036,UP000079,36:56.2,40:33.4,Pass,Initial,HASH_INCOME_036,
PROC000073,APP00037,UP000080,58:21.5,10:13.9,Pass,Initial,HASH_IDENTITY_037,
PROC000074,APP00037,UP000081,02:37.3,08:45.8,Pass,Initial,HASH_INCOME_037,
PROC000075,APP00038,UP000082,50:45.6,57:20.2,Pass,Initial,HASH_IDENTITY_038,
PROC000076,APP00038,UP000083,55:35.7,57:45.2,Pass,Re-validation,HASH_INCOME_038,Previous validation expired
PROC000077,APP00039,UP000084,42:41.6,54:19.7,Pass,Initial,HASH_IDENTITY_039,
PROC000078,APP00039,UP000085,48:31.5,55:03.6,Pass,Initial,HASH_INCOME_039,
PROC000079,APP00040,UP000088,12:17.9,14:06.4,Pass,Re-validation,HASH_IDENTITY_040,Retry after failed upload
PROC000080,APP00040,UP000089,57:10.9,05:56.5,Pass,Initial,HASH_INCOME_040,
PROC000081,APP00041,UP000090,20:59.3,28:22.2,Pass,Initial,HASH_IDENTITY_041,
PROC000082,APP00041,UP000091,13:56.9,25:19.9,Pass,Initial,HASH_INCOME_041,
PROC000083,APP00042,UP000092,01:08.8,02:08.8,Pass,Initial,HASH_IDENTITY_042,
PROC000084,APP00042,UP000093,10:05.1,12:13.6,Pass,Initial,HASH_INCOME_042,
PROC000085,APP00043,UP000094,45:46.1,50:13.4,Pass,Initial,HASH_IDENTITY_043,
PROC000086,APP00043,UP000096,52:05.7,57:28.0,Pass,Re-validation,HASH_INCOME_043,Retry after failed upload
PROC000087,APP00044,UP000099,13:42.6,22:33.1,Pass,Re-validation,HASH_IDENTITY_044,Retry after failed upload
PROC000088,APP00044,UP000100,00:36.5,08:39.5,Pass,Initial,HASH_INCOME_044,
PROC000089,APP00045,UP000101,45:44.9,52:09.0,Pass,Initial,HASH_IDENTITY_045,
PROC000090,APP00045,UP000102,47:17.5,48:17.5,Pass,Initial,HASH_INCOME_045,
PROC000091,APP00046,UP000103,42:16.3,51:48.7,Pass,Initial,HASH_IDENTITY_046,
PROC000092,APP00046,UP000104,41:04.8,48:22.3,Pass,Re-validation,HASH_INCOME_046,Previous validation expired
PROC000093,APP00047,UP000105,16:15.0,20:14.8,Pass,Initial,HASH_IDENTITY_047,
PROC000094,APP00047,UP000106,30:57.1,37:49.9,Pass,Initial,HASH_INCOME_047,
PROC000095,APP00048,UP000107,23:46.7,29:32.2,Pass,Re-validation,HASH_IDENTITY_048,Rule-triggered re-verification
PROC000096,APP00048,UP000108,24:13.9,34:17.7,Pass,Initial,HASH_INCOME_048,
PROC000097,APP00049,UP000111,39:45.0,40:45.0,Pass,Re-validation,HASH_IDENTITY_049,Retry after failed upload
PROC000098,APP00049,UP000112,31:56.8,39:08.7,Pass,Initial,HASH_INCOME_049,
PROC000099,APP00050,UP000113,55:25.7,08:31.1,Pass,Initial,HASH_IDENTITY_050,
PROC000100,APP00050,UP000114,50:53.1,58:56.3,Pass,Initial,HASH_INCOME_050,
PROC000101,APP00051,UP000115,50:09.3,57:57.1,Pass,Initial,HASH_IDENTITY_051,
PROC000102,APP00051,UP000116,55:33.4,02:52.1,Pass,Initial,HASH_INCOME_051,
PROC000103,APP00052,UP000117,23:20.5,29:54.3,Pass,Initial,HASH_IDENTITY_052,
PROC000104,APP00052,UP000118,33:57.6,40:56.3,Pass,Initial,HASH_INCOME_052,
PROC000105,APP00053,UP000119,46:14.2,59:21.8,Pass,Initial,HASH_IDENTITY_053,
PROC000106,APP00053,UP000120,53:05.3,01:17.3,Pass,Initial,HASH_INCOME_053,
PROC000107,APP00054,UP000121,55:17.9,59:03.8,Pass,Initial,HASH_IDENTITY_054,
PROC000108,APP00054,UP000122,52:12.8,53:48.9,Pass,Initial,HASH_INCOME_054,
PROC000109,APP00055,UP000123,22:13.0,29:54.0,Pass,Initial,HASH_IDENTITY_055,
PROC000110,APP00055,UP000124,38:08.5,50:45.1,Pass,Initial,HASH_INCOME_055,
PROC000111,APP00056,UP000125,40:58.2,42:19.4,Pass,Initial,HASH_IDENTITY_056,
PROC000112,APP00056,UP000126,48:32.3,55:22.2,Pass,Re-validation,HASH_INCOME_056,System could not reuse prior result
PROC000113,APP00057,UP000127,46:37.4,57:17.4,Pass,Initial,HASH_IDENTITY_057,
PROC000114,APP00057,UP000128,55:49.2,58:42.6,Pass,Initial,HASH_INCOME_057,
PROC000115,APP00058,UP000130,23:31.9,24:31.9,Fail,Re-validation,HASH_IDENTITY_058,Retry after failed upload
PROC000116,APP00058,UP000131,26:25.6,29:22.3,Pass,Initial,HASH_INCOME_058,
PROC000117,APP00059,UP000132,05:32.1,06:32.1,Pass,Initial,HASH_IDENTITY_059,
PROC000118,APP00059,UP000133,19:28.5,23:52.4,Pass,Initial,HASH_INCOME_059,
PROC000119,APP00060,UP000135,08:11.3,09:11.3,Pass,Re-validation,HASH_IDENTITY_060,Retry after failed upload
PROC000120,APP00060,UP000136,08:26.8,11:58.7,Pass,Initial,HASH_INCOME_060,
PROC000121,APP00061,UP000137,58:11.7,01:50.3,Pass,Initial,HASH_IDENTITY_061,
PROC000122,APP00061,UP000138,38:02.4,44:07.4,Pass,Initial,HASH_INCOME_061,
PROC000123,APP00062,UP000139,46:18.0,55:31.2,Pass,Initial,HASH_IDENTITY_062,
PROC000124,APP00062,UP000140,58:42.3,05:59.7,Pass,Initial,HASH_INCOME_062,
PROC000125,APP00063,UP000141,13:38.8,17:13.9,Pass,Initial,HASH_IDENTITY_063,
PROC000126,APP00063,UP000142,12:01.7,15:32.5,Pass,Initial,HASH_INCOME_063,
PROC000127,APP00064,UP000143,34:52.8,45:03.6,Pass,Initial,HASH_IDENTITY_064,
PROC000128,APP00064,UP000144,40:13.5,44:23.1,Pass,Re-validation,HASH_INCOME_064,Rule-triggered re-verification
PROC000129,APP00065,UP000145,21:05.6,23:22.4,Pass,Initial,HASH_IDENTITY_065,
PROC000130,APP00065,UP000146,13:18.4,16:08.5,Pass,Initial,HASH_INCOME_065,
PROC000131,APP00066,UP000147,23:37.7,28:41.1,Pass,Initial,HASH_IDENTITY_066,
PROC000132,APP00066,UP000148,26:56.4,34:56.6,Pass,Initial,HASH_INCOME_066,
PROC000133,APP00067,UP000149,37:28.5,39:55.3,Pass,Initial,HASH_IDENTITY_067,
PROC000134,APP00067,UP000150,38:56.4,40:05.7,Pass,Initial,HASH_INCOME_067,
PROC000135,APP00068,UP000151,50:41.6,56:04.6,Pass,Initial,HASH_IDENTITY_068,
PROC000136,APP00068,UP000153,56:40.0,59:31.1,Pass,Re-validation,HASH_INCOME_068,Retry after failed upload
PROC000137,APP00069,UP000154,38:35.2,45:45.5,Pass,Initial,HASH_IDENTITY_069,
PROC000138,APP00069,UP000155,57:03.2,07:33.2,Pass,Initial,HASH_INCOME_069,
PROC000139,APP00070,UP000156,19:47.4,28:54.7,Pass,Initial,HASH_IDENTITY_070,
PROC000140,APP00070,UP000157,16:28.2,26:11.1,Fail,Initial,HASH_INCOME_070,
PROC000141,APP00071,UP000158,43:11.1,44:11.1,Pass,Initial,HASH_IDENTITY_071,
PROC000142,APP00071,UP000159,00:55.7,07:16.5,Pass,Initial,HASH_INCOME_071,
PROC000143,APP00072,UP000160,56:00.5,01:44.7,Pass,Initial,HASH_IDENTITY_072,
PROC000144,APP00072,UP000161,59:28.3,00:28.3,Fail,Initial,HASH_INCOME_072,
PROC000145,APP00073,UP000162,11:20.6,12:20.6,Pass,Re-validation,HASH_IDENTITY_073,System could not reuse prior result
PROC000146,APP00073,UP000163,02:45.1,08:27.7,Pass,Initial,HASH_INCOME_073,
PROC000147,APP00074,UP000164,03:21.6,09:45.5,Pass,Initial,HASH_IDENTITY_074,
PROC000148,APP00074,UP000165,20:20.0,25:15.1,Pass,Initial,HASH_INCOME_074,
PROC000149,APP00075,UP000166,43:39.0,49:34.2,Fail,Initial,HASH_IDENTITY_075,
PROC000150,APP00075,UP000167,46:27.7,56:05.0,Pass,Initial,HASH_INCOME_075,
PROC000151,APP00076,UP000168,47:47.2,48:59.4,Pass,Initial,HASH_IDENTITY_076,
PROC000152,APP00076,UP000169,52:12.5,06:04.2,Pass,Initial,HASH_INCOME_076,
PROC000153,APP00077,UP000170,37:09.8,38:09.8,Pass,Initial,HASH_IDENTITY_077,
PROC000154,APP00077,UP000171,36:44.4,44:27.7,Pass,Initial,HASH_INCOME_077,
PROC000155,APP00078,UP000172,41:43.9,45:54.9,Pass,Initial,HASH_IDENTITY_078,
PROC000156,APP00078,UP000173,57:30.2,09:22.0,Pass,Initial,HASH_INCOME_078,
PROC000157,APP00079,UP000174,32:21.8,43:35.4,Pass,Initial,HASH_IDENTITY_079,
PROC000158,APP00079,UP000175,37:02.3,44:28.3,Fail,Initial,HASH_INCOME_079,
PROC000159,APP00080,UP000176,27:06.0,37:25.6,Pass,Initial,HASH_IDENTITY_080,
PROC000160,APP00080,UP000177,25:13.7,33:56.3,Pass,Initial,HASH_INCOME_080,
PROC000161,APP00081,UP000178,01:32.1,06:37.9,Pass,Initial,HASH_IDENTITY_081,
PROC000162,APP00081,UP000181,01:21.5,08:16.1,Pass,Re-validation,HASH_INCOME_081,Retry after failed upload
PROC000163,APP00082,UP000182,38:10.8,39:10.8,Pass,Initial,HASH_IDENTITY_082,
PROC000164,APP00082,UP000183,37:51.6,44:07.7,Pass,Initial,HASH_INCOME_082,
PROC000165,APP00083,UP000184,52:09.0,59:35.2,Pass,Initial,HASH_IDENTITY_083,
PROC000166,APP00083,UP000185,53:35.0,06:30.0,Pass,Initial,HASH_INCOME_083,
PROC000167,APP00084,UP000186,08:43.8,10:07.2,Pass,Initial,HASH_IDENTITY_084,
PROC000168,APP00084,UP000187,02:28.8,03:28.8,Pass,Re-validation,HASH_INCOME_084,Rule-triggered re-verification
PROC000169,APP00085,UP000188,56:08.5,02:36.0,Pass,Initial,HASH_IDENTITY_085,
PROC000170,APP00085,UP000189,04:26.4,08:10.6,Pass,Initial,HASH_INCOME_085,
PROC000171,APP00086,UP000190,18:05.6,19:24.4,Pass,Initial,HASH_IDENTITY_086,
PROC000172,APP00086,UP000191,15:30.0,23:54.9,Fail,Initial,HASH_INCOME_086,
PROC000173,APP00087,UP000192,27:17.0,28:25.5,Pass,Initial,HASH_IDENTITY_087,
PROC000174,APP00087,UP000193,27:24.3,35:25.7,Pass,Initial,HASH_INCOME_087,
PROC000175,APP00088,UP000194,22:20.0,28:18.1,Fail,Initial,HASH_IDENTITY_088,
PROC000176,APP00088,UP000195,28:30.3,31:38.4,Pass,Initial,HASH_INCOME_088,
PROC000177,APP00089,UP000197,40:11.1,50:47.6,Fail,Re-validation,HASH_IDENTITY_089,Retry after failed upload
PROC000178,APP00089,UP000198,33:07.8,34:07.8,Pass,Initial,HASH_INCOME_089,
PROC000179,APP00090,UP000199,06:08.4,07:08.4,Fail,Initial,HASH_IDENTITY_090,
PROC000180,APP00090,UP000200,08:03.0,16:03.9,Pass,Initial,HASH_INCOME_090,
PROC000181,APP00091,UP000201,30:43.7,32:03.8,Pass,Initial,HASH_IDENTITY_091,
PROC000182,APP00091,UP000202,46:25.7,54:43.9,Pass,Initial,HASH_INCOME_091,
PROC000183,APP00092,UP000203,08:54.9,17:16.4,Pass,Initial,HASH_IDENTITY_092,
PROC000184,APP00092,UP000204,13:17.1,20:38.2,Pass,Re-validation,HASH_INCOME_092,Rule-triggered re-verification
PROC000185,APP00093,UP000207,14:54.0,16:47.8,Pass,Re-validation,HASH_IDENTITY_093,Retry after failed upload
PROC000186,APP00093,UP000208,13:30.6,20:17.2,Pass,Initial,HASH_INCOME_093,
PROC000187,APP00094,UP000211,59:09.0,02:06.8,Pass,Re-validation,HASH_IDENTITY_094,Retry after failed upload
PROC000188,APP00094,UP000212,59:03.7,11:25.5,Pass,Initial,HASH_INCOME_094,
PROC000189,APP00095,UP000213,44:45.6,46:42.4,Pass,Initial,HASH_IDENTITY_095,
PROC000190,APP00095,UP000214,00:44.4,01:44.4,Pass,Re-validation,HASH_INCOME_095,System could not reuse prior result
PROC000191,APP00096,UP000215,18:33.8,19:33.8,Pass,Initial,HASH_IDENTITY_096,
PROC000192,APP00096,UP000216,18:36.8,21:53.7,Pass,Initial,HASH_INCOME_096,
PROC000193,APP00097,UP000217,41:31.6,42:31.6,Pass,Initial,HASH_IDENTITY_097,
PROC000194,APP00097,UP000218,02:30.7,11:35.6,Pass,Initial,HASH_INCOME_097,
PROC000195,APP00098,UP000219,59:54.1,01:27.4,Pass,Initial,HASH_IDENTITY_098,
PROC000196,APP00098,UP000221,17:23.6,34:06.0,Pass,Re-validation,HASH_INCOME_098,Retry after failed upload
PROC000197,APP00099,UP000222,45:22.4,46:22.4,Pass,Initial,HASH_IDENTITY_099,
PROC000198,APP00099,UP000223,45:09.1,51:11.5,Pass,Initial,HASH_INCOME_099,
PROC000199,APP00100,UP000224,04:09.4,11:43.0,Pass,Initial,HASH_IDENTITY_100,
PROC000200,APP00100,UP000225,06:57.0,07:57.0,Pass,Initial,HASH_INCOME_100,
PROC000201,APP00101,UP000226,59:26.2,00:26.2,Pass,Initial,HASH_IDENTITY_101,
PROC000202,APP00101,UP000229,01:56.4,02:56.4,Pass,Re-validation,HASH_INCOME_101,Retry after failed upload
PROC000203,APP00102,UP000230,15:52.5,20:06.0,Pass,Initial,HASH_IDENTITY_102,
PROC000204,APP00102,UP000231,43:31.4,56:08.4,Pass,Initial,HASH_INCOME_102,
PROC000205,APP00103,UP000232,57:13.5,00:07.9,Pass,Initial,HASH_IDENTITY_103,
PROC000206,APP00103,UP000233,02:10.4,12:24.1,Pass,Initial,HASH_INCOME_103,
PROC000207,APP00104,UP000234,13:18.8,16:32.2,Pass,Initial,HASH_IDENTITY_104,
PROC000208,APP00104,UP000235,27:24.0,31:40.0,Pass,Initial,HASH_INCOME_104,
PROC000209,APP00105,UP000236,15:45.1,16:45.1,Pass,Initial,HASH_IDENTITY_105,
PROC000210,APP00105,UP000237,23:11.6,32:03.8,Fail,Initial,HASH_INCOME_105,
PROC000211,APP00106,UP000238,08:35.1,22:38.5,Pass,Initial,HASH_IDENTITY_106,
PROC000212,APP00106,UP000239,23:45.8,29:23.7,Pass,Initial,HASH_INCOME_106,
PROC000213,APP00107,UP000242,54:59.8,07:33.6,Pass,Re-validation,HASH_IDENTITY_107,Retry after failed upload
PROC000214,APP00107,UP000243,07:41.0,16:29.0,Pass,Initial,HASH_INCOME_107,
PROC000215,APP00108,UP000244,09:42.1,12:32.3,Pass,Re-validation,HASH_IDENTITY_108,Previous validation expired
PROC000216,APP00108,UP000245,10:53.5,21:54.2,Pass,Initial,HASH_INCOME_108,
PROC000217,APP00109,UP000246,29:34.1,34:21.9,Pass,Re-validation,HASH_IDENTITY_109,Previous validation expired
PROC000218,APP00109,UP000247,24:48.8,28:08.1,Pass,Initial,HASH_INCOME_109,
PROC000219,APP00110,UP000248,33:33.3,48:41.9,Pass,Initial,HASH_IDENTITY_110,
PROC000220,APP00110,UP000249,52:25.4,00:15.7,Pass,Initial,HASH_INCOME_110,
PROC000221,APP00111,UP000250,49:43.6,56:28.7,Pass,Initial,HASH_IDENTITY_111,
PROC000222,APP00111,UP000251,52:17.5,56:10.2,Pass,Initial,HASH_INCOME_111,
PROC000223,APP00112,UP000252,01:21.3,09:31.6,Pass,Initial,HASH_IDENTITY_112,
PROC000224,APP00112,UP000253,44:37.9,47:06.6,Pass,Initial,HASH_INCOME_112,
PROC000225,APP00113,UP000254,33:50.1,40:06.8,Pass,Initial,HASH_IDENTITY_113,
PROC000226,APP00113,UP000255,23:50.1,26:48.6,Pass,Initial,HASH_INCOME_113,
PROC000227,APP00114,UP000256,38:43.1,48:49.4,Pass,Initial,HASH_IDENTITY_114,
PROC000228,APP00114,UP000257,40:37.4,41:37.4,Pass,Initial,HASH_INCOME_114,
PROC000229,APP00115,UP000258,30:45.8,31:45.8,Pass,Initial,HASH_IDENTITY_115,
PROC000230,APP00115,UP000259,43:13.5,45:38.8,Pass,Initial,HASH_INCOME_115,
PROC000231,APP00116,UP000260,46:00.2,52:00.5,Pass,Initial,HASH_IDENTITY_116,
PROC000232,APP00116,UP000261,02:01.5,08:44.1,Pass,Initial,HASH_INCOME_116,
PROC000233,APP00117,UP000262,19:17.9,28:40.0,Pass,Initial,HASH_IDENTITY_117,
PROC000234,APP00117,UP000263,32:29.7,41:34.6,Pass,Initial,HASH_INCOME_117,
PROC000235,APP00118,UP000264,35:39.8,41:18.5,Pass,Initial,HASH_IDENTITY_118,
PROC000236,APP00118,UP000265,45:05.6,53:37.2,Pass,Initial,HASH_INCOME_118,
PROC000237,APP00119,UP000266,10:56.0,21:18.8,Fail,Initial,HASH_IDENTITY_119,
PROC000238,APP00119,UP000269,06:42.0,13:28.2,Pass,Re-validation,HASH_INCOME_119,Retry after failed upload
PROC000239,APP00120,UP000270,23:09.1,25:20.0,Pass,Initial,HASH_IDENTITY_120,
PROC000240,APP00120,UP000272,32:28.3,44:23.5,Pass,Re-validation,HASH_INCOME_120,Retry after failed upload
PROC000241,APP00121,UP000273,00:22.1,01:22.1,Fail,Initial,HASH_IDENTITY_121,
PROC000242,APP00121,UP000274,55:04.6,56:24.0,Pass,Initial,HASH_INCOME_121,
PROC000243,APP00122,UP000275,19:37.4,25:28.5,Pass,Initial,HASH_IDENTITY_122,
PROC000244,APP00122,UP000276,27:21.6,40:46.8,Pass,Initial,HASH_INCOME_122,
PROC000245,APP00123,UP000277,27:55.4,38:17.3,Pass,Initial,HASH_IDENTITY_123,
PROC000246,APP00123,UP000278,36:18.3,37:49.0,Pass,Initial,HASH_INCOME_123,
PROC000247,APP00124,UP000279,54:53.1,00:28.0,Pass,Initial,HASH_IDENTITY_124,
PROC000248,APP00124,UP000280,09:15.1,16:21.5,Pass,Initial,HASH_INCOME_124,
PROC000249,APP00125,UP000281,05:43.7,14:18.4,Pass,Initial,HASH_IDENTITY_125,
PROC000250,APP00125,UP000282,59:19.4,12:22.4,Pass,Initial,HASH_INCOME_125,
PROC000251,APP00126,UP000283,42:30.4,43:30.4,Pass,Initial,HASH_IDENTITY_126,
PROC000252,APP00126,UP000284,39:01.6,46:39.4,Pass,Initial,HASH_INCOME_126,
PROC000253,APP00127,UP000285,43:33.5,48:44.6,Pass,Initial,HASH_IDENTITY_127,
PROC000254,APP00127,UP000286,40:58.5,51:23.6,Pass,Initial,HASH_INCOME_127,
PROC000255,APP00128,UP000287,37:15.6,51:20.6,Pass,Re-validation,HASH_IDENTITY_128,Previous validation expired
PROC000256,APP00128,UP000288,53:45.4,01:57.0,Pass,Initial,HASH_INCOME_128,
PROC000257,APP00129,UP000289,11:13.3,16:09.2,Pass,Initial,HASH_IDENTITY_129,
PROC000258,APP00129,UP000290,13:59.2,18:29.1,Pass,Initial,HASH_INCOME_129,
PROC000259,APP00130,UP000291,33:22.1,38:18.6,Pass,Re-validation,HASH_IDENTITY_130,Rule-triggered re-verification
PROC000260,APP00130,UP000292,46:57.3,53:04.9,Pass,Initial,HASH_INCOME_130,
PROC000261,APP00131,UP000293,26:00.7,30:06.2,Pass,Initial,HASH_IDENTITY_131,
PROC000262,APP00131,UP000294,18:57.2,30:08.3,Pass,Initial,HASH_INCOME_131,
PROC000263,APP00132,UP000295,16:18.4,23:04.3,Pass,Initial,HASH_IDENTITY_132,
PROC000264,APP00132,UP000296,37:30.0,48:08.2,Pass,Initial,HASH_INCOME_132,
PROC000265,APP00133,UP000297,09:14.5,10:14.5,Pass,Initial,HASH_IDENTITY_133,
PROC000266,APP00133,UP000298,07:07.3,12:00.1,Pass,Initial,HASH_INCOME_133,
PROC000267,APP00134,UP000299,44:50.4,51:58.4,Pass,Initial,HASH_IDENTITY_134,
PROC000268,APP00134,UP000300,58:31.5,02:45.5,Fail,Initial,HASH_INCOME_134,
PROC000269,APP00135,UP000301,20:21.1,29:55.3,Pass,Initial,HASH_IDENTITY_135,
PROC000270,APP00135,UP000302,26:13.7,27:13.7,Pass,Initial,HASH_INCOME_135,
PROC000271,APP00136,UP000303,43:59.2,49:29.2,Pass,Re-validation,HASH_IDENTITY_136,Rule-triggered re-verification
PROC000272,APP00136,UP000304,01:39.0,05:11.2,Pass,Initial,HASH_INCOME_136,
PROC000273,APP00137,UP000305,46:46.6,51:22.1,Fail,Initial,HASH_IDENTITY_137,
PROC000274,APP00137,UP000306,53:51.1,01:28.3,Pass,Initial,HASH_INCOME_137,
PROC000275,APP00138,UP000307,56:50.7,02:40.0,Pass,Initial,HASH_IDENTITY_138,
PROC000276,APP00138,UP000308,51:37.9,04:07.2,Pass,Initial,HASH_INCOME_138,
PROC000277,APP00139,UP000309,44:30.0,48:40.2,Pass,Initial,HASH_IDENTITY_139,
PROC000278,APP00139,UP000310,00:58.7,04:13.0,Pass,Initial,HASH_INCOME_139,
PROC000279,APP00140,UP000311,52:53.1,54:26.4,Pass,Initial,HASH_IDENTITY_140,
PROC000280,APP00140,UP000312,49:16.6,04:21.5,Pass,Initial,HASH_INCOME_140,
PROC000281,APP00141,UP000313,51:47.9,57:43.1,Pass,Initial,HASH_IDENTITY_141,
PROC000282,APP00141,UP000314,53:49.7,04:37.1,Pass,Initial,HASH_INCOME_141,
PROC000283,APP00142,UP000315,44:32.2,49:02.8,Pass,Initial,HASH_IDENTITY_142,
PROC000284,APP00142,UP000316,54:19.4,55:19.4,Pass,Initial,HASH_INCOME_142,
PROC000285,APP00143,UP000317,57:29.1,05:30.2,Pass,Initial,HASH_IDENTITY_143,
PROC000286,APP00143,UP000318,00:19.2,09:35.2,Pass,Initial,HASH_INCOME_143,
PROC000287,APP00144,UP000319,56:47.4,06:51.0,Pass,Initial,HASH_IDENTITY_144,
PROC000288,APP00144,UP000320,01:03.3,05:33.4,Pass,Initial,HASH_INCOME_144,
PROC000289,APP00145,UP000321,24:36.2,27:13.6,Pass,Initial,HASH_IDENTITY_145,
PROC000290,APP00145,UP000322,36:29.4,55:17.5,Fail,Initial,HASH_INCOME_145,
PROC000291,APP00146,UP000323,22:18.8,32:36.4,Pass,Initial,HASH_IDENTITY_146,
PROC000292,APP00146,UP000324,32:19.8,33:41.7,Pass,Initial,HASH_INCOME_146,
PROC000293,APP00147,UP000325,04:48.6,11:40.8,Pass,Initial,HASH_IDENTITY_147,
PROC000294,APP00147,UP000328,09:35.9,14:11.8,Pass,Re-validation,HASH_INCOME_147,Retry after failed upload
PROC000295,APP00148,UP000329,42:00.3,50:38.8,Pass,Initial,HASH_IDENTITY_148,
PROC000296,APP00148,UP000330,37:15.6,45:35.1,Pass,Initial,HASH_INCOME_148,
PROC000297,APP00149,UP000331,26:38.4,27:38.4,Pass,Initial,HASH_IDENTITY_149,
PROC000298,APP00149,UP000332,35:33.0,37:52.9,Pass,Initial,HASH_INCOME_149,
PROC000299,APP00150,UP000333,38:59.8,42:17.8,Pass,Initial,HASH_IDENTITY_150,
PROC000300,APP00150,UP000334,48:21.5,55:29.8,Pass,Initial,HASH_INCOME_150,
PROC000301,APP00151,UP000335,34:18.5,41:57.3,Pass,Initial,HASH_IDENTITY_151,
PROC000302,APP00151,UP000336,19:13.2,26:53.6,Pass,Initial,HASH_INCOME_151,
PROC000303,APP00152,UP000337,16:25.2,23:57.3,Pass,Initial,HASH_IDENTITY_152,
PROC000304,APP00152,UP000338,10:56.2,17:28.6,Pass,Initial,HASH_INCOME_152,
PROC000305,APP00153,UP000339,52:51.8,01:09.5,Fail,Initial,HASH_IDENTITY_153,
PROC000306,APP00153,UP000340,00:22.3,09:51.4,Pass,Initial,HASH_INCOME_153,
PROC000307,APP00154,UP000341,56:03.8,57:03.8,Pass,Initial,HASH_IDENTITY_154,
PROC000308,APP00154,UP000342,23:50.1,30:25.7,Fail,Initial,HASH_INCOME_154,
PROC000309,APP00155,UP000343,39:17.4,50:55.4,Pass,Initial,HASH_IDENTITY_155,
PROC000310,APP00155,UP000344,53:20.4,01:39.1,Pass,Initial,HASH_INCOME_155,
PROC000311,APP00156,UP000345,58:59.4,01:02.8,Pass,Initial,HASH_IDENTITY_156,
PROC000312,APP00156,UP000346,05:35.9,13:13.3,Pass,Initial,HASH_INCOME_156,
PROC000313,APP00157,UP000347,35:33.5,36:33.5,Pass,Initial,HASH_IDENTITY_157,
PROC000314,APP00157,UP000348,40:41.1,45:26.2,Pass,Initial,HASH_INCOME_157,
PROC000315,APP00158,UP000349,09:31.5,17:05.2,Pass,Initial,HASH_IDENTITY_158,
PROC000316,APP00158,UP000350,58:18.5,04:44.7,Pass,Initial,HASH_INCOME_158,
PROC000317,APP00159,UP000352,00:20.6,04:53.9,Fail,Re-validation,HASH_IDENTITY_159,Retry after failed upload
PROC000318,APP00159,UP000353,50:17.8,53:17.3,Pass,Initial,HASH_INCOME_159,
PROC000319,APP00160,UP000354,58:06.4,05:43.5,Fail,Re-validation,HASH_IDENTITY_160,System could not reuse prior result
PROC000320,APP00160,UP000355,08:34.0,15:39.2,Pass,Initial,HASH_INCOME_160,
PROC000321,APP00161,UP000356,11:37.3,16:37.3,Pass,Initial,HASH_IDENTITY_161,
PROC000322,APP00161,UP000357,12:36.9,13:36.9,Pass,Initial,HASH_INCOME_161,
PROC000323,APP00162,UP000360,09:50.6,10:50.6,Pass,Re-validation,HASH_IDENTITY_162,Retry after failed upload
PROC000324,APP00162,UP000361,12:35.1,15:45.6,Pass,Initial,HASH_INCOME_162,
PROC000325,APP00163,UP000362,27:29.9,34:36.5,Fail,Initial,HASH_IDENTITY_163,
PROC000326,APP00163,UP000363,44:02.1,48:41.7,Pass,Initial,HASH_INCOME_163,
PROC000327,APP00164,UP000365,59:53.7,00:53.7,Pass,Re-validation,HASH_IDENTITY_164,Retry after failed upload
PROC000328,APP00164,UP000366,19:59.3,27:19.4,Pass,Initial,HASH_INCOME_164,
PROC000329,APP00165,UP000367,12:16.9,19:09.0,Fail,Initial,HASH_IDENTITY_165,
PROC000330,APP00165,UP000368,34:45.1,41:01.6,Pass,Initial,HASH_INCOME_165,
PROC000331,APP00166,UP000369,24:25.0,29:22.1,Pass,Initial,HASH_IDENTITY_166,
PROC000332,APP00166,UP000372,33:00.8,37:27.7,Fail,Re-validation,HASH_INCOME_166,Retry after failed upload
PROC000333,APP00167,UP000373,57:15.2,59:32.6,Pass,Initial,HASH_IDENTITY_167,
PROC000334,APP00167,UP000374,55:31.0,08:29.8,Pass,Initial,HASH_INCOME_167,
PROC000335,APP00168,UP000375,09:42.1,20:37.0,Fail,Initial,HASH_IDENTITY_168,
PROC000336,APP00168,UP000376,20:22.6,22:00.1,Pass,Initial,HASH_INCOME_168,
PROC000337,APP00169,UP000377,06:27.7,12:22.4,Pass,Initial,HASH_IDENTITY_169,
PROC000338,APP00169,UP000378,19:02.9,30:27.9,Pass,Initial,HASH_INCOME_169,
PROC000339,APP00170,UP000379,55:49.6,02:52.7,Pass,Initial,HASH_IDENTITY_170,
PROC000340,APP00170,UP000380,57:43.1,03:16.7,Pass,Initial,HASH_INCOME_170,
PROC000341,APP00171,UP000381,38:43.3,41:11.9,Fail,Initial,HASH_IDENTITY_171,
PROC000342,APP00171,UP000382,37:15.9,49:44.6,Pass,Initial,HASH_INCOME_171,
PROC000343,APP00172,UP000383,33:21.4,35:50.0,Pass,Initial,HASH_IDENTITY_172,
PROC000344,APP00172,UP000384,26:55.1,27:55.1,Pass,Initial,HASH_INCOME_172,
PROC000345,APP00173,UP000385,56:36.0,01:18.9,Pass,Initial,HASH_IDENTITY_173,
PROC000346,APP00173,UP000386,58:39.5,08:36.6,Pass,Initial,HASH_INCOME_173,
PROC000347,APP00174,UP000387,27:07.1,39:27.5,Pass,Initial,HASH_IDENTITY_174,
PROC000348,APP00174,UP000388,39:03.3,50:37.2,Pass,Initial,HASH_INCOME_174,
PROC000349,APP00175,UP000389,54:02.1,03:55.8,Pass,Re-validation,HASH_IDENTITY_175,System could not reuse prior result
PROC000350,APP00175,UP000390,49:51.6,56:02.1,Fail,Initial,HASH_INCOME_175,
PROC000351,APP00176,UP000391,14:18.8,19:37.2,Pass,Initial,HASH_IDENTITY_176,
PROC000352,APP00176,UP000392,10:44.8,23:19.9,Pass,Initial,HASH_INCOME_176,
PROC000353,APP00177,UP000393,41:29.3,55:46.7,Fail,Re-validation,HASH_IDENTITY_177,Previous validation expired
PROC000354,APP00177,UP000394,44:04.6,49:57.8,Pass,Re-validation,HASH_INCOME_177,Previous validation expired
PROC000355,APP00178,UP000395,13:35.9,19:30.9,Pass,Initial,HASH_IDENTITY_178,
PROC000356,APP00178,UP000396,14:32.4,19:57.5,Pass,Initial,HASH_INCOME_178,
PROC000357,APP00179,UP000397,19:26.5,25:38.4,Pass,Initial,HASH_IDENTITY_179,
PROC000358,APP00179,UP000398,58:44.4,03:48.0,Pass,Initial,HASH_INCOME_179,
PROC000359,APP00180,UP000399,52:05.6,00:18.4,Pass,Initial,HASH_IDENTITY_180,
PROC000360,APP00180,UP000400,47:13.2,52:04.3,Pass,Re-validation,HASH_INCOME_180,System could not reuse prior result
PROC000361,APP00181,UP000401,14:44.8,17:33.1,Pass,Initial,HASH_IDENTITY_181,
PROC000362,APP00181,UP000402,14:49.8,20:01.0,Pass,Initial,HASH_INCOME_181,
PROC000363,APP00182,UP000403,47:33.4,57:22.5,Pass,Re-validation,HASH_IDENTITY_182,System could not reuse prior result
PROC000364,APP00182,UP000404,04:19.7,12:12.6,Pass,Initial,HASH_INCOME_182,
PROC000365,APP00183,UP000406,18:53.9,19:53.9,Pass,Re-validation,HASH_IDENTITY_183,Retry after failed upload
PROC000366,APP00183,UP000407,36:11.7,46:02.7,Pass,Initial,HASH_INCOME_183,
PROC000367,APP00184,UP000408,37:49.8,41:34.4,Pass,Initial,HASH_IDENTITY_184,
PROC000368,APP00184,UP000409,45:23.7,52:34.8,Fail,Initial,HASH_INCOME_184,
PROC000369,APP00185,UP000410,37:20.6,45:28.5,Pass,Initial,HASH_IDENTITY_185,
PROC000370,APP00185,UP000411,57:07.6,58:07.6,Pass,Initial,HASH_INCOME_185,
PROC000371,APP00186,UP000412,16:44.1,23:41.1,Pass,Initial,HASH_IDENTITY_186,
PROC000372,APP00186,UP000413,17:26.8,24:13.7,Pass,Initial,HASH_INCOME_186,
PROC000373,APP00187,UP000414,25:02.8,35:26.0,Pass,Initial,HASH_IDENTITY_187,
PROC000374,APP00187,UP000415,31:30.7,34:27.6,Pass,Initial,HASH_INCOME_187,
PROC000375,APP00188,UP000416,48:40.4,58:13.0,Pass,Initial,HASH_IDENTITY_188,
PROC000376,APP00188,UP000417,55:02.3,00:40.3,Pass,Initial,HASH_INCOME_188,
PROC000377,APP00189,UP000418,24:59.8,25:59.8,Pass,Initial,HASH_IDENTITY_189,
PROC000378,APP00189,UP000419,25:29.0,30:51.7,Pass,Initial,HASH_INCOME_189,
PROC000379,APP00190,UP000420,51:00.4,57:49.0,Pass,Initial,HASH_IDENTITY_190,
PROC000380,APP00190,UP000421,57:43.7,09:33.9,Pass,Initial,HASH_INCOME_190,
PROC000381,APP00191,UP000422,55:13.6,04:51.6,Pass,Re-validation,HASH_IDENTITY_191,Rule-triggered re-verification
PROC000382,APP00191,UP000423,07:54.7,11:14.6,Pass,Initial,HASH_INCOME_191,
PROC000383,APP00192,UP000424,21:36.1,26:13.6,Pass,Initial,HASH_IDENTITY_192,
PROC000384,APP00192,UP000425,28:03.5,29:03.5,Pass,Initial,HASH_INCOME_192,
PROC000385,APP00193,UP000426,08:00.1,13:45.0,Pass,Initial,HASH_IDENTITY_193,
PROC000386,APP00193,UP000427,24:39.2,25:39.2,Pass,Initial,HASH_INCOME_193,
PROC000387,APP00194,UP000428,14:58.3,19:04.2,Pass,Initial,HASH_IDENTITY_194,
PROC000388,APP00194,UP000429,30:10.4,40:13.8,Pass,Initial,HASH_INCOME_194,
PROC000389,APP00195,UP000430,16:53.9,19:59.1,Pass,Initial,HASH_IDENTITY_195,
PROC000390,APP00195,UP000431,26:53.3,27:53.3,Pass,Initial,HASH_INCOME_195,
PROC000391,APP00196,UP000432,03:24.2,04:24.2,Pass,Initial,HASH_IDENTITY_196,
PROC000392,APP00196,UP000433,06:11.9,13:04.3,Pass,Initial,HASH_INCOME_196,
PROC000393,APP00197,UP000434,21:57.1,26:54.5,Pass,Initial,HASH_IDENTITY_197,
PROC000394,APP00197,UP000435,28:36.2,33:50.0,Pass,Initial,HASH_INCOME_197,
PROC000395,APP00198,UP000436,16:52.0,22:03.7,Pass,Initial,HASH_IDENTITY_198,
PROC000396,APP00198,UP000439,19:10.0,21:23.6,Pass,Re-validation,HASH_INCOME_198,Retry after failed upload
PROC000397,APP00199,UP000442,48:55.3,57:19.5,Fail,Re-validation,HASH_IDENTITY_199,Retry after failed upload
PROC000398,APP00199,UP000443,46:33.1,56:30.1,Pass,Initial,HASH_INCOME_199,
PROC000399,APP00200,UP000444,26:19.2,37:53.5,Fail,Initial,HASH_IDENTITY_200,
PROC000400,APP00200,UP000445,29:18.4,30:18.4,Pass,Re-validation,HASH_INCOME_200,System could not reuse prior result
PROC000401,APP00201,UP000446,10:46.0,15:37.6,Pass,Initial,HASH_IDENTITY_201,
PROC000402,APP00201,UP000447,20:03.6,26:30.6,Pass,Initial,HASH_INCOME_201,
PROC000403,APP00202,UP000448,12:09.1,17:19.2,Pass,Initial,HASH_IDENTITY_202,
PROC000404,APP00202,UP000449,24:50.8,28:24.2,Pass,Initial,HASH_INCOME_202,
PROC000405,APP00203,UP000450,00:01.7,01:01.7,Fail,Initial,HASH_IDENTITY_203,
PROC000406,APP00203,UP000451,04:27.7,10:31.7,Pass,Initial,HASH_INCOME_203,
PROC000407,APP00204,UP000452,57:01.8,04:46.1,Pass,Initial,HASH_IDENTITY_204,
PROC000408,APP00204,UP000453,38:57.1,44:55.6,Pass,Initial,HASH_INCOME_204,
PROC000409,APP00205,UP000454,59:04.3,10:30.5,Pass,Initial,HASH_IDENTITY_205,
PROC000410,APP00205,UP000456,48:48.9,00:37.8,Pass,Re-validation,HASH_INCOME_205,Retry after failed upload
PROC000411,APP00206,UP000457,58:52.7,05:16.1,Pass,Initial,HASH_IDENTITY_206,
PROC000412,APP00206,UP000458,10:35.2,20:16.2,Pass,Initial,HASH_INCOME_206,
PROC000413,APP00207,UP000459,59:56.9,05:01.9,Pass,Initial,HASH_IDENTITY_207,
PROC000414,APP00207,UP000460,54:22.9,55:54.3,Pass,Initial,HASH_INCOME_207,
PROC000415,APP00208,UP000461,41:00.8,42:00.8,Fail,Initial,HASH_IDENTITY_208,
PROC000416,APP00208,UP000462,57:25.6,05:04.1,Pass,Initial,HASH_INCOME_208,
PROC000417,APP00209,UP000463,54:26.2,55:26.2,Pass,Initial,HASH_IDENTITY_209,
PROC000418,APP00209,UP000464,35:16.1,47:51.5,Pass,Initial,HASH_INCOME_209,
PROC000419,APP00210,UP000465,10:40.2,13:56.9,Fail,Initial,HASH_IDENTITY_210,
PROC000420,APP00210,UP000466,09:31.1,16:52.8,Pass,Initial,HASH_INCOME_210,
PROC000421,APP00211,UP000467,39:14.5,45:19.4,Pass,Initial,HASH_IDENTITY_211,
PROC000422,APP00211,UP000468,42:31.2,49:55.6,Pass,Initial,HASH_INCOME_211,
PROC000423,APP00212,UP000469,43:41.5,51:04.9,Pass,Re-validation,HASH_IDENTITY_212,Rule-triggered re-verification
PROC000424,APP00212,UP000470,40:49.5,50:27.5,Pass,Initial,HASH_INCOME_212,
PROC000425,APP00213,UP000471,36:14.6,40:01.9,Pass,Re-validation,HASH_IDENTITY_213,System could not reuse prior result
PROC000426,APP00213,UP000472,40:32.3,48:50.1,Pass,Initial,HASH_INCOME_213,
PROC000427,APP00214,UP000473,07:17.3,20:41.0,Pass,Initial,HASH_IDENTITY_214,
PROC000428,APP00214,UP000474,21:43.8,28:47.4,Pass,Initial,HASH_INCOME_214,
PROC000429,APP00215,UP000475,21:41.2,26:54.8,Pass,Initial,HASH_IDENTITY_215,
PROC000430,APP00215,UP000476,48:00.1,56:31.5,Pass,Initial,HASH_INCOME_215,
PROC000431,APP00216,UP000477,36:59.5,43:09.6,Pass,Initial,HASH_IDENTITY_216,
PROC000432,APP00216,UP000478,40:39.5,45:53.6,Pass,Initial,HASH_INCOME_216,
PROC000433,APP00217,UP000479,36:31.4,37:31.4,Pass,Initial,HASH_IDENTITY_217,
PROC000434,APP00217,UP000480,38:39.7,44:13.9,Pass,Initial,HASH_INCOME_217,
PROC000435,APP00218,UP000481,56:55.6,04:34.0,Pass,Initial,HASH_IDENTITY_218,
PROC000436,APP00218,UP000482,59:45.3,09:01.6,Pass,Initial,HASH_INCOME_218,
PROC000437,APP00219,UP000483,53:17.8,00:49.0,Pass,Initial,HASH_IDENTITY_219,
PROC000438,APP00219,UP000484,46:56.5,52:55.4,Pass,Initial,HASH_INCOME_219,
PROC000439,APP00220,UP000485,00:52.7,07:59.6,Pass,Initial,HASH_IDENTITY_220,
PROC000440,APP00220,UP000486,08:20.6,16:56.0,Pass,Initial,HASH_INCOME_220,
PROC000441,APP00221,UP000487,24:12.3,30:47.0,Pass,Initial,HASH_IDENTITY_221,
PROC000442,APP00221,UP000488,27:56.9,35:31.0,Pass,Initial,HASH_INCOME_221,
PROC000443,APP00222,UP000489,21:06.7,24:34.1,Pass,Initial,HASH_IDENTITY_222,
PROC000444,APP00222,UP000490,27:56.3,31:25.3,Pass,Initial,HASH_INCOME_222,
PROC000445,APP00223,UP000491,52:06.9,55:48.1,Fail,Initial,HASH_IDENTITY_223,
PROC000446,APP00223,UP000492,46:25.0,53:10.5,Pass,Initial,HASH_INCOME_223,
PROC000447,APP00224,UP000493,28:24.9,36:15.7,Pass,Initial,HASH_IDENTITY_224,
PROC000448,APP00224,UP000495,38:15.9,43:06.5,Pass,Re-validation,HASH_INCOME_224,Retry after failed upload
PROC000449,APP00225,UP000496,16:12.1,21:03.4,Pass,Initial,HASH_IDENTITY_225,
PROC000450,APP00225,UP000499,36:55.2,41:21.3,Pass,Re-validation,HASH_INCOME_225,Retry after failed upload
PROC000451,APP00226,UP000500,21:25.5,24:46.8,Pass,Initial,HASH_IDENTITY_226,
PROC000452,APP00226,UP000501,11:41.8,17:13.8,Pass,Initial,HASH_INCOME_226,
PROC000453,APP00227,UP000502,27:25.2,29:00.9,Pass,Re-validation,HASH_IDENTITY_227,Rule-triggered re-verification
PROC000454,APP00227,UP000504,29:35.9,38:51.8,Pass,Re-validation,HASH_INCOME_227,Retry after failed upload
PROC000455,APP00228,UP000505,28:35.1,37:47.3,Pass,Initial,HASH_IDENTITY_228,
PROC000456,APP00228,UP000506,39:06.2,42:25.2,Pass,Initial,HASH_INCOME_228,
PROC000457,APP00229,UP000507,28:59.7,33:46.0,Pass,Initial,HASH_IDENTITY_229,
PROC000458,APP00229,UP000508,21:29.5,25:27.5,Pass,Initial,HASH_INCOME_229,
PROC000459,APP00230,UP000509,57:06.5,02:25.5,Pass,Initial,HASH_IDENTITY_230,
PROC000460,APP00230,UP000510,59:45.2,11:16.6,Pass,Initial,HASH_INCOME_230,
PROC000461,APP00231,UP000511,50:59.6,51:59.6,Pass,Re-validation,HASH_IDENTITY_231,Rule-triggered re-verification
PROC000462,APP00231,UP000512,40:50.6,44:36.3,Pass,Initial,HASH_INCOME_231,
PROC000463,APP00232,UP000513,49:18.8,53:37.1,Fail,Initial,HASH_IDENTITY_232,
PROC000464,APP00232,UP000514,54:35.7,03:20.2,Pass,Initial,HASH_INCOME_232,
PROC000465,APP00233,UP000515,15:03.3,22:47.4,Pass,Initial,HASH_IDENTITY_233,
PROC000466,APP00233,UP000516,27:19.1,28:19.1,Pass,Initial,HASH_INCOME_233,
PROC000467,APP00234,UP000518,48:04.6,57:40.9,Pass,Re-validation,HASH_IDENTITY_234,Retry after failed upload
PROC000468,APP00234,UP000520,55:34.9,57:20.5,Pass,Re-validation,HASH_INCOME_234,Retry after failed upload
PROC000469,APP00235,UP000521,09:02.6,17:50.7,Pass,Initial,HASH_IDENTITY_235,
PROC000470,APP00235,UP000522,02:48.6,05:24.0,Pass,Initial,HASH_INCOME_235,
PROC000471,APP00236,UP000523,51:16.4,58:34.4,Fail,Initial,HASH_IDENTITY_236,
PROC000472,APP00236,UP000525,27:17.9,30:56.4,Pass,Re-validation,HASH_INCOME_236,Retry after failed upload
PROC000473,APP00237,UP000526,48:15.6,49:15.6,Pass,Initial,HASH_IDENTITY_237,
PROC000474,APP00237,UP000527,38:12.3,49:44.6,Fail,Initial,HASH_INCOME_237,
PROC000475,APP00238,UP000528,50:22.7,58:58.9,Pass,Initial,HASH_IDENTITY_238,
PROC000476,APP00238,UP000529,56:36.3,05:09.0,Pass,Initial,HASH_INCOME_238,
PROC000477,APP00239,UP000530,19:20.5,22:22.4,Pass,Initial,HASH_IDENTITY_239,
PROC000478,APP00239,UP000531,29:09.1,39:20.7,Pass,Initial,HASH_INCOME_239,
PROC000479,APP00240,UP000532,40:31.6,43:12.5,Pass,Initial,HASH_IDENTITY_240,
PROC000480,APP00240,UP000533,39:11.4,43:49.5,Pass,Initial,HASH_INCOME_240,
PROC000481,APP00241,UP000534,41:45.5,53:38.3,Pass,Initial,HASH_IDENTITY_241,
PROC000482,APP00241,UP000535,46:00.9,51:18.8,Pass,Initial,HASH_INCOME_241,
PROC000483,APP00242,UP000536,19:57.1,20:57.1,Pass,Initial,HASH_IDENTITY_242,
PROC000484,APP00242,UP000537,27:53.6,33:05.3,Pass,Initial,HASH_INCOME_242,
PROC000485,APP00243,UP000538,06:47.2,15:35.9,Pass,Initial,HASH_IDENTITY_243,
PROC000486,APP00243,UP000539,50:56.8,04:20.9,Pass,Initial,HASH_INCOME_243,
PROC000487,APP00244,UP000540,27:01.1,36:36.7,Pass,Initial,HASH_IDENTITY_244,
PROC000488,APP00244,UP000541,42:04.4,47:57.3,Pass,Initial,HASH_INCOME_244,
PROC000489,APP00245,UP000542,55:52.1,10:26.4,Pass,Initial,HASH_IDENTITY_245,
PROC000490,APP00245,UP000543,04:34.7,13:25.0,Pass,Initial,HASH_INCOME_245,
PROC000491,APP00246,UP000544,22:19.6,23:56.4,Pass,Re-validation,HASH_IDENTITY_246,Rule-triggered re-verification
PROC000492,APP00246,UP000545,12:48.7,20:12.1,Pass,Initial,HASH_INCOME_246,
PROC000493,APP00247,UP000546,01:42.3,08:36.7,Fail,Initial,HASH_IDENTITY_247,
PROC000494,APP00247,UP000547,50:24.1,55:28.6,Pass,Initial,HASH_INCOME_247,
PROC000495,APP00248,UP000548,23:25.9,28:26.8,Pass,Initial,HASH_IDENTITY_248,
PROC000496,APP00248,UP000549,30:35.3,31:35.3,Pass,Re-validation,HASH_INCOME_248,System could not reuse prior result
PROC000497,APP00249,UP000550,14:00.3,22:45.8,Pass,Initial,HASH_IDENTITY_249,
PROC000498,APP00249,UP000551,06:52.2,11:27.7,Pass,Initial,HASH_INCOME_249,
PROC000499,APP00250,UP000552,43:16.3,47:54.7,Pass,Initial,HASH_IDENTITY_250,
PROC000500,APP00250,UP000553,47:02.9,54:07.7,Pass,Initial,HASH_INCOME_250,
PROC000501,APP00251,UP000554,02:16.3,08:18.4,Pass,Initial,HASH_IDENTITY_251,
PROC000502,APP00251,UP000555,02:49.8,09:34.1,Pass,Initial,HASH_INCOME_251,
PROC000503,APP00252,UP000556,49:47.4,51:17.6,Pass,Initial,HASH_IDENTITY_252,
PROC000504,APP00252,UP000557,01:53.0,04:50.2,Fail,Initial,HASH_INCOME_252,
PROC000505,APP00253,UP000558,16:30.9,29:54.1,Pass,Initial,HASH_IDENTITY_253,
PROC000506,APP00253,UP000559,30:33.3,39:15.6,Pass,Initial,HASH_INCOME_253,
PROC000507,APP00254,UP000560,20:50.4,21:50.4,Pass,Initial,HASH_IDENTITY_254,
PROC000508,APP00254,UP000561,34:34.1,36:44.6,Pass,Re-validation,HASH_INCOME_254,Rule-triggered re-verification
PROC000509,APP00255,UP000562,54:04.1,57:59.5,Pass,Initial,HASH_IDENTITY_255,
PROC000510,APP00255,UP000563,46:53.0,50:25.5,Pass,Re-validation,HASH_INCOME_255,System could not reuse prior result
PROC000511,APP00256,UP000564,29:24.3,31:26.2,Pass,Initial,HASH_IDENTITY_256,
PROC000512,APP00256,UP000565,45:26.9,59:35.1,Pass,Initial,HASH_INCOME_256,
PROC000513,APP00257,UP000566,20:38.2,29:59.3,Fail,Initial,HASH_IDENTITY_257,
PROC000514,APP00257,UP000567,35:38.7,46:57.2,Pass,Re-validation,HASH_INCOME_257,Previous validation expired
PROC000515,APP00258,UP000568,20:25.0,28:11.5,Pass,Initial,HASH_IDENTITY_258,
PROC000516,APP00258,UP000569,33:34.1,40:13.0,Pass,Initial,HASH_INCOME_258,
PROC000517,APP00259,UP000570,21:33.6,24:19.0,Pass,Initial,HASH_IDENTITY_259,
PROC000518,APP00259,UP000571,18:22.2,31:48.2,Pass,Initial,HASH_INCOME_259,
PROC000519,APP00260,UP000572,58:14.1,00:13.8,Pass,Initial,HASH_IDENTITY_260,
PROC000520,APP00260,UP000573,58:14.1,03:19.4,Pass,Initial,HASH_INCOME_260,
PROC000521,APP00261,UP000574,08:20.6,21:15.6,Pass,Initial,HASH_IDENTITY_261,
PROC000522,APP00261,UP000575,08:03.0,10:11.1,Pass,Initial,HASH_INCOME_261,
PROC000523,APP00262,UP000576,45:35.7,50:36.8,Pass,Initial,HASH_IDENTITY_262,
PROC000524,APP00262,UP000577,39:21.4,48:56.8,Pass,Initial,HASH_INCOME_262,
PROC000525,APP00263,UP000578,37:07.4,46:19.7,Pass,Initial,HASH_IDENTITY_263,
PROC000526,APP00263,UP000579,29:02.2,35:46.2,Pass,Initial,HASH_INCOME_263,
PROC000527,APP00264,UP000580,35:27.8,41:21.7,Pass,Initial,HASH_IDENTITY_264,
PROC000528,APP00264,UP000581,39:07.1,44:14.1,Pass,Initial,HASH_INCOME_264,
PROC000529,APP00265,UP000582,10:04.0,16:43.2,Pass,Initial,HASH_IDENTITY_265,
PROC000530,APP00265,UP000585,18:31.3,28:07.5,Pass,Re-validation,HASH_INCOME_265,Retry after failed upload
PROC000531,APP00266,UP000586,09:45.4,13:16.0,Pass,Initial,HASH_IDENTITY_266,
PROC000532,APP00266,UP000587,08:38.0,14:04.5,Pass,Initial,HASH_INCOME_266,
PROC000533,APP00267,UP000588,30:45.6,39:07.8,Pass,Initial,HASH_IDENTITY_267,
PROC000534,APP00267,UP000589,22:32.6,29:08.5,Pass,Initial,HASH_INCOME_267,
PROC000535,APP00268,UP000590,21:20.8,25:36.5,Pass,Initial,HASH_IDENTITY_268,
PROC000536,APP00268,UP000591,22:47.3,38:31.2,Pass,Initial,HASH_INCOME_268,
PROC000537,APP00269,UP000592,55:56.0,00:01.7,Pass,Initial,HASH_IDENTITY_269,
PROC000538,APP00269,UP000593,57:50.9,09:15.0,Pass,Initial,HASH_INCOME_269,
PROC000539,APP00270,UP000594,49:09.8,57:14.0,Pass,Initial,HASH_IDENTITY_270,
PROC000540,APP00270,UP000595,45:02.7,57:49.1,Pass,Initial,HASH_INCOME_270,
PROC000541,APP00271,UP000596,04:53.0,12:03.4,Pass,Initial,HASH_IDENTITY_271,
PROC000542,APP00271,UP000597,08:37.5,14:43.6,Pass,Initial,HASH_INCOME_271,
PROC000543,APP00272,UP000598,14:20.3,16:53.4,Pass,Initial,HASH_IDENTITY_272,
PROC000544,APP00272,UP000599,21:54.9,26:28.7,Pass,Re-validation,HASH_INCOME_272,Rule-triggered re-verification
PROC000545,APP00273,UP000600,50:51.6,01:30.7,Pass,Initial,HASH_IDENTITY_273,
PROC000546,APP00273,UP000601,56:44.1,59:35.0,Pass,Initial,HASH_INCOME_273,
PROC000547,APP00274,UP000603,34:50.1,42:46.5,Pass,Re-validation,HASH_IDENTITY_274,Retry after failed upload
PROC000548,APP00274,UP000604,49:46.5,59:24.8,Pass,Re-validation,HASH_INCOME_274,Rule-triggered re-verification
PROC000549,APP00275,UP000605,14:32.0,16:50.0,Pass,Initial,HASH_IDENTITY_275,
PROC000550,APP00275,UP000607,06:41.4,09:49.1,Pass,Re-validation,HASH_INCOME_275,Retry after failed upload
PROC000551,APP00276,UP000608,55:32.6,06:20.9,Pass,Re-validation,HASH_IDENTITY_276,System could not reuse prior result
PROC000552,APP00276,UP000609,03:18.8,10:32.9,Pass,Initial,HASH_INCOME_276,
PROC000553,APP00277,UP000610,41:49.4,45:01.1,Pass,Initial,HASH_IDENTITY_277,
PROC000554,APP00277,UP000611,44:04.6,46:10.5,Pass,Initial,HASH_INCOME_277,
PROC000555,APP00278,UP000612,32:31.2,36:59.7,Pass,Initial,HASH_IDENTITY_278,
PROC000556,APP00278,UP000613,48:55.1,56:29.0,Pass,Initial,HASH_INCOME_278,
PROC000557,APP00279,UP000614,05:52.5,17:23.9,Pass,Initial,HASH_IDENTITY_279,
PROC000558,APP00279,UP000615,23:38.4,24:38.4,Pass,Initial,HASH_INCOME_279,
PROC000559,APP00280,UP000616,32:05.6,43:26.8,Pass,Initial,HASH_IDENTITY_280,
PROC000560,APP00280,UP000617,54:02.2,08:38.6,Pass,Initial,HASH_INCOME_280,
PROC000561,APP00281,UP000618,04:24.3,10:48.3,Fail,Initial,HASH_IDENTITY_281,
PROC000562,APP00281,UP000619,11:28.7,19:08.8,Pass,Initial,HASH_INCOME_281,
PROC000563,APP00282,UP000620,36:58.9,49:08.9,Pass,Initial,HASH_IDENTITY_282,
PROC000564,APP00282,UP000621,38:48.1,41:28.3,Pass,Initial,HASH_INCOME_282,
PROC000565,APP00283,UP000622,17:21.4,21:24.5,Pass,Initial,HASH_IDENTITY_283,
PROC000566,APP00283,UP000623,32:09.9,41:57.4,Pass,Re-validation,HASH_INCOME_283,Rule-triggered re-verification
PROC000567,APP00284,UP000624,07:06.7,18:02.5,Fail,Initial,HASH_IDENTITY_284,
PROC000568,APP00284,UP000625,18:54.0,33:07.5,Pass,Initial,HASH_INCOME_284,
PROC000569,APP00285,UP000626,43:16.8,46:34.6,Pass,Initial,HASH_IDENTITY_285,
PROC000570,APP00285,UP000627,51:47.4,58:28.2,Pass,Initial,HASH_INCOME_285,
PROC000571,APP00286,UP000628,32:02.2,33:02.2,Pass,Initial,HASH_IDENTITY_286,
PROC000572,APP00286,UP000629,49:26.6,58:46.2,Pass,Initial,HASH_INCOME_286,
PROC000573,APP00287,UP000630,01:45.4,05:29.4,Pass,Initial,HASH_IDENTITY_287,
PROC000574,APP00287,UP000631,02:08.1,13:15.5,Pass,Re-validation,HASH_INCOME_287,Previous validation expired
PROC000575,APP00288,UP000632,21:33.8,24:47.7,Pass,Initial,HASH_IDENTITY_288,
PROC000576,APP00288,UP000633,19:13.9,23:32.6,Pass,Initial,HASH_INCOME_288,
PROC000577,APP00289,UP000634,11:23.6,18:57.2,Pass,Initial,HASH_IDENTITY_289,
PROC000578,APP00289,UP000635,04:11.1,12:36.4,Fail,Initial,HASH_INCOME_289,
PROC000579,APP00290,UP000636,30:33.7,36:41.4,Pass,Initial,HASH_IDENTITY_290,
PROC000580,APP00290,UP000637,16:16.9,21:16.5,Pass,Initial,HASH_INCOME_290,
PROC000581,APP00291,UP000638,27:11.8,32:30.5,Pass,Initial,HASH_IDENTITY_291,
PROC000582,APP00291,UP000639,33:27.7,42:34.4,Pass,Initial,HASH_INCOME_291,
PROC000583,APP00292,UP000640,21:47.1,26:33.6,Pass,Initial,HASH_IDENTITY_292,
PROC000584,APP00292,UP000641,11:40.4,14:33.1,Pass,Initial,HASH_INCOME_292,
PROC000585,APP00293,UP000642,55:24.0,58:43.7,Pass,Initial,HASH_IDENTITY_293,
PROC000586,APP00293,UP000643,15:35.0,21:50.9,Fail,Initial,HASH_INCOME_293,
PROC000587,APP00294,UP000644,02:38.9,07:18.9,Pass,Initial,HASH_IDENTITY_294,
PROC000588,APP00294,UP000645,59:47.4,05:36.8,Pass,Initial,HASH_INCOME_294,
PROC000589,APP00295,UP000646,20:20.5,22:43.6,Pass,Initial,HASH_IDENTITY_295,
PROC000590,APP00295,UP000647,34:54.0,35:54.0,Pass,Initial,HASH_INCOME_295,
PROC000591,APP00296,UP000648,34:15.3,39:32.5,Pass,Initial,HASH_IDENTITY_296,
PROC000592,APP00296,UP000650,26:22.1,27:22.1,Pass,Re-validation,HASH_INCOME_296,Retry after failed upload
PROC000593,APP00297,UP000651,59:18.3,01:47.3,Pass,Initial,HASH_IDENTITY_297,
PROC000594,APP00297,UP000652,03:39.6,09:52.7,Pass,Initial,HASH_INCOME_297,
PROC000595,APP00298,UP000653,06:30.1,17:27.7,Pass,Initial,HASH_IDENTITY_298,
PROC000596,APP00298,UP000654,53:51.5,00:23.6,Fail,Initial,HASH_INCOME_298,
PROC000597,APP00299,UP000655,53:16.8,57:27.6,Pass,Initial,HASH_IDENTITY_299,
PROC000598,APP00299,UP000656,44:55.4,57:01.0,Pass,Initial,HASH_INCOME_299,
PROC000599,APP00300,UP000657,05:59.6,16:43.1,Pass,Initial,HASH_IDENTITY_300,
PROC000600,APP00300,UP000658,58:08.5,10:21.1,Pass,Initial,HASH_INCOME_300,
PROC000601,APP00301,UP000659,32:33.4,40:06.0,Pass,Re-validation,HASH_IDENTITY_301,System could not reuse prior result
PROC000602,APP00301,UP000660,28:49.0,43:21.3,Pass,Initial,HASH_INCOME_301,
PROC000603,APP00302,UP000661,36:21.4,41:26.5,Pass,Initial,HASH_IDENTITY_302,
PROC000604,APP00302,UP000662,42:45.9,49:07.8,Pass,Initial,HASH_INCOME_302,
PROC000605,APP00303,UP000663,45:18.7,56:18.9,Pass,Initial,HASH_IDENTITY_303,
PROC000606,APP00303,UP000664,53:10.4,03:23.0,Pass,Initial,HASH_INCOME_303,
PROC000607,APP00304,UP000665,37:06.5,45:32.5,Pass,Initial,HASH_IDENTITY_304,
PROC000608,APP00304,UP000666,51:34.6,58:07.7,Pass,Initial,HASH_INCOME_304,
PROC000609,APP00305,UP000667,59:26.9,02:52.2,Pass,Initial,HASH_IDENTITY_305,
PROC000610,APP00305,UP000668,56:17.4,02:00.5,Pass,Initial,HASH_INCOME_305,
PROC000611,APP00306,UP000669,01:56.8,09:19.2,Pass,Initial,HASH_IDENTITY_306,
PROC000612,APP00306,UP000670,05:10.4,10:19.3,Pass,Initial,HASH_INCOME_306,
PROC000613,APP00307,UP000671,21:09.0,25:33.7,Pass,Initial,HASH_IDENTITY_307,
PROC000614,APP00307,UP000672,10:09.9,11:09.9,Pass,Initial,HASH_INCOME_307,
PROC000615,APP00308,UP000673,30:48.2,34:22.5,Pass,Initial,HASH_IDENTITY_308,
PROC000616,APP00308,UP000674,37:45.5,41:36.8,Pass,Initial,HASH_INCOME_308,
PROC000617,APP00309,UP000675,27:46.4,28:46.4,Pass,Initial,HASH_IDENTITY_309,
PROC000618,APP00309,UP000676,24:47.5,25:47.5,Pass,Re-validation,HASH_INCOME_309,Previous validation expired
PROC000619,APP00310,UP000677,28:53.4,39:37.8,Pass,Initial,HASH_IDENTITY_310,
PROC000620,APP00310,UP000678,20:27.9,24:37.1,Pass,Initial,HASH_INCOME_310,
PROC000621,APP00311,UP000679,32:59.3,35:11.3,Pass,Initial,HASH_IDENTITY_311,
PROC000622,APP00311,UP000680,29:44.5,35:24.8,Pass,Initial,HASH_INCOME_311,
PROC000623,APP00312,UP000683,00:17.5,11:59.6,Pass,Re-validation,HASH_IDENTITY_312,Retry after failed upload
PROC000624,APP00312,UP000684,47:17.5,50:32.4,Pass,Initial,HASH_INCOME_312,
PROC000625,APP00313,UP000685,57:56.7,07:28.8,Pass,Initial,HASH_IDENTITY_313,
PROC000626,APP00313,UP000686,18:12.2,25:00.5,Pass,Initial,HASH_INCOME_313,
PROC000627,APP00314,UP000687,27:04.5,37:27.9,Pass,Initial,HASH_IDENTITY_314,
PROC000628,APP00314,UP000688,31:39.7,39:30.0,Pass,Initial,HASH_INCOME_314,
PROC000629,APP00315,UP000689,25:45.1,30:36.1,Pass,Initial,HASH_IDENTITY_315,
PROC000630,APP00315,UP000690,42:50.8,47:15.9,Fail,Initial,HASH_INCOME_315,
PROC000631,APP00316,UP000691,05:00.6,08:31.6,Pass,Initial,HASH_IDENTITY_316,
PROC000632,APP00316,UP000692,21:17.9,24:10.3,Pass,Initial,HASH_INCOME_316,
PROC000633,APP00317,UP000693,41:19.6,46:46.7,Pass,Initial,HASH_IDENTITY_317,
PROC000634,APP00317,UP000694,04:19.1,08:22.0,Pass,Initial,HASH_INCOME_317,
PROC000635,APP00318,UP000695,38:44.0,39:51.9,Pass,Initial,HASH_IDENTITY_318,
PROC000636,APP00318,UP000696,32:45.4,46:45.1,Pass,Initial,HASH_INCOME_318,
PROC000637,APP00319,UP000697,08:42.4,18:29.8,Pass,Initial,HASH_IDENTITY_319,
PROC000638,APP00319,UP000698,08:23.3,16:18.5,Pass,Initial,HASH_INCOME_319,
PROC000639,APP00320,UP000699,41:49.6,47:23.7,Pass,Initial,HASH_IDENTITY_320,
PROC000640,APP00320,UP000700,35:09.7,48:02.9,Pass,Re-validation,HASH_INCOME_320,System could not reuse prior result
PROC000641,APP00321,UP000701,28:45.3,39:53.9,Pass,Initial,HASH_IDENTITY_321,
PROC000642,APP00321,UP000702,52:19.0,53:19.0,Pass,Initial,HASH_INCOME_321,
PROC000643,APP00322,UP000703,46:56.6,49:06.6,Pass,Initial,HASH_IDENTITY_322,
PROC000644,APP00322,UP000704,49:11.9,53:10.6,Pass,Re-validation,HASH_INCOME_322,Rule-triggered re-verification
PROC000645,APP00323,UP000705,59:45.7,09:22.5,Pass,Initial,HASH_IDENTITY_323,
PROC000646,APP00323,UP000708,07:05.4,08:05.4,Pass,Re-validation,HASH_INCOME_323,Retry after failed upload
PROC000647,APP00324,UP000709,54:46.8,57:35.8,Pass,Initial,HASH_IDENTITY_324,
PROC000648,APP00324,UP000710,03:41.4,10:47.0,Pass,Initial,HASH_INCOME_324,
PROC000649,APP00325,UP000711,59:37.4,00:37.4,Pass,Initial,HASH_IDENTITY_325,
PROC000650,APP00325,UP000712,10:48.1,17:39.1,Pass,Initial,HASH_INCOME_325,
PROC000651,APP00326,UP000713,31:30.1,32:30.1,Pass,Initial,HASH_IDENTITY_326,
PROC000652,APP00326,UP000714,43:22.4,53:23.7,Pass,Re-validation,HASH_INCOME_326,Previous validation expired
PROC000653,APP00327,UP000715,02:51.3,08:49.3,Pass,Initial,HASH_IDENTITY_327,
PROC000654,APP00327,UP000716,06:07.9,11:50.0,Fail,Initial,HASH_INCOME_327,
PROC000655,APP00328,UP000717,46:29.4,52:35.5,Pass,Initial,HASH_IDENTITY_328,
PROC000656,APP00328,UP000718,56:19.2,03:43.7,Fail,Initial,HASH_INCOME_328,
PROC000657,APP00329,UP000720,07:28.5,14:55.6,Fail,Re-validation,HASH_IDENTITY_329,Retry after failed upload
PROC000658,APP00329,UP000721,12:43.2,19:02.9,Pass,Initial,HASH_INCOME_329,
PROC000659,APP00330,UP000722,03:26.3,09:44.4,Pass,Initial,HASH_IDENTITY_330,
PROC000660,APP00330,UP000724,08:50.5,18:12.0,Pass,Re-validation,HASH_INCOME_330,Retry after failed upload
PROC000661,APP00331,UP000725,10:41.2,11:41.2,Pass,Initial,HASH_IDENTITY_331,
PROC000662,APP00331,UP000726,13:50.9,25:00.8,Fail,Initial,HASH_INCOME_331,
PROC000663,APP00332,UP000727,45:14.4,46:14.4,Pass,Initial,HASH_IDENTITY_332,
PROC000664,APP00332,UP000728,54:55.4,56:55.4,Pass,Initial,HASH_INCOME_332,
PROC000665,APP00333,UP000729,05:12.7,15:30.2,Pass,Initial,HASH_IDENTITY_333,
PROC000666,APP00333,UP000730,30:32.3,36:02.0,Pass,Initial,HASH_INCOME_333,
PROC000667,APP00334,UP000731,11:51.4,19:07.2,Pass,Initial,HASH_IDENTITY_334,
PROC000668,APP00334,UP000732,12:15.4,22:02.4,Pass,Initial,HASH_INCOME_334,
PROC000669,APP00335,UP000733,30:35.6,39:14.3,Pass,Initial,HASH_IDENTITY_335,
PROC000670,APP00335,UP000734,41:48.2,42:48.2,Pass,Initial,HASH_INCOME_335,
PROC000671,APP00336,UP000735,51:55.0,56:17.8,Pass,Initial,HASH_IDENTITY_336,
PROC000672,APP00336,UP000736,15:51.5,25:21.4,Pass,Initial,HASH_INCOME_336,
PROC000673,APP00337,UP000737,09:09.3,12:13.0,Pass,Re-validation,HASH_IDENTITY_337,Rule-triggered re-verification
PROC000674,APP00337,UP000738,10:00.5,13:59.7,Pass,Initial,HASH_INCOME_337,
PROC000675,APP00338,UP000739,43:46.2,58:42.9,Pass,Initial,HASH_IDENTITY_338,
PROC000676,APP00338,UP000740,33:03.0,44:31.5,Pass,Re-validation,HASH_INCOME_338,Previous validation expired
PROC000677,APP00339,UP000741,57:52.5,03:30.8,Pass,Initial,HASH_IDENTITY_339,
PROC000678,APP00339,UP000742,59:02.4,03:50.9,Pass,Initial,HASH_INCOME_339,
PROC000679,APP00340,UP000743,07:29.2,08:29.2,Pass,Re-validation,HASH_IDENTITY_340,Previous validation expired
PROC000680,APP00340,UP000744,10:01.2,13:09.1,Pass,Initial,HASH_INCOME_340,
PROC000681,APP00341,UP000745,04:19.6,13:17.3,Pass,Initial,HASH_IDENTITY_341,
PROC000682,APP00341,UP000746,54:32.1,06:20.0,Fail,Initial,HASH_INCOME_341,
PROC000683,APP00342,UP000747,23:39.0,31:21.6,Pass,Initial,HASH_IDENTITY_342,
PROC000684,APP00342,UP000748,37:58.8,44:09.7,Pass,Initial,HASH_INCOME_342,
PROC000685,APP00343,UP000749,00:39.1,09:40.0,Pass,Initial,HASH_IDENTITY_343,
PROC000686,APP00343,UP000750,19:13.4,24:07.6,Pass,Initial,HASH_INCOME_343,
PROC000687,APP00344,UP000751,08:32.3,14:08.8,Pass,Initial,HASH_IDENTITY_344,
PROC000688,APP00344,UP000752,29:06.3,31:48.3,Pass,Initial,HASH_INCOME_344,
PROC000689,APP00345,UP000753,49:25.7,51:23.8,Pass,Initial,HASH_IDENTITY_345,
PROC000690,APP00345,UP000755,49:59.4,57:36.8,Pass,Re-validation,HASH_INCOME_345,Retry after failed upload
PROC000691,APP00346,UP000756,56:03.0,59:37.7,Pass,Initial,HASH_IDENTITY_346,
PROC000692,APP00346,UP000757,20:40.9,22:42.9,Pass,Initial,HASH_INCOME_346,
PROC000693,APP00347,UP000758,41:41.4,49:45.2,Pass,Initial,HASH_IDENTITY_347,
PROC000694,APP00347,UP000759,40:13.0,41:13.0,Pass,Initial,HASH_INCOME_347,
PROC000695,APP00348,UP000760,45:55.5,53:05.4,Pass,Initial,HASH_IDENTITY_348,
PROC000696,APP00348,UP000761,44:45.2,57:30.3,Pass,Initial,HASH_INCOME_348,
PROC000697,APP00349,UP000762,00:28.7,08:33.5,Pass,Initial,HASH_IDENTITY_349,
PROC000698,APP00349,UP000763,50:06.7,57:09.8,Pass,Initial,HASH_INCOME_349,
PROC000699,APP00350,UP000764,32:00.4,40:28.4,Pass,Initial,HASH_IDENTITY_350,
PROC000700,APP00350,UP000765,36:33.0,44:00.8,Pass,Initial,HASH_INCOME_350,
PROC000701,APP00351,UP000766,05:08.8,12:52.2,Pass,Initial,HASH_IDENTITY_351,
PROC000702,APP00351,UP000767,31:14.8,32:14.8,Pass,Initial,HASH_INCOME_351,
PROC000703,APP00352,UP000768,48:38.5,54:26.7,Fail,Initial,HASH_IDENTITY_352,
PROC000704,APP00352,UP000769,58:10.8,06:18.3,Pass,Initial,HASH_INCOME_352,
PROC000705,APP00353,UP000770,09:57.1,11:23.7,Pass,Initial,HASH_IDENTITY_353,
PROC000706,APP00353,UP000771,14:01.4,22:59.6,Pass,Initial,HASH_INCOME_353,
PROC000707,APP00354,UP000772,06:22.4,08:55.7,Pass,Initial,HASH_IDENTITY_354,
PROC000708,APP00354,UP000773,06:44.1,12:28.0,Fail,Initial,HASH_INCOME_354,
PROC000709,APP00355,UP000774,04:02.3,14:57.4,Pass,Initial,HASH_IDENTITY_355,
PROC000710,APP00355,UP000776,03:54.7,04:54.7,Pass,Re-validation,HASH_INCOME_355,Retry after failed upload
PROC000711,APP00356,UP000777,27:23.4,35:06.6,Fail,Initial,HASH_IDENTITY_356,
PROC000712,APP00356,UP000778,31:00.0,37:34.4,Pass,Initial,HASH_INCOME_356,
PROC000713,APP00357,UP000779,52:32.6,00:54.8,Pass,Initial,HASH_IDENTITY_357,
PROC000714,APP00357,UP000781,10:46.9,12:22.6,Pass,Re-validation,HASH_INCOME_357,Retry after failed upload
PROC000715,APP00358,UP000782,48:53.6,04:21.1,Pass,Initial,HASH_IDENTITY_358,
PROC000716,APP00358,UP000783,59:47.0,01:16.3,Pass,Initial,HASH_INCOME_358,
PROC000717,APP00359,UP000784,04:35.4,18:18.7,Pass,Initial,HASH_IDENTITY_359,
PROC000718,APP00359,UP000785,13:29.6,14:37.5,Pass,Initial,HASH_INCOME_359,
PROC000719,APP00360,UP000786,02:18.8,05:12.6,Pass,Initial,HASH_IDENTITY_360,
PROC000720,APP00360,UP000787,59:22.1,00:22.1,Pass,Initial,HASH_INCOME_360,
PROC000721,APP00361,UP000788,27:22.6,28:22.6,Pass,Initial,HASH_IDENTITY_361,
PROC000722,APP00361,UP000789,50:44.7,03:59.5,Pass,Initial,HASH_INCOME_361,
PROC000723,APP00362,UP000790,46:36.4,48:12.2,Pass,Initial,HASH_IDENTITY_362,
PROC000724,APP00362,UP000793,40:59.4,51:05.0,Pass,Re-validation,HASH_INCOME_362,Retry after failed upload
PROC000725,APP00363,UP000794,19:35.4,30:37.5,Pass,Initial,HASH_IDENTITY_363,
PROC000726,APP00363,UP000795,27:06.6,31:56.0,Pass,Initial,HASH_INCOME_363,
PROC000727,APP00364,UP000796,20:57.6,22:39.6,Pass,Initial,HASH_IDENTITY_364,
PROC000728,APP00364,UP000797,30:45.3,35:47.9,Pass,Initial,HASH_INCOME_364,
PROC000729,APP00365,UP000798,31:06.1,43:22.2,Pass,Initial,HASH_IDENTITY_365,
PROC000730,APP00365,UP000799,35:36.0,45:38.8,Fail,Initial,HASH_INCOME_365,
PROC000731,APP00366,UP000800,35:13.0,43:36.5,Pass,Initial,HASH_IDENTITY_366,
PROC000732,APP00366,UP000801,53:41.9,58:14.2,Pass,Initial,HASH_INCOME_366,
PROC000733,APP00367,UP000802,48:25.1,50:43.1,Pass,Initial,HASH_IDENTITY_367,
PROC000734,APP00367,UP000804,37:12.1,46:40.6,Pass,Re-validation,HASH_INCOME_367,Retry after failed upload
PROC000735,APP00368,UP000805,02:30.5,03:30.5,Pass,Initial,HASH_IDENTITY_368,
PROC000736,APP00368,UP000806,07:19.2,20:13.1,Pass,Initial,HASH_INCOME_368,
PROC000737,APP00369,UP000809,11:34.1,12:34.1,Fail,Re-validation,HASH_IDENTITY_369,Retry after failed upload
PROC000738,APP00369,UP000810,15:41.3,22:11.4,Pass,Initial,HASH_INCOME_369,
PROC000739,APP00370,UP000811,57:50.8,07:18.0,Pass,Initial,HASH_IDENTITY_370,
PROC000740,APP00370,UP000812,49:23.4,53:22.5,Fail,Initial,HASH_INCOME_370,
PROC000741,APP00371,UP000813,17:37.6,29:24.9,Pass,Initial,HASH_IDENTITY_371,
PROC000742,APP00371,UP000814,19:14.5,22:43.7,Pass,Initial,HASH_INCOME_371,
PROC000743,APP00372,UP000815,59:34.5,10:06.5,Pass,Initial,HASH_IDENTITY_372,
PROC000744,APP00372,UP000816,41:00.1,42:00.1,Pass,Initial,HASH_INCOME_372,
PROC000745,APP00373,UP000817,12:42.8,17:32.4,Pass,Initial,HASH_IDENTITY_373,
PROC000746,APP00373,UP000818,12:17.8,26:07.5,Pass,Re-validation,HASH_INCOME_373,System could not reuse prior result
PROC000747,APP00374,UP000819,56:19.5,02:10.4,Pass,Initial,HASH_IDENTITY_374,
PROC000748,APP00374,UP000820,57:55.0,05:51.5,Pass,Re-validation,HASH_INCOME_374,Previous validation expired
PROC000749,APP00375,UP000821,35:51.3,40:32.1,Pass,Initial,HASH_IDENTITY_375,
PROC000750,APP00375,UP000822,43:49.4,46:15.9,Pass,Initial,HASH_INCOME_375,
PROC000751,APP00376,UP000823,03:12.3,07:18.5,Pass,Initial,HASH_IDENTITY_376,
PROC000752,APP00376,UP000824,11:29.8,16:36.3,Pass,Initial,HASH_INCOME_376,
PROC000753,APP00377,UP000825,58:50.5,00:43.4,Pass,Initial,HASH_IDENTITY_377,
PROC000754,APP00377,UP000827,14:03.8,24:37.4,Pass,Re-validation,HASH_INCOME_377,Retry after failed upload
PROC000755,APP00378,UP000830,52:41.3,58:31.3,Pass,Re-validation,HASH_IDENTITY_378,Retry after failed upload
PROC000756,APP00378,UP000831,08:30.9,19:15.0,Pass,Initial,HASH_INCOME_378,
PROC000757,APP00379,UP000832,43:04.5,48:54.0,Pass,Initial,HASH_IDENTITY_379,
PROC000758,APP00379,UP000833,47:38.3,54:43.8,Pass,Initial,HASH_INCOME_379,
PROC000759,APP00380,UP000834,39:02.1,40:02.1,Pass,Initial,HASH_IDENTITY_380,
PROC000760,APP00380,UP000835,50:24.9,57:49.0,Pass,Initial,HASH_INCOME_380,
PROC000761,APP00381,UP000836,17:24.8,24:23.9,Pass,Initial,HASH_IDENTITY_381,
PROC000762,APP00381,UP000837,34:22.6,42:14.6,Pass,Initial,HASH_INCOME_381,
PROC000763,APP00382,UP000838,48:43.3,59:47.6,Pass,Initial,HASH_IDENTITY_382,
PROC000764,APP00382,UP000840,03:49.0,04:49.3,Pass,Re-validation,HASH_INCOME_382,Retry after failed upload
PROC000765,APP00383,UP000841,06:34.2,13:38.8,Pass,Initial,HASH_IDENTITY_383,
PROC000766,APP00383,UP000842,20:19.1,23:38.9,Pass,Initial,HASH_INCOME_383,
PROC000767,APP00384,UP000843,25:10.0,31:33.0,Pass,Initial,HASH_IDENTITY_384,
PROC000768,APP00384,UP000844,17:20.7,26:25.7,Pass,Initial,HASH_INCOME_384,
PROC000769,APP00385,UP000845,05:43.2,08:42.6,Pass,Initial,HASH_IDENTITY_385,
PROC000770,APP00385,UP000846,16:02.2,19:12.3,Pass,Initial,HASH_INCOME_385,
PROC000771,APP00386,UP000847,41:15.1,44:40.4,Pass,Re-validation,HASH_IDENTITY_386,Rule-triggered re-verification
PROC000772,APP00386,UP000848,45:20.4,48:59.8,Pass,Initial,HASH_INCOME_386,
PROC000773,APP00387,UP000849,18:57.1,22:25.0,Pass,Initial,HASH_IDENTITY_387,
PROC000774,APP00387,UP000850,27:11.5,28:11.5,Pass,Initial,HASH_INCOME_387,
PROC000775,APP00388,UP000851,05:53.6,15:13.3,Pass,Initial,HASH_IDENTITY_388,
PROC000776,APP00388,UP000852,19:42.8,21:27.1,Pass,Initial,HASH_INCOME_388,
PROC000777,APP00389,UP000853,05:13.9,14:30.9,Pass,Initial,HASH_IDENTITY_389,
PROC000778,APP00389,UP000854,00:48.3,01:48.3,Pass,Initial,HASH_INCOME_389,
PROC000779,APP00390,UP000855,39:34.5,53:04.0,Pass,Initial,HASH_IDENTITY_390,
PROC000780,APP00390,UP000856,38:48.0,40:57.4,Pass,Initial,HASH_INCOME_390,
PROC000781,APP00391,UP000857,41:24.4,47:53.8,Pass,Initial,HASH_IDENTITY_391,
PROC000782,APP00391,UP000858,46:42.9,51:45.3,Fail,Initial,HASH_INCOME_391,
PROC000783,APP00392,UP000859,09:46.6,15:39.9,Pass,Initial,HASH_IDENTITY_392,
PROC000784,APP00392,UP000860,57:45.5,04:30.7,Pass,Initial,HASH_INCOME_392,
PROC000785,APP00393,UP000861,15:23.6,25:49.8,Pass,Initial,HASH_IDENTITY_393,
PROC000786,APP00393,UP000862,18:02.8,29:12.2,Fail,Re-validation,HASH_INCOME_393,Rule-triggered re-verification
PROC000787,APP00394,UP000863,00:14.1,03:10.1,Fail,Initial,HASH_IDENTITY_394,
PROC000788,APP00394,UP000864,36:28.1,39:16.8,Pass,Initial,HASH_INCOME_394,
PROC000789,APP00395,UP000865,37:35.1,47:51.6,Pass,Initial,HASH_IDENTITY_395,
PROC000790,APP00395,UP000866,51:35.5,57:46.6,Pass,Initial,HASH_INCOME_395,
PROC000791,APP00396,UP000867,41:55.6,55:47.4,Pass,Initial,HASH_IDENTITY_396,
PROC000792,APP00396,UP000868,50:09.2,54:26.7,Pass,Initial,HASH_INCOME_396,
PROC000793,APP00397,UP000869,07:51.4,08:51.4,Fail,Initial,HASH_IDENTITY_397,
PROC000794,APP00397,UP000870,09:19.2,12:40.6,Pass,Initial,HASH_INCOME_397,
PROC000795,APP00398,UP000871,25:37.8,31:26.0,Pass,Initial,HASH_IDENTITY_398,
PROC000796,APP00398,UP000872,33:40.4,39:28.0,Pass,Initial,HASH_INCOME_398,
PROC000797,APP00399,UP000873,40:56.9,50:44.2,Pass,Initial,HASH_IDENTITY_399,
PROC000798,APP00399,UP000876,25:25.5,32:28.1,Fail,Re-validation,HASH_INCOME_399,Retry after failed upload
PROC000799,APP00400,UP000877,38:03.3,45:34.8,Pass,Initial,HASH_IDENTITY_400,
PROC000800,APP00400,UP000878,01:39.2,03:55.9,Pass,Initial,HASH_INCOME_400,
PROC000801,APP00401,UP000879,51:56.9,01:16.9,Pass,Initial,HASH_IDENTITY_401,
PROC000802,APP00401,UP000880,49:42.3,54:40.6,Pass,Initial,HASH_INCOME_401,
PROC000803,APP00402,UP000881,23:03.1,27:19.6,Pass,Initial,HASH_IDENTITY_402,
PROC000804,APP00402,UP000882,21:03.1,30:18.6,Pass,Initial,HASH_INCOME_402,
PROC000805,APP00403,UP000883,41:31.3,51:46.0,Pass,Initial,HASH_IDENTITY_403,
PROC000806,APP00403,UP000884,27:50.1,28:50.1,Pass,Initial,HASH_INCOME_403,
PROC000807,APP00404,UP000885,25:20.7,30:05.5,Pass,Initial,HASH_IDENTITY_404,
PROC000808,APP00404,UP000886,37:39.6,38:39.6,Pass,Initial,HASH_INCOME_404,
PROC000809,APP00405,UP000887,14:02.0,17:13.9,Pass,Initial,HASH_IDENTITY_405,
PROC000810,APP00405,UP000888,03:15.7,09:24.4,Pass,Initial,HASH_INCOME_405,
PROC000811,APP00406,UP000889,15:47.8,22:15.7,Pass,Initial,HASH_IDENTITY_406,
PROC000812,APP00406,UP000890,33:24.8,36:42.8,Pass,Initial,HASH_INCOME_406,
PROC000813,APP00407,UP000891,29:51.1,36:38.9,Pass,Initial,HASH_IDENTITY_407,
PROC000814,APP00407,UP000892,10:09.2,25:29.0,Pass,Initial,HASH_INCOME_407,
PROC000815,APP00408,UP000893,07:15.7,14:00.9,Pass,Initial,HASH_IDENTITY_408,
PROC000816,APP00408,UP000894,10:00.1,11:00.1,Pass,Initial,HASH_INCOME_408,
PROC000817,APP00409,UP000895,36:50.7,37:50.7,Pass,Initial,HASH_IDENTITY_409,
PROC000818,APP00409,UP000896,54:25.9,55:25.9,Pass,Initial,HASH_INCOME_409,
PROC000819,APP00410,UP000899,54:42.7,01:59.2,Pass,Re-validation,HASH_IDENTITY_410,Retry after failed upload
PROC000820,APP00410,UP000900,58:27.7,59:27.7,Pass,Initial,HASH_INCOME_410,
PROC000821,APP00411,UP000901,30:06.1,40:25.1,Pass,Initial,HASH_IDENTITY_411,
PROC000822,APP00411,UP000903,32:33.9,39:47.5,Pass,Re-validation,HASH_INCOME_411,Retry after failed upload
PROC000823,APP00412,UP000904,10:07.8,16:44.1,Pass,Initial,HASH_IDENTITY_412,
PROC000824,APP00412,UP000905,19:13.2,28:46.6,Pass,Initial,HASH_INCOME_412,
PROC000825,APP00413,UP000906,21:30.6,28:35.2,Pass,Initial,HASH_IDENTITY_413,
PROC000826,APP00413,UP000907,33:58.0,41:45.1,Pass,Initial,HASH_INCOME_413,
PROC000827,APP00414,UP000908,06:29.1,11:01.4,Pass,Initial,HASH_IDENTITY_414,
PROC000828,APP00414,UP000909,19:55.0,20:55.0,Pass,Initial,HASH_INCOME_414,
PROC000829,APP00415,UP000911,49:29.3,57:11.3,Pass,Re-validation,HASH_IDENTITY_415,Retry after failed upload
PROC000830,APP00415,UP000912,30:35.7,31:35.7,Pass,Initial,HASH_INCOME_415,
PROC000831,APP00416,UP000913,49:00.0,55:30.8,Pass,Initial,HASH_IDENTITY_416,
PROC000832,APP00416,UP000914,07:39.9,14:59.2,Pass,Initial,HASH_INCOME_416,
PROC000833,APP00417,UP000915,01:49.6,08:43.2,Pass,Initial,HASH_IDENTITY_417,
PROC000834,APP00417,UP000916,49:25.5,59:33.7,Pass,Initial,HASH_INCOME_417,
PROC000835,APP00418,UP000917,56:39.6,57:39.6,Pass,Initial,HASH_IDENTITY_418,
PROC000836,APP00418,UP000918,40:10.7,47:58.9,Pass,Initial,HASH_INCOME_418,
PROC000837,APP00419,UP000919,15:57.2,16:57.2,Pass,Re-validation,HASH_IDENTITY_419,System could not reuse prior result
PROC000838,APP00419,UP000920,19:08.2,24:36.3,Pass,Initial,HASH_INCOME_419,
PROC000839,APP00420,UP000921,59:39.6,02:50.8,Pass,Re-validation,HASH_IDENTITY_420,Rule-triggered re-verification
PROC000840,APP00420,UP000922,07:44.1,14:42.8,Pass,Initial,HASH_INCOME_420,
PROC000841,APP00421,UP000923,09:43.9,15:04.9,Pass,Initial,HASH_IDENTITY_421,
PROC000842,APP00421,UP000924,14:49.2,19:20.3,Fail,Initial,HASH_INCOME_421,
PROC000843,APP00422,UP000925,48:18.3,54:16.5,Pass,Initial,HASH_IDENTITY_422,
PROC000844,APP00422,UP000926,56:41.6,03:51.8,Pass,Initial,HASH_INCOME_422,
PROC000845,APP00423,UP000927,47:47.5,49:32.1,Pass,Initial,HASH_IDENTITY_423,
PROC000846,APP00423,UP000928,49:52.1,58:59.9,Pass,Initial,HASH_INCOME_423,
PROC000847,APP00424,UP000929,14:42.3,24:03.3,Pass,Re-validation,HASH_IDENTITY_424,Rule-triggered re-verification
PROC000848,APP00424,UP000930,16:10.6,18:29.1,Pass,Initial,HASH_INCOME_424,
PROC000849,APP00425,UP000931,25:39.9,31:11.9,Pass,Initial,HASH_IDENTITY_425,
PROC000850,APP00425,UP000934,39:24.5,45:27.1,Pass,Re-validation,HASH_INCOME_425,Retry after failed upload
PROC000851,APP00426,UP000935,52:48.3,00:31.9,Pass,Initial,HASH_IDENTITY_426,
PROC000852,APP00426,UP000936,58:03.9,09:45.9,Pass,Initial,HASH_INCOME_426,
PROC000853,APP00427,UP000937,20:46.1,28:16.2,Pass,Initial,HASH_IDENTITY_427,
PROC000854,APP00427,UP000938,24:02.9,34:19.1,Pass,Initial,HASH_INCOME_427,
PROC000855,APP00428,UP000939,13:56.6,15:22.5,Pass,Initial,HASH_IDENTITY_428,
PROC000856,APP00428,UP000940,27:55.3,35:28.6,Pass,Initial,HASH_INCOME_428,
PROC000857,APP00429,UP000941,24:34.5,33:00.4,Pass,Initial,HASH_IDENTITY_429,
PROC000858,APP00429,UP000942,35:05.9,47:03.0,Pass,Initial,HASH_INCOME_429,
PROC000859,APP00430,UP000943,09:56.0,12:45.7,Pass,Initial,HASH_IDENTITY_430,
PROC000860,APP00430,UP000944,21:07.8,27:57.4,Pass,Initial,HASH_INCOME_430,
PROC000861,APP00431,UP000945,24:43.8,25:43.8,Pass,Initial,HASH_IDENTITY_431,
PROC000862,APP00431,UP000946,24:45.7,27:58.4,Pass,Initial,HASH_INCOME_431,
PROC000863,APP00432,UP000947,07:15.8,08:15.8,Pass,Initial,HASH_IDENTITY_432,
PROC000864,APP00432,UP000948,18:53.4,19:54.1,Pass,Initial,HASH_INCOME_432,
PROC000865,APP00433,UP000949,40:59.2,45:19.9,Pass,Initial,HASH_IDENTITY_433,
PROC000866,APP00433,UP000950,52:13.4,59:53.4,Pass,Initial,HASH_INCOME_433,
PROC000867,APP00434,UP000952,58:43.0,10:56.6,Pass,Re-validation,HASH_IDENTITY_434,Retry after failed upload
PROC000868,APP00434,UP000953,47:30.2,58:29.8,Pass,Re-validation,HASH_INCOME_434,Previous validation expired
PROC000869,APP00435,UP000954,43:06.4,48:32.5,Pass,Initial,HASH_IDENTITY_435,
PROC000870,APP00435,UP000955,03:04.8,08:05.4,Pass,Initial,HASH_INCOME_435,
PROC000871,APP00436,UP000956,20:50.1,23:44.2,Pass,Initial,HASH_IDENTITY_436,
PROC000872,APP00436,UP000957,24:22.6,30:58.5,Pass,Initial,HASH_INCOME_436,
PROC000873,APP00437,UP000958,54:58.7,05:04.0,Pass,Initial,HASH_IDENTITY_437,
PROC000874,APP00437,UP000959,57:27.6,00:11.6,Fail,Initial,HASH_INCOME_437,
PROC000875,APP00438,UP000960,25:46.8,36:50.2,Pass,Initial,HASH_IDENTITY_438,
PROC000876,APP00438,UP000961,30:21.4,44:03.5,Pass,Initial,HASH_INCOME_438,
PROC000877,APP00439,UP000962,19:22.6,20:53.4,Pass,Initial,HASH_IDENTITY_439,
PROC000878,APP00439,UP000963,29:40.7,31:45.8,Pass,Initial,HASH_INCOME_439,
PROC000879,APP00440,UP000964,11:45.1,15:23.4,Pass,Initial,HASH_IDENTITY_440,
PROC000880,APP00440,UP000965,29:12.5,39:01.9,Pass,Initial,HASH_INCOME_440,
PROC000881,APP00441,UP000966,30:39.4,34:19.1,Pass,Initial,HASH_IDENTITY_441,
PROC000882,APP00441,UP000967,35:07.0,49:02.2,Pass,Initial,HASH_INCOME_441,
PROC000883,APP00442,UP000968,57:52.2,01:54.3,Pass,Initial,HASH_IDENTITY_442,
PROC000884,APP00442,UP000969,01:40.2,04:32.7,Pass,Initial,HASH_INCOME_442,
PROC000885,APP00443,UP000970,20:08.8,27:27.8,Pass,Initial,HASH_IDENTITY_443,
PROC000886,APP00443,UP000971,22:02.0,27:56.0,Pass,Initial,HASH_INCOME_443,
PROC000887,APP00444,UP000972,59:52.8,03:09.6,Pass,Initial,HASH_IDENTITY_444,
PROC000888,APP00444,UP000973,00:44.9,04:46.6,Pass,Re-validation,HASH_INCOME_444,System could not reuse prior result
PROC000889,APP00445,UP000974,44:38.4,52:14.0,Pass,Initial,HASH_IDENTITY_445,
PROC000890,APP00445,UP000975,29:27.7,37:13.7,Pass,Initial,HASH_INCOME_445,
PROC000891,APP00446,UP000976,51:54.0,00:59.7,Pass,Initial,HASH_IDENTITY_446,
PROC000892,APP00446,UP000977,00:57.2,08:22.9,Pass,Initial,HASH_INCOME_446,
PROC000893,APP00447,UP000978,08:54.0,10:24.6,Pass,Initial,HASH_IDENTITY_447,
PROC000894,APP00447,UP000979,12:43.4,21:44.1,Pass,Initial,HASH_INCOME_447,
PROC000895,APP00448,UP000980,59:48.4,04:31.9,Pass,Initial,HASH_IDENTITY_448,
PROC000896,APP00448,UP000981,26:17.3,29:38.0,Pass,Initial,HASH_INCOME_448,
PROC000897,APP00449,UP000982,17:19.0,24:13.3,Pass,Initial,HASH_IDENTITY_449,
PROC000898,APP00449,UP000983,04:14.7,09:54.8,Pass,Initial,HASH_INCOME_449,
PROC000899,APP00450,UP000984,36:21.1,48:01.9,Pass,Initial,HASH_IDENTITY_450,
PROC000900,APP00450,UP000985,36:37.7,47:08.5,Pass,Initial,HASH_INCOME_450,
PROC000901,APP00451,UP000986,33:13.0,40:35.0,Pass,Initial,HASH_IDENTITY_451,
PROC000902,APP00451,UP000987,24:05.6,36:43.8,Pass,Initial,HASH_INCOME_451,
PROC000903,APP00452,UP000989,50:55.5,56:33.2,Pass,Re-validation,HASH_IDENTITY_452,Retry after failed upload
PROC000904,APP00452,UP000990,00:40.6,01:40.6,Pass,Initial,HASH_INCOME_452,
PROC000905,APP00453,UP000991,31:08.8,32:49.2,Pass,Initial,HASH_IDENTITY_453,
PROC000906,APP00453,UP000992,29:05.6,40:57.7,Pass,Initial,HASH_INCOME_453,
PROC000907,APP00454,UP000993,30:27.6,39:45.3,Pass,Initial,HASH_IDENTITY_454,
PROC000908,APP00454,UP000994,37:41.4,38:41.4,Pass,Initial,HASH_INCOME_454,
PROC000909,APP00455,UP000995,38:02.6,40:42.1,Pass,Initial,HASH_IDENTITY_455,
PROC000910,APP00455,UP000996,53:26.6,59:14.7,Pass,Initial,HASH_INCOME_455,
PROC000911,APP00456,UP000997,02:44.4,09:58.0,Pass,Initial,HASH_IDENTITY_456,
PROC000912,APP00456,UP000998,09:13.5,12:35.1,Pass,Initial,HASH_INCOME_456,
PROC000913,APP00457,UP000999,55:50.4,59:12.4,Pass,Initial,HASH_IDENTITY_457,
PROC000914,APP00457,UP001000,12:52.8,19:08.6,Pass,Initial,HASH_INCOME_457,
PROC000915,APP00458,UP001001,46:56.2,59:38.0,Pass,Initial,HASH_IDENTITY_458,
PROC000916,APP00458,UP001002,10:39.4,15:03.5,Pass,Initial,HASH_INCOME_458,
PROC000917,APP00459,UP001003,02:39.6,13:28.5,Pass,Initial,HASH_IDENTITY_459,
PROC000918,APP00459,UP001004,08:00.8,16:34.1,Pass,Re-validation,HASH_INCOME_459,Previous validation expired
PROC000919,APP00460,UP001005,56:49.8,58:52.3,Pass,Initial,HASH_IDENTITY_460,
PROC000920,APP00460,UP001007,52:56.1,59:51.8,Pass,Re-validation,HASH_INCOME_460,Retry after failed upload
PROC000921,APP00461,UP001008,09:43.7,19:35.9,Pass,Initial,HASH_IDENTITY_461,
PROC000922,APP00461,UP001009,13:26.5,25:39.0,Pass,Initial,HASH_INCOME_461,
PROC000923,APP00462,UP001010,54:38.6,02:33.9,Pass,Initial,HASH_IDENTITY_462,
PROC000924,APP00462,UP001011,48:09.7,52:02.6,Pass,Initial,HASH_INCOME_462,
PROC000925,APP00463,UP001012,10:05.6,15:42.0,Pass,Initial,HASH_IDENTITY_463,
PROC000926,APP00463,UP001013,00:32.9,10:34.7,Pass,Initial,HASH_INCOME_463,
PROC000927,APP00464,UP001014,55:28.6,56:28.6,Pass,Initial,HASH_IDENTITY_464,
PROC000928,APP00464,UP001015,01:20.3,12:16.2,Pass,Initial,HASH_INCOME_464,
PROC000929,APP00465,UP001018,45:27.6,54:07.8,Pass,Re-validation,HASH_IDENTITY_465,Retry after failed upload
PROC000930,APP00465,UP001019,44:14.4,51:44.1,Pass,Re-validation,HASH_INCOME_465,System could not reuse prior result
PROC000931,APP00466,UP001020,37:19.1,43:29.9,Pass,Initial,HASH_IDENTITY_466,
PROC000932,APP00466,UP001021,39:34.2,45:31.8,Pass,Initial,HASH_INCOME_466,
PROC000933,APP00467,UP001022,49:42.7,52:58.8,Fail,Initial,HASH_IDENTITY_467,
PROC000934,APP00467,UP001023,51:50.4,52:53.3,Pass,Initial,HASH_INCOME_467,
PROC000935,APP00468,UP001026,20:25.9,21:25.9,Pass,Re-validation,HASH_IDENTITY_468,Retry after failed upload
PROC000936,APP00468,UP001027,13:44.2,23:09.4,Pass,Initial,HASH_INCOME_468,
PROC000937,APP00469,UP001029,36:07.7,40:39.3,Pass,Re-validation,HASH_IDENTITY_469,Retry after failed upload
PROC000938,APP00469,UP001030,19:04.6,21:18.4,Pass,Initial,HASH_INCOME_469,
PROC000939,APP00470,UP001031,38:32.4,45:02.5,Pass,Initial,HASH_IDENTITY_470,
PROC000940,APP00470,UP001032,00:35.1,02:30.8,Pass,Initial,HASH_INCOME_470,
PROC000941,APP00471,UP001033,25:53.0,31:14.3,Pass,Re-validation,HASH_IDENTITY_471,Rule-triggered re-verification
PROC000942,APP00471,UP001034,36:28.4,44:59.2,Pass,Initial,HASH_INCOME_471,
PROC000943,APP00472,UP001035,04:26.1,09:42.8,Pass,Initial,HASH_IDENTITY_472,
PROC000944,APP00472,UP001036,12:03.9,15:46.5,Pass,Initial,HASH_INCOME_472,
PROC000945,APP00473,UP001039,16:30.8,23:13.9,Pass,Re-validation,HASH_IDENTITY_473,Retry after failed upload
PROC000946,APP00473,UP001040,35:57.3,37:04.5,Pass,Initial,HASH_INCOME_473,
PROC000947,APP00474,UP001041,17:13.5,25:12.8,Pass,Initial,HASH_IDENTITY_474,
PROC000948,APP00474,UP001042,15:06.8,24:11.6,Fail,Initial,HASH_INCOME_474,
PROC000949,APP00475,UP001044,45:22.8,55:26.8,Pass,Re-validation,HASH_IDENTITY_475,Retry after failed upload
PROC000950,APP00475,UP001045,45:21.4,49:04.7,Pass,Initial,HASH_INCOME_475,
PROC000951,APP00476,UP001046,57:19.7,04:35.7,Fail,Initial,HASH_IDENTITY_476,
PROC000952,APP00476,UP001047,11:52.2,18:01.0,Pass,Re-validation,HASH_INCOME_476,System could not reuse prior result
PROC000953,APP00477,UP001048,43:35.3,44:35.3,Pass,Re-validation,HASH_IDENTITY_477,System could not reuse prior result
PROC000954,APP00477,UP001049,47:05.3,54:08.2,Pass,Initial,HASH_INCOME_477,
PROC000955,APP00478,UP001052,17:12.2,20:32.1,Pass,Re-validation,HASH_IDENTITY_478,Retry after failed upload
PROC000956,APP00478,UP001053,24:13.0,29:47.6,Pass,Initial,HASH_INCOME_478,
PROC000957,APP00479,UP001054,25:01.4,26:01.4,Pass,Initial,HASH_IDENTITY_479,
PROC000958,APP00479,UP001055,24:14.7,30:35.6,Pass,Initial,HASH_INCOME_479,
PROC000959,APP00480,UP001057,54:58.0,58:46.3,Pass,Re-validation,HASH_IDENTITY_480,Retry after failed upload
PROC000960,APP00480,UP001058,32:05.4,33:47.4,Pass,Initial,HASH_INCOME_480,
PROC000961,APP00481,UP001059,21:09.2,24:17.6,Pass,Initial,HASH_IDENTITY_481,
PROC000962,APP00481,UP001060,31:23.0,34:34.6,Pass,Initial,HASH_INCOME_481,
PROC000963,APP00482,UP001061,29:36.4,39:47.1,Pass,Initial,HASH_IDENTITY_482,
PROC000964,APP00482,UP001063,50:56.9,57:16.9,Pass,Re-validation,HASH_INCOME_482,Retry after failed upload
PROC000965,APP00483,UP001064,18:51.3,27:38.7,Pass,Initial,HASH_IDENTITY_483,
PROC000966,APP00483,UP001065,29:27.4,35:45.1,Pass,Initial,HASH_INCOME_483,
PROC000967,APP00484,UP001066,48:40.3,55:38.8,Pass,Initial,HASH_IDENTITY_484,
PROC000968,APP00484,UP001067,02:33.2,05:37.1,Pass,Initial,HASH_INCOME_484,
PROC000969,APP00485,UP001068,52:33.2,01:23.8,Pass,Initial,HASH_IDENTITY_485,
PROC000970,APP00485,UP001070,10:30.3,13:31.4,Pass,Re-validation,HASH_INCOME_485,Retry after failed upload
PROC000971,APP00486,UP001071,54:35.0,02:06.9,Pass,Initial,HASH_IDENTITY_486,
PROC000972,APP00486,UP001072,04:28.4,15:03.4,Pass,Initial,HASH_INCOME_486,
PROC000973,APP00487,UP001073,36:01.8,42:47.7,Pass,Initial,HASH_IDENTITY_487,
PROC000974,APP00487,UP001074,50:17.8,57:49.4,Pass,Initial,HASH_INCOME_487,
PROC000975,APP00488,UP001075,03:37.9,09:20.8,Pass,Re-validation,HASH_IDENTITY_488,Previous validation expired
PROC000976,APP00488,UP001076,26:24.2,27:24.2,Fail,Initial,HASH_INCOME_488,
PROC000977,APP00489,UP001077,10:21.3,12:25.1,Pass,Initial,HASH_IDENTITY_489,
PROC000978,APP00489,UP001078,08:19.4,13:23.5,Pass,Initial,HASH_INCOME_489,
PROC000979,APP00490,UP001079,26:32.8,33:23.6,Pass,Initial,HASH_IDENTITY_490,
PROC000980,APP00490,UP001080,31:36.2,37:02.2,Pass,Initial,HASH_INCOME_490,
PROC000981,APP00491,UP001081,25:23.7,34:15.3,Pass,Initial,HASH_IDENTITY_491,
PROC000982,APP00491,UP001082,36:47.8,44:00.4,Pass,Initial,HASH_INCOME_491,
PROC000983,APP00492,UP001083,30:01.4,35:06.4,Pass,Initial,HASH_IDENTITY_492,
PROC000984,APP00492,UP001084,28:09.0,37:36.2,Pass,Initial,HASH_INCOME_492,
PROC000985,APP00493,UP001085,21:20.8,31:21.1,Pass,Initial,HASH_IDENTITY_493,
PROC000986,APP00493,UP001086,26:46.1,32:19.2,Pass,Initial,HASH_INCOME_493,
PROC000987,APP00494,UP001087,12:20.5,19:18.3,Pass,Initial,HASH_IDENTITY_494,
PROC000988,APP00494,UP001088,11:04.5,18:09.3,Pass,Re-validation,HASH_INCOME_494,Previous validation expired
PROC000989,APP00495,UP001089,13:02.5,21:00.4,Pass,Initial,HASH_IDENTITY_495,
PROC000990,APP00495,UP001090,35:05.1,36:05.1,Pass,Initial,HASH_INCOME_495,
PROC000991,APP00496,UP001091,44:58.4,45:58.4,Pass,Initial,HASH_IDENTITY_496,
PROC000992,APP00496,UP001092,44:04.8,50:08.6,Pass,Initial,HASH_INCOME_496,
PROC000993,APP00497,UP001093,47:08.1,49:37.6,Fail,Initial,HASH_IDENTITY_497,
PROC000994,APP00497,UP001094,10:39.1,17:26.0,Pass,Initial,HASH_INCOME_497,
PROC000995,APP00498,UP001095,58:35.2,59:35.2,Pass,Initial,HASH_IDENTITY_498,
PROC000996,APP00498,UP001096,12:05.1,18:57.7,Pass,Initial,HASH_INCOME_498,
PROC000997,APP00499,UP001097,23:46.5,27:43.6,Pass,Initial,HASH_IDENTITY_499,
PROC000998,APP00499,UP001098,25:02.9,36:01.0,Pass,Initial,HASH_INCOME_499,
PROC000999,APP00500,UP001099,21:49.6,25:45.7,Pass,Initial,HASH_IDENTITY_500,
PROC001000,APP00500,UP001100,24:56.9,25:56.9,Pass,Initial,HASH_INCOME_500,
PROC001001,APP00501,UP001101,54:52.5,55:52.5,Pass,Initial,HASH_IDENTITY_501,
PROC001002,APP00501,UP001102,03:57.2,11:24.5,Pass,Initial,HASH_INCOME_501,
PROC001003,APP00502,UP001103,39:58.2,47:09.1,Pass,Initial,HASH_IDENTITY_502,
PROC001004,APP00502,UP001104,43:48.1,52:32.4,Pass,Initial,HASH_INCOME_502,
PROC001005,APP00503,UP001105,50:32.7,53:24.5,Pass,Initial,HASH_IDENTITY_503,
PROC001006,APP00503,UP001106,05:49.0,13:14.5,Pass,Initial,HASH_INCOME_503,
PROC001007,APP00504,UP001107,32:23.0,42:18.9,Pass,Initial,HASH_IDENTITY_504,
PROC001008,APP00504,UP001108,31:28.0,44:31.1,Pass,Initial,HASH_INCOME_504,
PROC001009,APP00505,UP001109,09:26.4,10:26.4,Pass,Initial,HASH_IDENTITY_505,
PROC001010,APP00505,UP001110,27:41.2,32:31.7,Pass,Initial,HASH_INCOME_505,
PROC001011,APP00506,UP001111,53:02.8,00:11.3,Pass,Initial,HASH_IDENTITY_506,
PROC001012,APP00506,UP001112,04:09.0,13:09.8,Pass,Initial,HASH_INCOME_506,
PROC001013,APP00507,UP001113,28:42.2,37:11.5,Pass,Initial,HASH_IDENTITY_507,
PROC001014,APP00507,UP001114,28:11.0,34:13.9,Pass,Initial,HASH_INCOME_507,
PROC001015,APP00508,UP001115,38:19.7,46:25.8,Pass,Initial,HASH_IDENTITY_508,
PROC001016,APP00508,UP001116,47:00.0,49:02.7,Pass,Initial,HASH_INCOME_508,
PROC001017,APP00509,UP001117,02:34.1,08:06.2,Pass,Initial,HASH_IDENTITY_509,
PROC001018,APP00509,UP001118,11:03.2,22:38.5,Fail,Initial,HASH_INCOME_509,
PROC001019,APP00510,UP001120,18:56.8,23:29.3,Pass,Re-validation,HASH_IDENTITY_510,Retry after failed upload
PROC001020,APP00510,UP001121,33:30.3,40:42.0,Pass,Initial,HASH_INCOME_510,
PROC001021,APP00511,UP001122,21:06.7,28:24.2,Pass,Initial,HASH_IDENTITY_511,
PROC001022,APP00511,UP001123,35:47.5,42:57.0,Pass,Initial,HASH_INCOME_511,
PROC001023,APP00512,UP001124,47:23.4,52:36.1,Pass,Initial,HASH_IDENTITY_512,
PROC001024,APP00512,UP001125,48:21.5,01:16.4,Pass,Initial,HASH_INCOME_512,
PROC001025,APP00513,UP001126,43:22.4,44:22.4,Pass,Initial,HASH_IDENTITY_513,
PROC001026,APP00513,UP001127,56:23.2,59:05.1,Pass,Initial,HASH_INCOME_513,
PROC001027,APP00514,UP001128,11:07.5,18:43.4,Pass,Initial,HASH_IDENTITY_514,
PROC001028,APP00514,UP001129,11:44.1,14:00.0,Pass,Initial,HASH_INCOME_514,
PROC001029,APP00515,UP001130,59:13.7,00:13.7,Pass,Initial,HASH_IDENTITY_515,
PROC001030,APP00515,UP001131,11:04.4,16:19.3,Pass,Initial,HASH_INCOME_515,
PROC001031,APP00516,UP001132,58:23.2,01:18.4,Fail,Initial,HASH_IDENTITY_516,
PROC001032,APP00516,UP001133,10:41.1,22:01.1,Pass,Initial,HASH_INCOME_516,
PROC001033,APP00517,UP001134,23:48.8,25:23.0,Pass,Initial,HASH_IDENTITY_517,
PROC001034,APP00517,UP001135,26:50.6,33:48.7,Pass,Initial,HASH_INCOME_517,
PROC001035,APP00518,UP001136,12:09.9,14:37.3,Pass,Re-validation,HASH_IDENTITY_518,System could not reuse prior result
PROC001036,APP00518,UP001137,30:47.7,41:53.9,Fail,Initial,HASH_INCOME_518,
PROC001037,APP00519,UP001138,06:46.8,14:50.7,Pass,Initial,HASH_IDENTITY_519,
PROC001038,APP00519,UP001139,59:57.5,00:57.5,Pass,Initial,HASH_INCOME_519,
PROC001039,APP00520,UP001140,42:45.3,54:56.6,Pass,Initial,HASH_IDENTITY_520,
PROC001040,APP00520,UP001141,52:43.6,00:39.6,Pass,Initial,HASH_INCOME_520,
PROC001041,APP00521,UP001142,41:06.6,47:01.4,Pass,Initial,HASH_IDENTITY_521,
PROC001042,APP00521,UP001143,57:17.1,00:34.1,Pass,Re-validation,HASH_INCOME_521,System could not reuse prior result
PROC001043,APP00522,UP001144,29:24.2,40:14.5,Pass,Re-validation,HASH_IDENTITY_522,Rule-triggered re-verification
PROC001044,APP00522,UP001145,24:55.1,29:17.9,Pass,Re-validation,HASH_INCOME_522,System could not reuse prior result
PROC001045,APP00523,UP001146,24:35.9,32:05.2,Pass,Initial,HASH_IDENTITY_523,
PROC001046,APP00523,UP001147,38:17.7,43:21.5,Pass,Initial,HASH_INCOME_523,
PROC001047,APP00524,UP001148,47:07.0,58:17.6,Pass,Initial,HASH_IDENTITY_524,
PROC001048,APP00524,UP001149,00:43.0,07:29.6,Pass,Initial,HASH_INCOME_524,
PROC001049,APP00525,UP001150,59:29.6,05:50.0,Pass,Initial,HASH_IDENTITY_525,
PROC001050,APP00525,UP001151,12:46.5,18:32.1,Pass,Initial,HASH_INCOME_525,
PROC001051,APP00526,UP001152,12:05.4,16:32.3,Pass,Initial,HASH_IDENTITY_526,
PROC001052,APP00526,UP001155,09:51.2,14:31.5,Pass,Re-validation,HASH_INCOME_526,Retry after failed upload
PROC001053,APP00527,UP001156,36:30.4,44:21.2,Pass,Initial,HASH_IDENTITY_527,
PROC001054,APP00527,UP001157,40:43.2,41:43.2,Pass,Initial,HASH_INCOME_527,
PROC001055,APP00528,UP001158,31:44.1,44:22.6,Pass,Initial,HASH_IDENTITY_528,
PROC001056,APP00528,UP001159,54:43.5,58:17.0,Pass,Initial,HASH_INCOME_528,
PROC001057,APP00529,UP001160,37:25.3,38:35.2,Pass,Initial,HASH_IDENTITY_529,
PROC001058,APP00529,UP001161,39:35.2,47:39.8,Pass,Initial,HASH_INCOME_529,
PROC001059,APP00530,UP001162,51:40.9,55:05.6,Pass,Initial,HASH_IDENTITY_530,
PROC001060,APP00530,UP001163,48:00.5,50:20.5,Pass,Initial,HASH_INCOME_530,
PROC001061,APP00531,UP001164,22:26.4,26:04.2,Pass,Initial,HASH_IDENTITY_531,
PROC001062,APP00531,UP001165,23:05.2,33:18.3,Pass,Initial,HASH_INCOME_531,
PROC001063,APP00532,UP001166,40:08.5,51:41.4,Pass,Initial,HASH_IDENTITY_532,
PROC001064,APP00532,UP001167,40:10.1,41:10.1,Pass,Initial,HASH_INCOME_532,
PROC001065,APP00533,UP001168,11:00.5,22:03.9,Pass,Initial,HASH_IDENTITY_533,
PROC001066,APP00533,UP001169,16:57.7,22:35.8,Pass,Initial,HASH_INCOME_533,
PROC001067,APP00534,UP001170,02:21.6,03:37.7,Pass,Re-validation,HASH_IDENTITY_534,Rule-triggered re-verification
PROC001068,APP00534,UP001171,04:35.8,14:08.6,Pass,Initial,HASH_INCOME_534,
PROC001069,APP00535,UP001172,31:47.4,42:29.5,Pass,Initial,HASH_IDENTITY_535,
PROC001070,APP00535,UP001173,40:05.6,53:28.1,Pass,Re-validation,HASH_INCOME_535,Previous validation expired
PROC001071,APP00536,UP001174,13:55.5,17:12.3,Pass,Re-validation,HASH_IDENTITY_536,System could not reuse prior result
PROC001072,APP00536,UP001175,29:02.2,36:32.4,Pass,Initial,HASH_INCOME_536,
PROC001073,APP00537,UP001177,12:59.7,18:55.7,Fail,Re-validation,HASH_IDENTITY_537,Retry after failed upload
PROC001074,APP00537,UP001178,15:50.9,20:32.6,Fail,Initial,HASH_INCOME_537,
PROC001075,APP00538,UP001179,51:36.1,58:52.3,Pass,Initial,HASH_IDENTITY_538,
PROC001076,APP00538,UP001180,43:52.1,53:37.6,Pass,Initial,HASH_INCOME_538,
PROC001077,APP00539,UP001181,42:06.4,48:31.2,Pass,Initial,HASH_IDENTITY_539,
PROC001078,APP00539,UP001183,40:04.6,48:00.2,Fail,Re-validation,HASH_INCOME_539,Retry after failed upload
PROC001079,APP00540,UP001184,18:23.8,25:31.9,Pass,Initial,HASH_IDENTITY_540,
PROC001080,APP00540,UP001185,15:41.1,22:18.3,Pass,Initial,HASH_INCOME_540,
PROC001081,APP00541,UP001186,54:05.7,55:05.7,Pass,Initial,HASH_IDENTITY_541,
PROC001082,APP00541,UP001187,58:34.2,09:05.5,Pass,Initial,HASH_INCOME_541,
PROC001083,APP00542,UP001189,59:00.4,01:17.5,Pass,Re-validation,HASH_IDENTITY_542,Retry after failed upload
PROC001084,APP00542,UP001190,05:54.7,06:59.0,Pass,Initial,HASH_INCOME_542,
PROC001085,APP00543,UP001191,33:37.0,43:20.7,Pass,Initial,HASH_IDENTITY_543,
PROC001086,APP00543,UP001192,43:33.0,44:46.7,Pass,Initial,HASH_INCOME_543,
PROC001087,APP00544,UP001193,06:22.5,09:05.3,Pass,Initial,HASH_IDENTITY_544,
PROC001088,APP00544,UP001194,26:21.4,35:58.3,Pass,Initial,HASH_INCOME_544,
PROC001089,APP00545,UP001195,21:07.3,31:29.1,Pass,Initial,HASH_IDENTITY_545,
PROC001090,APP00545,UP001196,13:24.6,24:32.6,Pass,Initial,HASH_INCOME_545,
PROC001091,APP00546,UP001197,56:45.8,12:35.7,Pass,Initial,HASH_IDENTITY_546,
PROC001092,APP00546,UP001198,01:49.6,07:41.4,Pass,Initial,HASH_INCOME_546,
PROC001093,APP00547,UP001199,04:29.7,14:42.3,Pass,Initial,HASH_IDENTITY_547,
PROC001094,APP00547,UP001200,46:38.6,52:40.2,Fail,Initial,HASH_INCOME_547,
PROC001095,APP00548,UP001201,41:49.7,51:50.5,Pass,Initial,HASH_IDENTITY_548,
PROC001096,APP00548,UP001202,37:50.9,48:31.5,Pass,Initial,HASH_INCOME_548,
PROC001097,APP00549,UP001203,25:19.5,31:41.0,Pass,Initial,HASH_IDENTITY_549,
PROC001098,APP00549,UP001204,40:51.1,43:57.8,Pass,Initial,HASH_INCOME_549,
PROC001099,APP00550,UP001205,17:00.2,29:32.6,Pass,Initial,HASH_IDENTITY_550,
PROC001100,APP00550,UP001206,23:27.9,27:27.8,Pass,Initial,HASH_INCOME_550,
PROC001101,APP00551,UP001207,37:34.0,44:44.6,Pass,Initial,HASH_IDENTITY_551,
PROC001102,APP00551,UP001208,47:59.1,57:03.9,Pass,Initial,HASH_INCOME_551,
PROC001103,APP00552,UP001209,36:25.8,46:22.8,Pass,Initial,HASH_IDENTITY_552,
PROC001104,APP00552,UP001210,43:44.2,44:44.2,Pass,Initial,HASH_INCOME_552,
PROC001105,APP00553,UP001211,32:27.9,46:53.8,Pass,Initial,HASH_IDENTITY_553,
PROC001106,APP00553,UP001212,27:48.2,30:58.3,Pass,Initial,HASH_INCOME_553,
PROC001107,APP00554,UP001213,28:43.5,33:25.7,Pass,Initial,HASH_IDENTITY_554,
PROC001108,APP00554,UP001214,29:07.4,38:25.4,Pass,Initial,HASH_INCOME_554,
PROC001109,APP00555,UP001215,45:18.9,52:52.4,Pass,Initial,HASH_IDENTITY_555,
PROC001110,APP00555,UP001216,01:20.9,02:20.9,Pass,Initial,HASH_INCOME_555,
PROC001111,APP00556,UP001217,53:55.6,00:47.7,Pass,Initial,HASH_IDENTITY_556,
PROC001112,APP00556,UP001218,58:59.2,05:57.0,Fail,Re-validation,HASH_INCOME_556,Rule-triggered re-verification
PROC001113,APP00557,UP001219,18:31.3,19:31.3,Pass,Initial,HASH_IDENTITY_557,
PROC001114,APP00557,UP001220,23:04.0,31:55.6,Pass,Initial,HASH_INCOME_557,
PROC001115,APP00558,UP001221,58:50.8,05:24.0,Pass,Initial,HASH_IDENTITY_558,
PROC001116,APP00558,UP001222,02:30.2,11:26.9,Pass,Initial,HASH_INCOME_558,
PROC001117,APP00559,UP001223,47:28.5,56:03.8,Pass,Initial,HASH_IDENTITY_559,
PROC001118,APP00559,UP001224,53:34.0,02:11.7,Pass,Initial,HASH_INCOME_559,
PROC001119,APP00560,UP001227,02:12.0,12:45.6,Pass,Re-validation,HASH_IDENTITY_560,Retry after failed upload
PROC001120,APP00560,UP001228,11:49.5,22:28.4,Pass,Initial,HASH_INCOME_560,
PROC001121,APP00561,UP001229,28:51.8,35:39.8,Pass,Initial,HASH_IDENTITY_561,
PROC001122,APP00561,UP001230,36:19.4,42:06.4,Pass,Initial,HASH_INCOME_561,
PROC001123,APP00562,UP001232,04:50.3,20:34.7,Pass,Re-validation,HASH_IDENTITY_562,Retry after failed upload
PROC001124,APP00562,UP001233,05:32.0,07:09.3,Pass,Initial,HASH_INCOME_562,
PROC001125,APP00563,UP001234,21:10.1,32:29.7,Pass,Initial,HASH_IDENTITY_563,
PROC001126,APP00563,UP001235,31:16.5,35:54.1,Pass,Initial,HASH_INCOME_563,
PROC001127,APP00564,UP001236,55:23.8,01:00.7,Pass,Initial,HASH_IDENTITY_564,
PROC001128,APP00564,UP001237,14:11.9,22:05.6,Pass,Initial,HASH_INCOME_564,
PROC001129,APP00565,UP001238,56:00.6,01:38.5,Pass,Initial,HASH_IDENTITY_565,
PROC001130,APP00565,UP001239,06:29.6,11:03.6,Pass,Initial,HASH_INCOME_565,
PROC001131,APP00566,UP001240,02:24.9,09:01.2,Pass,Initial,HASH_IDENTITY_566,
PROC001132,APP00566,UP001241,06:31.5,13:14.5,Pass,Re-validation,HASH_INCOME_566,Rule-triggered re-verification
PROC001133,APP00567,UP001242,11:32.5,17:55.3,Pass,Initial,HASH_IDENTITY_567,
PROC001134,APP00567,UP001243,59:14.8,09:29.9,Pass,Initial,HASH_INCOME_567,
PROC001135,APP00568,UP001244,17:26.2,21:53.1,Fail,Initial,HASH_IDENTITY_568,
PROC001136,APP00568,UP001245,35:07.6,39:57.6,Pass,Initial,HASH_INCOME_568,
PROC001137,APP00569,UP001246,58:07.8,05:25.2,Pass,Initial,HASH_IDENTITY_569,
PROC001138,APP00569,UP001247,57:44.1,00:51.6,Pass,Initial,HASH_INCOME_569,
PROC001139,APP00570,UP001248,08:19.0,15:48.4,Pass,Initial,HASH_IDENTITY_570,
PROC001140,APP00570,UP001249,08:27.2,10:22.0,Pass,Initial,HASH_INCOME_570,
PROC001141,APP00571,UP001251,21:40.7,28:41.1,Pass,Re-validation,HASH_IDENTITY_571,Retry after failed upload
PROC001142,APP00571,UP001252,17:08.2,28:15.9,Pass,Initial,HASH_INCOME_571,
PROC001143,APP00572,UP001253,13:25.8,14:59.2,Fail,Initial,HASH_IDENTITY_572,
PROC001144,APP00572,UP001255,16:04.0,33:13.1,Pass,Re-validation,HASH_INCOME_572,Retry after failed upload
PROC001145,APP00573,UP001256,32:19.3,36:48.0,Pass,Initial,HASH_IDENTITY_573,
PROC001146,APP00573,UP001257,34:06.3,36:41.9,Pass,Initial,HASH_INCOME_573,
PROC001147,APP00574,UP001258,25:59.2,31:31.0,Pass,Initial,HASH_IDENTITY_574,
PROC001148,APP00574,UP001259,28:17.3,29:17.3,Pass,Initial,HASH_INCOME_574,
PROC001149,APP00575,UP001260,39:59.5,40:59.5,Pass,Initial,HASH_IDENTITY_575,
PROC001150,APP00575,UP001261,55:16.9,59:40.8,Pass,Re-validation,HASH_INCOME_575,System could not reuse prior result
PROC001151,APP00576,UP001262,53:33.8,59:21.0,Pass,Initial,HASH_IDENTITY_576,
PROC001152,APP00576,UP001263,59:00.8,08:53.5,Pass,Initial,HASH_INCOME_576,
PROC001153,APP00577,UP001266,31:43.3,32:43.3,Pass,Re-validation,HASH_IDENTITY_577,Retry after failed upload
PROC001154,APP00577,UP001268,39:18.7,40:18.7,Pass,Re-validation,HASH_INCOME_577,Retry after failed upload
PROC001155,APP00578,UP001269,45:04.6,53:21.7,Pass,Initial,HASH_IDENTITY_578,
PROC001156,APP00578,UP001270,50:19.6,58:03.3,Pass,Initial,HASH_INCOME_578,
PROC001157,APP00579,UP001271,20:52.3,21:52.3,Pass,Initial,HASH_IDENTITY_579,
PROC001158,APP00579,UP001272,17:04.8,18:04.8,Pass,Initial,HASH_INCOME_579,
PROC001159,APP00580,UP001273,23:01.2,30:39.0,Pass,Initial,HASH_IDENTITY_580,
PROC001160,APP00580,UP001274,35:31.2,36:31.2,Fail,Initial,HASH_INCOME_580,
PROC001161,APP00581,UP001275,30:09.0,39:18.4,Pass,Initial,HASH_IDENTITY_581,
PROC001162,APP00581,UP001276,33:03.5,34:03.5,Pass,Re-validation,HASH_INCOME_581,System could not reuse prior result
PROC001163,APP00582,UP001277,14:44.4,21:23.4,Pass,Initial,HASH_IDENTITY_582,
PROC001164,APP00582,UP001278,37:18.6,47:56.8,Pass,Initial,HASH_INCOME_582,
PROC001165,APP00583,UP001279,52:13.6,04:15.8,Pass,Initial,HASH_IDENTITY_583,
PROC001166,APP00583,UP001280,08:27.4,25:30.1,Pass,Initial,HASH_INCOME_583,
PROC001167,APP00584,UP001281,54:58.8,02:00.0,Pass,Initial,HASH_IDENTITY_584,
PROC001168,APP00584,UP001282,55:04.6,02:49.8,Pass,Initial,HASH_INCOME_584,
PROC001169,APP00585,UP001283,47:09.4,59:09.9,Pass,Initial,HASH_IDENTITY_585,
PROC001170,APP00585,UP001284,49:19.7,51:51.7,Pass,Initial,HASH_INCOME_585,
PROC001171,APP00586,UP001285,04:21.9,08:11.5,Pass,Re-validation,HASH_IDENTITY_586,System could not reuse prior result
PROC001172,APP00586,UP001287,03:38.7,10:23.7,Pass,Re-validation,HASH_INCOME_586,Retry after failed upload
PROC001173,APP00587,UP001288,38:06.1,42:54.5,Pass,Re-validation,HASH_IDENTITY_587,Rule-triggered re-verification
PROC001174,APP00587,UP001289,46:51.6,50:52.7,Pass,Initial,HASH_INCOME_587,
PROC001175,APP00588,UP001290,17:46.5,27:56.3,Pass,Initial,HASH_IDENTITY_588,
PROC001176,APP00588,UP001291,20:35.0,24:09.8,Pass,Initial,HASH_INCOME_588,
PROC001177,APP00589,UP001292,19:56.5,35:01.8,Pass,Re-validation,HASH_IDENTITY_589,System could not reuse prior result
PROC001178,APP00589,UP001293,07:35.8,08:35.8,Pass,Initial,HASH_INCOME_589,
PROC001179,APP00590,UP001294,15:25.3,21:13.1,Pass,Initial,HASH_IDENTITY_590,
PROC001180,APP00590,UP001295,09:26.4,14:47.1,Pass,Initial,HASH_INCOME_590,
PROC001181,APP00591,UP001298,37:17.3,40:01.2,Pass,Re-validation,HASH_IDENTITY_591,Retry after failed upload
PROC001182,APP00591,UP001299,41:52.2,56:39.7,Pass,Initial,HASH_INCOME_591,
PROC001183,APP00592,UP001300,59:09.1,03:13.0,Pass,Initial,HASH_IDENTITY_592,
PROC001184,APP00592,UP001301,56:52.1,06:17.2,Pass,Initial,HASH_INCOME_592,
PROC001185,APP00593,UP001302,55:10.4,00:07.4,Pass,Initial,HASH_IDENTITY_593,
PROC001186,APP00593,UP001303,04:06.8,15:29.2,Pass,Initial,HASH_INCOME_593,
PROC001187,APP00594,UP001304,12:19.0,13:19.0,Pass,Initial,HASH_IDENTITY_594,
PROC001188,APP00594,UP001307,08:57.1,14:26.4,Pass,Re-validation,HASH_INCOME_594,Retry after failed upload
PROC001189,APP00595,UP001309,18:13.7,28:59.1,Fail,Re-validation,HASH_IDENTITY_595,Retry after failed upload
PROC001190,APP00595,UP001310,26:29.9,36:44.6,Pass,Initial,HASH_INCOME_595,
PROC001191,APP00596,UP001311,35:57.5,36:57.5,Pass,Initial,HASH_IDENTITY_596,
PROC001192,APP00596,UP001312,36:07.7,42:27.3,Pass,Initial,HASH_INCOME_596,
PROC001193,APP00597,UP001313,02:08.6,11:02.2,Pass,Initial,HASH_IDENTITY_597,
PROC001194,APP00597,UP001314,15:37.6,16:37.6,Pass,Initial,HASH_INCOME_597,
PROC001195,APP00598,UP001315,03:19.3,06:38.3,Pass,Initial,HASH_IDENTITY_598,
PROC001196,APP00598,UP001316,57:44.0,06:59.7,Pass,Initial,HASH_INCOME_598,
PROC001197,APP00599,UP001317,37:07.1,43:57.3,Pass,Initial,HASH_IDENTITY_599,
PROC001198,APP00599,UP001318,39:50.9,43:56.3,Pass,Initial,HASH_INCOME_599,
PROC001199,APP00600,UP001319,52:04.5,58:03.3,Pass,Initial,HASH_IDENTITY_600,
PROC001200,APP00600,UP001320,12:56.7,23:57.8,Pass,Initial,HASH_INCOME_600,
PROC001201,APP00601,UP001321,00:47.5,08:46.5,Pass,Initial,HASH_IDENTITY_601,
PROC001202,APP00601,UP001322,16:22.7,22:36.1,Pass,Initial,HASH_INCOME_601,
PROC001203,APP00602,UP001323,57:39.7,02:51.9,Fail,Initial,HASH_IDENTITY_602,
PROC001204,APP00602,UP001324,04:46.6,15:01.0,Pass,Re-validation,HASH_INCOME_602,Previous validation expired
PROC001205,APP00603,UP001326,54:58.8,01:54.7,Pass,Re-validation,HASH_IDENTITY_603,Retry after failed upload
PROC001206,APP00603,UP001327,44:27.3,55:17.3,Pass,Initial,HASH_INCOME_603,
PROC001207,APP00604,UP001328,51:22.0,57:05.6,Pass,Initial,HASH_IDENTITY_604,
PROC001208,APP00604,UP001329,59:43.4,07:50.2,Pass,Initial,HASH_INCOME_604,
PROC001209,APP00605,UP001330,38:48.4,45:57.0,Pass,Initial,HASH_IDENTITY_605,
PROC001210,APP00605,UP001331,50:58.9,55:38.8,Pass,Initial,HASH_INCOME_605,
PROC001211,APP00606,UP001332,57:04.4,05:36.0,Pass,Initial,HASH_IDENTITY_606,
PROC001212,APP00606,UP001333,10:54.8,20:51.3,Pass,Initial,HASH_INCOME_606,
PROC001213,APP00607,UP001334,14:17.4,21:46.9,Pass,Initial,HASH_IDENTITY_607,
PROC001214,APP00607,UP001335,28:37.7,35:21.2,Pass,Initial,HASH_INCOME_607,
PROC001215,APP00608,UP001336,19:58.8,28:05.4,Pass,Initial,HASH_IDENTITY_608,
PROC001216,APP00608,UP001337,26:31.7,29:47.9,Pass,Initial,HASH_INCOME_608,
PROC001217,APP00609,UP001338,27:23.7,35:15.8,Pass,Initial,HASH_IDENTITY_609,
PROC001218,APP00609,UP001339,25:36.0,27:44.5,Pass,Initial,HASH_INCOME_609,
PROC001219,APP00610,UP001340,53:59.7,02:07.9,Pass,Initial,HASH_IDENTITY_610,
PROC001220,APP00610,UP001341,00:00.6,06:58.5,Pass,Initial,HASH_INCOME_610,
PROC001221,APP00611,UP001342,04:51.6,07:24.3,Pass,Initial,HASH_IDENTITY_611,
PROC001222,APP00611,UP001343,49:12.9,57:19.6,Pass,Initial,HASH_INCOME_611,
PROC001223,APP00612,UP001344,30:53.4,45:44.9,Pass,Re-validation,HASH_IDENTITY_612,Rule-triggered re-verification
PROC001224,APP00612,UP001345,16:06.0,17:06.0,Pass,Initial,HASH_INCOME_612,
PROC001225,APP00613,UP001346,06:48.1,14:36.6,Pass,Initial,HASH_IDENTITY_613,
PROC001226,APP00613,UP001347,03:55.3,04:55.3,Pass,Initial,HASH_INCOME_613,
PROC001227,APP00614,UP001349,46:14.6,54:35.3,Fail,Re-validation,HASH_IDENTITY_614,Retry after failed upload
PROC001228,APP00614,UP001350,11:33.8,14:11.5,Pass,Initial,HASH_INCOME_614,
PROC001229,APP00615,UP001351,38:11.7,49:52.0,Pass,Initial,HASH_IDENTITY_615,
PROC001230,APP00615,UP001354,41:09.2,43:50.7,Pass,Re-validation,HASH_INCOME_615,Retry after failed upload
PROC001231,APP00616,UP001355,11:50.0,13:31.5,Pass,Initial,HASH_IDENTITY_616,
PROC001232,APP00616,UP001357,09:54.1,21:01.6,Pass,Re-validation,HASH_INCOME_616,Retry after failed upload
PROC001233,APP00617,UP001358,30:02.8,37:45.8,Pass,Initial,HASH_IDENTITY_617,
PROC001234,APP00617,UP001359,35:34.5,49:27.0,Pass,Initial,HASH_INCOME_617,
PROC001235,APP00618,UP001361,53:41.9,07:23.9,Pass,Re-validation,HASH_IDENTITY_618,Retry after failed upload
PROC001236,APP00618,UP001362,47:40.2,58:19.3,Pass,Initial,HASH_INCOME_618,
PROC001237,APP00619,UP001363,48:46.6,52:31.8,Pass,Initial,HASH_IDENTITY_619,
PROC001238,APP00619,UP001364,54:49.0,01:52.0,Fail,Initial,HASH_INCOME_619,
PROC001239,APP00620,UP001365,32:42.9,41:05.9,Pass,Initial,HASH_IDENTITY_620,
PROC001240,APP00620,UP001366,43:21.3,51:43.1,Pass,Initial,HASH_INCOME_620,
PROC001241,APP00621,UP001367,18:20.9,23:44.8,Pass,Initial,HASH_IDENTITY_621,
PROC001242,APP00621,UP001368,28:47.4,34:52.1,Pass,Initial,HASH_INCOME_621,
PROC001243,APP00622,UP001369,04:24.9,10:03.6,Pass,Initial,HASH_IDENTITY_622,
PROC001244,APP00622,UP001370,08:10.5,17:28.5,Pass,Initial,HASH_INCOME_622,
PROC001245,APP00623,UP001371,02:33.1,03:33.1,Pass,Re-validation,HASH_IDENTITY_623,Previous validation expired
PROC001246,APP00623,UP001372,02:04.6,07:26.2,Pass,Initial,HASH_INCOME_623,
PROC001247,APP00624,UP001373,56:35.7,05:58.5,Pass,Initial,HASH_IDENTITY_624,
PROC001248,APP00624,UP001374,02:03.5,08:01.8,Fail,Initial,HASH_INCOME_624,
PROC001249,APP00625,UP001375,32:01.1,37:29.2,Pass,Initial,HASH_IDENTITY_625,
PROC001250,APP00625,UP001376,30:07.0,36:43.2,Pass,Initial,HASH_INCOME_625,
PROC001251,APP00626,UP001378,35:18.0,39:40.0,Pass,Re-validation,HASH_IDENTITY_626,Retry after failed upload
PROC001252,APP00626,UP001379,26:40.0,32:40.8,Pass,Initial,HASH_INCOME_626,
PROC001253,APP00627,UP001380,33:02.6,41:18.9,Pass,Initial,HASH_IDENTITY_627,
PROC001254,APP00627,UP001381,53:34.5,05:17.3,Pass,Initial,HASH_INCOME_627,
PROC001255,APP00628,UP001384,30:07.7,31:07.7,Pass,Re-validation,HASH_IDENTITY_628,Retry after failed upload
PROC001256,APP00628,UP001385,24:51.2,28:57.2,Pass,Initial,HASH_INCOME_628,
PROC001257,APP00629,UP001387,07:51.1,13:46.5,Pass,Re-validation,HASH_IDENTITY_629,Retry after failed upload
PROC001258,APP00629,UP001388,03:10.0,09:28.2,Pass,Initial,HASH_INCOME_629,
PROC001259,APP00630,UP001389,36:51.3,42:53.0,Fail,Initial,HASH_IDENTITY_630,
PROC001260,APP00630,UP001390,46:16.0,57:03.3,Pass,Initial,HASH_INCOME_630,
PROC001261,APP00631,UP001391,56:18.9,57:47.8,Pass,Initial,HASH_IDENTITY_631,
PROC001262,APP00631,UP001392,54:46.3,01:36.5,Pass,Initial,HASH_INCOME_631,
PROC001263,APP00632,UP001393,08:27.7,11:11.2,Pass,Initial,HASH_IDENTITY_632,
PROC001264,APP00632,UP001394,24:30.0,30:17.4,Pass,Initial,HASH_INCOME_632,
PROC001265,APP00633,UP001396,56:58.4,05:44.1,Pass,Re-validation,HASH_IDENTITY_633,Retry after failed upload
PROC001266,APP00633,UP001397,18:38.0,19:54.5,Pass,Initial,HASH_INCOME_633,
PROC001267,APP00634,UP001398,44:58.2,50:28.8,Pass,Initial,HASH_IDENTITY_634,
PROC001268,APP00634,UP001399,49:56.8,55:19.6,Pass,Initial,HASH_INCOME_634,
PROC001269,APP00635,UP001400,47:22.1,50:46.6,Pass,Initial,HASH_IDENTITY_635,
PROC001270,APP00635,UP001401,06:11.5,07:11.5,Pass,Initial,HASH_INCOME_635,
PROC001271,APP00636,UP001402,05:01.2,17:08.8,Fail,Initial,HASH_IDENTITY_636,
PROC001272,APP00636,UP001403,05:37.0,12:13.4,Pass,Initial,HASH_INCOME_636,
PROC001273,APP00637,UP001404,18:53.2,22:57.4,Pass,Initial,HASH_IDENTITY_637,
PROC001274,APP00637,UP001405,25:31.0,34:10.6,Pass,Initial,HASH_INCOME_637,
PROC001275,APP00638,UP001406,00:47.7,06:07.9,Pass,Initial,HASH_IDENTITY_638,
PROC001276,APP00638,UP001407,02:08.8,07:52.4,Pass,Initial,HASH_INCOME_638,
PROC001277,APP00639,UP001408,21:47.3,25:47.2,Pass,Initial,HASH_IDENTITY_639,
PROC001278,APP00639,UP001409,17:31.7,21:08.0,Pass,Initial,HASH_INCOME_639,
PROC001279,APP00640,UP001410,25:04.5,26:15.7,Pass,Initial,HASH_IDENTITY_640,
PROC001280,APP00640,UP001411,15:28.1,22:11.7,Pass,Re-validation,HASH_INCOME_640,System could not reuse prior result
PROC001281,APP00641,UP001412,21:51.6,23:17.6,Pass,Initial,HASH_IDENTITY_641,
PROC001282,APP00641,UP001413,30:52.2,37:29.6,Pass,Initial,HASH_INCOME_641,
PROC001283,APP00642,UP001414,42:37.9,49:47.9,Pass,Initial,HASH_IDENTITY_642,
PROC001284,APP00642,UP001415,03:51.4,04:51.4,Pass,Initial,HASH_INCOME_642,
PROC001285,APP00643,UP001416,42:48.5,49:33.8,Pass,Re-validation,HASH_IDENTITY_643,Rule-triggered re-verification
PROC001286,APP00643,UP001417,51:14.6,52:14.6,Pass,Initial,HASH_INCOME_643,
PROC001287,APP00644,UP001418,33:51.8,35:44.4,Pass,Initial,HASH_IDENTITY_644,
PROC001288,APP00644,UP001419,44:14.8,47:43.7,Pass,Initial,HASH_INCOME_644,
PROC001289,APP00645,UP001420,40:28.7,43:46.8,Pass,Initial,HASH_IDENTITY_645,
PROC001290,APP00645,UP001421,48:53.8,54:21.6,Pass,Initial,HASH_INCOME_645,
PROC001291,APP00646,UP001422,01:22.0,04:59.1,Pass,Initial,HASH_IDENTITY_646,
PROC001292,APP00646,UP001423,20:52.5,21:52.5,Pass,Initial,HASH_INCOME_646,
PROC001293,APP00647,UP001424,23:23.6,30:09.2,Pass,Initial,HASH_IDENTITY_647,
PROC001294,APP00647,UP001425,40:19.6,47:16.5,Pass,Initial,HASH_INCOME_647,
PROC001295,APP00648,UP001426,18:37.2,23:17.6,Pass,Initial,HASH_IDENTITY_648,
PROC001296,APP00648,UP001427,02:22.1,03:22.1,Pass,Initial,HASH_INCOME_648,
PROC001297,APP00649,UP001428,32:48.6,39:28.1,Pass,Initial,HASH_IDENTITY_649,
PROC001298,APP00649,UP001429,35:18.0,50:55.1,Pass,Initial,HASH_INCOME_649,
PROC001299,APP00650,UP001430,18:15.4,22:03.0,Pass,Initial,HASH_IDENTITY_650,
PROC001300,APP00650,UP001431,22:43.2,35:57.8,Pass,Initial,HASH_INCOME_650,
PROC001301,APP00651,UP001432,27:08.1,36:24.8,Pass,Initial,HASH_IDENTITY_651,
PROC001302,APP00651,UP001433,32:56.2,36:16.5,Pass,Initial,HASH_INCOME_651,
PROC001303,APP00652,UP001434,53:14.2,04:40.1,Fail,Initial,HASH_IDENTITY_652,
PROC001304,APP00652,UP001435,02:11.2,03:11.2,Pass,Initial,HASH_INCOME_652,
PROC001305,APP00653,UP001436,31:39.8,41:24.1,Pass,Initial,HASH_IDENTITY_653,
PROC001306,APP00653,UP001437,41:25.2,49:40.5,Pass,Initial,HASH_INCOME_653,
PROC001307,APP00654,UP001438,37:18.6,43:09.9,Pass,Initial,HASH_IDENTITY_654,
PROC001308,APP00654,UP001439,41:05.5,47:58.1,Pass,Initial,HASH_INCOME_654,
PROC001309,APP00655,UP001440,04:25.1,13:52.0,Pass,Initial,HASH_IDENTITY_655,
PROC001310,APP00655,UP001441,45:51.2,52:34.0,Pass,Initial,HASH_INCOME_655,
PROC001311,APP00656,UP001442,31:39.5,41:04.8,Fail,Initial,HASH_IDENTITY_656,
PROC001312,APP00656,UP001443,38:09.7,39:09.7,Pass,Initial,HASH_INCOME_656,
PROC001313,APP00657,UP001444,42:00.1,47:38.3,Pass,Re-validation,HASH_IDENTITY_657,Previous validation expired
PROC001314,APP00657,UP001445,49:27.0,56:33.1,Pass,Initial,HASH_INCOME_657,
PROC001315,APP00658,UP001446,34:31.6,43:44.2,Pass,Re-validation,HASH_IDENTITY_658,System could not reuse prior result
PROC001316,APP00658,UP001447,17:53.2,20:59.9,Pass,Initial,HASH_INCOME_658,
PROC001317,APP00659,UP001448,06:23.3,10:37.5,Pass,Initial,HASH_IDENTITY_659,
PROC001318,APP00659,UP001449,11:15.2,23:21.4,Pass,Initial,HASH_INCOME_659,
PROC001319,APP00660,UP001450,45:27.1,58:48.5,Pass,Initial,HASH_IDENTITY_660,
PROC001320,APP00660,UP001451,53:37.2,02:02.4,Pass,Initial,HASH_INCOME_660,
PROC001321,APP00661,UP001452,49:32.5,57:23.5,Pass,Initial,HASH_IDENTITY_661,
PROC001322,APP00661,UP001453,04:53.7,07:33.6,Pass,Initial,HASH_INCOME_661,
PROC001323,APP00662,UP001454,03:00.8,13:26.6,Pass,Re-validation,HASH_IDENTITY_662,Previous validation expired
PROC001324,APP00662,UP001455,25:47.0,30:02.8,Pass,Initial,HASH_INCOME_662,
PROC001325,APP00663,UP001456,36:40.1,37:40.1,Pass,Initial,HASH_IDENTITY_663,
PROC001326,APP00663,UP001457,39:50.1,54:11.7,Pass,Initial,HASH_INCOME_663,
PROC001327,APP00664,UP001458,33:47.4,47:37.0,Pass,Initial,HASH_IDENTITY_664,
PROC001328,APP00664,UP001459,35:25.3,36:25.3,Pass,Initial,HASH_INCOME_664,
PROC001329,APP00665,UP001460,18:13.3,25:27.8,Pass,Initial,HASH_IDENTITY_665,
PROC001330,APP00665,UP001461,08:39.5,20:16.1,Pass,Initial,HASH_INCOME_665,
PROC001331,APP00666,UP001462,26:32.7,30:46.8,Pass,Initial,HASH_IDENTITY_666,
PROC001332,APP00666,UP001463,38:38.6,41:41.0,Pass,Initial,HASH_INCOME_666,
PROC001333,APP00667,UP001464,11:50.1,12:50.1,Pass,Initial,HASH_IDENTITY_667,
PROC001334,APP00667,UP001465,11:52.8,16:15.6,Pass,Initial,HASH_INCOME_667,
PROC001335,APP00668,UP001466,29:43.2,33:11.1,Pass,Initial,HASH_IDENTITY_668,
PROC001336,APP00668,UP001467,51:30.0,57:55.8,Pass,Initial,HASH_INCOME_668,
PROC001337,APP00669,UP001468,02:51.9,14:48.7,Pass,Initial,HASH_IDENTITY_669,
PROC001338,APP00669,UP001469,57:09.1,06:25.8,Pass,Initial,HASH_INCOME_669,
PROC001339,APP00670,UP001470,20:15.6,22:44.6,Pass,Initial,HASH_IDENTITY_670,
PROC001340,APP00670,UP001471,43:42.7,44:42.7,Pass,Initial,HASH_INCOME_670,
PROC001341,APP00671,UP001472,21:03.7,25:27.5,Pass,Initial,HASH_IDENTITY_671,
PROC001342,APP00671,UP001474,31:18.0,41:34.8,Pass,Re-validation,HASH_INCOME_671,Retry after failed upload
PROC001343,APP00672,UP001475,59:01.7,02:08.3,Pass,Initial,HASH_IDENTITY_672,
PROC001344,APP00672,UP001476,05:26.4,07:06.4,Pass,Initial,HASH_INCOME_672,
PROC001345,APP00673,UP001477,26:14.0,33:56.2,Pass,Initial,HASH_IDENTITY_673,
PROC001346,APP00673,UP001478,32:32.0,35:41.2,Pass,Initial,HASH_INCOME_673,
PROC001347,APP00674,UP001479,40:07.1,49:02.2,Pass,Initial,HASH_IDENTITY_674,
PROC001348,APP00674,UP001480,59:32.8,11:13.9,Pass,Initial,HASH_INCOME_674,
PROC001349,APP00675,UP001481,22:14.4,28:44.9,Fail,Initial,HASH_IDENTITY_675,
PROC001350,APP00675,UP001482,28:38.1,37:53.7,Fail,Initial,HASH_INCOME_675,
PROC001351,APP00676,UP001483,49:07.8,52:30.4,Pass,Initial,HASH_IDENTITY_676,
PROC001352,APP00676,UP001484,46:55.5,52:19.7,Pass,Initial,HASH_INCOME_676,
PROC001353,APP00677,UP001485,57:42.9,03:31.3,Pass,Initial,HASH_IDENTITY_677,
PROC001354,APP00677,UP001486,05:38.1,09:13.7,Fail,Initial,HASH_INCOME_677,
PROC001355,APP00678,UP001487,29:45.5,32:41.3,Pass,Initial,HASH_IDENTITY_678,
PROC001356,APP00678,UP001488,43:50.7,51:10.0,Pass,Re-validation,HASH_INCOME_678,System could not reuse prior result
PROC001357,APP00679,UP001489,48:38.7,49:44.6,Pass,Initial,HASH_IDENTITY_679,
PROC001358,APP00679,UP001490,36:47.7,46:16.1,Pass,Initial,HASH_INCOME_679,
PROC001359,APP00680,UP001491,51:59.7,07:59.2,Pass,Initial,HASH_IDENTITY_680,
PROC001360,APP00680,UP001494,52:40.1,56:32.0,Pass,Re-validation,HASH_INCOME_680,Retry after failed upload
PROC001361,APP00681,UP001495,53:20.8,00:56.4,Pass,Initial,HASH_IDENTITY_681,
PROC001362,APP00681,UP001496,04:11.8,12:21.5,Pass,Initial,HASH_INCOME_681,
PROC001363,APP00682,UP001497,03:01.7,04:01.7,Pass,Initial,HASH_IDENTITY_682,
PROC001364,APP00682,UP001498,23:44.7,26:28.4,Pass,Initial,HASH_INCOME_682,
PROC001365,APP00683,UP001500,32:23.7,37:24.5,Pass,Re-validation,HASH_IDENTITY_683,Retry after failed upload
PROC001366,APP00683,UP001503,48:20.7,57:46.1,Pass,Re-validation,HASH_INCOME_683,Retry after failed upload
PROC001367,APP00684,UP001504,14:56.6,23:57.7,Pass,Initial,HASH_IDENTITY_684,
PROC001368,APP00684,UP001505,22:24.4,27:00.0,Fail,Initial,HASH_INCOME_684,
PROC001369,APP00685,UP001506,58:07.8,10:06.1,Pass,Initial,HASH_IDENTITY_685,
PROC001370,APP00685,UP001507,51:15.4,04:41.6,Pass,Re-validation,HASH_INCOME_685,Rule-triggered re-verification
PROC001371,APP00686,UP001508,23:32.3,29:03.6,Pass,Initial,HASH_IDENTITY_686,
PROC001372,APP00686,UP001509,33:39.7,37:59.7,Pass,Initial,HASH_INCOME_686,
PROC001373,APP00687,UP001510,55:17.6,02:10.7,Pass,Initial,HASH_IDENTITY_687,
PROC001374,APP00687,UP001511,01:49.6,07:04.7,Pass,Initial,HASH_INCOME_687,
PROC001375,APP00688,UP001512,51:11.6,57:52.9,Pass,Initial,HASH_IDENTITY_688,
PROC001376,APP00688,UP001513,02:06.3,03:09.2,Pass,Initial,HASH_INCOME_688,
PROC001377,APP00689,UP001514,35:01.3,39:30.8,Pass,Initial,HASH_IDENTITY_689,
PROC001378,APP00689,UP001515,27:19.8,36:00.0,Pass,Initial,HASH_INCOME_689,
PROC001379,APP00690,UP001516,39:22.4,46:22.0,Pass,Initial,HASH_IDENTITY_690,
PROC001380,APP00690,UP001519,43:20.6,56:21.7,Pass,Re-validation,HASH_INCOME_690,Retry after failed upload
PROC001381,APP00691,UP001520,34:56.1,45:18.6,Pass,Initial,HASH_IDENTITY_691,
PROC001382,APP00691,UP001521,53:18.2,54:33.5,Pass,Initial,HASH_INCOME_691,
PROC001383,APP00692,UP001522,42:27.1,54:55.7,Pass,Initial,HASH_IDENTITY_692,
PROC001384,APP00692,UP001523,40:35.7,50:27.1,Pass,Initial,HASH_INCOME_692,
PROC001385,APP00693,UP001525,16:24.1,26:21.1,Pass,Re-validation,HASH_IDENTITY_693,Retry after failed upload
PROC001386,APP00693,UP001526,10:54.7,26:51.0,Pass,Re-validation,HASH_INCOME_693,System could not reuse prior result
PROC001387,APP00694,UP001527,35:49.5,44:34.9,Pass,Initial,HASH_IDENTITY_694,
PROC001388,APP00694,UP001528,50:30.8,55:39.4,Pass,Initial,HASH_INCOME_694,
PROC001389,APP00695,UP001529,29:34.4,34:33.7,Pass,Initial,HASH_IDENTITY_695,
PROC001390,APP00695,UP001530,23:36.6,35:58.3,Pass,Initial,HASH_INCOME_695,
PROC001391,APP00696,UP001531,53:23.8,01:01.6,Pass,Re-validation,HASH_IDENTITY_696,Rule-triggered re-verification
PROC001392,APP00696,UP001533,56:54.5,02:51.4,Fail,Re-validation,HASH_INCOME_696,Retry after failed upload
PROC001393,APP00697,UP001536,05:49.8,13:20.8,Pass,Re-validation,HASH_IDENTITY_697,Retry after failed upload
PROC001394,APP00697,UP001537,56:46.8,58:00.0,Pass,Initial,HASH_INCOME_697,
PROC001395,APP00698,UP001538,23:35.2,27:40.1,Pass,Re-validation,HASH_IDENTITY_698,System could not reuse prior result
PROC001396,APP00698,UP001539,51:03.9,57:42.8,Pass,Initial,HASH_INCOME_698,
PROC001397,APP00699,UP001540,48:04.9,58:26.0,Pass,Initial,HASH_IDENTITY_699,
PROC001398,APP00699,UP001541,36:02.2,45:27.8,Fail,Initial,HASH_INCOME_699,
PROC001399,APP00700,UP001542,05:36.4,06:59.0,Pass,Initial,HASH_IDENTITY_700,
PROC001400,APP00700,UP001543,05:58.0,11:58.4,Pass,Initial,HASH_INCOME_700,
PROC001401,APP00701,UP001544,34:02.5,35:02.5,Pass,Initial,HASH_IDENTITY_701,
PROC001402,APP00701,UP001545,44:28.0,50:56.3,Pass,Initial,HASH_INCOME_701,
PROC001403,APP00702,UP001546,32:56.6,35:29.0,Pass,Initial,HASH_IDENTITY_702,
PROC001404,APP00702,UP001547,22:52.6,32:33.3,Pass,Initial,HASH_INCOME_702,
PROC001405,APP00703,UP001548,35:38.5,44:53.6,Pass,Initial,HASH_IDENTITY_703,
PROC001406,APP00703,UP001551,39:07.8,47:28.1,Pass,Re-validation,HASH_INCOME_703,Retry after failed upload
PROC001407,APP00704,UP001552,45:25.7,55:30.7,Pass,Initial,HASH_IDENTITY_704,
PROC001408,APP00704,UP001553,39:32.9,44:11.8,Pass,Initial,HASH_INCOME_704,
PROC001409,APP00705,UP001554,38:53.5,46:30.2,Pass,Initial,HASH_IDENTITY_705,
PROC001410,APP00705,UP001555,19:00.6,23:07.5,Pass,Initial,HASH_INCOME_705,
PROC001411,APP00706,UP001556,39:46.3,48:01.2,Pass,Initial,HASH_IDENTITY_706,
PROC001412,APP00706,UP001559,40:44.3,44:30.9,Pass,Re-validation,HASH_INCOME_706,Retry after failed upload
PROC001413,APP00707,UP001560,07:25.7,16:44.3,Pass,Initial,HASH_IDENTITY_707,
PROC001414,APP00707,UP001561,26:51.5,29:18.6,Pass,Initial,HASH_INCOME_707,
PROC001415,APP00708,UP001562,10:38.7,14:57.5,Pass,Initial,HASH_IDENTITY_708,
PROC001416,APP00708,UP001563,20:22.2,26:03.4,Pass,Initial,HASH_INCOME_708,
PROC001417,APP00709,UP001564,40:51.2,46:42.6,Fail,Initial,HASH_IDENTITY_709,
PROC001418,APP00709,UP001565,46:22.3,55:10.2,Pass,Initial,HASH_INCOME_709,
PROC001419,APP00710,UP001566,11:29.4,17:23.4,Pass,Initial,HASH_IDENTITY_710,
PROC001420,APP00710,UP001567,14:39.7,21:49.4,Pass,Initial,HASH_INCOME_710,
PROC001421,APP00711,UP001568,36:29.0,37:29.0,Pass,Initial,HASH_IDENTITY_711,
PROC001422,APP00711,UP001569,29:03.0,38:35.4,Fail,Initial,HASH_INCOME_711,
PROC001423,APP00712,UP001570,54:00.3,55:00.3,Pass,Initial,HASH_IDENTITY_712,
PROC001424,APP00712,UP001571,39:42.6,45:58.8,Pass,Initial,HASH_INCOME_712,
PROC001425,APP00713,UP001572,42:41.6,48:36.9,Pass,Initial,HASH_IDENTITY_713,
PROC001426,APP00713,UP001573,41:11.7,47:39.7,Pass,Initial,HASH_INCOME_713,
PROC001427,APP00714,UP001574,27:53.9,32:15.3,Pass,Initial,HASH_IDENTITY_714,
PROC001428,APP00714,UP001575,17:59.6,22:04.1,Fail,Initial,HASH_INCOME_714,
PROC001429,APP00715,UP001576,43:49.5,47:00.0,Pass,Initial,HASH_IDENTITY_715,
PROC001430,APP00715,UP001577,54:01.1,56:54.3,Pass,Initial,HASH_INCOME_715,
PROC001431,APP00716,UP001578,22:18.8,33:16.8,Pass,Initial,HASH_IDENTITY_716,
PROC001432,APP00716,UP001579,33:30.1,41:54.7,Pass,Initial,HASH_INCOME_716,
PROC001433,APP00717,UP001580,28:24.4,32:08.7,Pass,Initial,HASH_IDENTITY_717,
PROC001434,APP00717,UP001581,31:25.2,35:16.4,Pass,Initial,HASH_INCOME_717,
PROC001435,APP00718,UP001582,32:37.8,39:58.5,Pass,Initial,HASH_IDENTITY_718,
PROC001436,APP00718,UP001583,52:05.1,55:34.8,Pass,Initial,HASH_INCOME_718,
PROC001437,APP00719,UP001584,26:55.0,30:32.1,Pass,Initial,HASH_IDENTITY_719,
PROC001438,APP00719,UP001585,43:51.7,48:18.0,Fail,Initial,HASH_INCOME_719,
PROC001439,APP00720,UP001586,30:58.7,40:26.1,Pass,Initial,HASH_IDENTITY_720,
PROC001440,APP00720,UP001587,30:14.0,37:59.2,Pass,Initial,HASH_INCOME_720,
PROC001441,APP00721,UP001588,01:40.2,11:29.5,Pass,Initial,HASH_IDENTITY_721,
PROC001442,APP00721,UP001589,07:10.4,24:27.8,Pass,Initial,HASH_INCOME_721,
PROC001443,APP00722,UP001590,00:35.3,11:26.9,Pass,Initial,HASH_IDENTITY_722,
PROC001444,APP00722,UP001591,05:52.2,09:23.1,Pass,Initial,HASH_INCOME_722,
PROC001445,APP00723,UP001592,15:57.3,21:53.4,Pass,Initial,HASH_IDENTITY_723,
PROC001446,APP00723,UP001593,35:52.7,42:08.9,Pass,Initial,HASH_INCOME_723,
PROC001447,APP00724,UP001595,45:35.5,57:47.8,Pass,Re-validation,HASH_IDENTITY_724,Retry after failed upload
PROC001448,APP00724,UP001596,46:21.3,57:52.3,Pass,Initial,HASH_INCOME_724,
PROC001449,APP00725,UP001597,40:48.7,44:02.0,Pass,Initial,HASH_IDENTITY_725,
PROC001450,APP00725,UP001598,39:35.9,42:00.8,Pass,Initial,HASH_INCOME_725,
PROC001451,APP00726,UP001599,29:49.6,33:02.9,Pass,Initial,HASH_IDENTITY_726,
PROC001452,APP00726,UP001600,18:47.9,20:10.4,Pass,Initial,HASH_INCOME_726,
PROC001453,APP00727,UP001601,07:24.0,10:25.7,Pass,Initial,HASH_IDENTITY_727,
PROC001454,APP00727,UP001602,06:42.4,17:30.8,Pass,Initial,HASH_INCOME_727,
PROC001455,APP00728,UP001603,58:05.6,05:43.0,Pass,Initial,HASH_IDENTITY_728,
PROC001456,APP00728,UP001604,48:55.9,49:55.9,Pass,Initial,HASH_INCOME_728,
PROC001457,APP00729,UP001605,48:31.2,59:03.4,Pass,Initial,HASH_IDENTITY_729,
PROC001458,APP00729,UP001606,59:37.0,07:55.6,Pass,Initial,HASH_INCOME_729,
PROC001459,APP00730,UP001607,06:41.8,12:24.0,Pass,Initial,HASH_IDENTITY_730,
PROC001460,APP00730,UP001608,55:59.5,56:59.5,Pass,Initial,HASH_INCOME_730,
PROC001461,APP00731,UP001609,29:20.2,35:39.1,Pass,Initial,HASH_IDENTITY_731,
PROC001462,APP00731,UP001610,48:20.1,58:23.1,Pass,Initial,HASH_INCOME_731,
PROC001463,APP00732,UP001611,24:42.2,30:48.3,Pass,Initial,HASH_IDENTITY_732,
PROC001464,APP00732,UP001612,15:24.3,28:13.8,Pass,Initial,HASH_INCOME_732,
PROC001465,APP00733,UP001613,38:28.9,48:12.4,Pass,Initial,HASH_IDENTITY_733,
PROC001466,APP00733,UP001614,57:09.2,04:59.6,Pass,Initial,HASH_INCOME_733,
PROC001467,APP00734,UP001615,47:00.2,51:15.9,Pass,Initial,HASH_IDENTITY_734,
PROC001468,APP00734,UP001616,49:16.8,06:01.5,Pass,Initial,HASH_INCOME_734,
PROC001469,APP00735,UP001617,39:40.5,47:30.0,Pass,Initial,HASH_IDENTITY_735,
PROC001470,APP00735,UP001618,40:22.9,45:04.8,Pass,Initial,HASH_INCOME_735,
PROC001471,APP00736,UP001619,26:00.3,30:52.7,Pass,Initial,HASH_IDENTITY_736,
PROC001472,APP00736,UP001620,17:51.8,32:52.3,Pass,Initial,HASH_INCOME_736,
PROC001473,APP00737,UP001621,03:30.5,14:56.7,Pass,Initial,HASH_IDENTITY_737,
PROC001474,APP00737,UP001622,07:01.5,08:56.2,Pass,Initial,HASH_INCOME_737,
PROC001475,APP00738,UP001623,56:21.6,00:57.7,Pass,Initial,HASH_IDENTITY_738,
PROC001476,APP00738,UP001624,52:28.1,57:56.6,Pass,Initial,HASH_INCOME_738,
PROC001477,APP00739,UP001625,52:02.7,54:08.7,Pass,Initial,HASH_IDENTITY_739,
PROC001478,APP00739,UP001626,05:25.7,06:25.7,Pass,Initial,HASH_INCOME_739,
PROC001479,APP00740,UP001627,58:54.5,01:47.7,Pass,Initial,HASH_IDENTITY_740,
PROC001480,APP00740,UP001628,35:47.2,37:42.6,Pass,Initial,HASH_INCOME_740,
PROC001481,APP00741,UP001630,13:28.9,23:50.4,Pass,Re-validation,HASH_IDENTITY_741,Retry after failed upload
PROC001482,APP00741,UP001631,12:51.3,14:49.5,Pass,Initial,HASH_INCOME_741,
PROC001483,APP00742,UP001632,10:04.9,14:07.0,Pass,Initial,HASH_IDENTITY_742,
PROC001484,APP00742,UP001633,18:00.3,27:28.4,Pass,Initial,HASH_INCOME_742,
PROC001485,APP00743,UP001634,55:37.5,02:39.9,Pass,Initial,HASH_IDENTITY_743,
PROC001486,APP00743,UP001635,56:42.4,04:22.6,Pass,Initial,HASH_INCOME_743,
PROC001487,APP00744,UP001636,12:36.8,25:51.1,Pass,Initial,HASH_IDENTITY_744,
PROC001488,APP00744,UP001637,20:31.7,23:19.6,Pass,Initial,HASH_INCOME_744,
PROC001489,APP00745,UP001638,16:33.2,17:33.2,Pass,Initial,HASH_IDENTITY_745,
PROC001490,APP00745,UP001639,27:47.8,35:27.2,Pass,Initial,HASH_INCOME_745,
PROC001491,APP00746,UP001640,52:57.4,04:20.7,Pass,Initial,HASH_IDENTITY_746,
PROC001492,APP00746,UP001641,12:35.1,22:10.9,Pass,Initial,HASH_INCOME_746,
PROC001493,APP00747,UP001643,21:11.8,31:48.1,Pass,Re-validation,HASH_IDENTITY_747,Retry after failed upload
PROC001494,APP00747,UP001644,47:09.1,50:52.1,Pass,Initial,HASH_INCOME_747,
PROC001495,APP00748,UP001645,19:53.2,29:51.8,Pass,Initial,HASH_IDENTITY_748,
PROC001496,APP00748,UP001646,28:57.1,35:52.8,Pass,Initial,HASH_INCOME_748,
PROC001497,APP00749,UP001647,03:30.2,07:49.9,Pass,Initial,HASH_IDENTITY_749,
PROC001498,APP00749,UP001648,42:46.9,47:53.8,Pass,Re-validation,HASH_INCOME_749,Rule-triggered re-verification
PROC001499,APP00750,UP001649,52:42.9,55:08.8,Pass,Initial,HASH_IDENTITY_750,
PROC001500,APP00750,UP001650,47:14.6,52:37.3,Pass,Initial,HASH_INCOME_750,
PROC001501,APP00751,UP001651,12:54.9,22:41.3,Pass,Initial,HASH_IDENTITY_751,
PROC001502,APP00751,UP001652,15:08.5,25:42.2,Pass,Initial,HASH_INCOME_751,
PROC001503,APP00752,UP001653,07:01.2,11:01.2,Pass,Initial,HASH_IDENTITY_752,
PROC001504,APP00752,UP001654,58:31.2,59:31.2,Pass,Initial,HASH_INCOME_752,
PROC001505,APP00753,UP001655,25:51.1,31:12.2,Pass,Initial,HASH_IDENTITY_753,
PROC001506,APP00753,UP001656,34:26.9,37:59.4,Pass,Initial,HASH_INCOME_753,
PROC001507,APP00754,UP001657,46:27.6,58:43.3,Pass,Initial,HASH_IDENTITY_754,
PROC001508,APP00754,UP001658,54:40.2,02:45.6,Pass,Initial,HASH_INCOME_754,
PROC001509,APP00755,UP001659,27:00.4,37:03.7,Pass,Initial,HASH_IDENTITY_755,
PROC001510,APP00755,UP001660,31:35.3,35:48.7,Pass,Initial,HASH_INCOME_755,
PROC001511,APP00756,UP001661,13:09.9,21:47.9,Pass,Initial,HASH_IDENTITY_756,
PROC001512,APP00756,UP001662,24:38.7,33:36.8,Pass,Initial,HASH_INCOME_756,
PROC001513,APP00757,UP001663,08:10.9,17:45.8,Pass,Initial,HASH_IDENTITY_757,
PROC001514,APP00757,UP001664,08:32.0,11:50.5,Pass,Initial,HASH_INCOME_757,
PROC001515,APP00758,UP001665,36:39.6,43:39.8,Pass,Initial,HASH_IDENTITY_758,
PROC001516,APP00758,UP001666,55:28.2,09:39.6,Pass,Initial,HASH_INCOME_758,
PROC001517,APP00759,UP001667,40:17.2,43:59.1,Pass,Initial,HASH_IDENTITY_759,
PROC001518,APP00759,UP001668,45:34.9,48:34.7,Pass,Initial,HASH_INCOME_759,
PROC001519,APP00760,UP001669,42:50.8,51:35.4,Pass,Initial,HASH_IDENTITY_760,
PROC001520,APP00760,UP001670,30:58.0,32:27.2,Pass,Initial,HASH_INCOME_760,
PROC001521,APP00761,UP001671,13:35.1,20:36.2,Pass,Initial,HASH_IDENTITY_761,
PROC001522,APP00761,UP001672,21:42.8,30:29.4,Pass,Initial,HASH_INCOME_761,
PROC001523,APP00762,UP001673,37:49.3,43:00.1,Pass,Initial,HASH_IDENTITY_762,
PROC001524,APP00762,UP001674,39:13.1,42:58.3,Pass,Initial,HASH_INCOME_762,
PROC001525,APP00763,UP001675,02:41.1,11:39.9,Pass,Initial,HASH_IDENTITY_763,
PROC001526,APP00763,UP001676,01:04.7,12:25.7,Pass,Initial,HASH_INCOME_763,
PROC001527,APP00764,UP001678,00:02.7,05:41.9,Pass,Re-validation,HASH_IDENTITY_764,Retry after failed upload
PROC001528,APP00764,UP001679,09:42.3,17:15.8,Pass,Initial,HASH_INCOME_764,
PROC001529,APP00765,UP001680,35:20.3,43:02.3,Pass,Initial,HASH_IDENTITY_765,
PROC001530,APP00765,UP001681,45:48.9,46:48.9,Pass,Initial,HASH_INCOME_765,
PROC001531,APP00766,UP001682,36:10.1,43:29.1,Pass,Initial,HASH_IDENTITY_766,
PROC001532,APP00766,UP001683,29:35.9,31:39.3,Pass,Initial,HASH_INCOME_766,
PROC001533,APP00767,UP001686,31:06.9,38:50.1,Pass,Re-validation,HASH_IDENTITY_767,Retry after failed upload
PROC001534,APP00767,UP001687,14:19.5,23:39.4,Pass,Initial,HASH_INCOME_767,
PROC001535,APP00768,UP001688,18:43.4,19:52.3,Pass,Initial,HASH_IDENTITY_768,
PROC001536,APP00768,UP001689,08:00.1,14:28.0,Pass,Initial,HASH_INCOME_768,
PROC001537,APP00769,UP001690,05:28.3,12:47.8,Pass,Initial,HASH_IDENTITY_769,
PROC001538,APP00769,UP001691,04:54.9,17:55.9,Pass,Initial,HASH_INCOME_769,
PROC001539,APP00770,UP001692,16:28.5,21:36.6,Pass,Re-validation,HASH_IDENTITY_770,System could not reuse prior result
PROC001540,APP00770,UP001693,30:01.8,31:03.8,Fail,Initial,HASH_INCOME_770,
PROC001541,APP00771,UP001694,17:51.2,22:22.2,Pass,Initial,HASH_IDENTITY_771,
PROC001542,APP00771,UP001695,49:29.6,56:44.0,Pass,Initial,HASH_INCOME_771,
PROC001543,APP00772,UP001697,28:33.4,31:53.5,Pass,Re-validation,HASH_IDENTITY_772,Retry after failed upload
PROC001544,APP00772,UP001698,31:22.9,39:48.8,Pass,Initial,HASH_INCOME_772,
PROC001545,APP00773,UP001699,52:11.9,57:50.2,Pass,Initial,HASH_IDENTITY_773,
PROC001546,APP00773,UP001700,58:56.3,09:10.1,Pass,Initial,HASH_INCOME_773,
PROC001547,APP00774,UP001701,11:22.2,18:26.7,Pass,Initial,HASH_IDENTITY_774,
PROC001548,APP00774,UP001702,08:20.0,09:20.0,Pass,Initial,HASH_INCOME_774,
PROC001549,APP00775,UP001703,01:18.4,06:13.4,Pass,Initial,HASH_IDENTITY_775,
PROC001550,APP00775,UP001704,58:22.5,59:22.5,Pass,Initial,HASH_INCOME_775,
PROC001551,APP00776,UP001705,13:58.7,20:11.3,Pass,Initial,HASH_IDENTITY_776,
PROC001552,APP00776,UP001706,08:17.8,13:54.7,Pass,Initial,HASH_INCOME_776,
PROC001553,APP00777,UP001707,06:20.7,15:55.8,Pass,Initial,HASH_IDENTITY_777,
PROC001554,APP00777,UP001708,13:38.0,14:38.0,Pass,Initial,HASH_INCOME_777,
PROC001555,APP00778,UP001709,37:39.2,46:18.2,Pass,Initial,HASH_IDENTITY_778,
PROC001556,APP00778,UP001710,35:41.6,43:02.7,Pass,Initial,HASH_INCOME_778,
PROC001557,APP00779,UP001711,09:54.9,12:37.6,Pass,Initial,HASH_IDENTITY_779,
PROC001558,APP00779,UP001712,20:12.3,28:04.2,Pass,Initial,HASH_INCOME_779,
PROC001559,APP00780,UP001713,29:19.8,32:55.4,Pass,Initial,HASH_IDENTITY_780,
PROC001560,APP00780,UP001714,33:34.7,35:57.5,Fail,Initial,HASH_INCOME_780,
PROC001561,APP00781,UP001715,51:26.6,56:12.8,Pass,Initial,HASH_IDENTITY_781,
PROC001562,APP00781,UP001717,43:51.9,46:54.9,Pass,Re-validation,HASH_INCOME_781,Retry after failed upload
PROC001563,APP00782,UP001718,06:07.8,12:08.2,Pass,Re-validation,HASH_IDENTITY_782,Rule-triggered re-verification
PROC001564,APP00782,UP001719,09:32.6,16:10.2,Pass,Initial,HASH_INCOME_782,
PROC001565,APP00783,UP001720,04:03.4,15:57.0,Pass,Initial,HASH_IDENTITY_783,
PROC001566,APP00783,UP001721,53:59.0,06:32.8,Pass,Initial,HASH_INCOME_783,
PROC001567,APP00784,UP001722,37:10.9,41:07.6,Pass,Initial,HASH_IDENTITY_784,
PROC001568,APP00784,UP001723,42:29.3,47:18.6,Pass,Initial,HASH_INCOME_784,
PROC001569,APP00785,UP001724,27:17.0,28:17.0,Pass,Initial,HASH_IDENTITY_785,
PROC001570,APP00785,UP001725,28:28.9,36:18.6,Pass,Initial,HASH_INCOME_785,
PROC001571,APP00786,UP001726,18:44.6,22:20.8,Pass,Initial,HASH_IDENTITY_786,
PROC001572,APP00786,UP001727,40:34.7,42:51.7,Pass,Initial,HASH_INCOME_786,
PROC001573,APP00787,UP001728,11:51.3,20:04.2,Pass,Initial,HASH_IDENTITY_787,
PROC001574,APP00787,UP001729,17:40.9,18:40.9,Pass,Initial,HASH_INCOME_787,
PROC001575,APP00788,UP001730,42:04.7,43:04.7,Pass,Initial,HASH_IDENTITY_788,
PROC001576,APP00788,UP001732,55:06.1,03:12.3,Fail,Re-validation,HASH_INCOME_788,Retry after failed upload
PROC001577,APP00789,UP001733,54:11.4,02:37.5,Pass,Initial,HASH_IDENTITY_789,
PROC001578,APP00789,UP001734,04:35.0,15:33.2,Pass,Initial,HASH_INCOME_789,
PROC001579,APP00790,UP001737,47:03.4,48:03.4,Pass,Re-validation,HASH_IDENTITY_790,Retry after failed upload
PROC001580,APP00790,UP001738,10:10.4,19:59.3,Fail,Initial,HASH_INCOME_790,
PROC001581,APP00791,UP001739,51:39.9,52:39.9,Pass,Initial,HASH_IDENTITY_791,
PROC001582,APP00791,UP001740,03:15.6,09:48.2,Pass,Initial,HASH_INCOME_791,
PROC001583,APP00792,UP001741,15:31.3,25:37.4,Fail,Initial,HASH_IDENTITY_792,
PROC001584,APP00792,UP001742,16:24.9,25:16.1,Pass,Initial,HASH_INCOME_792,
PROC001585,APP00793,UP001743,28:54.4,36:15.9,Pass,Initial,HASH_IDENTITY_793,
PROC001586,APP00793,UP001744,39:32.9,43:37.3,Pass,Initial,HASH_INCOME_793,
PROC001587,APP00794,UP001745,18:21.5,19:21.5,Pass,Initial,HASH_IDENTITY_794,
PROC001588,APP00794,UP001746,14:46.2,27:19.4,Pass,Initial,HASH_INCOME_794,
PROC001589,APP00795,UP001747,23:26.7,27:08.2,Pass,Initial,HASH_IDENTITY_795,
PROC001590,APP00795,UP001748,30:34.6,37:02.2,Pass,Re-validation,HASH_INCOME_795,Rule-triggered re-verification
PROC001591,APP00796,UP001749,19:06.8,29:04.3,Pass,Initial,HASH_IDENTITY_796,
PROC001592,APP00796,UP001750,35:21.2,37:13.4,Pass,Initial,HASH_INCOME_796,
PROC001593,APP00797,UP001751,34:51.1,38:36.3,Pass,Initial,HASH_IDENTITY_797,
PROC001594,APP00797,UP001752,44:20.8,51:18.6,Pass,Initial,HASH_INCOME_797,
PROC001595,APP00798,UP001755,23:42.6,31:27.2,Pass,Re-validation,HASH_IDENTITY_798,Retry after failed upload
PROC001596,APP00798,UP001756,31:41.8,35:55.6,Pass,Initial,HASH_INCOME_798,
PROC001597,APP00799,UP001757,17:49.9,29:49.6,Pass,Initial,HASH_IDENTITY_799,
PROC001598,APP00799,UP001758,23:08.4,33:55.8,Pass,Re-validation,HASH_INCOME_799,System could not reuse prior result
PROC001599,APP00800,UP001759,47:29.5,53:34.7,Pass,Initial,HASH_IDENTITY_800,
PROC001600,APP00800,UP001760,56:01.3,57:14.0,Pass,Initial,HASH_INCOME_800,
PROC001601,APP00801,UP001761,07:31.3,14:31.0,Pass,Initial,HASH_IDENTITY_801,
PROC001602,APP00801,UP001762,10:45.3,17:06.6,Pass,Initial,HASH_INCOME_801,
PROC001603,APP00802,UP001763,59:30.9,01:59.8,Pass,Initial,HASH_IDENTITY_802,
PROC001604,APP00802,UP001764,00:43.5,03:11.1,Pass,Initial,HASH_INCOME_802,
PROC001605,APP00803,UP001765,57:32.3,03:32.7,Pass,Initial,HASH_IDENTITY_803,
PROC001606,APP00803,UP001766,07:08.9,22:41.3,Pass,Re-validation,HASH_INCOME_803,Previous validation expired
PROC001607,APP00804,UP001767,09:24.4,12:09.9,Pass,Initial,HASH_IDENTITY_804,
PROC001608,APP00804,UP001769,06:00.3,10:21.8,Pass,Re-validation,HASH_INCOME_804,Retry after failed upload
PROC001609,APP00805,UP001770,34:07.2,40:46.9,Pass,Initial,HASH_IDENTITY_805,
PROC001610,APP00805,UP001773,41:19.6,51:33.0,Pass,Re-validation,HASH_INCOME_805,Retry after failed upload
PROC001611,APP00806,UP001774,41:08.6,53:08.5,Pass,Initial,HASH_IDENTITY_806,
PROC001612,APP00806,UP001775,58:36.6,02:06.4,Pass,Initial,HASH_INCOME_806,
PROC001613,APP00807,UP001776,05:55.6,10:17.9,Fail,Initial,HASH_IDENTITY_807,
PROC001614,APP00807,UP001777,19:29.6,22:55.5,Pass,Initial,HASH_INCOME_807,
PROC001615,APP00808,UP001779,54:55.2,01:01.1,Pass,Re-validation,HASH_IDENTITY_808,Retry after failed upload
PROC001616,APP00808,UP001780,55:35.0,07:48.8,Pass,Initial,HASH_INCOME_808,
PROC001617,APP00809,UP001781,31:41.1,37:15.6,Pass,Initial,HASH_IDENTITY_809,
PROC001618,APP00809,UP001782,41:14.9,42:47.5,Pass,Re-validation,HASH_INCOME_809,Rule-triggered re-verification
PROC001619,APP00810,UP001783,19:48.6,23:20.9,Pass,Initial,HASH_IDENTITY_810,
PROC001620,APP00810,UP001784,14:39.5,22:44.8,Pass,Initial,HASH_INCOME_810,
PROC001621,APP00811,UP001785,40:46.7,48:51.4,Pass,Initial,HASH_IDENTITY_811,
PROC001622,APP00811,UP001786,32:03.5,35:36.3,Pass,Initial,HASH_INCOME_811,
PROC001623,APP00812,UP001787,51:13.9,58:22.8,Pass,Initial,HASH_IDENTITY_812,
PROC001624,APP00812,UP001788,35:45.6,40:57.8,Pass,Initial,HASH_INCOME_812,
PROC001625,APP00813,UP001789,33:48.6,42:18.9,Pass,Re-validation,HASH_IDENTITY_813,Rule-triggered re-verification
PROC001626,APP00813,UP001790,30:39.1,33:52.6,Pass,Initial,HASH_INCOME_813,
PROC001627,APP00814,UP001791,08:44.1,16:38.6,Pass,Initial,HASH_IDENTITY_814,
PROC001628,APP00814,UP001792,25:26.8,26:43.4,Pass,Re-validation,HASH_INCOME_814,System could not reuse prior result
PROC001629,APP00815,UP001793,12:36.4,17:21.9,Pass,Initial,HASH_IDENTITY_815,
PROC001630,APP00815,UP001794,26:16.7,32:32.3,Pass,Initial,HASH_INCOME_815,
PROC001631,APP00816,UP001795,38:24.9,45:33.6,Pass,Initial,HASH_IDENTITY_816,
PROC001632,APP00816,UP001798,34:42.6,42:39.1,Pass,Re-validation,HASH_INCOME_816,Retry after failed upload
PROC001633,APP00817,UP001799,01:28.6,09:48.9,Pass,Initial,HASH_IDENTITY_817,
PROC001634,APP00817,UP001800,17:40.9,27:58.8,Pass,Initial,HASH_INCOME_817,
PROC001635,APP00818,UP001801,07:08.2,19:49.8,Pass,Initial,HASH_IDENTITY_818,
PROC001636,APP00818,UP001802,10:04.7,14:48.6,Pass,Initial,HASH_INCOME_818,
PROC001637,APP00819,UP001803,11:00.3,19:43.7,Pass,Initial,HASH_IDENTITY_819,
PROC001638,APP00819,UP001804,58:44.3,59:44.3,Pass,Initial,HASH_INCOME_819,
PROC001639,APP00820,UP001805,42:47.2,53:20.7,Pass,Initial,HASH_IDENTITY_820,
PROC001640,APP00820,UP001806,50:23.1,52:20.2,Pass,Initial,HASH_INCOME_820,
PROC001641,APP00821,UP001809,09:54.7,21:04.8,Pass,Re-validation,HASH_IDENTITY_821,Retry after failed upload
PROC001642,APP00821,UP001810,08:23.6,09:23.6,Fail,Initial,HASH_INCOME_821,
PROC001643,APP00822,UP001811,25:11.6,35:53.5,Pass,Initial,HASH_IDENTITY_822,
PROC001644,APP00822,UP001813,40:46.5,46:47.1,Pass,Re-validation,HASH_INCOME_822,Retry after failed upload
PROC001645,APP00823,UP001814,06:31.7,19:37.4,Pass,Initial,HASH_IDENTITY_823,
PROC001646,APP00823,UP001815,25:49.5,30:40.6,Pass,Initial,HASH_INCOME_823,
PROC001647,APP00824,UP001816,08:30.3,12:48.8,Pass,Initial,HASH_IDENTITY_824,
PROC001648,APP00824,UP001817,14:26.0,15:26.0,Pass,Initial,HASH_INCOME_824,
PROC001649,APP00825,UP001820,13:48.1,25:59.7,Pass,Re-validation,HASH_IDENTITY_825,Retry after failed upload
PROC001650,APP00825,UP001821,19:27.7,28:44.1,Pass,Initial,HASH_INCOME_825,
PROC001651,APP00826,UP001822,13:55.3,20:41.8,Pass,Initial,HASH_IDENTITY_826,
PROC001652,APP00826,UP001823,14:14.6,20:16.1,Pass,Initial,HASH_INCOME_826,
PROC001653,APP00827,UP001824,14:20.9,23:19.1,Pass,Initial,HASH_IDENTITY_827,
PROC001654,APP00827,UP001825,28:00.7,36:45.5,Pass,Initial,HASH_INCOME_827,
PROC001655,APP00828,UP001826,26:51.8,27:51.8,Pass,Re-validation,HASH_IDENTITY_828,System could not reuse prior result
PROC001656,APP00828,UP001827,08:27.7,10:39.4,Pass,Initial,HASH_INCOME_828,
PROC001657,APP00829,UP001828,26:25.8,36:51.8,Pass,Initial,HASH_IDENTITY_829,
PROC001658,APP00829,UP001830,42:10.4,43:54.0,Pass,Re-validation,HASH_INCOME_829,Retry after failed upload
PROC001659,APP00830,UP001831,46:00.5,51:45.4,Pass,Initial,HASH_IDENTITY_830,
PROC001660,APP00830,UP001832,38:39.9,44:16.6,Pass,Initial,HASH_INCOME_830,
PROC001661,APP00831,UP001833,34:22.4,41:28.8,Pass,Initial,HASH_IDENTITY_831,
PROC001662,APP00831,UP001834,26:29.1,27:29.1,Pass,Initial,HASH_INCOME_831,
PROC001663,APP00832,UP001837,07:55.3,09:31.3,Pass,Re-validation,HASH_IDENTITY_832,Retry after failed upload
PROC001664,APP00832,UP001838,20:06.6,21:54.8,Pass,Initial,HASH_INCOME_832,
PROC001665,APP00833,UP001839,21:07.4,30:06.8,Pass,Initial,HASH_IDENTITY_833,
PROC001666,APP00833,UP001840,35:57.3,44:43.8,Pass,Initial,HASH_INCOME_833,
PROC001667,APP00834,UP001841,30:28.7,34:08.2,Pass,Initial,HASH_IDENTITY_834,
PROC001668,APP00834,UP001842,43:04.3,48:45.0,Pass,Initial,HASH_INCOME_834,
PROC001669,APP00835,UP001843,11:45.5,12:47.3,Pass,Initial,HASH_IDENTITY_835,
PROC001670,APP00835,UP001844,14:09.7,22:33.3,Pass,Initial,HASH_INCOME_835,
PROC001671,APP00836,UP001845,45:11.8,47:33.6,Pass,Initial,HASH_IDENTITY_836,
PROC001672,APP00836,UP001846,29:03.5,34:26.6,Pass,Initial,HASH_INCOME_836,
PROC001673,APP00837,UP001847,57:19.0,10:33.4,Pass,Initial,HASH_IDENTITY_837,
PROC001674,APP00837,UP001848,00:27.9,03:18.9,Pass,Initial,HASH_INCOME_837,
PROC001675,APP00838,UP001851,12:15.6,17:06.7,Pass,Re-validation,HASH_IDENTITY_838,Retry after failed upload
PROC001676,APP00838,UP001852,10:43.7,13:16.3,Fail,Initial,HASH_INCOME_838,
PROC001677,APP00839,UP001853,45:10.9,49:24.1,Pass,Initial,HASH_IDENTITY_839,
PROC001678,APP00839,UP001854,50:22.6,51:22.6,Pass,Initial,HASH_INCOME_839,
PROC001679,APP00840,UP001855,38:55.1,39:55.1,Pass,Initial,HASH_IDENTITY_840,
PROC001680,APP00840,UP001856,42:50.3,50:45.5,Fail,Initial,HASH_INCOME_840,
PROC001681,APP00841,UP001857,52:52.8,02:30.5,Pass,Initial,HASH_IDENTITY_841,
PROC001682,APP00841,UP001858,58:22.3,00:55.4,Pass,Initial,HASH_INCOME_841,
PROC001683,APP00842,UP001859,17:33.1,19:23.5,Pass,Initial,HASH_IDENTITY_842,
PROC001684,APP00842,UP001860,28:54.9,39:27.5,Pass,Initial,HASH_INCOME_842,
PROC001685,APP00843,UP001861,57:30.1,06:26.0,Pass,Initial,HASH_IDENTITY_843,
PROC001686,APP00843,UP001864,59:34.6,07:47.4,Pass,Re-validation,HASH_INCOME_843,Retry after failed upload
PROC001687,APP00844,UP001865,54:18.4,55:54.5,Pass,Initial,HASH_IDENTITY_844,
PROC001688,APP00844,UP001866,56:37.0,57:37.0,Pass,Initial,HASH_INCOME_844,
PROC001689,APP00845,UP001867,58:24.0,00:24.9,Pass,Initial,HASH_IDENTITY_845,
PROC001690,APP00845,UP001868,02:48.3,13:27.5,Pass,Initial,HASH_INCOME_845,
PROC001691,APP00846,UP001869,50:05.3,59:55.8,Pass,Initial,HASH_IDENTITY_846,
PROC001692,APP00846,UP001870,39:33.9,46:13.9,Pass,Initial,HASH_INCOME_846,
PROC001693,APP00847,UP001871,55:30.3,04:13.2,Pass,Initial,HASH_IDENTITY_847,
PROC001694,APP00847,UP001872,49:45.8,02:54.9,Fail,Initial,HASH_INCOME_847,
PROC001695,APP00848,UP001873,53:24.0,54:24.0,Pass,Initial,HASH_IDENTITY_848,
PROC001696,APP00848,UP001876,57:10.6,00:45.1,Pass,Re-validation,HASH_INCOME_848,Retry after failed upload
PROC001697,APP00849,UP001877,36:31.3,45:56.9,Pass,Initial,HASH_IDENTITY_849,
PROC001698,APP00849,UP001878,20:43.8,22:10.0,Pass,Initial,HASH_INCOME_849,
PROC001699,APP00850,UP001879,15:10.8,21:35.6,Fail,Initial,HASH_IDENTITY_850,
PROC001700,APP00850,UP001880,37:10.7,38:10.7,Pass,Initial,HASH_INCOME_850,
PROC001701,APP00851,UP001881,20:49.9,34:23.2,Fail,Initial,HASH_IDENTITY_851,
PROC001702,APP00851,UP001882,12:18.0,17:33.4,Pass,Initial,HASH_INCOME_851,
PROC001703,APP00852,UP001883,40:37.1,42:04.0,Pass,Initial,HASH_IDENTITY_852,
PROC001704,APP00852,UP001884,02:39.9,09:21.7,Pass,Re-validation,HASH_INCOME_852,Previous validation expired
PROC001705,APP00853,UP001885,45:26.2,47:41.4,Pass,Initial,HASH_IDENTITY_853,
PROC001706,APP00853,UP001886,42:25.2,56:33.8,Fail,Initial,HASH_INCOME_853,
PROC001707,APP00854,UP001887,57:56.4,02:43.7,Pass,Initial,HASH_IDENTITY_854,
PROC001708,APP00854,UP001889,02:48.1,08:12.9,Pass,Re-validation,HASH_INCOME_854,Retry after failed upload
PROC001709,APP00855,UP001890,34:11.5,39:15.0,Fail,Initial,HASH_IDENTITY_855,
PROC001710,APP00855,UP001891,32:36.7,35:51.1,Pass,Initial,HASH_INCOME_855,
PROC001711,APP00856,UP001892,38:02.2,48:27.8,Pass,Initial,HASH_IDENTITY_856,
PROC001712,APP00856,UP001893,41:18.0,53:20.1,Pass,Initial,HASH_INCOME_856,
PROC001713,APP00857,UP001894,01:44.6,12:49.6,Pass,Re-validation,HASH_IDENTITY_857,Previous validation expired
PROC001714,APP00857,UP001895,54:28.3,59:21.8,Pass,Initial,HASH_INCOME_857,
PROC001715,APP00858,UP001896,18:30.1,19:30.1,Pass,Initial,HASH_IDENTITY_858,
PROC001716,APP00858,UP001897,11:56.8,20:48.8,Pass,Initial,HASH_INCOME_858,
PROC001717,APP00859,UP001898,03:53.0,15:43.5,Pass,Initial,HASH_IDENTITY_859,
PROC001718,APP00859,UP001899,56:14.9,06:56.1,Pass,Initial,HASH_INCOME_859,
PROC001719,APP00860,UP001900,45:37.4,46:37.4,Pass,Initial,HASH_IDENTITY_860,
PROC001720,APP00860,UP001901,58:00.1,04:11.7,Pass,Initial,HASH_INCOME_860,
PROC001721,APP00861,UP001902,49:16.8,57:16.5,Pass,Initial,HASH_IDENTITY_861,
PROC001722,APP00861,UP001903,52:34.8,53:34.8,Pass,Initial,HASH_INCOME_861,
PROC001723,APP00862,UP001904,13:38.7,16:23.7,Fail,Initial,HASH_IDENTITY_862,
PROC001724,APP00862,UP001905,20:17.0,22:16.2,Pass,Initial,HASH_INCOME_862,
PROC001725,APP00863,UP001906,04:27.6,05:27.6,Pass,Initial,HASH_IDENTITY_863,
PROC001726,APP00863,UP001907,52:22.1,58:41.5,Pass,Initial,HASH_INCOME_863,
PROC001727,APP00864,UP001908,01:20.3,11:03.8,Pass,Re-validation,HASH_IDENTITY_864,Previous validation expired
PROC001728,APP00864,UP001911,30:33.1,41:39.6,Pass,Re-validation,HASH_INCOME_864,Retry after failed upload
PROC001729,APP00865,UP001912,45:49.4,47:57.2,Pass,Re-validation,HASH_IDENTITY_865,System could not reuse prior result
PROC001730,APP00865,UP001913,00:43.2,06:11.0,Pass,Initial,HASH_INCOME_865,
PROC001731,APP00866,UP001914,16:35.6,22:59.8,Pass,Re-validation,HASH_IDENTITY_866,System could not reuse prior result
PROC001732,APP00866,UP001915,18:24.3,23:36.4,Pass,Initial,HASH_INCOME_866,
PROC001733,APP00867,UP001916,50:25.6,05:59.7,Pass,Initial,HASH_IDENTITY_867,
PROC001734,APP00867,UP001917,47:33.1,48:33.1,Pass,Initial,HASH_INCOME_867,
PROC001735,APP00868,UP001919,14:11.8,19:44.6,Pass,Re-validation,HASH_IDENTITY_868,Retry after failed upload
PROC001736,APP00868,UP001920,26:50.3,29:21.6,Fail,Initial,HASH_INCOME_868,
PROC001737,APP00869,UP001921,18:16.7,26:26.5,Pass,Initial,HASH_IDENTITY_869,
PROC001738,APP00869,UP001922,28:36.6,42:01.5,Pass,Initial,HASH_INCOME_869,
PROC001739,APP00870,UP001923,40:54.8,41:54.8,Fail,Initial,HASH_IDENTITY_870,
PROC001740,APP00870,UP001924,27:40.1,28:40.1,Pass,Initial,HASH_INCOME_870,
PROC001741,APP00871,UP001926,15:47.2,26:37.6,Pass,Re-validation,HASH_IDENTITY_871,Retry after failed upload
PROC001742,APP00871,UP001927,00:53.7,07:12.7,Pass,Initial,HASH_INCOME_871,
PROC001743,APP00872,UP001928,39:07.3,44:56.6,Pass,Initial,HASH_IDENTITY_872,
PROC001744,APP00872,UP001929,39:04.9,48:33.5,Pass,Re-validation,HASH_INCOME_872,Previous validation expired
PROC001745,APP00873,UP001930,34:22.0,44:03.9,Pass,Initial,HASH_IDENTITY_873,
PROC001746,APP00873,UP001931,43:01.1,48:32.9,Pass,Initial,HASH_INCOME_873,
PROC001747,APP00874,UP001932,47:54.7,51:10.9,Pass,Initial,HASH_IDENTITY_874,
PROC001748,APP00874,UP001933,17:09.9,23:10.5,Pass,Initial,HASH_INCOME_874,
PROC001749,APP00875,UP001934,49:06.5,58:21.8,Pass,Initial,HASH_IDENTITY_875,
PROC001750,APP00875,UP001935,02:32.1,07:21.3,Fail,Initial,HASH_INCOME_875,
PROC001751,APP00876,UP001936,17:23.3,18:40.3,Pass,Initial,HASH_IDENTITY_876,
PROC001752,APP00876,UP001937,35:13.1,42:56.4,Pass,Initial,HASH_INCOME_876,
PROC001753,APP00877,UP001938,41:59.6,51:57.1,Pass,Initial,HASH_IDENTITY_877,
PROC001754,APP00877,UP001939,58:20.4,03:57.3,Pass,Initial,HASH_INCOME_877,
PROC001755,APP00878,UP001940,25:31.0,31:54.2,Pass,Re-validation,HASH_IDENTITY_878,Previous validation expired
PROC001756,APP00878,UP001941,20:56.8,26:31.2,Pass,Initial,HASH_INCOME_878,
PROC001757,APP00879,UP001942,25:29.9,26:29.9,Pass,Initial,HASH_IDENTITY_879,
PROC001758,APP00879,UP001944,25:06.7,35:06.4,Pass,Re-validation,HASH_INCOME_879,Retry after failed upload
PROC001759,APP00880,UP001945,51:33.1,07:04.4,Pass,Initial,HASH_IDENTITY_880,
PROC001760,APP00880,UP001946,54:20.5,05:24.7,Pass,Initial,HASH_INCOME_880,
PROC001761,APP00881,UP001948,43:15.2,47:59.1,Pass,Re-validation,HASH_IDENTITY_881,Retry after failed upload
PROC001762,APP00881,UP001949,42:15.8,43:15.8,Fail,Initial,HASH_INCOME_881,
PROC001763,APP00882,UP001951,27:28.4,36:41.1,Pass,Re-validation,HASH_IDENTITY_882,Retry after failed upload
PROC001764,APP00882,UP001952,21:06.3,22:06.3,Pass,Initial,HASH_INCOME_882,
PROC001765,APP00883,UP001953,08:47.6,23:29.9,Pass,Initial,HASH_IDENTITY_883,
PROC001766,APP00883,UP001954,27:56.0,33:04.9,Pass,Initial,HASH_INCOME_883,
PROC001767,APP00884,UP001955,14:55.0,21:08.7,Pass,Re-validation,HASH_IDENTITY_884,System could not reuse prior result
PROC001768,APP00884,UP001956,24:26.3,28:40.1,Pass,Initial,HASH_INCOME_884,
PROC001769,APP00885,UP001957,59:42.3,02:27.9,Pass,Initial,HASH_IDENTITY_885,
PROC001770,APP00885,UP001958,52:18.9,57:54.2,Pass,Initial,HASH_INCOME_885,
PROC001771,APP00886,UP001959,18:45.1,20:35.6,Pass,Initial,HASH_IDENTITY_886,
PROC001772,APP00886,UP001960,37:50.8,44:50.7,Pass,Initial,HASH_INCOME_886,
PROC001773,APP00887,UP001961,35:25.1,36:25.1,Pass,Initial,HASH_IDENTITY_887,
PROC001774,APP00887,UP001962,34:31.5,35:32.7,Pass,Initial,HASH_INCOME_887,
PROC001775,APP00888,UP001963,52:32.7,53:32.7,Pass,Initial,HASH_IDENTITY_888,
PROC001776,APP00888,UP001964,52:32.6,06:38.2,Pass,Initial,HASH_INCOME_888,
PROC001777,APP00889,UP001965,42:03.0,48:22.3,Pass,Initial,HASH_IDENTITY_889,
PROC001778,APP00889,UP001966,44:47.8,50:04.9,Pass,Re-validation,HASH_INCOME_889,System could not reuse prior result
PROC001779,APP00890,UP001967,07:58.4,14:42.6,Pass,Initial,HASH_IDENTITY_890,
PROC001780,APP00890,UP001968,22:02.4,36:07.6,Pass,Initial,HASH_INCOME_890,
PROC001781,APP00891,UP001969,54:53.0,09:06.1,Pass,Initial,HASH_IDENTITY_891,
PROC001782,APP00891,UP001970,11:34.9,19:46.7,Pass,Re-validation,HASH_INCOME_891,Rule-triggered re-verification
PROC001783,APP00892,UP001971,24:27.2,27:48.2,Pass,Initial,HASH_IDENTITY_892,
PROC001784,APP00892,UP001972,28:53.3,37:57.9,Pass,Initial,HASH_INCOME_892,
PROC001785,APP00893,UP001973,36:54.9,37:54.9,Pass,Initial,HASH_IDENTITY_893,
PROC001786,APP00893,UP001974,27:35.3,37:01.5,Pass,Initial,HASH_INCOME_893,
PROC001787,APP00894,UP001975,42:33.9,47:59.1,Pass,Initial,HASH_IDENTITY_894,
PROC001788,APP00894,UP001976,47:46.0,55:32.4,Pass,Initial,HASH_INCOME_894,
PROC001789,APP00895,UP001977,59:26.6,06:00.2,Pass,Initial,HASH_IDENTITY_895,
PROC001790,APP00895,UP001978,58:36.7,04:04.0,Pass,Initial,HASH_INCOME_895,
PROC001791,APP00896,UP001979,31:37.0,37:41.5,Pass,Initial,HASH_IDENTITY_896,
PROC001792,APP00896,UP001980,31:11.9,35:54.4,Pass,Initial,HASH_INCOME_896,
PROC001793,APP00897,UP001981,08:52.2,22:08.6,Pass,Initial,HASH_IDENTITY_897,
PROC001794,APP00897,UP001982,15:03.1,17:46.6,Pass,Initial,HASH_INCOME_897,
PROC001795,APP00898,UP001983,55:35.1,58:02.0,Pass,Initial,HASH_IDENTITY_898,
PROC001796,APP00898,UP001984,51:24.6,54:30.2,Pass,Initial,HASH_INCOME_898,
PROC001797,APP00899,UP001985,23:00.2,27:47.7,Pass,Initial,HASH_IDENTITY_899,
PROC001798,APP00899,UP001986,19:17.0,28:17.3,Pass,Initial,HASH_INCOME_899,
PROC001799,APP00900,UP001987,57:43.9,09:47.2,Pass,Initial,HASH_IDENTITY_900,
PROC001800,APP00900,UP001988,14:47.6,21:30.3,Pass,Initial,HASH_INCOME_900,
PROC001801,APP00901,UP001989,09:54.7,14:57.8,Pass,Initial,HASH_IDENTITY_901,
PROC001802,APP00901,UP001990,19:25.2,20:25.2,Pass,Initial,HASH_INCOME_901,
PROC001803,APP00902,UP001991,15:46.3,18:17.9,Pass,Initial,HASH_IDENTITY_902,
PROC001804,APP00902,UP001992,24:07.3,31:36.8,Pass,Initial,HASH_INCOME_902,
PROC001805,APP00903,UP001993,00:36.7,08:37.2,Pass,Initial,HASH_IDENTITY_903,
PROC001806,APP00903,UP001994,04:54.3,13:20.7,Pass,Initial,HASH_INCOME_903,
PROC001807,APP00904,UP001995,55:02.9,01:02.1,Pass,Initial,HASH_IDENTITY_904,
PROC001808,APP00904,UP001996,57:07.5,04:37.4,Pass,Initial,HASH_INCOME_904,
PROC001809,APP00905,UP001997,18:28.7,24:36.3,Fail,Initial,HASH_IDENTITY_905,
PROC001810,APP00905,UP001998,06:30.5,16:28.8,Pass,Initial,HASH_INCOME_905,
PROC001811,APP00906,UP001999,38:16.1,53:49.5,Pass,Initial,HASH_IDENTITY_906,
PROC001812,APP00906,UP002000,51:48.3,02:43.1,Pass,Initial,HASH_INCOME_906,
PROC001813,APP00907,UP002001,36:00.0,41:48.6,Pass,Initial,HASH_IDENTITY_907,
PROC001814,APP00907,UP002002,38:54.1,39:54.1,Pass,Initial,HASH_INCOME_907,
PROC001815,APP00908,UP002003,05:40.9,06:40.9,Pass,Initial,HASH_IDENTITY_908,
PROC001816,APP00908,UP002004,11:50.4,25:47.7,Pass,Initial,HASH_INCOME_908,
PROC001817,APP00909,UP002005,08:27.1,17:36.5,Pass,Initial,HASH_IDENTITY_909,
PROC001818,APP00909,UP002006,11:16.4,22:40.9,Pass,Initial,HASH_INCOME_909,
PROC001819,APP00910,UP002007,03:37.1,10:02.6,Pass,Initial,HASH_IDENTITY_910,
PROC001820,APP00910,UP002008,55:16.5,00:37.1,Pass,Initial,HASH_INCOME_910,
PROC001821,APP00911,UP002009,10:58.4,19:03.9,Fail,Initial,HASH_IDENTITY_911,
PROC001822,APP00911,UP002010,05:21.8,11:47.5,Pass,Initial,HASH_INCOME_911,
PROC001823,APP00912,UP002011,31:44.9,45:26.2,Pass,Initial,HASH_IDENTITY_912,
PROC001824,APP00912,UP002012,40:19.1,46:17.5,Pass,Initial,HASH_INCOME_912,
PROC001825,APP00913,UP002013,00:00.3,04:26.3,Pass,Initial,HASH_IDENTITY_913,
PROC001826,APP00913,UP002014,46:13.0,57:31.3,Pass,Initial,HASH_INCOME_913,
PROC001827,APP00914,UP002015,59:59.3,07:51.9,Pass,Initial,HASH_IDENTITY_914,
PROC001828,APP00914,UP002016,58:14.9,01:05.5,Pass,Initial,HASH_INCOME_914,
PROC001829,APP00915,UP002017,46:30.9,47:30.9,Pass,Initial,HASH_IDENTITY_915,
PROC001830,APP00915,UP002018,14:55.9,21:02.0,Pass,Initial,HASH_INCOME_915,
PROC001831,APP00916,UP002019,21:42.1,31:59.5,Pass,Initial,HASH_IDENTITY_916,
PROC001832,APP00916,UP002020,17:09.2,20:05.9,Pass,Initial,HASH_INCOME_916,
PROC001833,APP00917,UP002021,49:59.6,53:07.3,Pass,Initial,HASH_IDENTITY_917,
PROC001834,APP00917,UP002022,53:59.7,55:47.0,Pass,Initial,HASH_INCOME_917,
PROC001835,APP00918,UP002023,28:25.6,41:14.7,Pass,Initial,HASH_IDENTITY_918,
PROC001836,APP00918,UP002024,45:56.0,46:56.0,Pass,Initial,HASH_INCOME_918,
PROC001837,APP00919,UP002025,32:17.9,37:34.3,Pass,Initial,HASH_IDENTITY_919,
PROC001838,APP00919,UP002026,32:12.4,36:28.9,Pass,Initial,HASH_INCOME_919,
PROC001839,APP00920,UP002027,50:22.9,54:39.9,Pass,Re-validation,HASH_IDENTITY_920,Previous validation expired
PROC001840,APP00920,UP002028,55:53.3,05:12.7,Pass,Re-validation,HASH_INCOME_920,System could not reuse prior result
PROC001841,APP00921,UP002029,10:23.4,11:23.4,Pass,Initial,HASH_IDENTITY_921,
PROC001842,APP00921,UP002030,36:02.8,52:30.2,Pass,Initial,HASH_INCOME_921,
PROC001843,APP00922,UP002031,53:07.4,55:53.6,Pass,Initial,HASH_IDENTITY_922,
PROC001844,APP00922,UP002032,42:52.5,49:53.4,Pass,Initial,HASH_INCOME_922,
PROC001845,APP00923,UP002033,43:39.0,47:56.8,Pass,Initial,HASH_IDENTITY_923,
PROC001846,APP00923,UP002034,45:47.7,50:22.3,Pass,Initial,HASH_INCOME_923,
PROC001847,APP00924,UP002035,02:05.4,07:35.0,Pass,Initial,HASH_IDENTITY_924,
PROC001848,APP00924,UP002036,20:36.7,30:08.5,Pass,Initial,HASH_INCOME_924,
PROC001849,APP00925,UP002037,44:38.1,48:00.4,Pass,Initial,HASH_IDENTITY_925,
PROC001850,APP00925,UP002038,23:59.1,24:59.1,Pass,Initial,HASH_INCOME_925,
PROC001851,APP00926,UP002039,04:02.2,12:29.2,Pass,Initial,HASH_IDENTITY_926,
PROC001852,APP00926,UP002041,10:02.9,15:22.4,Pass,Re-validation,HASH_INCOME_926,Retry after failed upload
PROC001853,APP00927,UP002042,34:07.4,42:18.0,Fail,Initial,HASH_IDENTITY_927,
PROC001854,APP00927,UP002043,16:54.8,19:03.4,Pass,Initial,HASH_INCOME_927,
PROC001855,APP00928,UP002044,30:16.3,34:36.8,Pass,Initial,HASH_IDENTITY_928,
PROC001856,APP00928,UP002045,25:22.1,30:25.9,Pass,Initial,HASH_INCOME_928,
PROC001857,APP00929,UP002046,15:15.4,18:51.6,Pass,Initial,HASH_IDENTITY_929,
PROC001858,APP00929,UP002047,25:54.0,30:29.0,Pass,Initial,HASH_INCOME_929,
PROC001859,APP00930,UP002048,21:42.8,27:30.5,Pass,Initial,HASH_IDENTITY_930,
PROC001860,APP00930,UP002049,25:00.6,30:04.4,Pass,Initial,HASH_INCOME_930,
PROC001861,APP00931,UP002050,12:13.7,17:31.7,Fail,Initial,HASH_IDENTITY_931,
PROC001862,APP00931,UP002051,30:03.6,37:16.5,Pass,Initial,HASH_INCOME_931,
PROC001863,APP00932,UP002052,18:33.0,31:27.6,Fail,Initial,HASH_IDENTITY_932,
PROC001864,APP00932,UP002054,29:15.4,30:15.4,Pass,Re-validation,HASH_INCOME_932,Retry after failed upload
PROC001865,APP00933,UP002055,15:56.0,22:04.5,Pass,Initial,HASH_IDENTITY_933,
PROC001866,APP00933,UP002056,23:26.5,24:30.3,Pass,Initial,HASH_INCOME_933,
PROC001867,APP00934,UP002058,45:33.9,48:11.8,Pass,Re-validation,HASH_IDENTITY_934,Retry after failed upload
PROC001868,APP00934,UP002061,46:29.7,01:04.1,Pass,Re-validation,HASH_INCOME_934,Retry after failed upload
PROC001869,APP00935,UP002062,01:05.0,04:26.8,Pass,Initial,HASH_IDENTITY_935,
PROC001870,APP00935,UP002063,55:13.0,58:27.7,Pass,Initial,HASH_INCOME_935,
PROC001871,APP00936,UP002064,26:06.5,27:06.5,Pass,Re-validation,HASH_IDENTITY_936,System could not reuse prior result
PROC001872,APP00936,UP002065,39:36.7,40:36.7,Pass,Initial,HASH_INCOME_936,
PROC001873,APP00937,UP002066,39:59.1,40:59.1,Pass,Initial,HASH_IDENTITY_937,
PROC001874,APP00937,UP002067,42:32.9,43:32.9,Pass,Initial,HASH_INCOME_937,
PROC001875,APP00938,UP002068,08:10.8,18:14.5,Fail,Initial,HASH_IDENTITY_938,
PROC001876,APP00938,UP002069,14:28.3,15:37.0,Pass,Initial,HASH_INCOME_938,
PROC001877,APP00939,UP002070,08:17.4,14:51.9,Pass,Initial,HASH_IDENTITY_939,
PROC001878,APP00939,UP002071,14:09.7,16:00.6,Pass,Initial,HASH_INCOME_939,
PROC001879,APP00940,UP002072,53:51.6,58:41.2,Pass,Initial,HASH_IDENTITY_940,
PROC001880,APP00940,UP002073,53:12.6,58:32.4,Pass,Initial,HASH_INCOME_940,
PROC001881,APP00941,UP002074,17:51.5,25:57.8,Pass,Initial,HASH_IDENTITY_941,
PROC001882,APP00941,UP002075,34:20.7,35:20.7,Pass,Initial,HASH_INCOME_941,
PROC001883,APP00942,UP002076,51:41.6,01:16.5,Pass,Initial,HASH_IDENTITY_942,
PROC001884,APP00942,UP002077,49:48.1,55:49.0,Pass,Initial,HASH_INCOME_942,
PROC001885,APP00943,UP002078,07:38.4,13:43.8,Pass,Initial,HASH_IDENTITY_943,
PROC001886,APP00943,UP002079,18:15.4,22:07.1,Pass,Initial,HASH_INCOME_943,
PROC001887,APP00944,UP002080,05:45.7,14:57.7,Pass,Initial,HASH_IDENTITY_944,
PROC001888,APP00944,UP002081,12:57.9,21:41.4,Fail,Initial,HASH_INCOME_944,
PROC001889,APP00945,UP002082,27:38.3,38:18.0,Pass,Initial,HASH_IDENTITY_945,
PROC001890,APP00945,UP002083,31:26.9,38:28.1,Pass,Initial,HASH_INCOME_945,
PROC001891,APP00946,UP002084,20:09.6,26:17.2,Pass,Initial,HASH_IDENTITY_946,
PROC001892,APP00946,UP002085,21:50.7,29:19.8,Pass,Initial,HASH_INCOME_946,
PROC001893,APP00947,UP002086,00:39.9,08:25.4,Pass,Initial,HASH_IDENTITY_947,
PROC001894,APP00947,UP002087,05:45.4,11:45.9,Pass,Initial,HASH_INCOME_947,
PROC001895,APP00948,UP002088,00:35.2,03:45.4,Pass,Re-validation,HASH_IDENTITY_948,System could not reuse prior result
PROC001896,APP00948,UP002089,10:53.5,17:19.0,Pass,Initial,HASH_INCOME_948,
PROC001897,APP00949,UP002090,10:00.0,11:09.1,Pass,Re-validation,HASH_IDENTITY_949,Rule-triggered re-verification
PROC001898,APP00949,UP002091,04:24.0,12:34.5,Pass,Initial,HASH_INCOME_949,
PROC001899,APP00950,UP002092,20:58.1,25:42.7,Pass,Initial,HASH_IDENTITY_950,
PROC001900,APP00950,UP002093,32:40.6,46:52.9,Pass,Initial,HASH_INCOME_950,
PROC001901,APP00951,UP002094,58:40.2,06:04.7,Pass,Initial,HASH_IDENTITY_951,
PROC001902,APP00951,UP002095,59:10.2,06:40.7,Pass,Initial,HASH_INCOME_951,
PROC001903,APP00952,UP002096,15:24.4,18:32.6,Pass,Initial,HASH_IDENTITY_952,
PROC001904,APP00952,UP002097,22:49.6,27:09.1,Pass,Initial,HASH_INCOME_952,
PROC001905,APP00953,UP002098,14:06.6,19:07.8,Pass,Initial,HASH_IDENTITY_953,
PROC001906,APP00953,UP002099,05:46.1,14:16.3,Pass,Initial,HASH_INCOME_953,
PROC001907,APP00954,UP002100,29:29.6,43:27.5,Pass,Initial,HASH_IDENTITY_954,
PROC001908,APP00954,UP002101,23:35.9,26:12.5,Pass,Initial,HASH_INCOME_954,
PROC001909,APP00955,UP002102,23:55.8,32:57.3,Pass,Initial,HASH_IDENTITY_955,
PROC001910,APP00955,UP002103,23:59.0,31:14.3,Pass,Initial,HASH_INCOME_955,
PROC001911,APP00956,UP002104,45:47.6,50:51.1,Pass,Initial,HASH_IDENTITY_956,
PROC001912,APP00956,UP002105,55:13.2,56:13.2,Pass,Initial,HASH_INCOME_956,
PROC001913,APP00957,UP002106,54:52.2,01:56.9,Pass,Initial,HASH_IDENTITY_957,
PROC001914,APP00957,UP002107,58:51.3,01:49.3,Fail,Re-validation,HASH_INCOME_957,System could not reuse prior result
PROC001915,APP00958,UP002108,05:56.8,13:55.2,Pass,Initial,HASH_IDENTITY_958,
PROC001916,APP00958,UP002109,16:43.6,26:13.9,Pass,Initial,HASH_INCOME_958,
PROC001917,APP00959,UP002112,22:46.1,23:52.9,Pass,Re-validation,HASH_IDENTITY_959,Retry after failed upload
PROC001918,APP00959,UP002113,27:46.3,29:57.6,Pass,Initial,HASH_INCOME_959,
PROC001919,APP00960,UP002114,11:32.0,22:53.6,Pass,Initial,HASH_IDENTITY_960,
PROC001920,APP00960,UP002115,13:18.3,18:57.6,Pass,Initial,HASH_INCOME_960,
PROC001921,APP00961,UP002117,05:49.0,10:36.0,Pass,Re-validation,HASH_IDENTITY_961,Retry after failed upload
PROC001922,APP00961,UP002119,11:13.2,12:56.3,Pass,Re-validation,HASH_INCOME_961,Retry after failed upload
PROC001923,APP00962,UP002120,39:57.9,43:41.8,Pass,Initial,HASH_IDENTITY_962,
PROC001924,APP00962,UP002123,00:06.3,11:30.8,Pass,Re-validation,HASH_INCOME_962,Retry after failed upload
PROC001925,APP00963,UP002124,35:18.2,39:23.5,Pass,Initial,HASH_IDENTITY_963,
PROC001926,APP00963,UP002125,40:16.0,41:31.6,Pass,Initial,HASH_INCOME_963,
PROC001927,APP00964,UP002126,01:29.1,07:26.4,Pass,Initial,HASH_IDENTITY_964,
PROC001928,APP00964,UP002127,13:25.5,14:25.5,Pass,Initial,HASH_INCOME_964,
PROC001929,APP00965,UP002128,51:15.9,58:07.6,Pass,Initial,HASH_IDENTITY_965,
PROC001930,APP00965,UP002129,05:18.1,13:22.7,Fail,Initial,HASH_INCOME_965,
PROC001931,APP00966,UP002130,28:16.0,29:17.7,Pass,Initial,HASH_IDENTITY_966,
PROC001932,APP00966,UP002131,23:21.2,32:27.3,Pass,Initial,HASH_INCOME_966,
PROC001933,APP00967,UP002132,43:16.4,47:17.0,Pass,Initial,HASH_IDENTITY_967,
PROC001934,APP00967,UP002133,02:32.5,08:10.9,Pass,Initial,HASH_INCOME_967,
PROC001935,APP00968,UP002134,09:09.3,24:50.5,Pass,Initial,HASH_IDENTITY_968,
PROC001936,APP00968,UP002135,13:42.5,17:03.2,Pass,Initial,HASH_INCOME_968,
PROC001937,APP00969,UP002136,32:17.2,38:45.8,Pass,Initial,HASH_IDENTITY_969,
PROC001938,APP00969,UP002137,29:36.9,35:15.9,Pass,Initial,HASH_INCOME_969,
PROC001939,APP00970,UP002138,28:23.3,42:00.9,Pass,Initial,HASH_IDENTITY_970,
PROC001940,APP00970,UP002140,33:35.2,40:09.5,Pass,Re-validation,HASH_INCOME_970,Retry after failed upload
PROC001941,APP00971,UP002141,45:54.5,48:26.6,Pass,Initial,HASH_IDENTITY_971,
PROC001942,APP00971,UP002142,55:38.0,00:15.7,Pass,Initial,HASH_INCOME_971,
PROC001943,APP00972,UP002143,25:29.4,35:33.8,Pass,Initial,HASH_IDENTITY_972,
PROC001944,APP00972,UP002144,25:57.7,30:29.4,Pass,Initial,HASH_INCOME_972,
PROC001945,APP00973,UP002145,53:42.6,00:13.5,Pass,Initial,HASH_IDENTITY_973,
PROC001946,APP00973,UP002146,58:02.8,02:07.2,Pass,Initial,HASH_INCOME_973,
PROC001947,APP00974,UP002147,04:14.2,10:27.1,Pass,Initial,HASH_IDENTITY_974,
PROC001948,APP00974,UP002148,15:58.2,17:21.4,Pass,Initial,HASH_INCOME_974,
PROC001949,APP00975,UP002149,59:56.8,01:25.0,Pass,Initial,HASH_IDENTITY_975,
PROC001950,APP00975,UP002150,58:12.7,59:12.7,Pass,Initial,HASH_INCOME_975,
PROC001951,APP00976,UP002151,08:11.1,14:45.5,Pass,Initial,HASH_IDENTITY_976,
PROC001952,APP00976,UP002152,09:17.9,13:02.7,Pass,Re-validation,HASH_INCOME_976,System could not reuse prior result
PROC001953,APP00977,UP002153,44:15.0,56:03.8,Pass,Initial,HASH_IDENTITY_977,
PROC001954,APP00977,UP002154,48:18.6,49:18.6,Pass,Initial,HASH_INCOME_977,
PROC001955,APP00978,UP002155,25:02.3,32:08.2,Fail,Initial,HASH_IDENTITY_978,
PROC001956,APP00978,UP002156,31:42.4,33:26.7,Pass,Initial,HASH_INCOME_978,
PROC001957,APP00979,UP002157,15:13.3,19:53.8,Pass,Initial,HASH_IDENTITY_979,
PROC001958,APP00979,UP002158,17:47.8,21:14.9,Pass,Initial,HASH_INCOME_979,
PROC001959,APP00980,UP002159,41:18.3,44:06.6,Fail,Initial,HASH_IDENTITY_980,
PROC001960,APP00980,UP002160,01:44.1,05:41.8,Pass,Initial,HASH_INCOME_980,
PROC001961,APP00981,UP002161,14:15.3,17:35.3,Pass,Initial,HASH_IDENTITY_981,
PROC001962,APP00981,UP002162,30:56.8,33:07.5,Fail,Initial,HASH_INCOME_981,
PROC001963,APP00982,UP002163,18:17.8,29:09.6,Pass,Re-validation,HASH_IDENTITY_982,Rule-triggered re-verification
PROC001964,APP00982,UP002164,17:26.3,31:41.4,Pass,Initial,HASH_INCOME_982,
PROC001965,APP00983,UP002165,17:02.4,20:15.3,Pass,Initial,HASH_IDENTITY_983,
PROC001966,APP00983,UP002166,30:26.1,37:26.5,Pass,Re-validation,HASH_INCOME_983,Previous validation expired
PROC001967,APP00984,UP002167,55:40.6,06:20.7,Pass,Re-validation,HASH_IDENTITY_984,Previous validation expired
PROC001968,APP00984,UP002168,58:32.5,02:50.7,Pass,Initial,HASH_INCOME_984,
PROC001969,APP00985,UP002170,48:06.1,53:33.7,Pass,Re-validation,HASH_IDENTITY_985,Retry after failed upload
PROC001970,APP00985,UP002171,59:33.0,03:21.8,Pass,Initial,HASH_INCOME_985,
PROC001971,APP00986,UP002172,08:58.1,17:33.9,Pass,Initial,HASH_IDENTITY_986,
PROC001972,APP00986,UP002173,23:38.1,28:11.2,Pass,Initial,HASH_INCOME_986,
PROC001973,APP00987,UP002174,01:33.5,06:05.7,Pass,Initial,HASH_IDENTITY_987,
PROC001974,APP00987,UP002175,05:42.6,06:42.6,Pass,Initial,HASH_INCOME_987,
PROC001975,APP00988,UP002176,19:36.5,27:30.1,Pass,Initial,HASH_IDENTITY_988,
PROC001976,APP00988,UP002177,26:31.6,32:32.1,Pass,Initial,HASH_INCOME_988,
PROC001977,APP00989,UP002178,42:45.8,52:14.4,Pass,Initial,HASH_IDENTITY_989,
PROC001978,APP00989,UP002179,34:30.0,41:41.5,Pass,Initial,HASH_INCOME_989,
PROC001979,APP00990,UP002180,27:32.0,35:04.6,Pass,Initial,HASH_IDENTITY_990,
PROC001980,APP00990,UP002181,26:08.1,31:08.9,Pass,Initial,HASH_INCOME_990,
PROC001981,APP00991,UP002182,16:39.6,23:47.1,Pass,Initial,HASH_IDENTITY_991,
PROC001982,APP00991,UP002183,32:03.5,41:01.7,Pass,Initial,HASH_INCOME_991,
PROC001983,APP00992,UP002184,37:59.3,40:39.3,Pass,Initial,HASH_IDENTITY_992,
PROC001984,APP00992,UP002185,39:15.1,41:10.6,Pass,Initial,HASH_INCOME_992,
PROC001985,APP00993,UP002186,50:10.0,53:56.0,Pass,Re-validation,HASH_IDENTITY_993,System could not reuse prior result
PROC001986,APP00993,UP002187,37:11.9,39:01.6,Pass,Re-validation,HASH_INCOME_993,Previous validation expired
PROC001987,APP00994,UP002188,47:34.6,55:13.2,Pass,Re-validation,HASH_IDENTITY_994,Rule-triggered re-verification
PROC001988,APP00994,UP002189,43:46.4,57:29.1,Pass,Initial,HASH_INCOME_994,
PROC001989,APP00995,UP002190,54:07.9,57:12.3,Pass,Initial,HASH_IDENTITY_995,
PROC001990,APP00995,UP002191,56:10.9,04:11.3,Pass,Initial,HASH_INCOME_995,
PROC001991,APP00996,UP002192,29:01.2,40:29.1,Pass,Initial,HASH_IDENTITY_996,
PROC001992,APP00996,UP002193,36:04.1,45:12.9,Pass,Initial,HASH_INCOME_996,
PROC001993,APP00997,UP002194,15:01.0,19:09.1,Pass,Initial,HASH_IDENTITY_997,
PROC001994,APP00997,UP002195,18:57.1,19:57.1,Pass,Initial,HASH_INCOME_997,
PROC001995,APP00998,UP002196,41:53.1,49:54.6,Pass,Initial,HASH_IDENTITY_998,
PROC001996,APP00998,UP002197,47:52.0,54:02.3,Pass,Initial,HASH_INCOME_998,
PROC001997,APP00999,UP002199,29:21.9,31:20.5,Pass,Re-validation,HASH_IDENTITY_999,Retry after failed upload
PROC001998,APP00999,UP002200,20:50.6,21:50.6,Pass,Initial,HASH_INCOME_999,
PROC001999,APP01000,UP002201,28:55.1,31:21.8,Pass,Initial,HASH_IDENTITY_000,
PROC002000,APP01000,UP002202,29:11.9,35:37.1,Pass,Initial,HASH_INCOME_000,
PROC002001,APP01001,UP002203,45:53.4,55:12.8,Pass,Re-validation,HASH_IDENTITY_001,System could not reuse prior result
PROC002002,APP01001,UP002204,08:30.2,15:40.2,Pass,Initial,HASH_INCOME_001,
PROC002003,APP01002,UP002205,15:41.3,25:47.8,Pass,Initial,HASH_IDENTITY_002,
PROC002004,APP01002,UP002207,28:15.0,38:40.5,Pass,Re-validation,HASH_INCOME_002,Retry after failed upload
PROC002005,APP01003,UP002208,34:51.9,38:16.2,Pass,Initial,HASH_IDENTITY_003,
PROC002006,APP01003,UP002209,56:04.2,00:08.1,Fail,Initial,HASH_INCOME_003,
PROC002007,APP01004,UP002210,35:19.6,45:45.2,Pass,Initial,HASH_IDENTITY_004,
PROC002008,APP01004,UP002211,28:08.6,29:58.4,Pass,Initial,HASH_INCOME_004,
PROC002009,APP01005,UP002212,40:11.2,47:59.3,Pass,Initial,HASH_IDENTITY_005,
PROC002010,APP01005,UP002214,39:03.7,48:49.4,Pass,Re-validation,HASH_INCOME_005,Retry after failed upload
PROC002011,APP01006,UP002215,46:45.5,54:42.7,Pass,Initial,HASH_IDENTITY_006,
PROC002012,APP01006,UP002216,47:17.1,53:51.7,Pass,Initial,HASH_INCOME_006,
PROC002013,APP01007,UP002217,14:18.5,17:55.1,Pass,Initial,HASH_IDENTITY_007,
PROC002014,APP01007,UP002218,04:46.5,05:46.5,Pass,Initial,HASH_INCOME_007,
PROC002015,APP01008,UP002219,07:48.6,08:48.6,Pass,Initial,HASH_IDENTITY_008,
PROC002016,APP01008,UP002220,12:32.9,18:21.9,Pass,Initial,HASH_INCOME_008,
PROC002017,APP01009,UP002221,59:07.9,03:25.8,Pass,Initial,HASH_IDENTITY_009,
PROC002018,APP01009,UP002222,59:36.4,05:01.0,Pass,Initial,HASH_INCOME_009,
PROC002019,APP01010,UP002223,53:05.1,54:05.1,Pass,Initial,HASH_IDENTITY_010,
PROC002020,APP01010,UP002224,51:47.4,56:03.0,Pass,Initial,HASH_INCOME_010,
PROC002021,APP01011,UP002225,59:48.3,04:54.1,Pass,Initial,HASH_IDENTITY_011,
PROC002022,APP01011,UP002226,09:49.3,10:49.3,Pass,Initial,HASH_INCOME_011,
PROC002023,APP01012,UP002227,10:37.3,18:18.3,Pass,Initial,HASH_IDENTITY_012,
PROC002024,APP01012,UP002228,21:40.7,23:33.6,Pass,Initial,HASH_INCOME_012,
PROC002025,APP01013,UP002229,13:27.9,16:47.3,Pass,Initial,HASH_IDENTITY_013,
PROC002026,APP01013,UP002230,21:37.9,26:05.0,Fail,Initial,HASH_INCOME_013,
PROC002027,APP01014,UP002231,35:36.5,47:04.9,Pass,Initial,HASH_IDENTITY_014,
PROC002028,APP01014,UP002232,32:34.8,41:07.7,Pass,Initial,HASH_INCOME_014,
PROC002029,APP01015,UP002233,31:33.3,35:11.7,Pass,Initial,HASH_IDENTITY_015,
PROC002030,APP01015,UP002234,23:32.3,31:29.4,Pass,Initial,HASH_INCOME_015,
PROC002031,APP01016,UP002235,08:53.7,16:51.3,Pass,Initial,HASH_IDENTITY_016,
PROC002032,APP01016,UP002238,26:42.3,36:39.0,Pass,Re-validation,HASH_INCOME_016,Retry after failed upload
PROC002033,APP01017,UP002239,05:23.5,12:49.3,Pass,Initial,HASH_IDENTITY_017,
PROC002034,APP01017,UP002240,08:05.0,12:07.0,Pass,Initial,HASH_INCOME_017,
PROC002035,APP01018,UP002241,06:29.2,07:29.2,Pass,Initial,HASH_IDENTITY_018,
PROC002036,APP01018,UP002242,13:14.4,22:48.5,Pass,Initial,HASH_INCOME_018,
PROC002037,APP01019,UP002243,18:02.9,23:45.9,Pass,Initial,HASH_IDENTITY_019,
PROC002038,APP01019,UP002244,25:40.7,27:23.2,Pass,Initial,HASH_INCOME_019,
PROC002039,APP01020,UP002245,38:34.4,39:34.4,Pass,Initial,HASH_IDENTITY_020,
PROC002040,APP01020,UP002246,32:42.6,41:42.7,Pass,Initial,HASH_INCOME_020,
PROC002041,APP01021,UP002247,09:51.2,20:09.1,Pass,Re-validation,HASH_IDENTITY_021,Rule-triggered re-verification
PROC002042,APP01021,UP002248,05:47.4,06:47.4,Pass,Initial,HASH_INCOME_021,
PROC002043,APP01022,UP002249,00:23.9,09:53.0,Pass,Initial,HASH_IDENTITY_022,
PROC002044,APP01022,UP002250,56:41.8,05:08.4,Pass,Initial,HASH_INCOME_022,
PROC002045,APP01023,UP002251,31:46.0,38:01.8,Fail,Initial,HASH_IDENTITY_023,
PROC002046,APP01023,UP002252,23:41.4,33:15.9,Pass,Initial,HASH_INCOME_023,
PROC002047,APP01024,UP002253,14:45.3,19:25.5,Pass,Initial,HASH_IDENTITY_024,
PROC002048,APP01024,UP002254,21:54.4,29:20.6,Pass,Initial,HASH_INCOME_024,
PROC002049,APP01025,UP002255,03:28.0,10:05.6,Pass,Initial,HASH_IDENTITY_025,
PROC002050,APP01025,UP002256,01:23.0,10:08.8,Pass,Initial,HASH_INCOME_025,
PROC002051,APP01026,UP002257,13:09.6,20:39.0,Pass,Initial,HASH_IDENTITY_026,
PROC002052,APP01026,UP002258,57:00.2,59:53.4,Fail,Initial,HASH_INCOME_026,
PROC002053,APP01027,UP002259,17:08.8,18:08.8,Pass,Initial,HASH_IDENTITY_027,
PROC002054,APP01027,UP002260,17:57.2,19:59.8,Pass,Initial,HASH_INCOME_027,
PROC002055,APP01028,UP002261,33:23.2,40:16.0,Pass,Initial,HASH_IDENTITY_028,
PROC002056,APP01028,UP002264,57:55.4,10:38.1,Pass,Re-validation,HASH_INCOME_028,Retry after failed upload
PROC002057,APP01029,UP002265,09:43.7,19:39.3,Pass,Initial,HASH_IDENTITY_029,
PROC002058,APP01029,UP002266,13:09.2,17:13.7,Pass,Initial,HASH_INCOME_029,
PROC002059,APP01030,UP002267,30:03.9,32:22.9,Pass,Initial,HASH_IDENTITY_030,
PROC002060,APP01030,UP002268,25:31.7,32:03.9,Pass,Initial,HASH_INCOME_030,
PROC002061,APP01031,UP002269,25:47.3,34:29.4,Pass,Initial,HASH_IDENTITY_031,
PROC002062,APP01031,UP002270,30:49.0,39:37.3,Pass,Initial,HASH_INCOME_031,
PROC002063,APP01032,UP002271,24:25.6,32:36.8,Pass,Initial,HASH_IDENTITY_032,
PROC002064,APP01032,UP002272,48:25.0,54:57.5,Pass,Initial,HASH_INCOME_032,
PROC002065,APP01033,UP002273,01:27.6,15:14.4,Pass,Initial,HASH_IDENTITY_033,
PROC002066,APP01033,UP002274,05:33.2,10:39.7,Pass,Initial,HASH_INCOME_033,
PROC002067,APP01034,UP002275,59:01.0,09:25.7,Pass,Initial,HASH_IDENTITY_034,
PROC002068,APP01034,UP002276,02:07.4,07:25.3,Pass,Initial,HASH_INCOME_034,
PROC002069,APP01035,UP002278,59:18.7,07:36.1,Pass,Re-validation,HASH_IDENTITY_035,Retry after failed upload
PROC002070,APP01035,UP002279,01:23.8,15:45.4,Pass,Initial,HASH_INCOME_035,
PROC002071,APP01036,UP002281,23:18.5,30:40.7,Pass,Re-validation,HASH_IDENTITY_036,Retry after failed upload
PROC002072,APP01036,UP002282,30:06.2,37:31.3,Pass,Initial,HASH_INCOME_036,
PROC002073,APP01037,UP002283,25:05.9,30:45.9,Fail,Initial,HASH_IDENTITY_037,
PROC002074,APP01037,UP002285,25:22.5,30:52.7,Pass,Re-validation,HASH_INCOME_037,Retry after failed upload
PROC002075,APP01038,UP002286,13:48.0,14:48.0,Pass,Initial,HASH_IDENTITY_038,
PROC002076,APP01038,UP002287,38:05.3,43:48.0,Pass,Initial,HASH_INCOME_038,
PROC002077,APP01039,UP002288,16:36.6,18:33.7,Pass,Initial,HASH_IDENTITY_039,
PROC002078,APP01039,UP002289,26:37.1,29:18.3,Pass,Initial,HASH_INCOME_039,
PROC002079,APP01040,UP002290,07:57.1,13:33.2,Pass,Initial,HASH_IDENTITY_040,
PROC002080,APP01040,UP002291,53:06.5,56:47.8,Pass,Initial,HASH_INCOME_040,
PROC002081,APP01041,UP002292,19:38.0,22:37.4,Pass,Initial,HASH_IDENTITY_041,
PROC002082,APP01041,UP002293,05:59.1,11:42.6,Pass,Initial,HASH_INCOME_041,
PROC002083,APP01042,UP002294,56:12.5,11:17.9,Pass,Initial,HASH_IDENTITY_042,
PROC002084,APP01042,UP002295,51:12.4,02:40.0,Pass,Initial,HASH_INCOME_042,
PROC002085,APP01043,UP002296,29:58.4,30:58.4,Pass,Initial,HASH_IDENTITY_043,
PROC002086,APP01043,UP002297,01:03.7,12:35.5,Pass,Initial,HASH_INCOME_043,
PROC002087,APP01044,UP002298,39:50.1,46:56.9,Pass,Initial,HASH_IDENTITY_044,
PROC002088,APP01044,UP002299,43:47.2,48:09.4,Pass,Initial,HASH_INCOME_044,
PROC002089,APP01045,UP002300,42:41.8,52:31.2,Pass,Initial,HASH_IDENTITY_045,
PROC002090,APP01045,UP002301,00:25.4,07:48.4,Pass,Initial,HASH_INCOME_045,
PROC002091,APP01046,UP002302,42:38.1,48:50.8,Pass,Initial,HASH_IDENTITY_046,
PROC002092,APP01046,UP002303,21:16.8,29:48.5,Pass,Initial,HASH_INCOME_046,
PROC002093,APP01047,UP002304,06:18.3,20:00.8,Fail,Initial,HASH_IDENTITY_047,
PROC002094,APP01047,UP002305,22:36.9,30:17.6,Pass,Initial,HASH_INCOME_047,
PROC002095,APP01048,UP002306,03:33.8,10:41.2,Pass,Initial,HASH_IDENTITY_048,
PROC002096,APP01048,UP002307,55:35.3,06:37.7,Fail,Initial,HASH_INCOME_048,
PROC002097,APP01049,UP002308,27:34.9,39:06.7,Pass,Initial,HASH_IDENTITY_049,
PROC002098,APP01049,UP002309,40:12.0,49:25.2,Fail,Initial,HASH_INCOME_049,
PROC002099,APP01050,UP002310,06:18.6,18:01.8,Pass,Initial,HASH_IDENTITY_050,
PROC002100,APP01050,UP002311,58:50.5,00:47.6,Pass,Initial,HASH_INCOME_050,
PROC002101,APP01051,UP002312,08:24.2,23:17.7,Pass,Initial,HASH_IDENTITY_051,
PROC002102,APP01051,UP002313,03:38.4,09:40.0,Pass,Initial,HASH_INCOME_051,
PROC002103,APP01052,UP002314,12:39.1,20:30.8,Pass,Initial,HASH_IDENTITY_052,
PROC002104,APP01052,UP002316,39:10.2,42:39.6,Pass,Re-validation,HASH_INCOME_052,Retry after failed upload
PROC002105,APP01053,UP002317,45:02.9,47:34.1,Fail,Initial,HASH_IDENTITY_053,
PROC002106,APP01053,UP002318,58:36.8,02:22.0,Pass,Initial,HASH_INCOME_053,
PROC002107,APP01054,UP002319,52:32.8,59:39.0,Pass,Initial,HASH_IDENTITY_054,
PROC002108,APP01054,UP002320,50:12.3,54:02.3,Pass,Initial,HASH_INCOME_054,
PROC002109,APP01055,UP002321,20:54.1,30:26.9,Pass,Initial,HASH_IDENTITY_055,
PROC002110,APP01055,UP002323,18:48.4,23:18.5,Pass,Re-validation,HASH_INCOME_055,Retry after failed upload
PROC002111,APP01056,UP002324,47:30.8,56:56.9,Pass,Initial,HASH_IDENTITY_056,
PROC002112,APP01056,UP002325,52:26.8,59:30.1,Pass,Initial,HASH_INCOME_056,
PROC002113,APP01057,UP002326,21:48.9,29:21.0,Pass,Initial,HASH_IDENTITY_057,
PROC002114,APP01057,UP002327,28:23.8,39:52.1,Pass,Initial,HASH_INCOME_057,
PROC002115,APP01058,UP002328,34:46.7,42:38.6,Pass,Initial,HASH_IDENTITY_058,
PROC002116,APP01058,UP002329,35:23.9,42:27.6,Pass,Initial,HASH_INCOME_058,
PROC002117,APP01059,UP002330,27:16.6,35:07.6,Pass,Initial,HASH_IDENTITY_059,
PROC002118,APP01059,UP002331,55:11.3,02:38.2,Pass,Initial,HASH_INCOME_059,
PROC002119,APP01060,UP002332,39:05.0,42:40.4,Pass,Initial,HASH_IDENTITY_060,
PROC002120,APP01060,UP002333,39:39.6,52:02.4,Pass,Initial,HASH_INCOME_060,
PROC002121,APP01061,UP002334,39:56.5,46:13.1,Pass,Initial,HASH_IDENTITY_061,
PROC002122,APP01061,UP002335,38:18.1,48:29.1,Pass,Initial,HASH_INCOME_061,
PROC002123,APP01062,UP002336,46:17.9,54:28.1,Pass,Initial,HASH_IDENTITY_062,
PROC002124,APP01062,UP002337,54:20.7,06:30.4,Pass,Initial,HASH_INCOME_062,
PROC002125,APP01063,UP002338,34:49.7,42:13.5,Pass,Initial,HASH_IDENTITY_063,
PROC002126,APP01063,UP002339,36:06.6,48:41.0,Pass,Initial,HASH_INCOME_063,
PROC002127,APP01064,UP002340,32:45.7,36:53.8,Pass,Initial,HASH_IDENTITY_064,
PROC002128,APP01064,UP002341,39:13.6,44:56.8,Pass,Initial,HASH_INCOME_064,
PROC002129,APP01065,UP002342,06:52.8,14:21.2,Pass,Initial,HASH_IDENTITY_065,
PROC002130,APP01065,UP002343,24:50.8,35:54.6,Pass,Initial,HASH_INCOME_065,
PROC002131,APP01066,UP002344,05:32.6,12:58.0,Pass,Initial,HASH_IDENTITY_066,
PROC002132,APP01066,UP002345,03:20.9,06:28.4,Pass,Initial,HASH_INCOME_066,
PROC002133,APP01067,UP002346,14:48.4,20:32.3,Pass,Initial,HASH_IDENTITY_067,
PROC002134,APP01067,UP002347,13:50.7,23:49.5,Pass,Initial,HASH_INCOME_067,
PROC002135,APP01068,UP002349,32:56.4,40:37.7,Pass,Re-validation,HASH_IDENTITY_068,Retry after failed upload
PROC002136,APP01068,UP002350,43:50.1,47:37.8,Pass,Initial,HASH_INCOME_068,
PROC002137,APP01069,UP002351,58:07.8,07:55.7,Pass,Initial,HASH_IDENTITY_069,
PROC002138,APP01069,UP002352,06:39.2,11:26.2,Pass,Initial,HASH_INCOME_069,
PROC002139,APP01070,UP002353,32:35.2,41:47.1,Pass,Initial,HASH_IDENTITY_070,
PROC002140,APP01070,UP002354,37:03.8,42:40.3,Pass,Initial,HASH_INCOME_070,
PROC002141,APP01071,UP002355,40:44.9,49:34.3,Pass,Re-validation,HASH_IDENTITY_071,Rule-triggered re-verification
PROC002142,APP01071,UP002356,47:56.1,00:11.0,Pass,Initial,HASH_INCOME_071,
PROC002143,APP01072,UP002357,23:42.5,32:37.7,Pass,Initial,HASH_IDENTITY_072,
PROC002144,APP01072,UP002358,40:04.6,52:09.8,Pass,Initial,HASH_INCOME_072,
PROC002145,APP01073,UP002359,26:08.4,38:00.2,Pass,Initial,HASH_IDENTITY_073,
PROC002146,APP01073,UP002360,23:23.1,33:37.1,Pass,Re-validation,HASH_INCOME_073,System could not reuse prior result
PROC002147,APP01074,UP002361,46:36.8,52:16.3,Pass,Initial,HASH_IDENTITY_074,
PROC002148,APP01074,UP002362,03:21.7,05:33.1,Fail,Initial,HASH_INCOME_074,
PROC002149,APP01075,UP002363,27:34.0,35:50.8,Pass,Initial,HASH_IDENTITY_075,
PROC002150,APP01075,UP002364,28:27.4,29:56.8,Pass,Initial,HASH_INCOME_075,
PROC002151,APP01076,UP002365,22:38.6,33:33.2,Pass,Initial,HASH_IDENTITY_076,
PROC002152,APP01076,UP002366,39:28.2,43:36.7,Pass,Initial,HASH_INCOME_076,
PROC002153,APP01077,UP002367,30:52.2,31:52.2,Pass,Initial,HASH_IDENTITY_077,
PROC002154,APP01077,UP002368,44:16.7,58:04.9,Pass,Initial,HASH_INCOME_077,
PROC002155,APP01078,UP002369,00:46.8,06:59.2,Pass,Initial,HASH_IDENTITY_078,
PROC002156,APP01078,UP002370,52:15.8,53:15.8,Pass,Initial,HASH_INCOME_078,
PROC002157,APP01079,UP002371,41:30.4,46:21.7,Pass,Initial,HASH_IDENTITY_079,
PROC002158,APP01079,UP002372,34:57.0,35:57.0,Pass,Initial,HASH_INCOME_079,
PROC002159,APP01080,UP002373,19:20.7,22:58.9,Fail,Initial,HASH_IDENTITY_080,
PROC002160,APP01080,UP002376,34:12.4,43:50.6,Fail,Re-validation,HASH_INCOME_080,Retry after failed upload
PROC002161,APP01081,UP002377,54:36.9,58:59.3,Pass,Initial,HASH_IDENTITY_081,
PROC002162,APP01081,UP002378,49:34.0,56:49.6,Pass,Initial,HASH_INCOME_081,
PROC002163,APP01082,UP002380,29:18.2,32:36.3,Pass,Re-validation,HASH_IDENTITY_082,Retry after failed upload
PROC002164,APP01082,UP002381,28:22.3,42:21.2,Pass,Initial,HASH_INCOME_082,
PROC002165,APP01083,UP002382,47:53.2,50:11.7,Pass,Initial,HASH_IDENTITY_083,
PROC002166,APP01083,UP002385,57:38.9,00:54.1,Pass,Re-validation,HASH_INCOME_083,Retry after failed upload
PROC002167,APP01084,UP002386,38:14.0,39:14.0,Pass,Initial,HASH_IDENTITY_084,
PROC002168,APP01084,UP002387,37:23.6,43:45.4,Pass,Initial,HASH_INCOME_084,
PROC002169,APP01085,UP002388,53:33.9,58:04.1,Pass,Initial,HASH_IDENTITY_085,
PROC002170,APP01085,UP002391,52:06.0,59:47.9,Pass,Re-validation,HASH_INCOME_085,Retry after failed upload
PROC002171,APP01086,UP002392,11:43.1,17:24.3,Pass,Initial,HASH_IDENTITY_086,
PROC002172,APP01086,UP002393,21:00.8,23:29.1,Pass,Initial,HASH_INCOME_086,
PROC002173,APP01087,UP002394,06:18.4,16:15.3,Pass,Initial,HASH_IDENTITY_087,
PROC002174,APP01087,UP002395,03:45.2,11:56.7,Pass,Initial,HASH_INCOME_087,
PROC002175,APP01088,UP002396,11:46.1,18:56.5,Pass,Initial,HASH_IDENTITY_088,
PROC002176,APP01088,UP002397,25:11.4,30:33.5,Pass,Initial,HASH_INCOME_088,
PROC002177,APP01089,UP002398,35:58.6,42:55.3,Pass,Re-validation,HASH_IDENTITY_089,System could not reuse prior result
PROC002178,APP01089,UP002399,31:38.3,32:38.3,Pass,Initial,HASH_INCOME_089,
PROC002179,APP01090,UP002400,49:35.0,52:35.0,Pass,Initial,HASH_IDENTITY_090,
PROC002180,APP01090,UP002401,58:47.8,00:58.1,Pass,Initial,HASH_INCOME_090,
PROC002181,APP01091,UP002402,20:47.9,26:17.2,Pass,Initial,HASH_IDENTITY_091,
PROC002182,APP01091,UP002403,18:39.9,28:53.0,Pass,Initial,HASH_INCOME_091,
PROC002183,APP01092,UP002404,11:16.9,12:54.2,Pass,Initial,HASH_IDENTITY_092,
PROC002184,APP01092,UP002405,07:57.2,09:27.2,Pass,Initial,HASH_INCOME_092,
PROC002185,APP01093,UP002406,06:06.8,14:49.9,Pass,Initial,HASH_IDENTITY_093,
PROC002186,APP01093,UP002407,19:18.2,27:57.2,Pass,Initial,HASH_INCOME_093,
PROC002187,APP01094,UP002408,48:46.2,52:21.5,Pass,Re-validation,HASH_IDENTITY_094,System could not reuse prior result
PROC002188,APP01094,UP002409,53:29.9,54:29.9,Pass,Initial,HASH_INCOME_094,
PROC002189,APP01095,UP002410,45:20.6,51:51.8,Pass,Initial,HASH_IDENTITY_095,
PROC002190,APP01095,UP002411,57:14.9,10:00.8,Pass,Initial,HASH_INCOME_095,
PROC002191,APP01096,UP002412,38:17.3,41:20.5,Pass,Initial,HASH_IDENTITY_096,
PROC002192,APP01096,UP002413,35:35.3,41:24.5,Pass,Initial,HASH_INCOME_096,
PROC002193,APP01097,UP002414,41:19.8,52:03.9,Pass,Re-validation,HASH_IDENTITY_097,Previous validation expired
PROC002194,APP01097,UP002415,49:26.2,57:17.1,Pass,Initial,HASH_INCOME_097,
PROC002195,APP01098,UP002416,41:56.9,47:30.5,Pass,Initial,HASH_IDENTITY_098,
PROC002196,APP01098,UP002417,25:48.5,35:46.4,Pass,Initial,HASH_INCOME_098,
PROC002197,APP01099,UP002418,30:42.1,46:27.3,Fail,Initial,HASH_IDENTITY_099,
PROC002198,APP01099,UP002419,29:36.5,31:33.4,Pass,Initial,HASH_INCOME_099,
PROC002199,APP01100,UP002420,12:51.7,17:00.3,Pass,Re-validation,HASH_IDENTITY_100,System could not reuse prior result
PROC002200,APP01100,UP002421,24:28.5,35:10.5,Pass,Initial,HASH_INCOME_100,
PROC002201,APP01101,UP002422,55:21.4,01:26.1,Pass,Initial,HASH_IDENTITY_101,
PROC002202,APP01101,UP002423,07:53.8,10:50.0,Pass,Initial,HASH_INCOME_101,
PROC002203,APP01102,UP002424,59:21.1,02:50.7,Pass,Initial,HASH_IDENTITY_102,
PROC002204,APP01102,UP002425,03:59.8,11:14.9,Pass,Initial,HASH_INCOME_102,
PROC002205,APP01103,UP002426,45:06.8,48:50.1,Pass,Initial,HASH_IDENTITY_103,
PROC002206,APP01103,UP002427,59:57.3,03:04.7,Pass,Re-validation,HASH_INCOME_103,Rule-triggered re-verification
PROC002207,APP01104,UP002428,51:43.3,52:43.3,Pass,Initial,HASH_IDENTITY_104,
PROC002208,APP01104,UP002429,04:27.3,09:41.1,Pass,Initial,HASH_INCOME_104,
PROC002209,APP01105,UP002430,33:54.6,40:17.0,Pass,Initial,HASH_IDENTITY_105,
PROC002210,APP01105,UP002431,46:33.7,49:55.4,Pass,Initial,HASH_INCOME_105,
PROC002211,APP01106,UP002432,39:33.7,42:18.3,Fail,Initial,HASH_IDENTITY_106,
PROC002212,APP01106,UP002433,42:41.2,50:51.9,Pass,Initial,HASH_INCOME_106,
PROC002213,APP01107,UP002434,21:16.6,28:20.9,Pass,Initial,HASH_IDENTITY_107,
PROC002214,APP01107,UP002435,21:25.6,23:41.2,Fail,Initial,HASH_INCOME_107,
PROC002215,APP01108,UP002436,58:26.8,10:37.6,Pass,Initial,HASH_IDENTITY_108,
PROC002216,APP01108,UP002437,59:49.0,04:04.0,Pass,Initial,HASH_INCOME_108,
PROC002217,APP01109,UP002438,05:35.9,10:12.4,Pass,Initial,HASH_IDENTITY_109,
PROC002218,APP01109,UP002439,07:31.3,16:09.9,Pass,Initial,HASH_INCOME_109,
PROC002219,APP01110,UP002440,14:14.8,20:36.5,Pass,Initial,HASH_IDENTITY_110,
PROC002220,APP01110,UP002441,25:34.3,35:04.8,Pass,Initial,HASH_INCOME_110,
PROC002221,APP01111,UP002442,47:06.6,48:43.6,Pass,Initial,HASH_IDENTITY_111,
PROC002222,APP01111,UP002443,01:42.4,11:53.2,Pass,Initial,HASH_INCOME_111,
PROC002223,APP01112,UP002444,22:03.6,27:29.1,Pass,Initial,HASH_IDENTITY_112,
PROC002224,APP01112,UP002446,22:43.5,33:27.9,Pass,Re-validation,HASH_INCOME_112,Retry after failed upload
PROC002225,APP01113,UP002447,50:57.9,03:30.8,Pass,Initial,HASH_IDENTITY_113,
PROC002226,APP01113,UP002448,00:49.9,10:21.5,Pass,Initial,HASH_INCOME_113,
PROC002227,APP01114,UP002449,48:08.0,52:10.6,Pass,Initial,HASH_IDENTITY_114,
PROC002228,APP01114,UP002450,56:08.8,58:12.8,Pass,Initial,HASH_INCOME_114,
PROC002229,APP01115,UP002451,00:57.7,08:40.5,Pass,Initial,HASH_IDENTITY_115,
PROC002230,APP01115,UP002453,03:52.2,11:55.5,Pass,Re-validation,HASH_INCOME_115,Retry after failed upload
PROC002231,APP01116,UP002454,02:39.7,07:49.6,Pass,Initial,HASH_IDENTITY_116,
PROC002232,APP01116,UP002455,58:32.3,03:18.1,Pass,Initial,HASH_INCOME_116,
PROC002233,APP01117,UP002456,32:33.9,38:11.9,Pass,Initial,HASH_IDENTITY_117,
PROC002234,APP01117,UP002457,34:01.1,35:01.1,Pass,Initial,HASH_INCOME_117,
PROC002235,APP01118,UP002458,16:03.5,23:09.1,Pass,Initial,HASH_IDENTITY_118,
PROC002236,APP01118,UP002459,08:32.1,19:54.2,Pass,Re-validation,HASH_INCOME_118,Rule-triggered re-verification
PROC002237,APP01119,UP002460,25:58.9,29:13.5,Pass,Initial,HASH_IDENTITY_119,
PROC002238,APP01119,UP002461,30:16.1,34:11.6,Pass,Initial,HASH_INCOME_119,
PROC002239,APP01120,UP002462,24:12.2,34:00.3,Pass,Initial,HASH_IDENTITY_120,
PROC002240,APP01120,UP002463,26:38.3,34:26.5,Pass,Initial,HASH_INCOME_120,
PROC002241,APP01121,UP002466,37:14.0,46:02.9,Pass,Re-validation,HASH_IDENTITY_121,Retry after failed upload
PROC002242,APP01121,UP002467,57:16.5,04:19.2,Pass,Initial,HASH_INCOME_121,
PROC002243,APP01122,UP002468,06:31.1,14:25.1,Pass,Initial,HASH_IDENTITY_122,
PROC002244,APP01122,UP002469,07:21.1,12:46.2,Pass,Initial,HASH_INCOME_122,
PROC002245,APP01123,UP002470,04:22.4,09:04.5,Pass,Initial,HASH_IDENTITY_123,
PROC002246,APP01123,UP002471,08:47.6,14:36.9,Pass,Initial,HASH_INCOME_123,
PROC002247,APP01124,UP002472,43:42.9,44:42.9,Fail,Initial,HASH_IDENTITY_124,
PROC002248,APP01124,UP002473,51:40.3,53:51.6,Pass,Initial,HASH_INCOME_124,
PROC002249,APP01125,UP002474,15:58.2,25:47.5,Pass,Initial,HASH_IDENTITY_125,
PROC002250,APP01125,UP002476,24:31.8,28:40.3,Pass,Re-validation,HASH_INCOME_125,Retry after failed upload
PROC002251,APP01126,UP002477,55:41.4,02:45.7,Pass,Initial,HASH_IDENTITY_126,
PROC002252,APP01126,UP002478,21:55.8,28:54.4,Pass,Initial,HASH_INCOME_126,
PROC002253,APP01127,UP002479,28:13.1,33:45.5,Pass,Initial,HASH_IDENTITY_127,
PROC002254,APP01127,UP002480,37:22.1,43:48.0,Pass,Initial,HASH_INCOME_127,
PROC002255,APP01128,UP002481,10:58.7,18:00.4,Pass,Initial,HASH_IDENTITY_128,
PROC002256,APP01128,UP002484,19:11.5,24:16.2,Pass,Re-validation,HASH_INCOME_128,Retry after failed upload
PROC002257,APP01129,UP002485,13:53.2,19:39.7,Pass,Initial,HASH_IDENTITY_129,
PROC002258,APP01129,UP002486,01:04.8,05:53.8,Pass,Initial,HASH_INCOME_129,
PROC002259,APP01130,UP002487,22:26.8,23:26.8,Pass,Initial,HASH_IDENTITY_130,
PROC002260,APP01130,UP002488,35:09.5,44:51.6,Pass,Initial,HASH_INCOME_130,
PROC002261,APP01131,UP002489,56:39.6,02:28.5,Pass,Initial,HASH_IDENTITY_131,
PROC002262,APP01131,UP002490,07:00.8,10:10.1,Pass,Initial,HASH_INCOME_131,
PROC002263,APP01132,UP002491,02:48.6,18:10.2,Pass,Initial,HASH_IDENTITY_132,
PROC002264,APP01132,UP002492,04:33.3,13:39.6,Pass,Initial,HASH_INCOME_132,
PROC002265,APP01133,UP002493,03:24.3,17:57.7,Pass,Initial,HASH_IDENTITY_133,
PROC002266,APP01133,UP002494,08:06.7,12:19.5,Pass,Re-validation,HASH_INCOME_133,Previous validation expired
PROC002267,APP01134,UP002495,59:03.4,04:17.4,Pass,Initial,HASH_IDENTITY_134,
PROC002268,APP01134,UP002496,10:43.7,11:43.7,Pass,Initial,HASH_INCOME_134,
PROC002269,APP01135,UP002499,29:02.0,38:29.3,Pass,Re-validation,HASH_IDENTITY_135,Retry after failed upload
PROC002270,APP01135,UP002500,29:09.7,40:40.9,Pass,Initial,HASH_INCOME_135,
PROC002271,APP01136,UP002501,43:47.4,47:42.7,Pass,Initial,HASH_IDENTITY_136,
PROC002272,APP01136,UP002502,03:42.5,14:05.5,Pass,Initial,HASH_INCOME_136,
PROC002273,APP01137,UP002503,03:22.9,13:39.9,Pass,Initial,HASH_IDENTITY_137,
PROC002274,APP01137,UP002504,09:32.0,19:54.4,Pass,Re-validation,HASH_INCOME_137,Previous validation expired
PROC002275,APP01138,UP002505,32:11.6,39:11.9,Pass,Initial,HASH_IDENTITY_138,
PROC002276,APP01138,UP002506,43:17.1,44:17.1,Pass,Initial,HASH_INCOME_138,
PROC002277,APP01139,UP002507,32:46.3,34:38.7,Fail,Initial,HASH_IDENTITY_139,
PROC002278,APP01139,UP002508,40:18.9,48:20.7,Pass,Re-validation,HASH_INCOME_139,System could not reuse prior result
PROC002279,APP01140,UP002509,27:57.4,33:46.7,Pass,Initial,HASH_IDENTITY_140,
PROC002280,APP01140,UP002510,53:01.6,54:01.6,Pass,Initial,HASH_INCOME_140,
PROC002281,APP01141,UP002511,38:36.8,47:57.6,Pass,Initial,HASH_IDENTITY_141,
PROC002282,APP01141,UP002512,43:28.2,50:06.9,Pass,Initial,HASH_INCOME_141,
PROC002283,APP01142,UP002513,06:35.0,17:51.0,Pass,Initial,HASH_IDENTITY_142,
PROC002284,APP01142,UP002514,18:53.5,20:33.9,Pass,Initial,HASH_INCOME_142,
PROC002285,APP01143,UP002515,15:23.5,19:21.0,Pass,Initial,HASH_IDENTITY_143,
PROC002286,APP01143,UP002516,09:58.4,18:36.4,Pass,Initial,HASH_INCOME_143,
PROC002287,APP01144,UP002517,40:39.1,42:38.9,Pass,Initial,HASH_IDENTITY_144,
PROC002288,APP01144,UP002518,57:20.7,58:20.7,Pass,Initial,HASH_INCOME_144,
PROC002289,APP01145,UP002519,42:02.0,51:49.7,Pass,Re-validation,HASH_IDENTITY_145,Rule-triggered re-verification
PROC002290,APP01145,UP002520,54:56.9,03:17.3,Pass,Initial,HASH_INCOME_145,
PROC002291,APP01146,UP002521,47:33.1,51:10.1,Pass,Initial,HASH_IDENTITY_146,
PROC002292,APP01146,UP002522,07:30.2,08:30.2,Pass,Initial,HASH_INCOME_146,
PROC002293,APP01147,UP002523,21:32.6,25:17.3,Pass,Initial,HASH_IDENTITY_147,
PROC002294,APP01147,UP002524,34:11.2,39:35.7,Pass,Initial,HASH_INCOME_147,
PROC002295,APP01148,UP002525,29:23.5,38:35.1,Fail,Initial,HASH_IDENTITY_148,
PROC002296,APP01148,UP002526,03:33.4,13:21.7,Pass,Initial,HASH_INCOME_148,
PROC002297,APP01149,UP002527,39:31.0,42:18.6,Pass,Initial,HASH_IDENTITY_149,
PROC002298,APP01149,UP002528,58:10.4,07:53.2,Pass,Initial,HASH_INCOME_149,
PROC002299,APP01150,UP002529,32:05.1,43:11.0,Pass,Initial,HASH_IDENTITY_150,
PROC002300,APP01150,UP002530,34:44.5,43:19.6,Pass,Initial,HASH_INCOME_150,
PROC002301,APP01151,UP002531,01:52.9,10:53.7,Pass,Re-validation,HASH_IDENTITY_151,System could not reuse prior result
PROC002302,APP01151,UP002532,57:29.2,06:24.3,Pass,Initial,HASH_INCOME_151,
PROC002303,APP01152,UP002533,50:04.5,58:50.6,Pass,Initial,HASH_IDENTITY_152,
PROC002304,APP01152,UP002534,57:27.3,11:31.6,Pass,Initial,HASH_INCOME_152,
PROC002305,APP01153,UP002535,05:43.8,10:21.2,Pass,Initial,HASH_IDENTITY_153,
PROC002306,APP01153,UP002536,57:46.9,12:42.5,Pass,Initial,HASH_INCOME_153,
PROC002307,APP01154,UP002537,28:10.7,37:06.4,Pass,Re-validation,HASH_IDENTITY_154,System could not reuse prior result
PROC002308,APP01154,UP002538,36:02.6,44:42.7,Pass,Initial,HASH_INCOME_154,
PROC002309,APP01155,UP002539,16:16.2,18:00.5,Pass,Initial,HASH_IDENTITY_155,
PROC002310,APP01155,UP002540,33:07.1,44:36.3,Pass,Initial,HASH_INCOME_155,
PROC002311,APP01156,UP002541,54:32.7,00:17.3,Pass,Initial,HASH_IDENTITY_156,
PROC002312,APP01156,UP002544,18:29.1,24:32.2,Pass,Re-validation,HASH_INCOME_156,Retry after failed upload
PROC002313,APP01157,UP002545,02:53.2,09:19.9,Pass,Initial,HASH_IDENTITY_157,
PROC002314,APP01157,UP002546,54:06.1,58:47.3,Pass,Re-validation,HASH_INCOME_157,System could not reuse prior result
PROC002315,APP01158,UP002547,17:18.2,28:22.3,Pass,Initial,HASH_IDENTITY_158,
PROC002316,APP01158,UP002548,30:15.2,37:21.1,Pass,Initial,HASH_INCOME_158,
PROC002317,APP01159,UP002549,34:21.9,38:48.2,Pass,Initial,HASH_IDENTITY_159,
PROC002318,APP01159,UP002550,29:27.4,30:27.4,Pass,Initial,HASH_INCOME_159,
PROC002319,APP01160,UP002551,19:19.2,25:13.1,Pass,Re-validation,HASH_IDENTITY_160,Previous validation expired
PROC002320,APP01160,UP002552,35:01.0,36:01.0,Pass,Initial,HASH_INCOME_160,
PROC002321,APP01161,UP002553,02:22.3,08:28.2,Pass,Initial,HASH_IDENTITY_161,
PROC002322,APP01161,UP002554,54:20.0,55:20.0,Pass,Initial,HASH_INCOME_161,
PROC002323,APP01162,UP002555,39:50.3,43:53.5,Fail,Initial,HASH_IDENTITY_162,
PROC002324,APP01162,UP002556,42:49.9,49:42.6,Pass,Initial,HASH_INCOME_162,
PROC002325,APP01163,UP002557,45:17.1,48:28.7,Pass,Initial,HASH_IDENTITY_163,
PROC002326,APP01163,UP002558,16:11.4,25:36.0,Pass,Initial,HASH_INCOME_163,
PROC002327,APP01164,UP002559,23:23.4,24:34.2,Pass,Initial,HASH_IDENTITY_164,
PROC002328,APP01164,UP002560,33:42.8,43:44.9,Pass,Initial,HASH_INCOME_164,
PROC002329,APP01165,UP002561,35:25.1,39:44.4,Pass,Initial,HASH_IDENTITY_165,
PROC002330,APP01165,UP002562,50:16.9,55:58.6,Pass,Initial,HASH_INCOME_165,
PROC002331,APP01166,UP002563,24:47.2,34:12.3,Pass,Initial,HASH_IDENTITY_166,
PROC002332,APP01166,UP002564,42:09.6,43:09.6,Pass,Initial,HASH_INCOME_166,
PROC002333,APP01167,UP002566,29:40.0,32:34.1,Fail,Re-validation,HASH_IDENTITY_167,Retry after failed upload
PROC002334,APP01167,UP002567,36:12.0,40:31.7,Pass,Re-validation,HASH_INCOME_167,Rule-triggered re-verification
PROC002335,APP01168,UP002568,08:52.1,09:52.1,Pass,Initial,HASH_IDENTITY_168,
PROC002336,APP01168,UP002569,20:12.5,22:05.8,Pass,Initial,HASH_INCOME_168,
PROC002337,APP01169,UP002570,46:34.2,57:29.4,Pass,Initial,HASH_IDENTITY_169,
PROC002338,APP01169,UP002572,51:03.0,59:36.0,Pass,Re-validation,HASH_INCOME_169,Retry after failed upload
PROC002339,APP01170,UP002573,27:16.0,35:35.4,Pass,Initial,HASH_IDENTITY_170,
PROC002340,APP01170,UP002574,42:31.0,48:49.6,Pass,Initial,HASH_INCOME_170,
PROC002341,APP01171,UP002575,31:36.3,40:51.6,Pass,Initial,HASH_IDENTITY_171,
PROC002342,APP01171,UP002576,36:56.7,38:51.2,Pass,Initial,HASH_INCOME_171,
PROC002343,APP01172,UP002577,03:15.7,08:35.1,Pass,Re-validation,HASH_IDENTITY_172,Rule-triggered re-verification
PROC002344,APP01172,UP002578,17:48.4,25:39.6,Pass,Initial,HASH_INCOME_172,
PROC002345,APP01173,UP002579,59:53.3,03:33.6,Pass,Initial,HASH_IDENTITY_173,
PROC002346,APP01173,UP002580,03:19.0,07:27.5,Pass,Initial,HASH_INCOME_173,
PROC002347,APP01174,UP002581,20:34.4,21:41.6,Pass,Initial,HASH_IDENTITY_174,
PROC002348,APP01174,UP002584,29:17.1,36:43.7,Pass,Re-validation,HASH_INCOME_174,Retry after failed upload
PROC002349,APP01175,UP002585,01:00.1,07:50.5,Pass,Initial,HASH_IDENTITY_175,
PROC002350,APP01175,UP002586,05:43.9,16:58.7,Pass,Initial,HASH_INCOME_175,
PROC002351,APP01176,UP002587,51:04.1,03:43.2,Pass,Initial,HASH_IDENTITY_176,
PROC002352,APP01176,UP002588,47:24.6,57:10.2,Pass,Initial,HASH_INCOME_176,
PROC002353,APP01177,UP002589,30:14.6,31:50.0,Pass,Initial,HASH_IDENTITY_177,
PROC002354,APP01177,UP002590,18:37.6,24:38.3,Pass,Initial,HASH_INCOME_177,
PROC002355,APP01178,UP002591,16:38.4,20:23.7,Fail,Re-validation,HASH_IDENTITY_178,Rule-triggered re-verification
PROC002356,APP01178,UP002592,13:24.2,20:14.4,Pass,Initial,HASH_INCOME_178,
PROC002357,APP01179,UP002593,00:02.8,09:25.8,Pass,Initial,HASH_IDENTITY_179,
PROC002358,APP01179,UP002594,52:09.0,55:41.0,Pass,Initial,HASH_INCOME_179,
PROC002359,APP01180,UP002595,21:57.1,30:15.9,Pass,Initial,HASH_IDENTITY_180,
PROC002360,APP01180,UP002596,39:44.8,52:53.0,Pass,Initial,HASH_INCOME_180,
PROC002361,APP01181,UP002597,16:39.8,23:32.3,Pass,Initial,HASH_IDENTITY_181,
PROC002362,APP01181,UP002598,15:03.0,18:51.1,Pass,Initial,HASH_INCOME_181,
PROC002363,APP01182,UP002599,27:55.5,33:27.8,Pass,Initial,HASH_IDENTITY_182,
PROC002364,APP01182,UP002600,25:36.7,32:50.8,Pass,Initial,HASH_INCOME_182,
PROC002365,APP01183,UP002602,38:38.0,44:42.7,Pass,Re-validation,HASH_IDENTITY_183,Retry after failed upload
PROC002366,APP01183,UP002603,26:28.1,33:24.1,Pass,Initial,HASH_INCOME_183,
PROC002367,APP01184,UP002604,18:51.5,19:51.5,Pass,Initial,HASH_IDENTITY_184,
PROC002368,APP01184,UP002605,23:49.6,26:46.8,Pass,Re-validation,HASH_INCOME_184,Previous validation expired
PROC002369,APP01185,UP002606,48:19.5,51:29.5,Pass,Initial,HASH_IDENTITY_185,
PROC002370,APP01185,UP002608,52:32.6,06:52.0,Pass,Re-validation,HASH_INCOME_185,Retry after failed upload
PROC002371,APP01186,UP002609,26:05.9,33:28.3,Pass,Initial,HASH_IDENTITY_186,
PROC002372,APP01186,UP002610,43:17.2,46:13.0,Pass,Initial,HASH_INCOME_186,
PROC002373,APP01187,UP002611,47:58.1,48:58.1,Pass,Initial,HASH_IDENTITY_187,
PROC002374,APP01187,UP002612,36:22.8,45:34.0,Pass,Initial,HASH_INCOME_187,
PROC002375,APP01188,UP002613,25:38.3,29:23.5,Pass,Initial,HASH_IDENTITY_188,
PROC002376,APP01188,UP002614,26:54.8,34:15.0,Pass,Initial,HASH_INCOME_188,
PROC002377,APP01189,UP002615,31:56.6,34:29.2,Pass,Initial,HASH_IDENTITY_189,
PROC002378,APP01189,UP002616,39:29.2,45:06.0,Pass,Initial,HASH_INCOME_189,
PROC002379,APP01190,UP002617,31:33.2,38:19.5,Pass,Initial,HASH_IDENTITY_190,
PROC002380,APP01190,UP002619,41:25.5,44:47.1,Pass,Re-validation,HASH_INCOME_190,Retry after failed upload
PROC002381,APP01191,UP002620,52:47.0,53:52.8,Pass,Initial,HASH_IDENTITY_191,
PROC002382,APP01191,UP002621,10:02.1,15:26.1,Fail,Initial,HASH_INCOME_191,
PROC002383,APP01192,UP002622,56:58.4,57:58.4,Pass,Initial,HASH_IDENTITY_192,
PROC002384,APP01192,UP002623,48:01.5,52:29.7,Pass,Initial,HASH_INCOME_192,
PROC002385,APP01193,UP002624,18:07.1,21:50.6,Pass,Initial,HASH_IDENTITY_193,
PROC002386,APP01193,UP002625,28:33.6,31:51.5,Pass,Initial,HASH_INCOME_193,
PROC002387,APP01194,UP002626,42:22.7,47:49.4,Pass,Initial,HASH_IDENTITY_194,
PROC002388,APP01194,UP002627,58:08.9,06:47.5,Pass,Initial,HASH_INCOME_194,
PROC002389,APP01195,UP002628,43:43.0,53:03.2,Pass,Initial,HASH_IDENTITY_195,
PROC002390,APP01195,UP002629,48:01.5,49:01.5,Pass,Initial,HASH_INCOME_195,
PROC002391,APP01196,UP002630,00:20.2,03:44.7,Pass,Initial,HASH_IDENTITY_196,
PROC002392,APP01196,UP002632,05:52.1,11:33.3,Pass,Re-validation,HASH_INCOME_196,Retry after failed upload
PROC002393,APP01197,UP002633,46:14.3,51:36.6,Pass,Initial,HASH_IDENTITY_197,
PROC002394,APP01197,UP002635,02:00.6,03:00.6,Pass,Re-validation,HASH_INCOME_197,Retry after failed upload
PROC002395,APP01198,UP002636,24:37.9,32:06.0,Pass,Initial,HASH_IDENTITY_198,
PROC002396,APP01198,UP002637,26:43.7,27:43.7,Pass,Initial,HASH_INCOME_198,
PROC002397,APP01199,UP002638,53:03.4,10:41.0,Pass,Initial,HASH_IDENTITY_199,
PROC002398,APP01199,UP002639,00:19.4,04:29.8,Pass,Initial,HASH_INCOME_199,
PROC002399,APP01200,UP002640,14:54.4,15:54.4,Pass,Initial,HASH_IDENTITY_200,
PROC002400,APP01200,UP002641,30:13.1,35:27.6,Pass,Initial,HASH_INCOME_200,
PROC002401,APP01201,UP002642,01:10.0,06:46.3,Pass,Initial,HASH_IDENTITY_201,
PROC002402,APP01201,UP002643,17:34.5,20:35.6,Pass,Initial,HASH_INCOME_201,
PROC002403,APP01202,UP002644,30:18.0,40:03.7,Pass,Initial,HASH_IDENTITY_202,
PROC002404,APP01202,UP002645,25:20.1,26:20.1,Pass,Initial,HASH_INCOME_202,
PROC002405,APP01203,UP002646,49:10.1,07:47.2,Pass,Initial,HASH_IDENTITY_203,
PROC002406,APP01203,UP002647,03:44.4,12:12.1,Fail,Initial,HASH_INCOME_203,
PROC002407,APP01204,UP002648,45:33.7,53:22.9,Pass,Initial,HASH_IDENTITY_204,
PROC002408,APP01204,UP002649,53:03.8,01:36.7,Pass,Initial,HASH_INCOME_204,
PROC002409,APP01205,UP002650,21:15.8,26:21.7,Pass,Initial,HASH_IDENTITY_205,
PROC002410,APP01205,UP002651,23:26.3,30:56.6,Pass,Initial,HASH_INCOME_205,
PROC002411,APP01206,UP002652,55:48.0,05:33.9,Pass,Initial,HASH_IDENTITY_206,
PROC002412,APP01206,UP002653,04:45.5,11:45.9,Pass,Initial,HASH_INCOME_206,
PROC002413,APP01207,UP002654,53:01.3,54:01.3,Pass,Initial,HASH_IDENTITY_207,
PROC002414,APP01207,UP002655,48:41.9,52:13.0,Pass,Initial,HASH_INCOME_207,
PROC002415,APP01208,UP002656,56:05.0,57:57.3,Pass,Initial,HASH_IDENTITY_208,
PROC002416,APP01208,UP002657,00:21.5,10:02.4,Pass,Initial,HASH_INCOME_208,
PROC002417,APP01209,UP002658,50:24.7,59:13.3,Pass,Initial,HASH_IDENTITY_209,
PROC002418,APP01209,UP002659,56:45.5,03:03.8,Fail,Initial,HASH_INCOME_209,
PROC002419,APP01210,UP002660,11:05.6,15:43.2,Pass,Initial,HASH_IDENTITY_210,
PROC002420,APP01210,UP002661,29:52.9,36:25.3,Pass,Initial,HASH_INCOME_210,
PROC002421,APP01211,UP002662,30:19.6,39:11.8,Pass,Initial,HASH_IDENTITY_211,
PROC002422,APP01211,UP002663,28:20.6,41:03.0,Pass,Initial,HASH_INCOME_211,
PROC002423,APP01212,UP002665,41:30.0,42:30.0,Pass,Re-validation,HASH_IDENTITY_212,Retry after failed upload
PROC002424,APP01212,UP002666,57:09.5,01:56.9,Pass,Initial,HASH_INCOME_212,
PROC002425,APP01213,UP002667,02:23.1,10:48.5,Pass,Initial,HASH_IDENTITY_213,
PROC002426,APP01213,UP002668,57:27.7,58:27.7,Pass,Initial,HASH_INCOME_213,
PROC002427,APP01214,UP002669,19:10.3,32:51.7,Pass,Initial,HASH_IDENTITY_214,
PROC002428,APP01214,UP002670,30:44.6,37:37.1,Pass,Initial,HASH_INCOME_214,
PROC002429,APP01215,UP002671,00:32.0,06:26.3,Pass,Initial,HASH_IDENTITY_215,
PROC002430,APP01215,UP002672,56:25.2,07:52.3,Pass,Initial,HASH_INCOME_215,
PROC002431,APP01216,UP002673,23:04.0,30:48.2,Pass,Initial,HASH_IDENTITY_216,
PROC002432,APP01216,UP002674,13:48.2,20:42.4,Pass,Initial,HASH_INCOME_216,
PROC002433,APP01217,UP002676,44:42.3,51:14.2,Pass,Re-validation,HASH_IDENTITY_217,Retry after failed upload
PROC002434,APP01217,UP002677,51:23.9,01:32.3,Pass,Initial,HASH_INCOME_217,
PROC002435,APP01218,UP002678,33:42.2,40:09.8,Pass,Initial,HASH_IDENTITY_218,
PROC002436,APP01218,UP002679,41:49.7,47:17.0,Pass,Initial,HASH_INCOME_218,
PROC002437,APP01219,UP002680,01:33.7,06:20.3,Pass,Initial,HASH_IDENTITY_219,
PROC002438,APP01219,UP002681,19:57.4,26:05.6,Pass,Initial,HASH_INCOME_219,
PROC002439,APP01220,UP002682,50:48.6,54:29.6,Pass,Initial,HASH_IDENTITY_220,
PROC002440,APP01220,UP002683,32:19.4,41:51.7,Pass,Initial,HASH_INCOME_220,
PROC002441,APP01221,UP002684,51:17.4,52:50.0,Pass,Initial,HASH_IDENTITY_221,
PROC002442,APP01221,UP002685,56:04.1,58:52.9,Pass,Re-validation,HASH_INCOME_221,Rule-triggered re-verification
PROC002443,APP01222,UP002686,51:45.8,54:53.0,Pass,Initial,HASH_IDENTITY_222,
PROC002444,APP01222,UP002687,02:07.7,03:07.7,Pass,Initial,HASH_INCOME_222,
PROC002445,APP01223,UP002688,18:06.9,27:23.3,Pass,Initial,HASH_IDENTITY_223,
PROC002446,APP01223,UP002689,29:19.2,40:53.9,Pass,Initial,HASH_INCOME_223,
PROC002447,APP01224,UP002690,28:31.6,33:49.7,Pass,Initial,HASH_IDENTITY_224,
PROC002448,APP01224,UP002691,34:33.1,35:33.1,Pass,Re-validation,HASH_INCOME_224,Rule-triggered re-verification
PROC002449,APP01225,UP002692,24:53.1,30:22.9,Pass,Initial,HASH_IDENTITY_225,
PROC002450,APP01225,UP002693,22:41.1,24:42.5,Pass,Initial,HASH_INCOME_225,
PROC002451,APP01226,UP002694,26:11.2,27:11.2,Pass,Initial,HASH_IDENTITY_226,
PROC002452,APP01226,UP002695,34:38.1,36:12.2,Pass,Initial,HASH_INCOME_226,
PROC002453,APP01227,UP002696,15:48.9,26:00.3,Pass,Initial,HASH_IDENTITY_227,
PROC002454,APP01227,UP002697,17:49.8,18:57.7,Pass,Initial,HASH_INCOME_227,
PROC002455,APP01228,UP002698,40:47.8,44:55.4,Pass,Initial,HASH_IDENTITY_228,
PROC002456,APP01228,UP002699,36:13.4,37:13.4,Pass,Initial,HASH_INCOME_228,
PROC002457,APP01229,UP002700,48:18.9,52:45.4,Pass,Initial,HASH_IDENTITY_229,
PROC002458,APP01229,UP002701,54:38.3,58:09.2,Pass,Initial,HASH_INCOME_229,
PROC002459,APP01230,UP002702,04:02.9,05:21.1,Pass,Initial,HASH_IDENTITY_230,
PROC002460,APP01230,UP002703,10:46.5,17:10.2,Pass,Initial,HASH_INCOME_230,
PROC002461,APP01231,UP002704,54:53.3,07:28.2,Pass,Initial,HASH_IDENTITY_231,
PROC002462,APP01231,UP002705,13:03.2,16:08.0,Pass,Initial,HASH_INCOME_231,
PROC002463,APP01232,UP002706,27:50.9,34:43.7,Pass,Initial,HASH_IDENTITY_232,
PROC002464,APP01232,UP002707,47:20.4,48:20.4,Pass,Initial,HASH_INCOME_232,
PROC002465,APP01233,UP002708,39:11.5,45:45.6,Pass,Initial,HASH_IDENTITY_233,
PROC002466,APP01233,UP002709,40:13.3,43:04.0,Pass,Initial,HASH_INCOME_233,
PROC002467,APP01234,UP002710,10:07.6,20:31.7,Pass,Initial,HASH_IDENTITY_234,
PROC002468,APP01234,UP002711,24:32.1,35:55.9,Pass,Initial,HASH_INCOME_234,
PROC002469,APP01235,UP002712,33:46.3,41:37.1,Pass,Initial,HASH_IDENTITY_235,
PROC002470,APP01235,UP002713,58:52.7,05:59.2,Pass,Initial,HASH_INCOME_235,
PROC002471,APP01236,UP002714,11:37.7,17:12.7,Pass,Initial,HASH_IDENTITY_236,
PROC002472,APP01236,UP002715,34:07.5,41:33.9,Pass,Initial,HASH_INCOME_236,
PROC002473,APP01237,UP002717,59:51.4,01:58.0,Pass,Re-validation,HASH_IDENTITY_237,Retry after failed upload
PROC002474,APP01237,UP002718,01:49.0,06:21.4,Pass,Initial,HASH_INCOME_237,
PROC002475,APP01238,UP002719,01:36.1,07:40.6,Pass,Initial,HASH_IDENTITY_238,
PROC002476,APP01238,UP002720,25:41.8,27:52.4,Pass,Initial,HASH_INCOME_238,
PROC002477,APP01239,UP002721,26:38.6,34:17.8,Pass,Initial,HASH_IDENTITY_239,
PROC002478,APP01239,UP002722,16:15.6,25:17.5,Pass,Initial,HASH_INCOME_239,
PROC002479,APP01240,UP002723,29:24.8,33:49.1,Pass,Initial,HASH_IDENTITY_240,
PROC002480,APP01240,UP002724,41:31.0,42:31.0,Pass,Initial,HASH_INCOME_240,
PROC002481,APP01241,UP002725,32:19.3,39:12.7,Pass,Initial,HASH_IDENTITY_241,
PROC002482,APP01241,UP002726,44:22.9,55:01.6,Pass,Initial,HASH_INCOME_241,
PROC002483,APP01242,UP002727,37:02.9,38:44.1,Pass,Re-validation,HASH_IDENTITY_242,Previous validation expired
PROC002484,APP01242,UP002728,28:09.5,33:30.0,Pass,Initial,HASH_INCOME_242,
PROC002485,APP01243,UP002729,06:07.9,13:55.5,Pass,Initial,HASH_IDENTITY_243,
PROC002486,APP01243,UP002730,08:38.7,09:38.7,Pass,Initial,HASH_INCOME_243,
PROC002487,APP01244,UP002731,01:45.2,02:45.2,Pass,Initial,HASH_IDENTITY_244,
PROC002488,APP01244,UP002732,16:43.4,20:17.0,Pass,Initial,HASH_INCOME_244,
PROC002489,APP01245,UP002733,04:20.2,18:37.9,Pass,Initial,HASH_IDENTITY_245,
PROC002490,APP01245,UP002734,16:18.8,20:05.1,Pass,Initial,HASH_INCOME_245,
PROC002491,APP01246,UP002735,01:43.0,05:46.3,Pass,Initial,HASH_IDENTITY_246,
PROC002492,APP01246,UP002736,55:53.7,56:53.7,Pass,Initial,HASH_INCOME_246,
PROC002493,APP01247,UP002737,39:39.4,53:08.1,Pass,Initial,HASH_IDENTITY_247,
PROC002494,APP01247,UP002738,34:32.1,45:08.1,Pass,Initial,HASH_INCOME_247,
PROC002495,APP01248,UP002739,47:11.2,54:02.1,Pass,Initial,HASH_IDENTITY_248,
PROC002496,APP01248,UP002740,39:22.8,47:11.6,Pass,Initial,HASH_INCOME_248,
PROC002497,APP01249,UP002741,03:18.8,12:26.2,Fail,Initial,HASH_IDENTITY_249,
PROC002498,APP01249,UP002742,51:02.5,58:01.4,Pass,Initial,HASH_INCOME_249,
PROC002499,APP01250,UP002743,10:58.6,21:01.8,Fail,Re-validation,HASH_IDENTITY_250,Rule-triggered re-verification
PROC002500,APP01250,UP002745,19:49.8,26:25.1,Pass,Re-validation,HASH_INCOME_250,Retry after failed upload
PROC002501,APP01251,UP002746,50:25.6,02:14.6,Pass,Initial,HASH_IDENTITY_251,
PROC002502,APP01251,UP002747,05:04.6,09:46.4,Pass,Initial,HASH_INCOME_251,
PROC002503,APP01252,UP002748,41:41.8,50:04.6,Pass,Initial,HASH_IDENTITY_252,
PROC002504,APP01252,UP002751,56:32.8,58:03.5,Pass,Re-validation,HASH_INCOME_252,Retry after failed upload
PROC002505,APP01253,UP002752,33:38.2,34:38.2,Pass,Initial,HASH_IDENTITY_253,
PROC002506,APP01253,UP002753,34:00.1,43:53.7,Pass,Initial,HASH_INCOME_253,
PROC002507,APP01254,UP002754,13:12.6,18:18.6,Pass,Initial,HASH_IDENTITY_254,
PROC002508,APP01254,UP002755,07:35.3,08:35.3,Pass,Initial,HASH_INCOME_254,
PROC002509,APP01255,UP002756,02:56.8,03:56.8,Pass,Re-validation,HASH_IDENTITY_255,Rule-triggered re-verification
PROC002510,APP01255,UP002757,53:10.6,00:58.8,Pass,Initial,HASH_INCOME_255,
PROC002511,APP01256,UP002758,39:18.7,48:51.1,Fail,Initial,HASH_IDENTITY_256,
PROC002512,APP01256,UP002759,53:10.6,08:50.1,Pass,Initial,HASH_INCOME_256,
PROC002513,APP01257,UP002760,20:29.1,27:52.1,Pass,Initial,HASH_IDENTITY_257,
PROC002514,APP01257,UP002761,29:06.2,37:02.9,Pass,Initial,HASH_INCOME_257,
PROC002515,APP01258,UP002762,47:24.5,54:45.6,Pass,Initial,HASH_IDENTITY_258,
PROC002516,APP01258,UP002763,41:12.1,46:10.7,Pass,Initial,HASH_INCOME_258,
PROC002517,APP01259,UP002764,49:06.0,00:01.9,Pass,Initial,HASH_IDENTITY_259,
PROC002518,APP01259,UP002765,00:33.9,04:29.8,Fail,Re-validation,HASH_INCOME_259,Previous validation expired
PROC002519,APP01260,UP002766,46:32.1,56:37.2,Pass,Initial,HASH_IDENTITY_260,
PROC002520,APP01260,UP002767,48:41.3,55:45.1,Pass,Initial,HASH_INCOME_260,
PROC002521,APP01261,UP002768,50:36.1,53:13.2,Pass,Initial,HASH_IDENTITY_261,
PROC002522,APP01261,UP002769,31:07.9,42:05.1,Pass,Initial,HASH_INCOME_261,
PROC002523,APP01262,UP002770,25:55.4,29:25.5,Pass,Initial,HASH_IDENTITY_262,
PROC002524,APP01262,UP002771,43:19.2,49:00.3,Pass,Initial,HASH_INCOME_262,
PROC002525,APP01263,UP002773,20:45.2,32:38.0,Pass,Re-validation,HASH_IDENTITY_263,Retry after failed upload
PROC002526,APP01263,UP002774,13:50.2,22:04.9,Pass,Initial,HASH_INCOME_263,
PROC002527,APP01264,UP002775,54:28.3,55:28.3,Pass,Re-validation,HASH_IDENTITY_264,Rule-triggered re-verification
PROC002528,APP01264,UP002777,04:16.6,06:42.2,Pass,Re-validation,HASH_INCOME_264,Retry after failed upload
PROC002529,APP01265,UP002778,34:29.9,42:39.4,Pass,Initial,HASH_IDENTITY_265,
PROC002530,APP01265,UP002779,40:32.5,41:32.5,Pass,Initial,HASH_INCOME_265,
PROC002531,APP01266,UP002780,42:48.7,43:48.7,Pass,Initial,HASH_IDENTITY_266,
PROC002532,APP01266,UP002781,39:11.7,47:58.0,Pass,Initial,HASH_INCOME_266,
PROC002533,APP01267,UP002782,41:16.0,46:15.8,Pass,Initial,HASH_IDENTITY_267,
PROC002534,APP01267,UP002783,58:20.1,59:20.1,Pass,Initial,HASH_INCOME_267,
PROC002535,APP01268,UP002784,35:34.1,41:58.2,Pass,Initial,HASH_IDENTITY_268,
PROC002536,APP01268,UP002785,28:59.2,35:37.2,Pass,Initial,HASH_INCOME_268,
PROC002537,APP01269,UP002786,37:05.5,45:07.3,Pass,Initial,HASH_IDENTITY_269,
PROC002538,APP01269,UP002787,53:56.8,58:10.4,Pass,Initial,HASH_INCOME_269,
PROC002539,APP01270,UP002788,17:25.9,18:25.9,Pass,Initial,HASH_IDENTITY_270,
PROC002540,APP01270,UP002790,14:03.8,15:03.8,Pass,Re-validation,HASH_INCOME_270,Retry after failed upload
PROC002541,APP01271,UP002791,41:10.0,45:58.5,Pass,Initial,HASH_IDENTITY_271,
PROC002542,APP01271,UP002792,46:40.8,50:08.1,Pass,Initial,HASH_INCOME_271,
PROC002543,APP01272,UP002793,24:26.7,33:34.9,Pass,Initial,HASH_IDENTITY_272,
PROC002544,APP01272,UP002794,53:55.6,03:18.7,Pass,Initial,HASH_INCOME_272,
PROC002545,APP01273,UP002795,04:24.3,10:35.4,Pass,Initial,HASH_IDENTITY_273,
PROC002546,APP01273,UP002796,05:20.7,12:00.7,Pass,Initial,HASH_INCOME_273,
PROC002547,APP01274,UP002797,31:11.2,36:54.4,Pass,Initial,HASH_IDENTITY_274,
PROC002548,APP01274,UP002798,21:19.1,28:14.3,Pass,Initial,HASH_INCOME_274,
PROC002549,APP01275,UP002799,08:59.2,19:32.4,Pass,Initial,HASH_IDENTITY_275,
PROC002550,APP01275,UP002801,11:01.0,17:57.6,Pass,Re-validation,HASH_INCOME_275,Retry after failed upload
PROC002551,APP01276,UP002802,59:25.0,00:25.0,Pass,Initial,HASH_IDENTITY_276,
PROC002552,APP01276,UP002803,16:03.1,17:19.0,Pass,Initial,HASH_INCOME_276,
PROC002553,APP01277,UP002804,35:42.6,52:27.6,Fail,Initial,HASH_IDENTITY_277,
PROC002554,APP01277,UP002805,02:47.8,09:21.8,Pass,Initial,HASH_INCOME_277,
PROC002555,APP01278,UP002806,37:58.9,44:17.2,Pass,Initial,HASH_IDENTITY_278,
PROC002556,APP01278,UP002807,30:25.2,41:19.5,Pass,Re-validation,HASH_INCOME_278,System could not reuse prior result
PROC002557,APP01279,UP002808,32:57.8,34:30.7,Pass,Initial,HASH_IDENTITY_279,
PROC002558,APP01279,UP002809,37:13.0,43:50.4,Pass,Initial,HASH_INCOME_279,
PROC002559,APP01280,UP002810,09:32.9,10:32.9,Pass,Initial,HASH_IDENTITY_280,
PROC002560,APP01280,UP002811,30:22.9,36:06.6,Pass,Initial,HASH_INCOME_280,
PROC002561,APP01281,UP002812,07:40.2,14:39.4,Pass,Initial,HASH_IDENTITY_281,
PROC002562,APP01281,UP002813,05:06.1,16:54.7,Pass,Initial,HASH_INCOME_281,
PROC002563,APP01282,UP002814,00:28.1,12:00.8,Pass,Initial,HASH_IDENTITY_282,
PROC002564,APP01282,UP002815,06:05.0,15:53.5,Pass,Re-validation,HASH_INCOME_282,System could not reuse prior result
PROC002565,APP01283,UP002816,38:00.5,44:20.8,Pass,Initial,HASH_IDENTITY_283,
PROC002566,APP01283,UP002817,58:13.0,02:10.2,Pass,Initial,HASH_INCOME_283,
PROC002567,APP01284,UP002818,25:03.4,26:03.4,Pass,Initial,HASH_IDENTITY_284,
PROC002568,APP01284,UP002819,19:12.2,26:02.0,Fail,Initial,HASH_INCOME_284,
PROC002569,APP01285,UP002820,27:47.2,28:47.2,Pass,Re-validation,HASH_IDENTITY_285,Rule-triggered re-verification
PROC002570,APP01285,UP002821,37:14.7,44:22.2,Pass,Initial,HASH_INCOME_285,
PROC002571,APP01286,UP002822,34:39.8,41:37.6,Pass,Initial,HASH_IDENTITY_286,
PROC002572,APP01286,UP002823,43:05.0,54:07.9,Pass,Initial,HASH_INCOME_286,
PROC002573,APP01287,UP002824,18:37.1,28:09.1,Pass,Initial,HASH_IDENTITY_287,
PROC002574,APP01287,UP002825,43:47.1,52:06.2,Pass,Initial,HASH_INCOME_287,
PROC002575,APP01288,UP002826,06:12.0,08:17.1,Pass,Initial,HASH_IDENTITY_288,
PROC002576,APP01288,UP002827,04:28.9,09:30.2,Fail,Initial,HASH_INCOME_288,
PROC002577,APP01289,UP002828,25:01.2,26:01.2,Pass,Initial,HASH_IDENTITY_289,
PROC002578,APP01289,UP002829,35:30.3,36:30.3,Pass,Initial,HASH_INCOME_289,
PROC002579,APP01290,UP002830,01:26.7,04:29.4,Pass,Initial,HASH_IDENTITY_290,
PROC002580,APP01290,UP002831,12:06.8,15:30.6,Pass,Initial,HASH_INCOME_290,
PROC002581,APP01291,UP002832,40:50.6,45:46.3,Pass,Initial,HASH_IDENTITY_291,
PROC002582,APP01291,UP002833,56:33.4,04:49.8,Fail,Initial,HASH_INCOME_291,
PROC002583,APP01292,UP002834,35:52.1,43:41.9,Pass,Initial,HASH_IDENTITY_292,
PROC002584,APP01292,UP002835,30:23.7,42:00.2,Pass,Initial,HASH_INCOME_292,
PROC002585,APP01293,UP002836,30:36.4,31:36.4,Pass,Initial,HASH_IDENTITY_293,
PROC002586,APP01293,UP002837,36:53.0,42:50.3,Pass,Initial,HASH_INCOME_293,
PROC002587,APP01294,UP002839,00:25.0,06:35.2,Pass,Re-validation,HASH_IDENTITY_294,Retry after failed upload
PROC002588,APP01294,UP002840,53:37.2,03:18.9,Pass,Initial,HASH_INCOME_294,
PROC002589,APP01295,UP002841,02:30.2,06:27.1,Pass,Initial,HASH_IDENTITY_295,
PROC002590,APP01295,UP002842,58:35.8,59:35.8,Pass,Re-validation,HASH_INCOME_295,System could not reuse prior result
PROC002591,APP01296,UP002843,25:09.3,30:28.3,Pass,Initial,HASH_IDENTITY_296,
PROC002592,APP01296,UP002845,22:41.1,30:55.9,Pass,Re-validation,HASH_INCOME_296,Retry after failed upload
PROC002593,APP01297,UP002846,11:07.7,12:07.7,Pass,Initial,HASH_IDENTITY_297,
PROC002594,APP01297,UP002847,03:44.5,14:10.2,Pass,Initial,HASH_INCOME_297,
PROC002595,APP01298,UP002848,01:35.9,11:18.4,Pass,Initial,HASH_IDENTITY_298,
PROC002596,APP01298,UP002849,14:22.7,25:31.7,Pass,Initial,HASH_INCOME_298,
PROC002597,APP01299,UP002850,10:30.2,15:26.1,Pass,Initial,HASH_IDENTITY_299,
PROC002598,APP01299,UP002851,17:22.8,22:47.0,Pass,Initial,HASH_INCOME_299,
PROC002599,APP01300,UP002852,11:17.0,17:45.9,Pass,Initial,HASH_IDENTITY_300,
PROC002600,APP01300,UP002853,03:34.9,14:12.8,Pass,Re-validation,HASH_INCOME_300,Previous validation expired
PROC002601,APP01301,UP002854,28:43.3,37:30.6,Fail,Initial,HASH_IDENTITY_301,
PROC002602,APP01301,UP002855,27:56.1,31:30.4,Pass,Re-validation,HASH_INCOME_301,Rule-triggered re-verification
PROC002603,APP01302,UP002856,27:37.3,33:56.3,Pass,Initial,HASH_IDENTITY_302,
PROC002604,APP01302,UP002857,30:02.5,31:02.5,Pass,Initial,HASH_INCOME_302,
PROC002605,APP01303,UP002858,41:37.0,52:50.0,Pass,Re-validation,HASH_IDENTITY_303,Rule-triggered re-verification
PROC002606,APP01303,UP002859,59:00.5,15:49.1,Pass,Initial,HASH_INCOME_303,
PROC002607,APP01304,UP002860,54:05.6,01:33.5,Pass,Initial,HASH_IDENTITY_304,
PROC002608,APP01304,UP002861,06:14.5,13:47.8,Pass,Initial,HASH_INCOME_304,
PROC002609,APP01305,UP002862,15:42.4,22:01.3,Fail,Initial,HASH_IDENTITY_305,
PROC002610,APP01305,UP002863,14:01.4,18:31.4,Pass,Initial,HASH_INCOME_305,
PROC002611,APP01306,UP002864,55:40.9,01:50.6,Pass,Initial,HASH_IDENTITY_306,
PROC002612,APP01306,UP002865,10:19.1,12:54.2,Pass,Initial,HASH_INCOME_306,
PROC002613,APP01307,UP002866,08:26.4,20:12.8,Pass,Initial,HASH_IDENTITY_307,
PROC002614,APP01307,UP002867,20:51.1,21:51.1,Pass,Initial,HASH_INCOME_307,
PROC002615,APP01308,UP002868,20:47.2,25:32.6,Pass,Initial,HASH_IDENTITY_308,
PROC002616,APP01308,UP002869,14:43.5,22:04.3,Fail,Initial,HASH_INCOME_308,
PROC002617,APP01309,UP002870,17:54.0,24:16.8,Pass,Initial,HASH_IDENTITY_309,
PROC002618,APP01309,UP002871,15:37.4,25:17.3,Pass,Initial,HASH_INCOME_309,
PROC002619,APP01310,UP002872,23:57.2,24:57.2,Pass,Initial,HASH_IDENTITY_310,
PROC002620,APP01310,UP002873,17:02.5,22:29.8,Pass,Initial,HASH_INCOME_310,
PROC002621,APP01311,UP002874,39:47.2,50:25.7,Pass,Initial,HASH_IDENTITY_311,
PROC002622,APP01311,UP002875,29:57.2,30:57.2,Pass,Initial,HASH_INCOME_311,
PROC002623,APP01312,UP002876,02:41.8,15:27.4,Pass,Initial,HASH_IDENTITY_312,
PROC002624,APP01312,UP002877,16:21.9,19:39.2,Pass,Re-validation,HASH_INCOME_312,Rule-triggered re-verification
PROC002625,APP01313,UP002878,45:53.4,53:06.3,Fail,Initial,HASH_IDENTITY_313,
PROC002626,APP01313,UP002880,56:00.8,57:47.5,Pass,Re-validation,HASH_INCOME_313,Retry after failed upload
PROC002627,APP01314,UP002881,19:31.8,22:42.1,Pass,Initial,HASH_IDENTITY_314,
PROC002628,APP01314,UP002882,26:16.8,35:18.4,Pass,Initial,HASH_INCOME_314,
PROC002629,APP01315,UP002883,55:23.7,06:28.9,Pass,Initial,HASH_IDENTITY_315,
PROC002630,APP01315,UP002884,02:02.7,03:02.7,Pass,Initial,HASH_INCOME_315,
PROC002631,APP01316,UP002885,10:06.4,12:46.3,Pass,Initial,HASH_IDENTITY_316,
PROC002632,APP01316,UP002886,14:43.4,19:15.0,Pass,Initial,HASH_INCOME_316,
PROC002633,APP01317,UP002887,03:39.9,10:55.7,Pass,Initial,HASH_IDENTITY_317,
PROC002634,APP01317,UP002888,17:11.2,23:31.6,Pass,Initial,HASH_INCOME_317,
PROC002635,APP01318,UP002889,06:36.0,07:36.0,Pass,Initial,HASH_IDENTITY_318,
PROC002636,APP01318,UP002890,20:03.5,32:18.5,Pass,Initial,HASH_INCOME_318,
PROC002637,APP01319,UP002891,50:56.3,06:06.9,Pass,Initial,HASH_IDENTITY_319,
PROC002638,APP01319,UP002892,53:22.1,00:58.6,Pass,Initial,HASH_INCOME_319,
PROC002639,APP01320,UP002893,39:48.1,51:37.7,Pass,Initial,HASH_IDENTITY_320,
PROC002640,APP01320,UP002894,59:04.7,03:49.5,Fail,Initial,HASH_INCOME_320,
PROC002641,APP01321,UP002895,56:38.9,07:02.3,Pass,Initial,HASH_IDENTITY_321,
PROC002642,APP01321,UP002896,52:37.5,01:35.7,Pass,Initial,HASH_INCOME_321,
PROC002643,APP01322,UP002897,29:28.0,33:43.5,Pass,Initial,HASH_IDENTITY_322,
PROC002644,APP01322,UP002898,38:30.8,39:53.5,Pass,Initial,HASH_INCOME_322,
PROC002645,APP01323,UP002899,41:52.7,50:57.6,Pass,Initial,HASH_IDENTITY_323,
PROC002646,APP01323,UP002900,50:32.3,51:32.3,Pass,Initial,HASH_INCOME_323,
PROC002647,APP01324,UP002901,49:08.6,02:57.3,Pass,Initial,HASH_IDENTITY_324,
PROC002648,APP01324,UP002902,52:56.6,05:43.1,Pass,Initial,HASH_INCOME_324,
PROC002649,APP01325,UP002903,21:30.9,27:37.7,Pass,Initial,HASH_IDENTITY_325,
PROC002650,APP01325,UP002904,23:03.0,33:17.7,Pass,Initial,HASH_INCOME_325,
PROC002651,APP01326,UP002905,56:46.0,01:32.1,Pass,Initial,HASH_IDENTITY_326,
PROC002652,APP01326,UP002906,50:00.6,53:27.4,Pass,Initial,HASH_INCOME_326,
PROC002653,APP01327,UP002908,13:06.3,18:48.4,Pass,Re-validation,HASH_IDENTITY_327,Retry after failed upload
PROC002654,APP01327,UP002909,23:02.6,28:33.8,Pass,Initial,HASH_INCOME_327,
PROC002655,APP01328,UP002910,39:01.6,45:35.5,Fail,Initial,HASH_IDENTITY_328,
PROC002656,APP01328,UP002911,52:15.2,57:43.1,Pass,Re-validation,HASH_INCOME_328,Rule-triggered re-verification
PROC002657,APP01329,UP002912,05:36.9,10:01.5,Pass,Initial,HASH_IDENTITY_329,
PROC002658,APP01329,UP002913,59:07.0,07:07.8,Pass,Initial,HASH_INCOME_329,
PROC002659,APP01330,UP002916,18:04.9,25:21.4,Pass,Re-validation,HASH_IDENTITY_330,Retry after failed upload
PROC002660,APP01330,UP002917,12:23.0,19:52.5,Pass,Initial,HASH_INCOME_330,
PROC002661,APP01331,UP002918,30:41.3,37:09.3,Pass,Initial,HASH_IDENTITY_331,
PROC002662,APP01331,UP002919,15:51.7,24:26.0,Fail,Initial,HASH_INCOME_331,
PROC002663,APP01332,UP002920,27:49.7,42:21.5,Pass,Initial,HASH_IDENTITY_332,
PROC002664,APP01332,UP002921,26:34.4,33:31.7,Pass,Initial,HASH_INCOME_332,
PROC002665,APP01333,UP002923,52:25.0,02:02.1,Pass,Re-validation,HASH_IDENTITY_333,Retry after failed upload
PROC002666,APP01333,UP002924,45:53.3,53:03.9,Pass,Initial,HASH_INCOME_333,
PROC002667,APP01334,UP002925,36:25.1,41:23.3,Pass,Initial,HASH_IDENTITY_334,
PROC002668,APP01334,UP002927,53:21.7,02:07.2,Pass,Re-validation,HASH_INCOME_334,Retry after failed upload
PROC002669,APP01335,UP002928,47:13.6,54:48.0,Pass,Initial,HASH_IDENTITY_335,
PROC002670,APP01335,UP002929,55:41.6,57:37.1,Pass,Re-validation,HASH_INCOME_335,System could not reuse prior result
PROC002671,APP01336,UP002930,14:15.1,16:55.1,Pass,Initial,HASH_IDENTITY_336,
PROC002672,APP01336,UP002931,04:45.5,13:28.4,Pass,Initial,HASH_INCOME_336,
PROC002673,APP01337,UP002932,54:39.3,58:08.0,Pass,Initial,HASH_IDENTITY_337,
PROC002674,APP01337,UP002933,48:40.1,49:40.1,Pass,Initial,HASH_INCOME_337,
PROC002675,APP01338,UP002934,14:13.4,30:27.8,Pass,Initial,HASH_IDENTITY_338,
PROC002676,APP01338,UP002935,34:35.1,35:35.1,Pass,Initial,HASH_INCOME_338,
PROC002677,APP01339,UP002936,09:44.4,21:51.6,Pass,Initial,HASH_IDENTITY_339,
PROC002678,APP01339,UP002937,11:56.0,14:28.1,Pass,Initial,HASH_INCOME_339,
PROC002679,APP01340,UP002938,53:54.6,56:30.3,Pass,Initial,HASH_IDENTITY_340,
PROC002680,APP01340,UP002939,52:16.1,53:16.1,Fail,Initial,HASH_INCOME_340,
PROC002681,APP01341,UP002940,09:20.0,13:00.9,Pass,Initial,HASH_IDENTITY_341,
PROC002682,APP01341,UP002941,13:35.6,24:32.2,Pass,Re-validation,HASH_INCOME_341,Rule-triggered re-verification
PROC002683,APP01342,UP002944,08:22.4,14:28.6,Pass,Re-validation,HASH_IDENTITY_342,Retry after failed upload
PROC002684,APP01342,UP002945,26:36.5,35:13.7,Pass,Initial,HASH_INCOME_342,
PROC002685,APP01343,UP002946,33:41.3,38:44.4,Pass,Initial,HASH_IDENTITY_343,
PROC002686,APP01343,UP002947,39:37.1,46:00.5,Pass,Initial,HASH_INCOME_343,
PROC002687,APP01344,UP002948,09:02.5,21:22.8,Pass,Initial,HASH_IDENTITY_344,
PROC002688,APP01344,UP002949,20:42.3,22:05.8,Pass,Initial,HASH_INCOME_344,
PROC002689,APP01345,UP002950,31:22.8,35:07.7,Pass,Re-validation,HASH_IDENTITY_345,System could not reuse prior result
PROC002690,APP01345,UP002951,49:36.2,59:39.4,Pass,Initial,HASH_INCOME_345,
PROC002691,APP01346,UP002952,10:01.4,17:27.0,Pass,Initial,HASH_IDENTITY_346,
PROC002692,APP01346,UP002954,14:15.9,23:58.4,Pass,Re-validation,HASH_INCOME_346,Retry after failed upload
PROC002693,APP01347,UP002956,17:19.6,21:16.9,Pass,Re-validation,HASH_IDENTITY_347,Retry after failed upload
PROC002694,APP01347,UP002957,30:32.0,41:51.3,Pass,Initial,HASH_INCOME_347,
PROC002695,APP01348,UP002958,17:37.6,21:32.8,Pass,Initial,HASH_IDENTITY_348,
PROC002696,APP01348,UP002960,20:34.6,21:34.6,Pass,Re-validation,HASH_INCOME_348,Retry after failed upload
PROC002697,APP01349,UP002961,14:14.6,20:12.6,Pass,Initial,HASH_IDENTITY_349,
PROC002698,APP01349,UP002962,35:14.1,38:17.4,Pass,Initial,HASH_INCOME_349,
PROC002699,APP01350,UP002963,57:14.9,07:11.6,Pass,Initial,HASH_IDENTITY_350,
PROC002700,APP01350,UP002964,00:03.2,02:49.4,Pass,Initial,HASH_INCOME_350,
PROC002701,APP01351,UP002965,18:49.2,25:08.9,Pass,Initial,HASH_IDENTITY_351,
PROC002702,APP01351,UP002966,25:25.4,26:25.4,Pass,Initial,HASH_INCOME_351,
PROC002703,APP01352,UP002967,36:58.0,46:41.7,Pass,Re-validation,HASH_IDENTITY_352,Rule-triggered re-verification
PROC002704,APP01352,UP002968,57:36.0,05:04.6,Pass,Initial,HASH_INCOME_352,
PROC002705,APP01353,UP002969,07:21.8,13:09.4,Pass,Initial,HASH_IDENTITY_353,
PROC002706,APP01353,UP002970,18:37.7,21:37.3,Pass,Initial,HASH_INCOME_353,
PROC002707,APP01354,UP002971,30:49.0,31:56.4,Pass,Initial,HASH_IDENTITY_354,
PROC002708,APP01354,UP002972,35:52.3,37:25.5,Pass,Initial,HASH_INCOME_354,
PROC002709,APP01355,UP002973,51:07.5,58:11.3,Pass,Initial,HASH_IDENTITY_355,
PROC002710,APP01355,UP002974,48:36.3,55:21.1,Fail,Initial,HASH_INCOME_355,
PROC002711,APP01356,UP002975,15:12.3,20:35.4,Pass,Initial,HASH_IDENTITY_356,
PROC002712,APP01356,UP002976,37:54.1,40:10.7,Fail,Initial,HASH_INCOME_356,
PROC002713,APP01357,UP002977,22:14.0,29:17.9,Pass,Initial,HASH_IDENTITY_357,
PROC002714,APP01357,UP002978,37:24.3,40:22.4,Pass,Initial,HASH_INCOME_357,
PROC002715,APP01358,UP002979,44:52.1,59:53.8,Pass,Initial,HASH_IDENTITY_358,
PROC002716,APP01358,UP002980,32:24.2,35:14.0,Pass,Initial,HASH_INCOME_358,
PROC002717,APP01359,UP002982,55:08.4,56:29.8,Pass,Re-validation,HASH_IDENTITY_359,Retry after failed upload
PROC002718,APP01359,UP002983,18:49.7,23:38.6,Pass,Initial,HASH_INCOME_359,
PROC002719,APP01360,UP002986,15:55.4,18:20.8,Pass,Re-validation,HASH_IDENTITY_360,Retry after failed upload
PROC002720,APP01360,UP002987,10:02.0,17:22.0,Fail,Initial,HASH_INCOME_360,
PROC002721,APP01361,UP002988,23:13.3,27:18.2,Pass,Initial,HASH_IDENTITY_361,
PROC002722,APP01361,UP002989,24:32.2,27:51.6,Pass,Initial,HASH_INCOME_361,
PROC002723,APP01362,UP002990,28:52.4,43:32.8,Pass,Initial,HASH_IDENTITY_362,
PROC002724,APP01362,UP002991,36:07.0,37:12.4,Pass,Initial,HASH_INCOME_362,
PROC002725,APP01363,UP002992,23:15.6,26:14.4,Fail,Initial,HASH_IDENTITY_363,
PROC002726,APP01363,UP002993,21:21.4,22:59.9,Pass,Initial,HASH_INCOME_363,
PROC002727,APP01364,UP002994,38:57.8,44:51.1,Pass,Initial,HASH_IDENTITY_364,
PROC002728,APP01364,UP002995,32:11.5,33:11.5,Pass,Initial,HASH_INCOME_364,
PROC002729,APP01365,UP002996,33:44.5,40:22.8,Pass,Initial,HASH_IDENTITY_365,
PROC002730,APP01365,UP002997,41:55.0,50:31.8,Pass,Initial,HASH_INCOME_365,
PROC002731,APP01366,UP002998,53:23.0,55:18.4,Pass,Initial,HASH_IDENTITY_366,
PROC002732,APP01366,UP002999,08:21.5,18:04.9,Pass,Initial,HASH_INCOME_366,
PROC002733,APP01367,UP003000,28:01.3,32:26.9,Pass,Initial,HASH_IDENTITY_367,
PROC002734,APP01367,UP003001,32:55.6,40:59.6,Pass,Initial,HASH_INCOME_367,
PROC002735,APP01368,UP003002,35:48.3,46:16.3,Pass,Initial,HASH_IDENTITY_368,
PROC002736,APP01368,UP003003,48:17.5,55:49.1,Pass,Initial,HASH_INCOME_368,
PROC002737,APP01369,UP003004,57:20.1,59:53.6,Pass,Initial,HASH_IDENTITY_369,
PROC002738,APP01369,UP003007,39:26.5,46:25.1,Pass,Re-validation,HASH_INCOME_369,Retry after failed upload
PROC002739,APP01370,UP003008,13:29.9,22:34.4,Pass,Initial,HASH_IDENTITY_370,
PROC002740,APP01370,UP003010,09:43.7,21:46.7,Pass,Re-validation,HASH_INCOME_370,Retry after failed upload
PROC002741,APP01371,UP003011,36:25.1,48:37.6,Pass,Initial,HASH_IDENTITY_371,
PROC002742,APP01371,UP003012,35:57.7,46:04.1,Pass,Initial,HASH_INCOME_371,
PROC002743,APP01372,UP003013,34:19.9,49:28.6,Pass,Initial,HASH_IDENTITY_372,
PROC002744,APP01372,UP003014,32:53.7,43:09.0,Pass,Initial,HASH_INCOME_372,
PROC002745,APP01373,UP003015,13:03.2,24:48.0,Pass,Initial,HASH_IDENTITY_373,
PROC002746,APP01373,UP003017,27:42.8,38:38.6,Pass,Re-validation,HASH_INCOME_373,Retry after failed upload
PROC002747,APP01374,UP003018,20:58.1,27:08.9,Pass,Initial,HASH_IDENTITY_374,
PROC002748,APP01374,UP003019,23:35.6,33:06.6,Pass,Initial,HASH_INCOME_374,
PROC002749,APP01375,UP003020,18:41.2,27:11.7,Pass,Initial,HASH_IDENTITY_375,
PROC002750,APP01375,UP003021,17:38.2,22:33.9,Pass,Initial,HASH_INCOME_375,
PROC002751,APP01376,UP003022,32:47.1,34:52.1,Pass,Initial,HASH_IDENTITY_376,
PROC002752,APP01376,UP003023,56:29.7,57:46.3,Pass,Initial,HASH_INCOME_376,
PROC002753,APP01377,UP003024,02:11.1,12:53.5,Pass,Initial,HASH_IDENTITY_377,
PROC002754,APP01377,UP003025,57:58.8,01:38.1,Pass,Initial,HASH_INCOME_377,
PROC002755,APP01378,UP003026,30:24.4,32:36.4,Pass,Initial,HASH_IDENTITY_378,
PROC002756,APP01378,UP003027,29:08.3,38:11.2,Pass,Initial,HASH_INCOME_378,
PROC002757,APP01379,UP003028,26:18.4,30:00.5,Pass,Re-validation,HASH_IDENTITY_379,Previous validation expired
PROC002758,APP01379,UP003029,26:39.6,32:51.7,Pass,Initial,HASH_INCOME_379,
PROC002759,APP01380,UP003030,29:20.6,36:12.4,Pass,Initial,HASH_IDENTITY_380,
PROC002760,APP01380,UP003031,13:26.5,24:21.2,Pass,Initial,HASH_INCOME_380,
PROC002761,APP01381,UP003032,36:17.3,43:02.2,Pass,Re-validation,HASH_IDENTITY_381,Previous validation expired
PROC002762,APP01381,UP003033,35:57.6,39:53.0,Pass,Initial,HASH_INCOME_381,
PROC002763,APP01382,UP003034,46:33.4,58:35.9,Pass,Initial,HASH_IDENTITY_382,
PROC002764,APP01382,UP003035,50:04.9,51:04.9,Fail,Initial,HASH_INCOME_382,
PROC002765,APP01383,UP003036,44:07.1,52:07.9,Pass,Initial,HASH_IDENTITY_383,
PROC002766,APP01383,UP003037,55:12.3,59:46.2,Pass,Initial,HASH_INCOME_383,
PROC002767,APP01384,UP003038,36:18.1,37:18.1,Pass,Initial,HASH_IDENTITY_384,
PROC002768,APP01384,UP003039,42:03.7,48:05.6,Pass,Initial,HASH_INCOME_384,
PROC002769,APP01385,UP003041,25:05.5,32:23.1,Pass,Re-validation,HASH_IDENTITY_385,Retry after failed upload
PROC002770,APP01385,UP003042,28:35.6,33:43.2,Pass,Re-validation,HASH_INCOME_385,Rule-triggered re-verification
PROC002771,APP01386,UP003043,55:30.0,03:16.2,Pass,Initial,HASH_IDENTITY_386,
PROC002772,APP01386,UP003044,26:44.7,30:09.5,Pass,Initial,HASH_INCOME_386,
PROC002773,APP01387,UP003046,18:58.9,24:43.9,Pass,Re-validation,HASH_IDENTITY_387,Retry after failed upload
PROC002774,APP01387,UP003047,27:37.3,32:04.2,Pass,Initial,HASH_INCOME_387,
PROC002775,APP01388,UP003048,07:27.5,14:25.4,Fail,Initial,HASH_IDENTITY_388,
PROC002776,APP01388,UP003049,14:21.6,21:57.0,Pass,Initial,HASH_INCOME_388,
PROC002777,APP01389,UP003050,37:48.8,47:01.3,Pass,Initial,HASH_IDENTITY_389,
PROC002778,APP01389,UP003051,51:52.5,52:52.5,Pass,Initial,HASH_INCOME_389,
PROC002779,APP01390,UP003052,36:25.7,39:11.4,Pass,Initial,HASH_IDENTITY_390,
PROC002780,APP01390,UP003053,44:33.2,48:55.5,Pass,Initial,HASH_INCOME_390,
PROC002781,APP01391,UP003054,06:19.3,09:50.1,Pass,Initial,HASH_IDENTITY_391,
PROC002782,APP01391,UP003055,02:23.8,03:23.8,Pass,Initial,HASH_INCOME_391,
PROC002783,APP01392,UP003056,03:48.7,04:48.7,Pass,Initial,HASH_IDENTITY_392,
PROC002784,APP01392,UP003057,22:27.3,33:46.8,Fail,Initial,HASH_INCOME_392,
PROC002785,APP01393,UP003058,46:47.7,47:47.7,Pass,Initial,HASH_IDENTITY_393,
PROC002786,APP01393,UP003059,48:35.6,55:55.0,Pass,Initial,HASH_INCOME_393,
PROC002787,APP01394,UP003060,24:45.9,40:22.6,Pass,Initial,HASH_IDENTITY_394,
PROC002788,APP01394,UP003061,19:23.8,24:26.5,Pass,Initial,HASH_INCOME_394,
PROC002789,APP01395,UP003062,49:13.4,53:13.7,Pass,Initial,HASH_IDENTITY_395,
PROC002790,APP01395,UP003063,44:48.7,48:31.9,Pass,Initial,HASH_INCOME_395,
PROC002791,APP01396,UP003064,33:44.7,42:22.6,Pass,Re-validation,HASH_IDENTITY_396,System could not reuse prior result
PROC002792,APP01396,UP003065,31:13.8,43:17.9,Pass,Initial,HASH_INCOME_396,
PROC002793,APP01397,UP003066,35:55.1,39:55.2,Pass,Initial,HASH_IDENTITY_397,
PROC002794,APP01397,UP003067,18:38.0,29:58.0,Pass,Initial,HASH_INCOME_397,
PROC002795,APP01398,UP003068,09:32.4,11:26.4,Pass,Initial,HASH_IDENTITY_398,
PROC002796,APP01398,UP003069,51:24.8,55:42.0,Pass,Initial,HASH_INCOME_398,
PROC002797,APP01399,UP003070,26:01.7,27:57.5,Pass,Initial,HASH_IDENTITY_399,
PROC002798,APP01399,UP003071,26:16.7,28:31.5,Fail,Initial,HASH_INCOME_399,
PROC002799,APP01400,UP003072,18:14.8,24:11.2,Pass,Initial,HASH_IDENTITY_400,
PROC002800,APP01400,UP003073,24:59.0,25:59.0,Pass,Re-validation,HASH_INCOME_400,System could not reuse prior result
PROC002801,APP01401,UP003074,37:45.8,45:33.6,Pass,Initial,HASH_IDENTITY_401,
PROC002802,APP01401,UP003075,42:23.2,50:44.5,Pass,Initial,HASH_INCOME_401,
PROC002803,APP01402,UP003077,47:19.1,48:44.6,Pass,Re-validation,HASH_IDENTITY_402,Retry after failed upload
PROC002804,APP01402,UP003078,51:01.9,57:54.2,Pass,Initial,HASH_INCOME_402,
PROC002805,APP01403,UP003079,47:06.9,53:27.0,Pass,Initial,HASH_IDENTITY_403,
PROC002806,APP01403,UP003080,19:59.3,20:59.3,Pass,Initial,HASH_INCOME_403,
PROC002807,APP01404,UP003081,38:56.7,39:56.7,Fail,Initial,HASH_IDENTITY_404,
PROC002808,APP01404,UP003082,25:35.8,30:39.4,Fail,Initial,HASH_INCOME_404,
PROC002809,APP01405,UP003083,47:38.8,56:28.2,Pass,Initial,HASH_IDENTITY_405,
PROC002810,APP01405,UP003084,54:10.5,07:17.5,Fail,Initial,HASH_INCOME_405,
PROC002811,APP01406,UP003085,04:35.8,05:47.5,Pass,Initial,HASH_IDENTITY_406,
PROC002812,APP01406,UP003086,13:47.1,18:55.0,Pass,Initial,HASH_INCOME_406,
PROC002813,APP01407,UP003087,45:54.1,46:54.1,Pass,Initial,HASH_IDENTITY_407,
PROC002814,APP01407,UP003088,49:20.4,58:20.4,Fail,Initial,HASH_INCOME_407,
PROC002815,APP01408,UP003089,00:00.2,07:13.1,Pass,Initial,HASH_IDENTITY_408,
PROC002816,APP01408,UP003090,08:39.6,10:04.9,Pass,Initial,HASH_INCOME_408,
PROC002817,APP01409,UP003091,20:33.5,25:26.7,Pass,Initial,HASH_IDENTITY_409,
PROC002818,APP01409,UP003092,19:21.0,26:57.9,Pass,Initial,HASH_INCOME_409,
PROC002819,APP01410,UP003093,57:25.6,02:11.2,Pass,Initial,HASH_IDENTITY_410,
PROC002820,APP01410,UP003094,54:33.8,01:04.5,Pass,Initial,HASH_INCOME_410,
PROC002821,APP01411,UP003095,36:18.3,45:29.3,Fail,Initial,HASH_IDENTITY_411,
PROC002822,APP01411,UP003096,38:15.1,44:07.0,Pass,Initial,HASH_INCOME_411,
PROC002823,APP01412,UP003098,09:36.6,15:00.0,Pass,Re-validation,HASH_IDENTITY_412,Retry after failed upload
PROC002824,APP01412,UP003099,15:13.1,22:34.3,Pass,Initial,HASH_INCOME_412,
PROC002825,APP01413,UP003100,39:29.2,49:58.9,Pass,Initial,HASH_IDENTITY_413,
PROC002826,APP01413,UP003101,42:52.7,49:24.8,Pass,Initial,HASH_INCOME_413,
PROC002827,APP01414,UP003102,15:47.2,20:04.9,Pass,Initial,HASH_IDENTITY_414,
PROC002828,APP01414,UP003103,39:48.4,43:22.7,Pass,Initial,HASH_INCOME_414,
PROC002829,APP01415,UP003104,10:43.9,18:29.6,Pass,Initial,HASH_IDENTITY_415,
PROC002830,APP01415,UP003105,13:59.9,20:45.9,Pass,Initial,HASH_INCOME_415,
PROC002831,APP01416,UP003106,37:10.8,38:51.0,Pass,Initial,HASH_IDENTITY_416,
PROC002832,APP01416,UP003107,58:39.2,05:36.3,Pass,Initial,HASH_INCOME_416,
PROC002833,APP01417,UP003108,38:24.9,39:24.9,Pass,Initial,HASH_IDENTITY_417,
PROC002834,APP01417,UP003109,53:02.1,55:48.7,Pass,Initial,HASH_INCOME_417,
PROC002835,APP01418,UP003110,37:27.7,43:10.9,Pass,Initial,HASH_IDENTITY_418,
PROC002836,APP01418,UP003111,51:07.2,55:24.5,Pass,Initial,HASH_INCOME_418,
PROC002837,APP01419,UP003112,56:07.2,06:26.8,Pass,Initial,HASH_IDENTITY_419,
PROC002838,APP01419,UP003113,50:13.5,51:13.5,Pass,Initial,HASH_INCOME_419,
PROC002839,APP01420,UP003115,52:38.6,57:27.1,Pass,Re-validation,HASH_IDENTITY_420,Retry after failed upload
PROC002840,APP01420,UP003116,50:55.4,56:04.2,Pass,Initial,HASH_INCOME_420,
PROC002841,APP01421,UP003117,52:04.9,54:13.5,Fail,Initial,HASH_IDENTITY_421,
PROC002842,APP01421,UP003118,48:15.1,49:15.1,Pass,Initial,HASH_INCOME_421,
PROC002843,APP01422,UP003121,47:08.6,55:09.3,Pass,Re-validation,HASH_IDENTITY_422,Retry after failed upload
PROC002844,APP01422,UP003122,49:08.5,52:06.2,Pass,Initial,HASH_INCOME_422,
PROC002845,APP01423,UP003123,38:14.5,43:47.7,Pass,Initial,HASH_IDENTITY_423,
PROC002846,APP01423,UP003124,21:32.8,25:21.8,Pass,Initial,HASH_INCOME_423,
PROC002847,APP01424,UP003125,46:20.1,49:47.3,Pass,Initial,HASH_IDENTITY_424,
PROC002848,APP01424,UP003126,43:43.4,47:48.6,Pass,Initial,HASH_INCOME_424,
PROC002849,APP01425,UP003127,29:51.5,32:17.4,Pass,Initial,HASH_IDENTITY_425,
PROC002850,APP01425,UP003128,47:54.0,55:59.4,Pass,Initial,HASH_INCOME_425,
PROC002851,APP01426,UP003129,43:23.8,48:04.9,Fail,Initial,HASH_IDENTITY_426,
PROC002852,APP01426,UP003130,45:23.2,58:08.2,Pass,Initial,HASH_INCOME_426,
PROC002853,APP01427,UP003131,41:52.9,49:26.6,Pass,Re-validation,HASH_IDENTITY_427,System could not reuse prior result
PROC002854,APP01427,UP003132,36:18.7,51:08.2,Pass,Initial,HASH_INCOME_427,
PROC002855,APP01428,UP003133,22:49.1,28:50.6,Pass,Initial,HASH_IDENTITY_428,
PROC002856,APP01428,UP003136,30:58.6,32:41.0,Pass,Re-validation,HASH_INCOME_428,Retry after failed upload
PROC002857,APP01429,UP003137,09:23.7,16:13.8,Pass,Initial,HASH_IDENTITY_429,
PROC002858,APP01429,UP003138,16:35.9,17:55.8,Pass,Initial,HASH_INCOME_429,
PROC002859,APP01430,UP003139,17:58.2,21:31.8,Pass,Initial,HASH_IDENTITY_430,
PROC002860,APP01430,UP003140,19:50.6,27:34.4,Pass,Initial,HASH_INCOME_430,
PROC002861,APP01431,UP003141,18:34.0,23:24.9,Pass,Initial,HASH_IDENTITY_431,
PROC002862,APP01431,UP003142,18:48.9,26:32.3,Pass,Initial,HASH_INCOME_431,
PROC002863,APP01432,UP003144,04:19.0,13:49.0,Pass,Re-validation,HASH_IDENTITY_432,Retry after failed upload
PROC002864,APP01432,UP003145,59:15.6,02:49.4,Pass,Initial,HASH_INCOME_432,
PROC002865,APP01433,UP003146,27:13.7,29:37.2,Pass,Initial,HASH_IDENTITY_433,
PROC002866,APP01433,UP003147,23:10.1,27:16.8,Pass,Initial,HASH_INCOME_433,
PROC002867,APP01434,UP003148,01:17.8,02:34.6,Pass,Initial,HASH_IDENTITY_434,
PROC002868,APP01434,UP003150,10:00.2,14:47.4,Pass,Re-validation,HASH_INCOME_434,Retry after failed upload
PROC002869,APP01435,UP003151,29:58.1,38:12.1,Pass,Initial,HASH_IDENTITY_435,
PROC002870,APP01435,UP003152,16:18.0,23:59.3,Pass,Initial,HASH_INCOME_435,
PROC002871,APP01436,UP003153,26:11.3,30:35.3,Pass,Initial,HASH_IDENTITY_436,
PROC002872,APP01436,UP003154,37:33.5,51:39.5,Pass,Initial,HASH_INCOME_436,
PROC002873,APP01437,UP003155,38:18.0,46:25.3,Pass,Initial,HASH_IDENTITY_437,
PROC002874,APP01437,UP003156,36:36.5,45:38.9,Pass,Initial,HASH_INCOME_437,
PROC002875,APP01438,UP003157,25:43.0,33:14.4,Pass,Initial,HASH_IDENTITY_438,
PROC002876,APP01438,UP003158,13:05.0,19:23.1,Pass,Initial,HASH_INCOME_438,
PROC002877,APP01439,UP003159,07:13.5,17:54.8,Pass,Initial,HASH_IDENTITY_439,
PROC002878,APP01439,UP003160,29:38.0,37:48.3,Pass,Initial,HASH_INCOME_439,
PROC002879,APP01440,UP003161,52:34.3,04:14.8,Fail,Initial,HASH_IDENTITY_440,
PROC002880,APP01440,UP003162,52:22.3,59:00.8,Pass,Initial,HASH_INCOME_440,
PROC002881,APP01441,UP003163,13:48.5,22:01.7,Pass,Initial,HASH_IDENTITY_441,
PROC002882,APP01441,UP003164,14:46.5,22:39.7,Pass,Initial,HASH_INCOME_441,
PROC002883,APP01442,UP003165,03:27.1,04:27.1,Pass,Initial,HASH_IDENTITY_442,
PROC002884,APP01442,UP003166,09:17.5,18:21.6,Pass,Initial,HASH_INCOME_442,
PROC002885,APP01443,UP003167,46:11.2,57:49.0,Pass,Initial,HASH_IDENTITY_443,
PROC002886,APP01443,UP003168,43:55.6,46:57.9,Pass,Initial,HASH_INCOME_443,
PROC002887,APP01444,UP003169,59:07.6,03:50.5,Pass,Initial,HASH_IDENTITY_444,
PROC002888,APP01444,UP003170,00:24.6,02:46.4,Pass,Initial,HASH_INCOME_444,
PROC002889,APP01445,UP003171,19:26.7,21:37.4,Pass,Initial,HASH_IDENTITY_445,
PROC002890,APP01445,UP003172,09:31.9,17:23.9,Pass,Initial,HASH_INCOME_445,
PROC002891,APP01446,UP003173,44:32.7,50:25.3,Pass,Initial,HASH_IDENTITY_446,
PROC002892,APP01446,UP003174,45:32.4,50:04.8,Pass,Initial,HASH_INCOME_446,
PROC002893,APP01447,UP003175,54:13.4,59:06.7,Pass,Initial,HASH_IDENTITY_447,
PROC002894,APP01447,UP003177,57:50.4,07:50.2,Pass,Re-validation,HASH_INCOME_447,Retry after failed upload
PROC002895,APP01448,UP003178,45:21.5,52:29.9,Pass,Initial,HASH_IDENTITY_448,
PROC002896,APP01448,UP003179,53:24.6,01:37.8,Pass,Initial,HASH_INCOME_448,
PROC002897,APP01449,UP003180,08:01.5,12:02.5,Pass,Initial,HASH_IDENTITY_449,
PROC002898,APP01449,UP003183,12:54.3,21:30.2,Pass,Re-validation,HASH_INCOME_449,Retry after failed upload
PROC002899,APP01450,UP003184,53:10.1,56:56.5,Pass,Initial,HASH_IDENTITY_450,
PROC002900,APP01450,UP003185,53:47.7,02:12.1,Pass,Re-validation,HASH_INCOME_450,Rule-triggered re-verification
PROC002901,APP01451,UP003186,44:00.6,50:29.7,Pass,Initial,HASH_IDENTITY_451,
PROC002902,APP01451,UP003188,35:14.8,41:50.2,Pass,Re-validation,HASH_INCOME_451,Retry after failed upload
PROC002903,APP01452,UP003189,04:10.6,11:53.7,Fail,Initial,HASH_IDENTITY_452,
PROC002904,APP01452,UP003190,06:02.7,17:50.2,Pass,Initial,HASH_INCOME_452,
PROC002905,APP01453,UP003191,35:40.5,39:37.7,Pass,Initial,HASH_IDENTITY_453,
PROC002906,APP01453,UP003192,39:32.2,45:53.1,Pass,Initial,HASH_INCOME_453,
PROC002907,APP01454,UP003193,11:41.8,12:41.8,Pass,Initial,HASH_IDENTITY_454,
PROC002908,APP01454,UP003194,02:38.3,03:38.3,Pass,Re-validation,HASH_INCOME_454,Previous validation expired
PROC002909,APP01455,UP003195,55:54.8,11:32.9,Pass,Initial,HASH_IDENTITY_455,
PROC002910,APP01455,UP003196,46:09.5,51:08.4,Pass,Initial,HASH_INCOME_455,
PROC002911,APP01456,UP003197,00:21.8,05:46.6,Pass,Initial,HASH_IDENTITY_456,
PROC002912,APP01456,UP003198,08:30.1,09:30.1,Pass,Initial,HASH_INCOME_456,
PROC002913,APP01457,UP003199,08:10.8,10:09.7,Pass,Initial,HASH_IDENTITY_457,
PROC002914,APP01457,UP003200,09:59.1,15:53.1,Pass,Initial,HASH_INCOME_457,
PROC002915,APP01458,UP003201,04:29.4,07:04.8,Pass,Initial,HASH_IDENTITY_458,
PROC002916,APP01458,UP003202,57:44.8,04:17.8,Pass,Initial,HASH_INCOME_458,
PROC002917,APP01459,UP003203,17:16.8,18:47.4,Pass,Initial,HASH_IDENTITY_459,
PROC002918,APP01459,UP003204,34:04.9,42:16.7,Pass,Initial,HASH_INCOME_459,
PROC002919,APP01460,UP003205,35:41.5,38:38.0,Pass,Initial,HASH_IDENTITY_460,
PROC002920,APP01460,UP003206,09:15.5,14:52.9,Pass,Initial,HASH_INCOME_460,
PROC002921,APP01461,UP003207,38:02.9,44:46.9,Pass,Initial,HASH_IDENTITY_461,
PROC002922,APP01461,UP003208,35:02.6,36:02.6,Pass,Initial,HASH_INCOME_461,
PROC002923,APP01462,UP003209,16:16.3,25:00.6,Pass,Initial,HASH_IDENTITY_462,
PROC002924,APP01462,UP003210,19:43.1,22:03.2,Pass,Initial,HASH_INCOME_462,
PROC002925,APP01463,UP003211,20:57.4,27:30.1,Pass,Initial,HASH_IDENTITY_463,
PROC002926,APP01463,UP003212,32:01.5,36:34.3,Pass,Initial,HASH_INCOME_463,
PROC002927,APP01464,UP003213,18:26.0,22:07.6,Pass,Initial,HASH_IDENTITY_464,
PROC002928,APP01464,UP003214,38:51.1,46:54.9,Pass,Initial,HASH_INCOME_464,
PROC002929,APP01465,UP003215,13:18.6,18:07.8,Pass,Initial,HASH_IDENTITY_465,
PROC002930,APP01465,UP003216,23:44.6,26:37.7,Pass,Initial,HASH_INCOME_465,
PROC002931,APP01466,UP003217,59:03.4,06:50.5,Pass,Initial,HASH_IDENTITY_466,
PROC002932,APP01466,UP003218,10:35.8,14:37.0,Fail,Initial,HASH_INCOME_466,
PROC002933,APP01467,UP003219,21:48.9,22:48.9,Pass,Initial,HASH_IDENTITY_467,
PROC002934,APP01467,UP003220,29:32.2,34:20.1,Pass,Initial,HASH_INCOME_467,
PROC002935,APP01468,UP003221,07:33.7,16:47.7,Pass,Initial,HASH_IDENTITY_468,
PROC002936,APP01468,UP003222,26:42.9,31:46.4,Pass,Initial,HASH_INCOME_468,
PROC002937,APP01469,UP003223,27:52.3,35:25.4,Pass,Initial,HASH_IDENTITY_469,
PROC002938,APP01469,UP003224,27:26.4,35:52.9,Pass,Initial,HASH_INCOME_469,
PROC002939,APP01470,UP003226,57:31.7,01:59.2,Fail,Re-validation,HASH_IDENTITY_470,Retry after failed upload
PROC002940,APP01470,UP003227,54:21.8,55:21.8,Pass,Re-validation,HASH_INCOME_470,System could not reuse prior result
PROC002941,APP01471,UP003228,22:02.2,23:27.1,Pass,Initial,HASH_IDENTITY_471,
PROC002942,APP01471,UP003229,19:13.8,23:39.5,Pass,Initial,HASH_INCOME_471,
PROC002943,APP01472,UP003230,05:46.6,10:46.5,Pass,Initial,HASH_IDENTITY_472,
PROC002944,APP01472,UP003231,09:28.5,18:03.7,Fail,Initial,HASH_INCOME_472,
PROC002945,APP01473,UP003232,29:20.4,47:12.2,Pass,Initial,HASH_IDENTITY_473,
PROC002946,APP01473,UP003233,33:03.0,34:03.0,Pass,Initial,HASH_INCOME_473,
PROC002947,APP01474,UP003234,46:36.6,49:44.1,Pass,Initial,HASH_IDENTITY_474,
PROC002948,APP01474,UP003235,37:05.7,50:24.0,Pass,Initial,HASH_INCOME_474,
PROC002949,APP01475,UP003236,42:50.8,54:25.5,Pass,Initial,HASH_IDENTITY_475,
PROC002950,APP01475,UP003237,59:40.3,00:40.3,Pass,Initial,HASH_INCOME_475,
PROC002951,APP01476,UP003238,14:53.2,26:52.3,Pass,Initial,HASH_IDENTITY_476,
PROC002952,APP01476,UP003239,25:01.7,36:48.0,Pass,Re-validation,HASH_INCOME_476,Previous validation expired
PROC002953,APP01477,UP003240,10:21.9,16:32.3,Pass,Initial,HASH_IDENTITY_477,
PROC002954,APP01477,UP003241,12:30.4,18:47.8,Pass,Initial,HASH_INCOME_477,
PROC002955,APP01478,UP003242,34:28.6,37:57.6,Pass,Initial,HASH_IDENTITY_478,
PROC002956,APP01478,UP003243,34:37.1,41:02.8,Pass,Initial,HASH_INCOME_478,
PROC002957,APP01479,UP003244,28:06.3,29:29.9,Pass,Initial,HASH_IDENTITY_479,
PROC002958,APP01479,UP003245,39:56.3,49:07.6,Pass,Re-validation,HASH_INCOME_479,Previous validation expired
PROC002959,APP01480,UP003246,59:42.6,06:45.3,Fail,Re-validation,HASH_IDENTITY_480,System could not reuse prior result
PROC002960,APP01480,UP003247,02:31.6,07:51.6,Pass,Initial,HASH_INCOME_480,
PROC002961,APP01481,UP003248,19:16.9,26:47.6,Pass,Initial,HASH_IDENTITY_481,
PROC002962,APP01481,UP003251,26:34.0,33:24.1,Pass,Re-validation,HASH_INCOME_481,Retry after failed upload
PROC002963,APP01482,UP003252,49:40.4,00:20.3,Pass,Initial,HASH_IDENTITY_482,
PROC002964,APP01482,UP003253,56:19.4,57:19.4,Pass,Initial,HASH_INCOME_482,
PROC002965,APP01483,UP003254,40:55.4,46:10.5,Pass,Initial,HASH_IDENTITY_483,
PROC002966,APP01483,UP003255,48:33.2,59:25.1,Pass,Initial,HASH_INCOME_483,
PROC002967,APP01484,UP003256,34:08.6,43:19.3,Pass,Initial,HASH_IDENTITY_484,
PROC002968,APP01484,UP003257,26:03.3,39:14.9,Pass,Re-validation,HASH_INCOME_484,Previous validation expired
PROC002969,APP01485,UP003258,48:20.1,58:19.9,Pass,Initial,HASH_IDENTITY_485,
PROC002970,APP01485,UP003260,50:27.5,56:15.2,Pass,Re-validation,HASH_INCOME_485,Retry after failed upload
PROC002971,APP01486,UP003262,22:29.6,26:25.3,Pass,Re-validation,HASH_IDENTITY_486,Retry after failed upload
PROC002972,APP01486,UP003263,22:11.9,23:58.6,Pass,Initial,HASH_INCOME_486,
PROC002973,APP01487,UP003264,53:20.3,54:20.3,Pass,Initial,HASH_IDENTITY_487,
PROC002974,APP01487,UP003265,47:36.5,54:32.4,Pass,Initial,HASH_INCOME_487,
PROC002975,APP01488,UP003266,45:00.5,50:40.3,Pass,Initial,HASH_IDENTITY_488,
PROC002976,APP01488,UP003267,43:25.4,47:21.4,Pass,Initial,HASH_INCOME_488,
PROC002977,APP01489,UP003268,23:23.9,27:09.1,Pass,Initial,HASH_IDENTITY_489,
PROC002978,APP01489,UP003271,33:21.2,44:45.7,Pass,Re-validation,HASH_INCOME_489,Retry after failed upload
PROC002979,APP01490,UP003272,49:33.1,50:33.1,Pass,Re-validation,HASH_IDENTITY_490,Previous validation expired
PROC002980,APP01490,UP003273,06:08.6,16:18.2,Pass,Initial,HASH_INCOME_490,
PROC002981,APP01491,UP003274,27:12.6,28:12.6,Pass,Initial,HASH_IDENTITY_491,
PROC002982,APP01491,UP003275,27:37.4,38:19.8,Pass,Initial,HASH_INCOME_491,
PROC002983,APP01492,UP003278,16:41.5,19:33.3,Pass,Re-validation,HASH_IDENTITY_492,Retry after failed upload
PROC002984,APP01492,UP003279,22:54.9,32:00.0,Fail,Initial,HASH_INCOME_492,
PROC002985,APP01493,UP003280,41:15.1,48:07.1,Pass,Initial,HASH_IDENTITY_493,
PROC002986,APP01493,UP003281,51:14.6,01:00.1,Pass,Initial,HASH_INCOME_493,
PROC002987,APP01494,UP003282,46:03.3,51:55.7,Pass,Initial,HASH_IDENTITY_494,
PROC002988,APP01494,UP003283,45:12.6,49:26.5,Pass,Re-validation,HASH_INCOME_494,Previous validation expired
PROC002989,APP01495,UP003284,28:22.8,38:53.6,Pass,Initial,HASH_IDENTITY_495,
PROC002990,APP01495,UP003285,21:38.9,31:21.8,Pass,Initial,HASH_INCOME_495,
PROC002991,APP01496,UP003286,12:36.4,22:14.8,Pass,Initial,HASH_IDENTITY_496,
PROC002992,APP01496,UP003288,10:12.7,14:02.2,Pass,Re-validation,HASH_INCOME_496,Retry after failed upload
PROC002993,APP01497,UP003289,05:35.1,14:42.2,Pass,Initial,HASH_IDENTITY_497,
PROC002994,APP01497,UP003290,12:42.7,16:15.8,Pass,Initial,HASH_INCOME_497,
PROC002995,APP01498,UP003291,44:31.5,47:02.7,Pass,Initial,HASH_IDENTITY_498,
PROC002996,APP01498,UP003292,39:54.8,44:52.1,Pass,Initial,HASH_INCOME_498,
PROC002997,APP01499,UP003293,25:26.6,26:26.6,Pass,Initial,HASH_IDENTITY_499,
PROC002998,APP01499,UP003294,31:43.4,35:22.5,Pass,Initial,HASH_INCOME_499,
PROC002999,APP01500,UP003295,36:03.4,37:03.4,Pass,Initial,HASH_IDENTITY_500,
PROC003000,APP01500,UP003296,21:12.8,25:53.9,Fail,Initial,HASH_INCOME_500,
PROC003001,APP01501,UP003297,55:20.9,02:59.9,Pass,Initial,HASH_IDENTITY_501,
PROC003002,APP01501,UP003298,02:03.7,11:20.7,Pass,Initial,HASH_INCOME_501,
PROC003003,APP01502,UP003299,10:46.4,12:07.1,Pass,Re-validation,HASH_IDENTITY_502,Rule-triggered re-verification
PROC003004,APP01502,UP003300,25:39.5,30:41.1,Pass,Initial,HASH_INCOME_502,
PROC003005,APP01503,UP003301,39:53.0,46:35.1,Pass,Initial,HASH_IDENTITY_503,
PROC003006,APP01503,UP003302,00:43.7,05:38.8,Pass,Initial,HASH_INCOME_503,
PROC003007,APP01504,UP003303,28:04.5,37:41.2,Pass,Initial,HASH_IDENTITY_504,
PROC003008,APP01504,UP003305,11:58.7,22:24.9,Pass,Re-validation,HASH_INCOME_504,Retry after failed upload
PROC003009,APP01505,UP003306,10:18.3,14:11.2,Fail,Initial,HASH_IDENTITY_505,
PROC003010,APP01505,UP003307,24:40.2,30:45.2,Pass,Re-validation,HASH_INCOME_505,Rule-triggered re-verification
PROC003011,APP01506,UP003308,14:52.8,25:20.8,Pass,Initial,HASH_IDENTITY_506,
PROC003012,APP01506,UP003309,16:13.0,31:16.9,Pass,Initial,HASH_INCOME_506,
PROC003013,APP01507,UP003310,55:26.8,04:47.1,Pass,Initial,HASH_IDENTITY_507,
PROC003014,APP01507,UP003311,02:44.1,08:07.5,Pass,Initial,HASH_INCOME_507,
PROC003015,APP01508,UP003312,53:49.0,55:15.3,Pass,Initial,HASH_IDENTITY_508,
PROC003016,APP01508,UP003313,54:16.2,07:48.7,Pass,Initial,HASH_INCOME_508,
PROC003017,APP01509,UP003314,04:55.2,14:27.0,Pass,Re-validation,HASH_IDENTITY_509,Previous validation expired
PROC003018,APP01509,UP003317,21:46.7,30:15.1,Pass,Re-validation,HASH_INCOME_509,Retry after failed upload
PROC003019,APP01510,UP003318,54:19.7,05:21.5,Pass,Re-validation,HASH_IDENTITY_510,Previous validation expired
PROC003020,APP01510,UP003319,56:29.6,59:41.4,Pass,Initial,HASH_INCOME_510,
PROC003021,APP01511,UP003320,53:30.2,56:53.7,Pass,Initial,HASH_IDENTITY_511,
PROC003022,APP01511,UP003321,53:42.4,58:47.0,Pass,Initial,HASH_INCOME_511,
PROC003023,APP01512,UP003322,55:20.5,05:23.7,Pass,Initial,HASH_IDENTITY_512,
PROC003024,APP01512,UP003323,13:11.9,21:58.3,Pass,Re-validation,HASH_INCOME_512,Rule-triggered re-verification
PROC003025,APP01513,UP003324,58:03.2,03:56.1,Pass,Re-validation,HASH_IDENTITY_513,Previous validation expired
PROC003026,APP01513,UP003325,54:03.8,56:41.7,Pass,Initial,HASH_INCOME_513,
PROC003027,APP01514,UP003326,45:08.1,50:43.4,Fail,Initial,HASH_IDENTITY_514,
PROC003028,APP01514,UP003327,51:26.9,54:15.5,Pass,Initial,HASH_INCOME_514,
PROC003029,APP01515,UP003328,40:14.5,47:47.5,Pass,Initial,HASH_IDENTITY_515,
PROC003030,APP01515,UP003329,39:21.9,43:54.4,Pass,Initial,HASH_INCOME_515,
PROC003031,APP01516,UP003330,01:12.2,03:54.2,Pass,Initial,HASH_IDENTITY_516,
PROC003032,APP01516,UP003333,06:00.2,13:03.6,Pass,Re-validation,HASH_INCOME_516,Retry after failed upload
PROC003033,APP01517,UP003334,58:00.6,09:08.6,Pass,Initial,HASH_IDENTITY_517,
PROC003034,APP01517,UP003336,15:34.0,23:17.7,Pass,Re-validation,HASH_INCOME_517,Retry after failed upload
PROC003035,APP01518,UP003337,04:30.1,17:49.2,Pass,Initial,HASH_IDENTITY_518,
PROC003036,APP01518,UP003340,15:34.7,16:34.7,Pass,Re-validation,HASH_INCOME_518,Retry after failed upload
PROC003037,APP01519,UP003341,40:52.7,45:11.2,Pass,Initial,HASH_IDENTITY_519,
PROC003038,APP01519,UP003342,35:30.0,41:57.6,Pass,Initial,HASH_INCOME_519,
PROC003039,APP01520,UP003343,11:29.8,16:34.6,Pass,Initial,HASH_IDENTITY_520,
PROC003040,APP01520,UP003344,17:53.2,28:05.9,Pass,Initial,HASH_INCOME_520,
PROC003041,APP01521,UP003345,45:41.9,00:18.2,Pass,Initial,HASH_IDENTITY_521,
PROC003042,APP01521,UP003346,47:31.5,51:57.9,Pass,Initial,HASH_INCOME_521,
PROC003043,APP01522,UP003347,46:28.9,52:48.6,Pass,Initial,HASH_IDENTITY_522,
PROC003044,APP01522,UP003348,49:14.1,53:08.9,Pass,Initial,HASH_INCOME_522,
PROC003045,APP01523,UP003350,44:45.1,50:13.1,Fail,Re-validation,HASH_IDENTITY_523,Retry after failed upload
PROC003046,APP01523,UP003351,46:07.0,47:07.0,Pass,Initial,HASH_INCOME_523,
PROC003047,APP01524,UP003353,18:56.5,26:52.3,Fail,Re-validation,HASH_IDENTITY_524,Retry after failed upload
PROC003048,APP01524,UP003354,30:00.1,33:34.1,Pass,Initial,HASH_INCOME_524,
PROC003049,APP01525,UP003355,01:46.4,08:32.6,Pass,Initial,HASH_IDENTITY_525,
PROC003050,APP01525,UP003356,26:27.1,27:27.1,Pass,Initial,HASH_INCOME_525,
PROC003051,APP01526,UP003357,58:22.6,03:47.2,Pass,Initial,HASH_IDENTITY_526,
PROC003052,APP01526,UP003358,45:43.2,55:18.2,Pass,Re-validation,HASH_INCOME_526,Previous validation expired
PROC003053,APP01527,UP003359,46:08.8,01:29.9,Pass,Initial,HASH_IDENTITY_527,
PROC003054,APP01527,UP003360,57:12.4,58:12.4,Pass,Initial,HASH_INCOME_527,
PROC003055,APP01528,UP003361,46:02.2,52:56.3,Pass,Initial,HASH_IDENTITY_528,
PROC003056,APP01528,UP003362,53:41.5,05:26.1,Pass,Initial,HASH_INCOME_528,
PROC003057,APP01529,UP003363,44:41.3,54:09.5,Pass,Initial,HASH_IDENTITY_529,
PROC003058,APP01529,UP003364,58:25.3,09:46.8,Pass,Initial,HASH_INCOME_529,
PROC003059,APP01530,UP003365,11:19.8,17:54.0,Pass,Initial,HASH_IDENTITY_530,
PROC003060,APP01530,UP003366,01:44.8,05:59.8,Pass,Initial,HASH_INCOME_530,
PROC003061,APP01531,UP003367,57:42.1,11:51.0,Pass,Initial,HASH_IDENTITY_531,
PROC003062,APP01531,UP003368,02:06.9,12:07.9,Pass,Initial,HASH_INCOME_531,
PROC003063,APP01532,UP003369,27:13.0,28:18.0,Pass,Initial,HASH_IDENTITY_532,
PROC003064,APP01532,UP003370,17:42.2,20:12.1,Fail,Initial,HASH_INCOME_532,
PROC003065,APP01533,UP003371,29:54.2,32:36.9,Pass,Initial,HASH_IDENTITY_533,
PROC003066,APP01533,UP003372,25:01.9,26:38.2,Pass,Initial,HASH_INCOME_533,
PROC003067,APP01534,UP003373,54:06.0,06:51.3,Pass,Initial,HASH_IDENTITY_534,
PROC003068,APP01534,UP003374,54:30.2,59:53.5,Pass,Initial,HASH_INCOME_534,
PROC003069,APP01535,UP003375,48:08.0,00:37.9,Pass,Re-validation,HASH_IDENTITY_535,Rule-triggered re-verification
PROC003070,APP01535,UP003376,55:05.1,01:52.2,Pass,Initial,HASH_INCOME_535,
PROC003071,APP01536,UP003377,53:28.4,01:00.9,Pass,Initial,HASH_IDENTITY_536,
PROC003072,APP01536,UP003378,51:06.9,56:45.0,Pass,Initial,HASH_INCOME_536,
PROC003073,APP01537,UP003379,29:22.5,30:45.5,Pass,Initial,HASH_IDENTITY_537,
PROC003074,APP01537,UP003380,37:35.4,43:29.5,Pass,Initial,HASH_INCOME_537,
PROC003075,APP01538,UP003381,33:49.6,35:20.8,Pass,Initial,HASH_IDENTITY_538,
PROC003076,APP01538,UP003382,53:41.7,54:59.7,Pass,Initial,HASH_INCOME_538,
PROC003077,APP01539,UP003383,27:42.3,30:27.4,Pass,Initial,HASH_IDENTITY_539,
PROC003078,APP01539,UP003384,42:36.8,47:57.5,Pass,Initial,HASH_INCOME_539,
PROC003079,APP01540,UP003385,30:01.0,40:22.1,Pass,Initial,HASH_IDENTITY_540,
PROC003080,APP01540,UP003386,31:34.1,45:03.9,Pass,Initial,HASH_INCOME_540,
PROC003081,APP01541,UP003387,24:21.1,35:17.7,Pass,Initial,HASH_IDENTITY_541,
PROC003082,APP01541,UP003388,37:46.2,38:46.2,Pass,Initial,HASH_INCOME_541,
PROC003083,APP01542,UP003389,56:14.6,06:36.9,Pass,Initial,HASH_IDENTITY_542,
PROC003084,APP01542,UP003390,00:03.2,01:03.2,Pass,Initial,HASH_INCOME_542,
PROC003085,APP01543,UP003391,43:18.1,49:22.1,Pass,Initial,HASH_IDENTITY_543,
PROC003086,APP01543,UP003392,53:42.1,02:25.7,Pass,Initial,HASH_INCOME_543,
PROC003087,APP01544,UP003393,17:04.2,25:21.4,Pass,Initial,HASH_IDENTITY_544,
PROC003088,APP01544,UP003394,29:47.0,35:29.0,Pass,Initial,HASH_INCOME_544,
PROC003089,APP01545,UP003395,31:09.7,36:43.8,Pass,Initial,HASH_IDENTITY_545,
PROC003090,APP01545,UP003396,36:03.3,38:12.9,Pass,Initial,HASH_INCOME_545,
PROC003091,APP01546,UP003397,27:46.2,41:40.2,Pass,Initial,HASH_IDENTITY_546,
PROC003092,APP01546,UP003398,40:31.5,48:24.7,Fail,Initial,HASH_INCOME_546,
PROC003093,APP01547,UP003399,41:19.0,47:28.0,Pass,Initial,HASH_IDENTITY_547,
PROC003094,APP01547,UP003400,38:27.3,39:27.3,Pass,Initial,HASH_INCOME_547,
PROC003095,APP01548,UP003401,42:48.2,51:12.8,Pass,Initial,HASH_IDENTITY_548,
PROC003096,APP01548,UP003402,47:55.6,54:45.4,Pass,Initial,HASH_INCOME_548,
PROC003097,APP01549,UP003403,14:41.6,31:37.9,Pass,Initial,HASH_IDENTITY_549,
PROC003098,APP01549,UP003404,06:16.6,14:28.1,Pass,Initial,HASH_INCOME_549,
PROC003099,APP01550,UP003405,45:25.8,53:40.4,Pass,Re-validation,HASH_IDENTITY_550,System could not reuse prior result
PROC003100,APP01550,UP003407,45:58.9,50:48.9,Pass,Re-validation,HASH_INCOME_550,Retry after failed upload
PROC003101,APP01551,UP003408,48:45.1,49:45.1,Pass,Initial,HASH_IDENTITY_551,
PROC003102,APP01551,UP003409,45:05.2,48:55.3,Pass,Initial,HASH_INCOME_551,
PROC003103,APP01552,UP003410,54:54.4,02:06.1,Pass,Initial,HASH_IDENTITY_552,
PROC003104,APP01552,UP003411,25:54.5,27:29.9,Pass,Initial,HASH_INCOME_552,
PROC003105,APP01553,UP003412,16:43.0,20:34.4,Pass,Initial,HASH_IDENTITY_553,
PROC003106,APP01553,UP003413,31:34.4,36:48.8,Fail,Initial,HASH_INCOME_553,
PROC003107,APP01554,UP003414,27:00.5,28:26.6,Pass,Initial,HASH_IDENTITY_554,
PROC003108,APP01554,UP003416,40:54.8,52:47.2,Pass,Re-validation,HASH_INCOME_554,Retry after failed upload
PROC003109,APP01555,UP003417,47:29.9,48:29.9,Pass,Initial,HASH_IDENTITY_555,
PROC003110,APP01555,UP003419,36:10.1,37:10.1,Pass,Re-validation,HASH_INCOME_555,Retry after failed upload
PROC003111,APP01556,UP003420,30:47.5,32:47.1,Pass,Re-validation,HASH_IDENTITY_556,Previous validation expired
PROC003112,APP01556,UP003421,29:47.3,33:49.9,Pass,Initial,HASH_INCOME_556,
PROC003113,APP01557,UP003422,53:05.3,56:05.7,Pass,Initial,HASH_IDENTITY_557,
PROC003114,APP01557,UP003423,43:51.4,44:51.4,Pass,Initial,HASH_INCOME_557,
PROC003115,APP01558,UP003424,13:29.1,20:20.4,Pass,Initial,HASH_IDENTITY_558,
PROC003116,APP01558,UP003426,11:49.2,15:53.0,Pass,Re-validation,HASH_INCOME_558,Retry after failed upload
PROC003117,APP01559,UP003427,38:06.5,39:27.2,Pass,Initial,HASH_IDENTITY_559,
PROC003118,APP01559,UP003428,47:51.6,52:35.7,Pass,Initial,HASH_INCOME_559,
PROC003119,APP01560,UP003429,05:30.8,06:30.8,Pass,Initial,HASH_IDENTITY_560,
PROC003120,APP01560,UP003430,33:40.4,37:49.5,Pass,Initial,HASH_INCOME_560,
PROC003121,APP01561,UP003431,20:10.0,28:19.2,Pass,Initial,HASH_IDENTITY_561,
PROC003122,APP01561,UP003432,49:59.5,55:42.1,Pass,Initial,HASH_INCOME_561,
PROC003123,APP01562,UP003433,57:21.1,02:46.8,Pass,Initial,HASH_IDENTITY_562,
PROC003124,APP01562,UP003434,58:37.9,06:50.1,Pass,Initial,HASH_INCOME_562,
PROC003125,APP01563,UP003435,38:16.6,39:16.6,Pass,Initial,HASH_IDENTITY_563,
PROC003126,APP01563,UP003436,45:54.8,51:27.3,Pass,Initial,HASH_INCOME_563,
PROC003127,APP01564,UP003437,19:48.4,22:15.5,Pass,Initial,HASH_IDENTITY_564,
PROC003128,APP01564,UP003438,22:28.2,29:11.5,Pass,Initial,HASH_INCOME_564,
PROC003129,APP01565,UP003439,54:49.8,58:22.3,Pass,Initial,HASH_IDENTITY_565,
PROC003130,APP01565,UP003440,04:13.5,10:24.7,Pass,Initial,HASH_INCOME_565,
PROC003131,APP01566,UP003441,43:53.8,47:28.4,Fail,Initial,HASH_IDENTITY_566,
PROC003132,APP01566,UP003442,48:05.2,52:26.3,Pass,Initial,HASH_INCOME_566,
PROC003133,APP01567,UP003443,22:07.5,23:07.5,Pass,Initial,HASH_IDENTITY_567,
PROC003134,APP01567,UP003444,27:46.1,32:19.4,Pass,Re-validation,HASH_INCOME_567,Rule-triggered re-verification
PROC003135,APP01568,UP003446,40:13.8,56:03.6,Pass,Re-validation,HASH_IDENTITY_568,Retry after failed upload
PROC003136,APP01568,UP003447,47:25.1,51:10.4,Pass,Initial,HASH_INCOME_568,
PROC003137,APP01569,UP003448,08:35.4,10:14.6,Pass,Initial,HASH_IDENTITY_569,
PROC003138,APP01569,UP003449,16:30.3,20:39.5,Pass,Initial,HASH_INCOME_569,
PROC003139,APP01570,UP003450,17:57.8,18:57.8,Pass,Initial,HASH_IDENTITY_570,
PROC003140,APP01570,UP003451,13:40.1,15:06.7,Pass,Initial,HASH_INCOME_570,
PROC003141,APP01571,UP003452,04:56.7,06:25.3,Pass,Initial,HASH_IDENTITY_571,
PROC003142,APP01571,UP003453,27:08.5,32:29.1,Pass,Initial,HASH_INCOME_571,
PROC003143,APP01572,UP003454,25:40.7,35:22.1,Pass,Initial,HASH_IDENTITY_572,
PROC003144,APP01572,UP003455,45:50.0,53:54.9,Pass,Initial,HASH_INCOME_572,
PROC003145,APP01573,UP003456,21:28.5,30:10.2,Pass,Initial,HASH_IDENTITY_573,
PROC003146,APP01573,UP003457,18:41.2,21:19.9,Pass,Initial,HASH_INCOME_573,
PROC003147,APP01574,UP003458,28:09.8,30:06.8,Pass,Initial,HASH_IDENTITY_574,
PROC003148,APP01574,UP003459,44:37.8,49:37.7,Pass,Initial,HASH_INCOME_574,
PROC003149,APP01575,UP003460,48:10.3,49:37.7,Pass,Initial,HASH_IDENTITY_575,
PROC003150,APP01575,UP003461,54:13.2,55:13.2,Pass,Initial,HASH_INCOME_575,
PROC003151,APP01576,UP003462,51:59.4,04:07.0,Pass,Initial,HASH_IDENTITY_576,
PROC003152,APP01576,UP003463,06:43.7,15:46.5,Fail,Initial,HASH_INCOME_576,
PROC003153,APP01577,UP003464,24:25.9,25:55.5,Pass,Re-validation,HASH_IDENTITY_577,Rule-triggered re-verification
PROC003154,APP01577,UP003465,22:48.8,25:53.9,Pass,Re-validation,HASH_INCOME_577,System could not reuse prior result
PROC003155,APP01578,UP003466,15:51.0,19:14.5,Pass,Initial,HASH_IDENTITY_578,
PROC003156,APP01578,UP003467,03:08.3,06:54.7,Pass,Re-validation,HASH_INCOME_578,System could not reuse prior result
PROC003157,APP01579,UP003468,24:49.2,27:46.4,Pass,Initial,HASH_IDENTITY_579,
PROC003158,APP01579,UP003469,33:43.3,39:45.8,Pass,Initial,HASH_INCOME_579,
PROC003159,APP01580,UP003470,25:06.6,32:11.5,Pass,Initial,HASH_IDENTITY_580,
PROC003160,APP01580,UP003471,08:21.8,13:52.5,Pass,Initial,HASH_INCOME_580,
PROC003161,APP01581,UP003472,49:22.6,54:42.3,Pass,Initial,HASH_IDENTITY_581,
PROC003162,APP01581,UP003473,26:24.0,27:24.0,Pass,Initial,HASH_INCOME_581,
PROC003163,APP01582,UP003474,25:51.7,35:30.1,Pass,Initial,HASH_IDENTITY_582,
PROC003164,APP01582,UP003476,23:52.1,24:52.1,Pass,Re-validation,HASH_INCOME_582,Retry after failed upload
PROC003165,APP01583,UP003477,18:09.8,21:47.3,Pass,Initial,HASH_IDENTITY_583,
PROC003166,APP01583,UP003478,11:44.9,18:28.8,Pass,Initial,HASH_INCOME_583,
PROC003167,APP01584,UP003479,36:25.7,41:04.1,Pass,Initial,HASH_IDENTITY_584,
PROC003168,APP01584,UP003480,44:54.6,52:44.7,Pass,Initial,HASH_INCOME_584,
PROC003169,APP01585,UP003481,20:09.2,25:27.9,Fail,Initial,HASH_IDENTITY_585,
PROC003170,APP01585,UP003482,30:28.4,40:45.8,Pass,Initial,HASH_INCOME_585,
PROC003171,APP01586,UP003483,19:16.6,22:31.1,Pass,Initial,HASH_IDENTITY_586,
PROC003172,APP01586,UP003484,28:47.8,32:16.6,Pass,Initial,HASH_INCOME_586,
PROC003173,APP01587,UP003485,38:37.9,39:37.9,Pass,Re-validation,HASH_IDENTITY_587,Previous validation expired
PROC003174,APP01587,UP003486,39:24.1,40:35.0,Pass,Initial,HASH_INCOME_587,
PROC003175,APP01588,UP003487,26:21.0,38:37.0,Pass,Initial,HASH_IDENTITY_588,
PROC003176,APP01588,UP003488,43:38.8,44:38.8,Pass,Initial,HASH_INCOME_588,
PROC003177,APP01589,UP003489,53:17.6,57:45.1,Pass,Initial,HASH_IDENTITY_589,
PROC003178,APP01589,UP003490,54:12.9,04:05.5,Pass,Initial,HASH_INCOME_589,
PROC003179,APP01590,UP003492,52:30.1,58:26.9,Pass,Re-validation,HASH_IDENTITY_590,Retry after failed upload
PROC003180,APP01590,UP003493,02:03.9,03:03.9,Pass,Initial,HASH_INCOME_590,
PROC003181,APP01591,UP003494,25:23.1,30:35.0,Fail,Initial,HASH_IDENTITY_591,
PROC003182,APP01591,UP003495,23:00.8,30:12.8,Pass,Initial,HASH_INCOME_591,
PROC003183,APP01592,UP003496,53:29.0,54:52.6,Pass,Initial,HASH_IDENTITY_592,
PROC003184,APP01592,UP003497,04:36.1,07:17.3,Pass,Initial,HASH_INCOME_592,
PROC003185,APP01593,UP003498,25:47.0,31:22.6,Pass,Initial,HASH_IDENTITY_593,
PROC003186,APP01593,UP003499,31:59.9,38:19.1,Pass,Initial,HASH_INCOME_593,
PROC003187,APP01594,UP003502,08:24.9,11:32.8,Pass,Re-validation,HASH_IDENTITY_594,Retry after failed upload
PROC003188,APP01594,UP003503,15:01.4,26:05.4,Pass,Initial,HASH_INCOME_594,
PROC003189,APP01595,UP003504,49:49.6,54:05.1,Pass,Initial,HASH_IDENTITY_595,
PROC003190,APP01595,UP003505,45:48.9,47:39.1,Pass,Initial,HASH_INCOME_595,
PROC003191,APP01596,UP003506,36:26.5,41:04.4,Pass,Initial,HASH_IDENTITY_596,
PROC003192,APP01596,UP003508,49:19.0,05:22.1,Pass,Re-validation,HASH_INCOME_596,Retry after failed upload
PROC003193,APP01597,UP003509,25:10.7,26:10.7,Pass,Initial,HASH_IDENTITY_597,
PROC003194,APP01597,UP003510,25:51.7,36:42.5,Pass,Initial,HASH_INCOME_597,
PROC003195,APP01598,UP003511,20:06.6,21:24.2,Pass,Initial,HASH_IDENTITY_598,
PROC003196,APP01598,UP003512,15:06.6,19:12.6,Pass,Initial,HASH_INCOME_598,
PROC003197,APP01599,UP003513,02:05.9,08:12.4,Pass,Initial,HASH_IDENTITY_599,
PROC003198,APP01599,UP003514,11:31.8,19:35.6,Fail,Initial,HASH_INCOME_599,
PROC003199,APP01600,UP003515,35:08.5,39:27.2,Pass,Initial,HASH_IDENTITY_600,
PROC003200,APP01600,UP003516,48:51.8,57:51.3,Pass,Initial,HASH_INCOME_600,
PROC003201,APP01601,UP003517,09:47.7,20:17.8,Pass,Initial,HASH_IDENTITY_601,
PROC003202,APP01601,UP003518,07:34.4,12:38.5,Pass,Initial,HASH_INCOME_601,
PROC003203,APP01602,UP003519,27:10.7,30:18.6,Pass,Initial,HASH_IDENTITY_602,
PROC003204,APP01602,UP003520,19:45.6,23:17.2,Pass,Initial,HASH_INCOME_602,
PROC003205,APP01603,UP003521,12:56.2,18:52.4,Pass,Initial,HASH_IDENTITY_603,
PROC003206,APP01603,UP003522,32:02.4,37:34.5,Pass,Initial,HASH_INCOME_603,
PROC003207,APP01604,UP003523,43:46.7,01:15.6,Fail,Initial,HASH_IDENTITY_604,
PROC003208,APP01604,UP003524,51:24.1,56:18.5,Fail,Initial,HASH_INCOME_604,
PROC003209,APP01605,UP003525,34:07.8,40:20.6,Fail,Initial,HASH_IDENTITY_605,
PROC003210,APP01605,UP003526,51:11.7,59:36.1,Pass,Re-validation,HASH_INCOME_605,Rule-triggered re-verification
PROC003211,APP01606,UP003527,23:36.1,25:46.6,Pass,Initial,HASH_IDENTITY_606,
PROC003212,APP01606,UP003528,15:53.4,17:12.7,Pass,Initial,HASH_INCOME_606,
PROC003213,APP01607,UP003530,33:52.2,34:52.2,Pass,Re-validation,HASH_IDENTITY_607,Retry after failed upload
PROC003214,APP01607,UP003531,49:47.8,54:23.2,Pass,Initial,HASH_INCOME_607,
PROC003215,APP01608,UP003532,58:37.7,03:26.8,Pass,Initial,HASH_IDENTITY_608,
PROC003216,APP01608,UP003533,00:07.2,07:37.8,Pass,Initial,HASH_INCOME_608,
PROC003217,APP01609,UP003534,10:53.7,15:58.9,Pass,Initial,HASH_IDENTITY_609,
PROC003218,APP01609,UP003535,55:32.7,58:46.1,Pass,Initial,HASH_INCOME_609,
PROC003219,APP01610,UP003536,45:33.3,52:21.2,Pass,Initial,HASH_IDENTITY_610,
PROC003220,APP01610,UP003537,53:31.0,02:46.2,Pass,Initial,HASH_INCOME_610,
PROC003221,APP01611,UP003540,15:17.9,21:24.4,Pass,Re-validation,HASH_IDENTITY_611,Retry after failed upload
PROC003222,APP01611,UP003541,22:24.7,26:21.3,Pass,Initial,HASH_INCOME_611,
PROC003223,APP01612,UP003542,04:05.0,09:52.3,Pass,Initial,HASH_IDENTITY_612,
PROC003224,APP01612,UP003543,09:14.0,18:18.2,Pass,Initial,HASH_INCOME_612,
PROC003225,APP01613,UP003544,19:36.6,26:40.8,Pass,Initial,HASH_IDENTITY_613,
PROC003226,APP01613,UP003545,15:54.1,20:22.2,Fail,Initial,HASH_INCOME_613,
PROC003227,APP01614,UP003546,01:52.9,04:59.4,Pass,Initial,HASH_IDENTITY_614,
PROC003228,APP01614,UP003547,25:47.7,31:31.8,Pass,Initial,HASH_INCOME_614,
PROC003229,APP01615,UP003548,38:18.5,45:26.0,Pass,Initial,HASH_IDENTITY_615,
PROC003230,APP01615,UP003549,43:50.0,44:50.0,Pass,Initial,HASH_INCOME_615,
PROC003231,APP01616,UP003550,31:06.4,39:20.2,Pass,Initial,HASH_IDENTITY_616,
PROC003232,APP01616,UP003551,39:23.4,45:19.0,Pass,Initial,HASH_INCOME_616,
PROC003233,APP01617,UP003552,30:13.3,33:48.9,Pass,Initial,HASH_IDENTITY_617,
PROC003234,APP01617,UP003553,35:27.9,43:40.5,Pass,Initial,HASH_INCOME_617,
PROC003235,APP01618,UP003554,36:12.0,37:12.0,Pass,Initial,HASH_IDENTITY_618,
PROC003236,APP01618,UP003555,23:36.3,30:12.1,Pass,Initial,HASH_INCOME_618,
PROC003237,APP01619,UP003556,59:03.0,00:45.5,Pass,Initial,HASH_IDENTITY_619,
PROC003238,APP01619,UP003558,09:12.4,15:02.5,Pass,Re-validation,HASH_INCOME_619,Retry after failed upload
PROC003239,APP01620,UP003559,22:16.5,23:32.2,Pass,Initial,HASH_IDENTITY_620,
PROC003240,APP01620,UP003560,33:07.6,43:45.0,Pass,Initial,HASH_INCOME_620,
PROC003241,APP01621,UP003561,50:44.6,51:44.6,Pass,Initial,HASH_IDENTITY_621,
PROC003242,APP01621,UP003562,49:33.2,58:46.6,Pass,Initial,HASH_INCOME_621,
PROC003243,APP01622,UP003563,49:29.6,55:22.6,Pass,Initial,HASH_IDENTITY_622,
PROC003244,APP01622,UP003564,59:50.2,05:30.2,Pass,Initial,HASH_INCOME_622,
PROC003245,APP01623,UP003565,04:25.9,08:40.9,Fail,Initial,HASH_IDENTITY_623,
PROC003246,APP01623,UP003567,21:40.4,26:08.0,Pass,Re-validation,HASH_INCOME_623,Retry after failed upload
PROC003247,APP01624,UP003568,43:14.8,47:07.3,Pass,Initial,HASH_IDENTITY_624,
PROC003248,APP01624,UP003569,54:42.4,01:33.0,Pass,Initial,HASH_INCOME_624,
PROC003249,APP01625,UP003570,25:50.1,32:54.6,Pass,Initial,HASH_IDENTITY_625,
PROC003250,APP01625,UP003571,20:49.5,26:30.7,Pass,Initial,HASH_INCOME_625,
PROC003251,APP01626,UP003572,36:48.5,41:05.1,Pass,Initial,HASH_IDENTITY_626,
PROC003252,APP01626,UP003573,50:10.3,57:22.8,Pass,Initial,HASH_INCOME_626,
PROC003253,APP01627,UP003574,09:58.9,16:14.3,Pass,Initial,HASH_IDENTITY_627,
PROC003254,APP01627,UP003575,27:59.5,35:21.6,Fail,Initial,HASH_INCOME_627,
PROC003255,APP01628,UP003576,17:41.4,21:34.0,Pass,Initial,HASH_IDENTITY_628,
PROC003256,APP01628,UP003577,04:46.3,15:41.0,Pass,Initial,HASH_INCOME_628,
PROC003257,APP01629,UP003578,54:16.5,08:38.8,Pass,Initial,HASH_IDENTITY_629,
PROC003258,APP01629,UP003579,57:25.7,07:49.5,Pass,Initial,HASH_INCOME_629,
PROC003259,APP01630,UP003580,12:48.6,18:26.6,Pass,Initial,HASH_IDENTITY_630,
PROC003260,APP01630,UP003581,04:36.1,13:46.9,Pass,Initial,HASH_INCOME_630,
PROC003261,APP01631,UP003582,26:42.3,32:19.5,Fail,Initial,HASH_IDENTITY_631,
PROC003262,APP01631,UP003583,37:53.1,47:34.0,Pass,Initial,HASH_INCOME_631,
PROC003263,APP01632,UP003584,02:52.4,14:24.2,Pass,Re-validation,HASH_IDENTITY_632,Rule-triggered re-verification
PROC003264,APP01632,UP003585,54:11.5,05:57.3,Pass,Initial,HASH_INCOME_632,
PROC003265,APP01633,UP003586,02:46.4,08:44.0,Pass,Initial,HASH_IDENTITY_633,
PROC003266,APP01633,UP003587,47:09.5,48:09.5,Pass,Initial,HASH_INCOME_633,
PROC003267,APP01634,UP003588,51:56.2,00:08.7,Pass,Initial,HASH_IDENTITY_634,
PROC003268,APP01634,UP003589,01:21.8,02:21.8,Pass,Initial,HASH_INCOME_634,
PROC003269,APP01635,UP003590,46:44.0,50:38.0,Pass,Initial,HASH_IDENTITY_635,
PROC003270,APP01635,UP003591,28:37.3,40:42.7,Pass,Initial,HASH_INCOME_635,
PROC003271,APP01636,UP003592,37:08.0,38:08.0,Pass,Initial,HASH_IDENTITY_636,
PROC003272,APP01636,UP003593,55:07.4,02:40.6,Pass,Initial,HASH_INCOME_636,
PROC003273,APP01637,UP003594,12:42.5,20:58.8,Pass,Initial,HASH_IDENTITY_637,
PROC003274,APP01637,UP003595,06:29.0,13:13.8,Pass,Initial,HASH_INCOME_637,
PROC003275,APP01638,UP003596,52:37.0,54:06.4,Pass,Re-validation,HASH_IDENTITY_638,Rule-triggered re-verification
PROC003276,APP01638,UP003597,45:57.0,52:02.6,Pass,Initial,HASH_INCOME_638,
PROC003277,APP01639,UP003598,14:08.9,20:40.1,Pass,Initial,HASH_IDENTITY_639,
PROC003278,APP01639,UP003599,26:42.0,35:40.1,Pass,Initial,HASH_INCOME_639,
PROC003279,APP01640,UP003600,37:12.8,38:12.8,Pass,Re-validation,HASH_IDENTITY_640,Previous validation expired
PROC003280,APP01640,UP003601,48:06.6,59:46.9,Pass,Initial,HASH_INCOME_640,
PROC003281,APP01641,UP003603,33:08.2,34:08.2,Pass,Re-validation,HASH_IDENTITY_641,Retry after failed upload
PROC003282,APP01641,UP003604,40:39.2,41:39.2,Pass,Initial,HASH_INCOME_641,
PROC003283,APP01642,UP003605,58:24.6,06:45.6,Pass,Initial,HASH_IDENTITY_642,
PROC003284,APP01642,UP003606,10:04.7,13:44.9,Pass,Re-validation,HASH_INCOME_642,System could not reuse prior result
PROC003285,APP01643,UP003607,59:10.2,03:06.5,Pass,Initial,HASH_IDENTITY_643,
PROC003286,APP01643,UP003608,59:01.0,11:42.4,Pass,Initial,HASH_INCOME_643,
PROC003287,APP01644,UP003609,37:36.3,42:53.0,Pass,Initial,HASH_IDENTITY_644,
PROC003288,APP01644,UP003610,29:10.8,34:42.4,Pass,Initial,HASH_INCOME_644,
PROC003289,APP01645,UP003611,54:57.1,01:17.6,Pass,Initial,HASH_IDENTITY_645,
PROC003290,APP01645,UP003613,21:51.0,26:01.7,Pass,Re-validation,HASH_INCOME_645,Retry after failed upload
PROC003291,APP01646,UP003615,59:03.9,03:46.3,Pass,Re-validation,HASH_IDENTITY_646,Retry after failed upload
PROC003292,APP01646,UP003616,18:07.8,25:59.1,Pass,Initial,HASH_INCOME_646,
PROC003293,APP01647,UP003617,47:24.4,52:02.7,Pass,Initial,HASH_IDENTITY_647,
PROC003294,APP01647,UP003618,09:48.5,12:23.5,Pass,Initial,HASH_INCOME_647,
PROC003295,APP01648,UP003619,08:05.1,13:16.5,Pass,Initial,HASH_IDENTITY_648,
PROC003296,APP01648,UP003620,19:46.9,20:46.9,Pass,Re-validation,HASH_INCOME_648,Rule-triggered re-verification
PROC003297,APP01649,UP003621,44:55.5,54:45.1,Fail,Initial,HASH_IDENTITY_649,
PROC003298,APP01649,UP003622,58:41.3,04:05.7,Pass,Initial,HASH_INCOME_649,
PROC003299,APP01650,UP003623,24:02.7,29:54.6,Pass,Initial,HASH_IDENTITY_650,
PROC003300,APP01650,UP003624,34:33.2,42:41.3,Pass,Re-validation,HASH_INCOME_650,Previous validation expired
PROC003301,APP01651,UP003625,27:21.9,38:32.3,Pass,Initial,HASH_IDENTITY_651,
PROC003302,APP01651,UP003626,47:08.1,56:49.4,Pass,Initial,HASH_INCOME_651,
PROC003303,APP01652,UP003627,30:28.2,37:49.5,Pass,Initial,HASH_IDENTITY_652,
PROC003304,APP01652,UP003628,31:19.7,41:21.6,Pass,Re-validation,HASH_INCOME_652,Previous validation expired
PROC003305,APP01653,UP003629,48:18.4,53:38.9,Pass,Initial,HASH_IDENTITY_653,
PROC003306,APP01653,UP003630,57:15.4,08:02.0,Pass,Initial,HASH_INCOME_653,
PROC003307,APP01654,UP003631,28:13.1,33:15.4,Pass,Re-validation,HASH_IDENTITY_654,System could not reuse prior result
PROC003308,APP01654,UP003632,33:56.2,39:02.4,Pass,Initial,HASH_INCOME_654,
PROC003309,APP01655,UP003634,19:14.8,30:24.1,Pass,Re-validation,HASH_IDENTITY_655,Retry after failed upload
PROC003310,APP01655,UP003635,25:21.8,29:36.4,Pass,Initial,HASH_INCOME_655,
PROC003311,APP01656,UP003636,46:38.1,48:46.2,Fail,Initial,HASH_IDENTITY_656,
PROC003312,APP01656,UP003638,45:35.8,55:37.5,Pass,Re-validation,HASH_INCOME_656,Retry after failed upload
PROC003313,APP01657,UP003639,34:03.3,47:12.1,Pass,Initial,HASH_IDENTITY_657,
PROC003314,APP01657,UP003640,41:00.9,46:40.3,Fail,Initial,HASH_INCOME_657,
PROC003315,APP01658,UP003641,08:29.7,17:53.7,Pass,Initial,HASH_IDENTITY_658,
PROC003316,APP01658,UP003644,16:23.1,21:04.7,Pass,Re-validation,HASH_INCOME_658,Retry after failed upload
PROC003317,APP01659,UP003645,59:04.8,12:34.9,Pass,Initial,HASH_IDENTITY_659,
PROC003318,APP01659,UP003646,44:34.6,54:42.1,Pass,Initial,HASH_INCOME_659,
PROC003319,APP01660,UP003647,01:32.3,09:17.2,Pass,Initial,HASH_IDENTITY_660,
PROC003320,APP01660,UP003648,05:55.3,10:43.5,Pass,Initial,HASH_INCOME_660,
PROC003321,APP01661,UP003649,10:56.4,21:57.9,Pass,Initial,HASH_IDENTITY_661,
PROC003322,APP01661,UP003650,26:50.9,30:40.8,Fail,Initial,HASH_INCOME_661,
PROC003323,APP01662,UP003651,31:21.5,39:19.7,Pass,Initial,HASH_IDENTITY_662,
PROC003324,APP01662,UP003652,39:49.5,40:49.5,Pass,Initial,HASH_INCOME_662,
PROC003325,APP01663,UP003653,12:55.0,17:47.0,Pass,Initial,HASH_IDENTITY_663,
PROC003326,APP01663,UP003654,31:25.7,34:19.2,Pass,Initial,HASH_INCOME_663,
PROC003327,APP01664,UP003655,00:46.4,08:34.9,Pass,Initial,HASH_IDENTITY_664,
PROC003328,APP01664,UP003656,03:42.8,04:42.8,Pass,Initial,HASH_INCOME_664,
PROC003329,APP01665,UP003658,36:27.8,44:24.3,Pass,Re-validation,HASH_IDENTITY_665,Retry after failed upload
PROC003330,APP01665,UP003659,37:17.1,38:17.1,Pass,Initial,HASH_INCOME_665,
PROC003331,APP01666,UP003660,12:41.0,18:03.2,Pass,Initial,HASH_IDENTITY_666,
PROC003332,APP01666,UP003661,12:04.1,14:03.1,Pass,Initial,HASH_INCOME_666,
PROC003333,APP01667,UP003662,16:22.8,18:55.8,Pass,Initial,HASH_IDENTITY_667,
PROC003334,APP01667,UP003663,19:52.2,22:53.1,Pass,Initial,HASH_INCOME_667,
PROC003335,APP01668,UP003664,03:03.9,08:12.4,Pass,Initial,HASH_IDENTITY_668,
PROC003336,APP01668,UP003665,14:46.7,19:17.3,Pass,Re-validation,HASH_INCOME_668,Previous validation expired
PROC003337,APP01669,UP003666,15:35.0,23:45.2,Pass,Initial,HASH_IDENTITY_669,
PROC003338,APP01669,UP003667,31:49.8,36:07.6,Pass,Initial,HASH_INCOME_669,
PROC003339,APP01670,UP003668,20:27.3,25:56.0,Pass,Re-validation,HASH_IDENTITY_670,System could not reuse prior result
PROC003340,APP01670,UP003669,24:30.3,29:21.9,Pass,Initial,HASH_INCOME_670,
PROC003341,APP01671,UP003670,54:45.6,03:31.5,Pass,Initial,HASH_IDENTITY_671,
PROC003342,APP01671,UP003671,55:56.1,06:13.0,Pass,Initial,HASH_INCOME_671,
PROC003343,APP01672,UP003672,18:47.3,22:59.4,Pass,Initial,HASH_IDENTITY_672,
PROC003344,APP01672,UP003673,11:55.3,22:04.4,Pass,Initial,HASH_INCOME_672,
PROC003345,APP01673,UP003674,29:08.1,30:08.1,Pass,Initial,HASH_IDENTITY_673,
PROC003346,APP01673,UP003675,29:54.4,32:57.6,Fail,Initial,HASH_INCOME_673,
PROC003347,APP01674,UP003676,41:47.3,45:37.9,Pass,Initial,HASH_IDENTITY_674,
PROC003348,APP01674,UP003678,28:54.8,36:41.3,Pass,Re-validation,HASH_INCOME_674,Retry after failed upload
PROC003349,APP01675,UP003679,10:07.4,15:23.8,Pass,Initial,HASH_IDENTITY_675,
PROC003350,APP01675,UP003680,36:24.3,47:00.5,Pass,Initial,HASH_INCOME_675,
PROC003351,APP01676,UP003681,38:33.1,48:22.1,Pass,Initial,HASH_IDENTITY_676,
PROC003352,APP01676,UP003682,45:30.5,50:22.0,Pass,Initial,HASH_INCOME_676,
PROC003353,APP01677,UP003683,51:21.5,57:20.0,Pass,Initial,HASH_IDENTITY_677,
PROC003354,APP01677,UP003684,49:21.5,57:00.9,Pass,Initial,HASH_INCOME_677,
PROC003355,APP01678,UP003685,37:19.1,38:19.1,Pass,Initial,HASH_IDENTITY_678,
PROC003356,APP01678,UP003686,43:11.2,49:28.1,Pass,Initial,HASH_INCOME_678,
PROC003357,APP01679,UP003687,40:58.4,52:35.3,Pass,Initial,HASH_IDENTITY_679,
PROC003358,APP01679,UP003690,04:34.5,09:09.4,Pass,Re-validation,HASH_INCOME_679,Retry after failed upload
PROC003359,APP01680,UP003691,22:58.8,29:09.2,Pass,Initial,HASH_IDENTITY_680,
PROC003360,APP01680,UP003692,34:34.6,36:39.9,Pass,Initial,HASH_INCOME_680,
PROC003361,APP01681,UP003693,22:16.6,30:44.1,Pass,Initial,HASH_IDENTITY_681,
PROC003362,APP01681,UP003694,28:17.7,33:07.0,Pass,Re-validation,HASH_INCOME_681,Rule-triggered re-verification
PROC003363,APP01682,UP003696,24:00.9,28:32.8,Pass,Re-validation,HASH_IDENTITY_682,Retry after failed upload
PROC003364,APP01682,UP003697,34:12.8,40:31.4,Pass,Initial,HASH_INCOME_682,
PROC003365,APP01683,UP003698,40:19.7,49:22.4,Pass,Initial,HASH_IDENTITY_683,
PROC003366,APP01683,UP003699,27:01.1,31:26.0,Pass,Initial,HASH_INCOME_683,
PROC003367,APP01684,UP003700,01:50.6,17:16.4,Pass,Initial,HASH_IDENTITY_684,
PROC003368,APP01684,UP003701,08:49.6,10:38.3,Pass,Initial,HASH_INCOME_684,
PROC003369,APP01685,UP003702,53:46.5,58:39.6,Pass,Initial,HASH_IDENTITY_685,
PROC003370,APP01685,UP003703,09:47.8,10:47.8,Pass,Initial,HASH_INCOME_685,
PROC003371,APP01686,UP003704,37:59.1,44:41.1,Fail,Re-validation,HASH_IDENTITY_686,Rule-triggered re-verification
PROC003372,APP01686,UP003705,43:50.2,46:51.1,Pass,Initial,HASH_INCOME_686,
PROC003373,APP01687,UP003706,37:32.4,44:16.4,Pass,Initial,HASH_IDENTITY_687,
PROC003374,APP01687,UP003707,33:29.7,51:53.3,Pass,Initial,HASH_INCOME_687,
PROC003375,APP01688,UP003708,10:58.7,13:33.5,Pass,Initial,HASH_IDENTITY_688,
PROC003376,APP01688,UP003709,30:31.0,36:14.8,Pass,Re-validation,HASH_INCOME_688,Previous validation expired
PROC003377,APP01689,UP003710,48:44.4,51:35.7,Pass,Initial,HASH_IDENTITY_689,
PROC003378,APP01689,UP003711,46:56.4,49:20.9,Pass,Initial,HASH_INCOME_689,
PROC003379,APP01690,UP003712,37:40.0,48:10.1,Pass,Initial,HASH_IDENTITY_690,
PROC003380,APP01690,UP003713,32:27.0,47:20.8,Pass,Initial,HASH_INCOME_690,
PROC003381,APP01691,UP003714,36:23.4,44:09.9,Pass,Initial,HASH_IDENTITY_691,
PROC003382,APP01691,UP003715,53:02.1,59:00.5,Pass,Initial,HASH_INCOME_691,
PROC003383,APP01692,UP003716,05:11.5,06:11.5,Pass,Initial,HASH_IDENTITY_692,
PROC003384,APP01692,UP003717,14:37.0,19:07.0,Pass,Initial,HASH_INCOME_692,
PROC003385,APP01693,UP003718,40:00.6,46:15.7,Pass,Initial,HASH_IDENTITY_693,
PROC003386,APP01693,UP003719,46:27.8,48:19.7,Fail,Initial,HASH_INCOME_693,
PROC003387,APP01694,UP003720,19:10.5,26:16.7,Pass,Initial,HASH_IDENTITY_694,
PROC003388,APP01694,UP003721,23:32.7,24:38.6,Pass,Initial,HASH_INCOME_694,
PROC003389,APP01695,UP003722,48:15.1,55:08.1,Pass,Initial,HASH_IDENTITY_695,
PROC003390,APP01695,UP003723,36:32.6,40:30.2,Pass,Re-validation,HASH_INCOME_695,Rule-triggered re-verification
PROC003391,APP01696,UP003724,29:06.1,34:06.7,Pass,Initial,HASH_IDENTITY_696,
PROC003392,APP01696,UP003725,34:48.6,40:12.6,Pass,Initial,HASH_INCOME_696,
PROC003393,APP01697,UP003726,36:55.2,45:49.1,Pass,Initial,HASH_IDENTITY_697,
PROC003394,APP01697,UP003727,45:09.4,51:52.4,Pass,Re-validation,HASH_INCOME_697,Previous validation expired
PROC003395,APP01698,UP003728,32:14.5,40:21.2,Pass,Initial,HASH_IDENTITY_698,
PROC003396,APP01698,UP003729,37:51.0,41:08.5,Pass,Initial,HASH_INCOME_698,
PROC003397,APP01699,UP003730,37:43.4,45:32.2,Pass,Initial,HASH_IDENTITY_699,
PROC003398,APP01699,UP003731,51:18.1,00:15.1,Pass,Initial,HASH_INCOME_699,
PROC003399,APP01700,UP003734,15:14.6,22:32.4,Pass,Re-validation,HASH_IDENTITY_700,Retry after failed upload
PROC003400,APP01700,UP003735,22:35.2,28:30.9,Pass,Initial,HASH_INCOME_700,
PROC003401,APP01701,UP003736,01:04.9,12:27.5,Pass,Initial,HASH_IDENTITY_701,
PROC003402,APP01701,UP003737,48:24.7,52:15.4,Pass,Initial,HASH_INCOME_701,
PROC003403,APP01702,UP003738,21:19.4,27:52.2,Pass,Initial,HASH_IDENTITY_702,
PROC003404,APP01702,UP003739,38:25.8,50:49.1,Pass,Initial,HASH_INCOME_702,
PROC003405,APP01703,UP003740,03:20.6,14:07.8,Pass,Initial,HASH_IDENTITY_703,
PROC003406,APP01703,UP003741,11:56.4,17:56.4,Pass,Initial,HASH_INCOME_703,
PROC003407,APP01704,UP003742,11:21.4,25:53.2,Pass,Initial,HASH_IDENTITY_704,
PROC003408,APP01704,UP003743,13:07.0,17:48.6,Pass,Initial,HASH_INCOME_704,
PROC003409,APP01705,UP003744,42:26.1,43:26.1,Pass,Initial,HASH_IDENTITY_705,
PROC003410,APP01705,UP003745,49:19.8,58:46.6,Pass,Initial,HASH_INCOME_705,
PROC003411,APP01706,UP003746,03:26.5,04:26.5,Pass,Initial,HASH_IDENTITY_706,
PROC003412,APP01706,UP003748,30:27.4,31:29.3,Pass,Re-validation,HASH_INCOME_706,Retry after failed upload
PROC003413,APP01707,UP003749,22:52.5,27:50.0,Pass,Initial,HASH_IDENTITY_707,
PROC003414,APP01707,UP003750,19:26.2,20:54.9,Pass,Initial,HASH_INCOME_707,
PROC003415,APP01708,UP003751,22:51.2,34:05.9,Pass,Initial,HASH_IDENTITY_708,
PROC003416,APP01708,UP003752,10:03.1,15:26.5,Pass,Initial,HASH_INCOME_708,
PROC003417,APP01709,UP003753,16:54.9,23:28.8,Pass,Re-validation,HASH_IDENTITY_709,Rule-triggered re-verification
PROC003418,APP01709,UP003754,24:27.6,38:34.2,Pass,Initial,HASH_INCOME_709,
PROC003419,APP01710,UP003755,22:57.5,35:32.0,Pass,Initial,HASH_IDENTITY_710,
PROC003420,APP01710,UP003756,23:21.2,32:47.1,Pass,Initial,HASH_INCOME_710,
PROC003421,APP01711,UP003757,38:56.9,46:30.6,Pass,Initial,HASH_IDENTITY_711,
PROC003422,APP01711,UP003758,43:05.1,52:57.9,Pass,Initial,HASH_INCOME_711,
PROC003423,APP01712,UP003759,45:21.1,50:21.0,Pass,Initial,HASH_IDENTITY_712,
PROC003424,APP01712,UP003760,51:50.8,03:51.8,Pass,Initial,HASH_INCOME_712,
PROC003425,APP01713,UP003761,27:25.2,28:25.2,Pass,Initial,HASH_IDENTITY_713,
PROC003426,APP01713,UP003762,30:48.2,43:03.1,Pass,Initial,HASH_INCOME_713,
PROC003427,APP01714,UP003763,02:14.4,12:56.6,Pass,Initial,HASH_IDENTITY_714,
PROC003428,APP01714,UP003764,00:07.3,01:07.3,Pass,Initial,HASH_INCOME_714,
PROC003429,APP01715,UP003765,09:51.2,21:23.2,Pass,Initial,HASH_IDENTITY_715,
PROC003430,APP01715,UP003766,01:25.0,12:38.2,Pass,Initial,HASH_INCOME_715,
PROC003431,APP01716,UP003768,10:58.9,15:39.7,Pass,Re-validation,HASH_IDENTITY_716,Retry after failed upload
PROC003432,APP01716,UP003769,38:52.6,39:52.6,Pass,Initial,HASH_INCOME_716,
PROC003433,APP01717,UP003770,24:50.0,33:01.9,Pass,Initial,HASH_IDENTITY_717,
PROC003434,APP01717,UP003771,38:41.5,46:46.6,Pass,Initial,HASH_INCOME_717,
PROC003435,APP01718,UP003772,33:27.0,43:26.8,Pass,Initial,HASH_IDENTITY_718,
PROC003436,APP01718,UP003773,50:27.3,56:01.7,Pass,Initial,HASH_INCOME_718,
PROC003437,APP01719,UP003774,03:53.3,04:53.3,Pass,Initial,HASH_IDENTITY_719,
PROC003438,APP01719,UP003777,24:13.8,33:55.0,Pass,Re-validation,HASH_INCOME_719,Retry after failed upload
PROC003439,APP01720,UP003778,28:47.3,32:49.7,Pass,Initial,HASH_IDENTITY_720,
PROC003440,APP01720,UP003779,41:06.2,47:07.4,Fail,Initial,HASH_INCOME_720,
PROC003441,APP01721,UP003780,08:54.1,21:30.5,Pass,Initial,HASH_IDENTITY_721,
PROC003442,APP01721,UP003781,18:51.4,26:04.5,Pass,Initial,HASH_INCOME_721,
PROC003443,APP01722,UP003782,46:55.2,54:40.4,Pass,Initial,HASH_IDENTITY_722,
PROC003444,APP01722,UP003783,44:54.1,51:13.4,Fail,Initial,HASH_INCOME_722,
PROC003445,APP01723,UP003784,24:24.7,33:29.9,Pass,Initial,HASH_IDENTITY_723,
PROC003446,APP01723,UP003785,38:03.4,45:04.1,Pass,Initial,HASH_INCOME_723,
PROC003447,APP01724,UP003786,34:13.6,38:10.7,Pass,Initial,HASH_IDENTITY_724,
PROC003448,APP01724,UP003787,32:24.4,47:20.9,Pass,Initial,HASH_INCOME_724,
PROC003449,APP01725,UP003788,42:00.1,52:34.1,Fail,Initial,HASH_IDENTITY_725,
PROC003450,APP01725,UP003789,33:41.5,37:29.4,Pass,Initial,HASH_INCOME_725,
PROC003451,APP01726,UP003790,53:40.1,55:17.3,Pass,Initial,HASH_IDENTITY_726,
PROC003452,APP01726,UP003791,09:20.4,15:35.1,Pass,Initial,HASH_INCOME_726,
PROC003453,APP01727,UP003792,25:28.8,37:13.1,Pass,Initial,HASH_IDENTITY_727,
PROC003454,APP01727,UP003793,34:09.6,44:19.0,Pass,Initial,HASH_INCOME_727,
PROC003455,APP01728,UP003794,39:19.1,40:19.1,Pass,Initial,HASH_IDENTITY_728,
PROC003456,APP01728,UP003797,53:13.6,00:01.2,Pass,Re-validation,HASH_INCOME_728,Retry after failed upload
PROC003457,APP01729,UP003798,20:22.1,29:14.1,Pass,Initial,HASH_IDENTITY_729,
PROC003458,APP01729,UP003799,35:59.8,40:03.9,Pass,Initial,HASH_INCOME_729,
PROC003459,APP01730,UP003800,12:53.1,13:53.1,Pass,Initial,HASH_IDENTITY_730,
PROC003460,APP01730,UP003801,09:46.0,11:16.4,Pass,Initial,HASH_INCOME_730,
PROC003461,APP01731,UP003802,21:32.2,29:05.9,Pass,Re-validation,HASH_IDENTITY_731,Rule-triggered re-verification
PROC003462,APP01731,UP003803,32:33.3,42:22.5,Pass,Initial,HASH_INCOME_731,
PROC003463,APP01732,UP003804,55:26.8,59:34.4,Pass,Initial,HASH_IDENTITY_732,
PROC003464,APP01732,UP003805,00:24.8,10:15.0,Pass,Initial,HASH_INCOME_732,
PROC003465,APP01733,UP003806,50:26.0,56:04.0,Pass,Initial,HASH_IDENTITY_733,
PROC003466,APP01733,UP003807,55:07.8,58:08.9,Pass,Initial,HASH_INCOME_733,
PROC003467,APP01734,UP003808,55:16.0,56:16.0,Pass,Initial,HASH_IDENTITY_734,
PROC003468,APP01734,UP003809,02:34.0,07:57.6,Pass,Initial,HASH_INCOME_734,
PROC003469,APP01735,UP003810,46:37.3,50:37.9,Pass,Initial,HASH_IDENTITY_735,
PROC003470,APP01735,UP003811,09:03.4,17:43.4,Pass,Initial,HASH_INCOME_735,
PROC003471,APP01736,UP003812,45:09.5,51:20.4,Pass,Initial,HASH_IDENTITY_736,
PROC003472,APP01736,UP003813,41:26.2,47:53.4,Pass,Initial,HASH_INCOME_736,
PROC003473,APP01737,UP003814,07:57.9,11:46.0,Pass,Initial,HASH_IDENTITY_737,
PROC003474,APP01737,UP003815,20:16.3,23:15.8,Pass,Re-validation,HASH_INCOME_737,Previous validation expired
PROC003475,APP01738,UP003816,41:14.2,52:58.3,Pass,Initial,HASH_IDENTITY_738,
PROC003476,APP01738,UP003817,30:30.4,31:30.4,Pass,Initial,HASH_INCOME_738,
PROC003477,APP01739,UP003818,32:24.6,39:34.9,Pass,Initial,HASH_IDENTITY_739,
PROC003478,APP01739,UP003819,39:41.9,42:07.2,Pass,Initial,HASH_INCOME_739,
PROC003479,APP01740,UP003820,32:09.8,37:59.1,Pass,Initial,HASH_IDENTITY_740,
PROC003480,APP01740,UP003821,35:12.8,41:57.9,Fail,Initial,HASH_INCOME_740,
PROC003481,APP01741,UP003822,31:41.5,43:19.4,Pass,Initial,HASH_IDENTITY_741,
PROC003482,APP01741,UP003823,36:22.2,45:50.7,Pass,Initial,HASH_INCOME_741,
PROC003483,APP01742,UP003824,04:09.1,06:44.2,Pass,Initial,HASH_IDENTITY_742,
PROC003484,APP01742,UP003825,57:34.8,02:00.9,Pass,Initial,HASH_INCOME_742,
PROC003485,APP01743,UP003826,25:44.2,26:44.2,Pass,Initial,HASH_IDENTITY_743,
PROC003486,APP01743,UP003827,36:00.5,38:47.6,Pass,Initial,HASH_INCOME_743,
PROC003487,APP01744,UP003828,07:16.5,20:12.3,Pass,Initial,HASH_IDENTITY_744,
PROC003488,APP01744,UP003829,12:08.6,17:22.1,Pass,Re-validation,HASH_INCOME_744,System could not reuse prior result
PROC003489,APP01745,UP003830,11:05.4,23:15.3,Pass,Initial,HASH_IDENTITY_745,
PROC003490,APP01745,UP003831,11:53.7,21:48.1,Pass,Initial,HASH_INCOME_745,
PROC003491,APP01746,UP003832,35:06.7,46:24.2,Pass,Initial,HASH_IDENTITY_746,
PROC003492,APP01746,UP003833,30:16.2,41:08.7,Pass,Initial,HASH_INCOME_746,
PROC003493,APP01747,UP003834,19:27.9,21:38.8,Pass,Initial,HASH_IDENTITY_747,
PROC003494,APP01747,UP003835,35:14.5,47:01.6,Pass,Initial,HASH_INCOME_747,
PROC003495,APP01748,UP003836,07:54.9,14:41.2,Pass,Initial,HASH_IDENTITY_748,
PROC003496,APP01748,UP003837,16:21.2,27:36.5,Pass,Initial,HASH_INCOME_748,
PROC003497,APP01749,UP003838,13:44.7,18:20.1,Pass,Initial,HASH_IDENTITY_749,
PROC003498,APP01749,UP003839,03:54.1,08:46.6,Pass,Initial,HASH_INCOME_749,
PROC003499,APP01750,UP003840,14:01.0,20:41.5,Pass,Initial,HASH_IDENTITY_750,
PROC003500,APP01750,UP003841,24:33.3,31:00.1,Pass,Initial,HASH_INCOME_750,
PROC003501,APP01751,UP003842,59:27.8,08:10.2,Pass,Initial,HASH_IDENTITY_751,
PROC003502,APP01751,UP003843,06:08.3,09:08.0,Pass,Initial,HASH_INCOME_751,
PROC003503,APP01752,UP003844,28:21.2,30:10.0,Pass,Initial,HASH_IDENTITY_752,
PROC003504,APP01752,UP003845,34:32.2,40:00.6,Pass,Initial,HASH_INCOME_752,
PROC003505,APP01753,UP003846,21:10.8,23:51.1,Pass,Initial,HASH_IDENTITY_753,
PROC003506,APP01753,UP003847,23:32.1,30:38.6,Pass,Re-validation,HASH_INCOME_753,Rule-triggered re-verification
PROC003507,APP01754,UP003848,59:31.5,06:22.1,Pass,Initial,HASH_IDENTITY_754,
PROC003508,APP01754,UP003850,14:27.8,22:43.7,Pass,Re-validation,HASH_INCOME_754,Retry after failed upload
PROC003509,APP01755,UP003851,39:31.6,40:31.6,Pass,Re-validation,HASH_IDENTITY_755,Rule-triggered re-verification
PROC003510,APP01755,UP003852,45:25.9,49:15.9,Pass,Initial,HASH_INCOME_755,
PROC003511,APP01756,UP003853,24:36.8,31:54.4,Pass,Initial,HASH_IDENTITY_756,
PROC003512,APP01756,UP003854,30:15.0,37:26.8,Pass,Initial,HASH_INCOME_756,
PROC003513,APP01757,UP003855,42:37.3,46:21.0,Pass,Initial,HASH_IDENTITY_757,
PROC003514,APP01757,UP003856,02:28.4,03:28.4,Pass,Re-validation,HASH_INCOME_757,Rule-triggered re-verification
PROC003515,APP01758,UP003857,12:36.9,13:41.7,Pass,Initial,HASH_IDENTITY_758,
PROC003516,APP01758,UP003858,03:16.2,11:48.6,Pass,Initial,HASH_INCOME_758,
PROC003517,APP01759,UP003859,10:18.5,13:52.5,Pass,Initial,HASH_IDENTITY_759,
PROC003518,APP01759,UP003860,19:36.0,20:36.0,Pass,Initial,HASH_INCOME_759,
PROC003519,APP01760,UP003861,45:50.6,46:50.6,Pass,Initial,HASH_IDENTITY_760,
PROC003520,APP01760,UP003862,57:20.9,08:05.8,Pass,Initial,HASH_INCOME_760,
PROC003521,APP01761,UP003863,35:18.5,43:08.8,Pass,Initial,HASH_IDENTITY_761,
PROC003522,APP01761,UP003866,32:09.7,34:23.1,Pass,Re-validation,HASH_INCOME_761,Retry after failed upload
PROC003523,APP01762,UP003867,24:55.0,34:23.7,Pass,Initial,HASH_IDENTITY_762,
PROC003524,APP01762,UP003868,42:44.2,45:00.1,Pass,Initial,HASH_INCOME_762,
PROC003525,APP01763,UP003869,02:14.5,07:46.6,Pass,Initial,HASH_IDENTITY_763,
PROC003526,APP01763,UP003870,54:46.2,02:09.7,Pass,Initial,HASH_INCOME_763,
PROC003527,APP01764,UP003871,14:30.4,19:06.0,Pass,Initial,HASH_IDENTITY_764,
PROC003528,APP01764,UP003872,28:18.9,43:56.6,Pass,Initial,HASH_INCOME_764,
PROC003529,APP01765,UP003873,15:04.4,24:11.3,Pass,Initial,HASH_IDENTITY_765,
PROC003530,APP01765,UP003874,04:54.7,07:11.8,Fail,Initial,HASH_INCOME_765,
PROC003531,APP01766,UP003875,32:13.0,39:54.7,Pass,Initial,HASH_IDENTITY_766,
PROC003532,APP01766,UP003876,32:27.3,39:17.1,Pass,Initial,HASH_INCOME_766,
PROC003533,APP01767,UP003877,14:12.5,20:46.8,Pass,Initial,HASH_IDENTITY_767,
PROC003534,APP01767,UP003878,13:03.9,14:03.9,Fail,Initial,HASH_INCOME_767,
PROC003535,APP01768,UP003879,51:50.6,53:57.8,Pass,Initial,HASH_IDENTITY_768,
PROC003536,APP01768,UP003880,05:51.1,08:01.9,Pass,Initial,HASH_INCOME_768,
PROC003537,APP01769,UP003881,38:00.4,41:27.3,Pass,Initial,HASH_IDENTITY_769,
PROC003538,APP01769,UP003882,00:48.0,11:23.1,Pass,Initial,HASH_INCOME_769,
PROC003539,APP01770,UP003883,58:04.4,59:04.4,Pass,Initial,HASH_IDENTITY_770,
PROC003540,APP01770,UP003885,43:11.9,44:28.7,Fail,Re-validation,HASH_INCOME_770,Retry after failed upload
PROC003541,APP01771,UP003886,01:10.6,10:25.1,Pass,Initial,HASH_IDENTITY_771,
PROC003542,APP01771,UP003887,03:23.3,15:10.9,Pass,Initial,HASH_INCOME_771,
PROC003543,APP01772,UP003888,27:07.3,33:42.6,Pass,Initial,HASH_IDENTITY_772,
PROC003544,APP01772,UP003889,27:00.5,34:22.8,Pass,Initial,HASH_INCOME_772,
PROC003545,APP01773,UP003890,33:07.9,34:59.8,Pass,Initial,HASH_IDENTITY_773,
PROC003546,APP01773,UP003891,38:23.2,39:23.2,Fail,Initial,HASH_INCOME_773,
PROC003547,APP01774,UP003892,55:48.8,03:24.9,Pass,Initial,HASH_IDENTITY_774,
PROC003548,APP01774,UP003893,50:52.6,57:06.7,Pass,Initial,HASH_INCOME_774,
PROC003549,APP01775,UP003894,57:05.0,09:05.4,Fail,Initial,HASH_IDENTITY_775,
PROC003550,APP01775,UP003895,14:28.4,15:28.4,Pass,Initial,HASH_INCOME_775,
PROC003551,APP01776,UP003896,12:01.4,25:51.6,Pass,Initial,HASH_IDENTITY_776,
PROC003552,APP01776,UP003897,22:05.9,23:41.4,Fail,Initial,HASH_INCOME_776,
PROC003553,APP01777,UP003898,13:01.8,18:12.2,Pass,Initial,HASH_IDENTITY_777,
PROC003554,APP01777,UP003899,01:47.2,13:34.7,Pass,Initial,HASH_INCOME_777,
PROC003555,APP01778,UP003900,52:42.2,55:35.6,Pass,Initial,HASH_IDENTITY_778,
PROC003556,APP01778,UP003901,08:15.0,15:28.8,Pass,Initial,HASH_INCOME_778,
PROC003557,APP01779,UP003902,27:19.0,29:35.4,Pass,Initial,HASH_IDENTITY_779,
PROC003558,APP01779,UP003903,57:20.7,06:18.5,Pass,Initial,HASH_INCOME_779,
PROC003559,APP01780,UP003904,58:25.3,06:22.4,Pass,Initial,HASH_IDENTITY_780,
PROC003560,APP01780,UP003905,54:20.5,58:54.4,Pass,Initial,HASH_INCOME_780,
PROC003561,APP01781,UP003906,43:59.6,51:54.8,Pass,Initial,HASH_IDENTITY_781,
PROC003562,APP01781,UP003907,38:29.3,45:14.0,Pass,Initial,HASH_INCOME_781,
PROC003563,APP01782,UP003908,53:29.9,56:51.6,Pass,Re-validation,HASH_IDENTITY_782,Previous validation expired
PROC003564,APP01782,UP003909,04:39.1,06:07.5,Pass,Initial,HASH_INCOME_782,
PROC003565,APP01783,UP003910,18:34.4,19:34.4,Fail,Initial,HASH_IDENTITY_783,
PROC003566,APP01783,UP003911,25:42.0,37:31.8,Pass,Initial,HASH_INCOME_783,
PROC003567,APP01784,UP003912,36:43.6,44:17.9,Pass,Initial,HASH_IDENTITY_784,
PROC003568,APP01784,UP003913,37:56.1,45:42.3,Pass,Initial,HASH_INCOME_784,
PROC003569,APP01785,UP003914,12:15.7,23:23.8,Pass,Initial,HASH_IDENTITY_785,
PROC003570,APP01785,UP003916,17:59.3,26:50.9,Pass,Re-validation,HASH_INCOME_785,Retry after failed upload
PROC003571,APP01786,UP003917,12:34.4,18:48.8,Pass,Initial,HASH_IDENTITY_786,
PROC003572,APP01786,UP003918,24:11.8,25:11.8,Pass,Initial,HASH_INCOME_786,
PROC003573,APP01787,UP003920,44:58.1,50:31.9,Pass,Re-validation,HASH_IDENTITY_787,Retry after failed upload
PROC003574,APP01787,UP003921,42:05.6,49:51.4,Pass,Initial,HASH_INCOME_787,
PROC003575,APP01788,UP003922,52:14.5,03:00.1,Pass,Initial,HASH_IDENTITY_788,
PROC003576,APP01788,UP003923,57:42.7,05:25.7,Pass,Initial,HASH_INCOME_788,
PROC003577,APP01789,UP003924,08:44.4,21:51.9,Pass,Initial,HASH_IDENTITY_789,
PROC003578,APP01789,UP003925,07:36.8,13:38.0,Pass,Re-validation,HASH_INCOME_789,System could not reuse prior result
PROC003579,APP01790,UP003926,18:11.8,19:11.8,Pass,Initial,HASH_IDENTITY_790,
PROC003580,APP01790,UP003927,25:28.8,30:09.6,Pass,Initial,HASH_INCOME_790,
PROC003581,APP01791,UP003928,21:17.2,27:44.8,Pass,Initial,HASH_IDENTITY_791,
PROC003582,APP01791,UP003929,35:41.5,41:12.5,Pass,Re-validation,HASH_INCOME_791,System could not reuse prior result
PROC003583,APP01792,UP003930,18:40.3,22:29.0,Pass,Initial,HASH_IDENTITY_792,
PROC003584,APP01792,UP003931,21:28.5,28:49.5,Pass,Initial,HASH_INCOME_792,
PROC003585,APP01793,UP003932,27:27.0,32:36.5,Pass,Initial,HASH_IDENTITY_793,
PROC003586,APP01793,UP003933,42:13.2,52:47.4,Pass,Initial,HASH_INCOME_793,
PROC003587,APP01794,UP003934,03:05.6,09:08.5,Pass,Initial,HASH_IDENTITY_794,
PROC003588,APP01794,UP003935,08:57.8,18:12.5,Pass,Initial,HASH_INCOME_794,
PROC003589,APP01795,UP003936,36:33.7,51:15.4,Pass,Initial,HASH_IDENTITY_795,
PROC003590,APP01795,UP003937,49:52.5,50:52.5,Pass,Initial,HASH_INCOME_795,
PROC003591,APP01796,UP003938,10:13.4,18:11.6,Pass,Initial,HASH_IDENTITY_796,
PROC003592,APP01796,UP003939,28:26.4,31:44.9,Pass,Initial,HASH_INCOME_796,
PROC003593,APP01797,UP003940,15:35.7,24:48.3,Pass,Initial,HASH_IDENTITY_797,
PROC003594,APP01797,UP003941,13:45.6,16:20.8,Pass,Initial,HASH_INCOME_797,
PROC003595,APP01798,UP003942,28:18.2,33:59.2,Pass,Initial,HASH_IDENTITY_798,
PROC003596,APP01798,UP003943,22:08.1,33:46.1,Pass,Initial,HASH_INCOME_798,
PROC003597,APP01799,UP003944,16:05.5,17:36.2,Pass,Initial,HASH_IDENTITY_799,
PROC003598,APP01799,UP003945,24:39.7,31:31.1,Pass,Initial,HASH_INCOME_799,
PROC003599,APP01800,UP003946,28:08.9,38:21.3,Pass,Initial,HASH_IDENTITY_800,
PROC003600,APP01800,UP003947,37:58.6,46:38.5,Pass,Initial,HASH_INCOME_800,
PROC003601,APP01801,UP003948,25:44.0,29:58.2,Pass,Initial,HASH_IDENTITY_801,
PROC003602,APP01801,UP003949,43:25.6,51:12.7,Pass,Initial,HASH_INCOME_801,
PROC003603,APP01802,UP003950,38:06.6,43:08.1,Pass,Initial,HASH_IDENTITY_802,
PROC003604,APP01802,UP003951,47:31.8,48:47.7,Pass,Initial,HASH_INCOME_802,
PROC003605,APP01803,UP003952,05:58.4,13:45.9,Pass,Re-validation,HASH_IDENTITY_803,Rule-triggered re-verification
PROC003606,APP01803,UP003953,26:42.2,30:58.0,Pass,Initial,HASH_INCOME_803,
PROC003607,APP01804,UP003954,16:45.2,31:30.6,Pass,Initial,HASH_IDENTITY_804,
PROC003608,APP01804,UP003955,19:32.7,21:47.8,Pass,Initial,HASH_INCOME_804,
PROC003609,APP01805,UP003956,33:32.9,40:26.4,Pass,Initial,HASH_IDENTITY_805,
PROC003610,APP01805,UP003957,50:12.1,00:01.2,Pass,Re-validation,HASH_INCOME_805,Rule-triggered re-verification
PROC003611,APP01806,UP003958,15:50.0,18:21.8,Pass,Initial,HASH_IDENTITY_806,
PROC003612,APP01806,UP003959,25:27.2,27:35.7,Pass,Initial,HASH_INCOME_806,
PROC003613,APP01807,UP003960,41:20.5,49:04.2,Pass,Initial,HASH_IDENTITY_807,
PROC003614,APP01807,UP003961,43:51.2,55:23.6,Pass,Initial,HASH_INCOME_807,
PROC003615,APP01808,UP003962,41:10.8,49:14.7,Pass,Initial,HASH_IDENTITY_808,
PROC003616,APP01808,UP003963,50:41.6,58:01.2,Pass,Initial,HASH_INCOME_808,
PROC003617,APP01809,UP003964,58:12.4,03:00.7,Pass,Initial,HASH_IDENTITY_809,
PROC003618,APP01809,UP003965,03:31.6,13:50.0,Pass,Re-validation,HASH_INCOME_809,Rule-triggered re-verification
PROC003619,APP01810,UP003966,06:50.1,08:56.7,Fail,Initial,HASH_IDENTITY_810,
PROC003620,APP01810,UP003967,11:39.6,18:36.4,Pass,Initial,HASH_INCOME_810,
PROC003621,APP01811,UP003968,08:11.9,16:16.5,Pass,Initial,HASH_IDENTITY_811,
PROC003622,APP01811,UP003970,16:47.0,26:09.0,Pass,Re-validation,HASH_INCOME_811,Retry after failed upload
PROC003623,APP01812,UP003971,13:23.9,19:09.7,Pass,Initial,HASH_IDENTITY_812,
PROC003624,APP01812,UP003972,21:27.1,28:53.0,Pass,Initial,HASH_INCOME_812,
PROC003625,APP01813,UP003973,10:53.6,16:05.2,Pass,Initial,HASH_IDENTITY_813,
PROC003626,APP01813,UP003974,16:41.8,23:20.8,Pass,Initial,HASH_INCOME_813,
PROC003627,APP01814,UP003975,03:45.9,11:34.9,Pass,Re-validation,HASH_IDENTITY_814,System could not reuse prior result
PROC003628,APP01814,UP003976,17:18.9,27:29.0,Pass,Initial,HASH_INCOME_814,
PROC003629,APP01815,UP003977,23:16.3,31:52.6,Pass,Initial,HASH_IDENTITY_815,
PROC003630,APP01815,UP003978,31:39.5,35:12.4,Pass,Initial,HASH_INCOME_815,
PROC003631,APP01816,UP003979,08:22.3,13:55.8,Pass,Initial,HASH_IDENTITY_816,
PROC003632,APP01816,UP003980,10:25.5,18:08.0,Pass,Initial,HASH_INCOME_816,
PROC003633,APP01817,UP003981,31:29.4,42:42.2,Pass,Initial,HASH_IDENTITY_817,
PROC003634,APP01817,UP003982,25:53.1,29:22.1,Pass,Initial,HASH_INCOME_817,
PROC003635,APP01818,UP003983,43:41.1,49:41.8,Pass,Initial,HASH_IDENTITY_818,
PROC003636,APP01818,UP003984,39:21.4,49:13.4,Pass,Initial,HASH_INCOME_818,
PROC003637,APP01819,UP003985,41:39.3,49:23.4,Fail,Initial,HASH_IDENTITY_819,
PROC003638,APP01819,UP003986,17:16.5,22:28.7,Pass,Initial,HASH_INCOME_819,
PROC003639,APP01820,UP003987,17:10.9,18:10.9,Pass,Initial,HASH_IDENTITY_820,
PROC003640,APP01820,UP003988,30:07.1,38:41.9,Fail,Initial,HASH_INCOME_820,
PROC003641,APP01821,UP003989,13:55.0,21:01.0,Fail,Re-validation,HASH_IDENTITY_821,Previous validation expired
PROC003642,APP01821,UP003990,21:31.4,31:14.6,Pass,Initial,HASH_INCOME_821,
PROC003643,APP01822,UP003991,11:18.8,15:24.5,Pass,Initial,HASH_IDENTITY_822,
PROC003644,APP01822,UP003992,16:10.0,25:59.1,Pass,Initial,HASH_INCOME_822,
PROC003645,APP01823,UP003993,57:21.7,08:48.4,Pass,Initial,HASH_IDENTITY_823,
PROC003646,APP01823,UP003994,00:48.7,03:53.5,Pass,Initial,HASH_INCOME_823,
PROC003647,APP01824,UP003995,42:34.0,44:15.8,Pass,Initial,HASH_IDENTITY_824,
PROC003648,APP01824,UP003996,49:52.4,55:45.8,Pass,Initial,HASH_INCOME_824,
PROC003649,APP01825,UP003997,08:27.5,16:37.9,Pass,Initial,HASH_IDENTITY_825,
PROC003650,APP01825,UP003998,15:06.4,18:31.7,Pass,Initial,HASH_INCOME_825,
PROC003651,APP01826,UP003999,21:24.1,31:38.1,Pass,Initial,HASH_IDENTITY_826,
PROC003652,APP01826,UP004000,18:21.8,27:28.8,Pass,Initial,HASH_INCOME_826,
PROC003653,APP01827,UP004001,46:16.2,58:58.0,Pass,Initial,HASH_IDENTITY_827,
PROC003654,APP01827,UP004004,52:36.3,55:12.8,Pass,Re-validation,HASH_INCOME_827,Retry after failed upload
PROC003655,APP01828,UP004005,20:01.8,24:49.6,Pass,Initial,HASH_IDENTITY_828,
PROC003656,APP01828,UP004006,13:51.5,17:04.7,Pass,Initial,HASH_INCOME_828,
PROC003657,APP01829,UP004007,15:38.6,20:05.9,Pass,Initial,HASH_IDENTITY_829,
PROC003658,APP01829,UP004008,12:25.2,19:33.0,Pass,Initial,HASH_INCOME_829,
PROC003659,APP01830,UP004009,46:03.8,49:25.2,Pass,Initial,HASH_IDENTITY_830,
PROC003660,APP01830,UP004010,58:44.6,10:39.8,Fail,Initial,HASH_INCOME_830,
PROC003661,APP01831,UP004011,15:17.3,21:07.3,Pass,Initial,HASH_IDENTITY_831,
PROC003662,APP01831,UP004012,26:42.1,36:34.0,Pass,Initial,HASH_INCOME_831,
PROC003663,APP01832,UP004014,26:13.3,32:21.3,Pass,Re-validation,HASH_IDENTITY_832,Retry after failed upload
PROC003664,APP01832,UP004015,32:59.5,40:58.8,Pass,Initial,HASH_INCOME_832,
PROC003665,APP01833,UP004016,40:09.6,48:26.3,Fail,Initial,HASH_IDENTITY_833,
PROC003666,APP01833,UP004017,53:24.6,54:24.6,Pass,Initial,HASH_INCOME_833,
PROC003667,APP01834,UP004018,05:51.0,06:51.0,Pass,Re-validation,HASH_IDENTITY_834,Previous validation expired
PROC003668,APP01834,UP004019,59:35.7,00:35.7,Pass,Initial,HASH_INCOME_834,
PROC003669,APP01835,UP004020,55:14.6,07:04.3,Pass,Initial,HASH_IDENTITY_835,
PROC003670,APP01835,UP004021,05:44.1,10:48.5,Pass,Initial,HASH_INCOME_835,
PROC003671,APP01836,UP004022,27:55.1,31:30.1,Pass,Initial,HASH_IDENTITY_836,
PROC003672,APP01836,UP004023,24:39.4,27:33.2,Pass,Re-validation,HASH_INCOME_836,Previous validation expired
PROC003673,APP01837,UP004024,22:27.1,23:27.1,Pass,Initial,HASH_IDENTITY_837,
PROC003674,APP01837,UP004025,23:56.1,24:56.1,Fail,Initial,HASH_INCOME_837,
PROC003675,APP01838,UP004026,05:55.1,19:08.2,Pass,Initial,HASH_IDENTITY_838,
PROC003676,APP01838,UP004027,52:23.4,00:38.1,Pass,Initial,HASH_INCOME_838,
PROC003677,APP01839,UP004028,11:10.3,12:10.3,Pass,Initial,HASH_IDENTITY_839,
PROC003678,APP01839,UP004029,35:25.6,37:46.6,Pass,Initial,HASH_INCOME_839,
PROC003679,APP01840,UP004030,36:17.9,39:31.6,Pass,Initial,HASH_IDENTITY_840,
PROC003680,APP01840,UP004031,39:26.1,43:24.2,Pass,Initial,HASH_INCOME_840,
PROC003681,APP01841,UP004032,51:18.5,57:37.8,Pass,Initial,HASH_IDENTITY_841,
PROC003682,APP01841,UP004033,48:27.8,49:27.8,Pass,Initial,HASH_INCOME_841,
PROC003683,APP01842,UP004034,11:45.4,19:43.6,Pass,Initial,HASH_IDENTITY_842,
PROC003684,APP01842,UP004036,23:42.9,30:10.4,Pass,Re-validation,HASH_INCOME_842,Retry after failed upload
PROC003685,APP01843,UP004037,12:02.0,14:39.5,Pass,Initial,HASH_IDENTITY_843,
PROC003686,APP01843,UP004038,15:00.3,16:00.3,Pass,Initial,HASH_INCOME_843,
PROC003687,APP01844,UP004039,42:57.7,50:31.9,Pass,Initial,HASH_IDENTITY_844,
PROC003688,APP01844,UP004040,44:21.6,49:49.4,Pass,Initial,HASH_INCOME_844,
PROC003689,APP01845,UP004041,26:48.5,30:53.7,Pass,Re-validation,HASH_IDENTITY_845,System could not reuse prior result
PROC003690,APP01845,UP004042,39:03.3,44:36.7,Pass,Initial,HASH_INCOME_845,
PROC003691,APP01846,UP004043,35:31.2,49:17.9,Pass,Initial,HASH_IDENTITY_846,
PROC003692,APP01846,UP004044,51:49.3,53:24.2,Pass,Initial,HASH_INCOME_846,
PROC003693,APP01847,UP004045,00:17.6,06:10.0,Pass,Initial,HASH_IDENTITY_847,
PROC003694,APP01847,UP004046,07:36.2,15:03.0,Pass,Initial,HASH_INCOME_847,
PROC003695,APP01848,UP004047,40:53.4,45:10.1,Pass,Initial,HASH_IDENTITY_848,
PROC003696,APP01848,UP004048,44:31.9,51:48.8,Pass,Initial,HASH_INCOME_848,
PROC003697,APP01849,UP004049,08:48.6,13:58.6,Pass,Initial,HASH_IDENTITY_849,
PROC003698,APP01849,UP004050,19:09.4,23:14.6,Pass,Initial,HASH_INCOME_849,
PROC003699,APP01850,UP004051,39:56.5,47:13.1,Pass,Initial,HASH_IDENTITY_850,
PROC003700,APP01850,UP004053,18:31.2,24:41.4,Pass,Re-validation,HASH_INCOME_850,Retry after failed upload
PROC003701,APP01851,UP004054,25:26.9,32:51.5,Pass,Initial,HASH_IDENTITY_851,
PROC003702,APP01851,UP004055,34:26.1,40:07.9,Pass,Initial,HASH_INCOME_851,
PROC003703,APP01852,UP004056,31:38.6,36:42.5,Pass,Re-validation,HASH_IDENTITY_852,Previous validation expired
PROC003704,APP01852,UP004057,28:17.4,37:04.8,Pass,Initial,HASH_INCOME_852,
PROC003705,APP01853,UP004058,09:37.0,12:09.6,Pass,Initial,HASH_IDENTITY_853,
PROC003706,APP01853,UP004059,09:26.2,17:09.7,Pass,Initial,HASH_INCOME_853,
PROC003707,APP01854,UP004060,50:54.7,55:49.2,Pass,Initial,HASH_IDENTITY_854,
PROC003708,APP01854,UP004061,54:27.7,56:59.3,Pass,Initial,HASH_INCOME_854,
PROC003709,APP01855,UP004062,42:25.7,43:25.7,Pass,Initial,HASH_IDENTITY_855,
PROC003710,APP01855,UP004063,47:09.3,52:06.2,Pass,Initial,HASH_INCOME_855,
PROC003711,APP01856,UP004064,24:58.0,27:57.6,Pass,Initial,HASH_IDENTITY_856,
PROC003712,APP01856,UP004065,39:05.4,44:50.6,Pass,Initial,HASH_INCOME_856,
PROC003713,APP01857,UP004066,56:16.9,58:28.7,Pass,Initial,HASH_IDENTITY_857,
PROC003714,APP01857,UP004067,37:24.9,40:27.7,Fail,Initial,HASH_INCOME_857,
PROC003715,APP01858,UP004068,45:56.0,02:03.7,Pass,Initial,HASH_IDENTITY_858,
PROC003716,APP01858,UP004069,40:41.6,41:41.6,Pass,Initial,HASH_INCOME_858,
PROC003717,APP01859,UP004070,57:41.0,01:16.3,Pass,Initial,HASH_IDENTITY_859,
PROC003718,APP01859,UP004071,59:43.0,02:01.4,Pass,Initial,HASH_INCOME_859,
PROC003719,APP01860,UP004072,08:42.3,19:35.1,Pass,Initial,HASH_IDENTITY_860,
PROC003720,APP01860,UP004073,12:01.1,18:07.4,Pass,Initial,HASH_INCOME_860,
PROC003721,APP01861,UP004074,01:03.4,03:47.8,Pass,Initial,HASH_IDENTITY_861,
PROC003722,APP01861,UP004075,14:19.0,17:06.5,Pass,Initial,HASH_INCOME_861,
PROC003723,APP01862,UP004076,08:10.1,19:52.9,Pass,Initial,HASH_IDENTITY_862,
PROC003724,APP01862,UP004077,12:54.1,21:21.4,Pass,Initial,HASH_INCOME_862,
PROC003725,APP01863,UP004078,12:12.0,18:16.8,Pass,Initial,HASH_IDENTITY_863,
PROC003726,APP01863,UP004079,13:29.3,17:48.6,Pass,Initial,HASH_INCOME_863,
PROC003727,APP01864,UP004080,03:38.6,11:03.0,Pass,Initial,HASH_IDENTITY_864,
PROC003728,APP01864,UP004081,03:28.1,09:09.4,Pass,Initial,HASH_INCOME_864,
PROC003729,APP01865,UP004082,51:32.7,01:37.6,Pass,Initial,HASH_IDENTITY_865,
PROC003730,APP01865,UP004083,06:40.7,16:34.5,Pass,Initial,HASH_INCOME_865,
PROC003731,APP01866,UP004084,07:17.2,08:17.2,Pass,Initial,HASH_IDENTITY_866,
PROC003732,APP01866,UP004085,07:06.2,15:16.5,Pass,Initial,HASH_INCOME_866,
PROC003733,APP01867,UP004086,21:59.6,37:54.0,Pass,Initial,HASH_IDENTITY_867,
PROC003734,APP01867,UP004087,19:42.6,27:53.9,Pass,Initial,HASH_INCOME_867,
PROC003735,APP01868,UP004088,41:31.6,47:56.3,Pass,Initial,HASH_IDENTITY_868,
PROC003736,APP01868,UP004089,49:47.4,03:06.4,Pass,Initial,HASH_INCOME_868,
PROC003737,APP01869,UP004090,04:41.6,08:53.8,Pass,Initial,HASH_IDENTITY_869,
PROC003738,APP01869,UP004091,21:54.1,22:54.1,Pass,Initial,HASH_INCOME_869,
PROC003739,APP01870,UP004092,24:45.2,27:29.9,Pass,Initial,HASH_IDENTITY_870,
PROC003740,APP01870,UP004093,37:00.9,46:00.0,Pass,Initial,HASH_INCOME_870,
PROC003741,APP01871,UP004094,08:54.6,21:46.3,Pass,Initial,HASH_IDENTITY_871,
PROC003742,APP01871,UP004095,16:27.5,25:22.9,Pass,Initial,HASH_INCOME_871,
PROC003743,APP01872,UP004096,06:11.2,09:22.7,Pass,Initial,HASH_IDENTITY_872,
PROC003744,APP01872,UP004097,16:37.0,19:42.9,Pass,Initial,HASH_INCOME_872,
PROC003745,APP01873,UP004098,59:38.0,04:07.9,Pass,Initial,HASH_IDENTITY_873,
PROC003746,APP01873,UP004100,01:20.5,02:20.5,Pass,Re-validation,HASH_INCOME_873,Retry after failed upload
PROC003747,APP01874,UP004101,43:29.4,56:11.8,Pass,Initial,HASH_IDENTITY_874,
PROC003748,APP01874,UP004102,51:45.3,57:38.5,Pass,Initial,HASH_INCOME_874,
PROC003749,APP01875,UP004103,58:37.5,02:45.2,Pass,Initial,HASH_IDENTITY_875,
PROC003750,APP01875,UP004104,40:24.6,49:49.3,Pass,Initial,HASH_INCOME_875,
PROC003751,APP01876,UP004105,06:54.1,14:55.2,Pass,Initial,HASH_IDENTITY_876,
PROC003752,APP01876,UP004106,07:48.0,16:09.4,Pass,Initial,HASH_INCOME_876,
PROC003753,APP01877,UP004107,38:09.2,42:00.1,Pass,Initial,HASH_IDENTITY_877,
PROC003754,APP01877,UP004108,47:00.8,55:34.0,Pass,Initial,HASH_INCOME_877,
PROC003755,APP01878,UP004109,26:43.4,32:35.5,Fail,Initial,HASH_IDENTITY_878,
PROC003756,APP01878,UP004110,42:00.4,44:00.4,Pass,Initial,HASH_INCOME_878,
PROC003757,APP01879,UP004111,24:12.8,35:38.1,Pass,Initial,HASH_IDENTITY_879,
PROC003758,APP01879,UP004112,34:09.1,45:59.5,Pass,Initial,HASH_INCOME_879,
PROC003759,APP01880,UP004113,53:29.2,01:54.9,Pass,Initial,HASH_IDENTITY_880,
PROC003760,APP01880,UP004114,49:27.1,59:24.1,Pass,Initial,HASH_INCOME_880,
PROC003761,APP01881,UP004115,58:16.6,07:39.7,Pass,Initial,HASH_IDENTITY_881,
PROC003762,APP01881,UP004116,54:31.6,01:21.9,Pass,Initial,HASH_INCOME_881,
PROC003763,APP01882,UP004117,42:17.6,51:34.7,Pass,Initial,HASH_IDENTITY_882,
PROC003764,APP01882,UP004118,53:54.9,01:35.4,Pass,Initial,HASH_INCOME_882,
PROC003765,APP01883,UP004120,45:15.4,50:07.8,Pass,Re-validation,HASH_IDENTITY_883,Retry after failed upload
PROC003766,APP01883,UP004121,51:44.6,56:05.9,Pass,Initial,HASH_INCOME_883,
PROC003767,APP01884,UP004122,50:25.7,52:05.9,Pass,Initial,HASH_IDENTITY_884,
PROC003768,APP01884,UP004123,51:00.2,59:36.7,Fail,Initial,HASH_INCOME_884,
PROC003769,APP01885,UP004124,43:05.4,47:55.0,Fail,Initial,HASH_IDENTITY_885,
PROC003770,APP01885,UP004125,36:25.6,45:04.5,Pass,Initial,HASH_INCOME_885,
PROC003771,APP01886,UP004126,23:01.5,26:46.4,Pass,Initial,HASH_IDENTITY_886,
PROC003772,APP01886,UP004127,18:02.6,21:57.8,Pass,Initial,HASH_INCOME_886,
PROC003773,APP01887,UP004128,41:52.5,45:22.6,Pass,Re-validation,HASH_IDENTITY_887,Previous validation expired
PROC003774,APP01887,UP004129,59:28.1,05:07.7,Pass,Initial,HASH_INCOME_887,
PROC003775,APP01888,UP004130,51:48.9,00:01.8,Pass,Initial,HASH_IDENTITY_888,
PROC003776,APP01888,UP004131,48:35.5,50:37.0,Pass,Initial,HASH_INCOME_888,
PROC003777,APP01889,UP004132,18:09.9,21:51.6,Pass,Initial,HASH_IDENTITY_889,
PROC003778,APP01889,UP004133,40:19.1,44:31.5,Pass,Initial,HASH_INCOME_889,
PROC003779,APP01890,UP004134,18:32.4,26:11.2,Fail,Initial,HASH_IDENTITY_890,
PROC003780,APP01890,UP004135,35:55.3,41:53.0,Pass,Initial,HASH_INCOME_890,
PROC003781,APP01891,UP004136,40:15.6,54:21.9,Pass,Initial,HASH_IDENTITY_891,
PROC003782,APP01891,UP004137,58:43.2,02:44.5,Pass,Initial,HASH_INCOME_891,
PROC003783,APP01892,UP004138,53:48.3,54:48.3,Pass,Initial,HASH_IDENTITY_892,
PROC003784,APP01892,UP004139,57:13.2,02:49.6,Pass,Initial,HASH_INCOME_892,
PROC003785,APP01893,UP004140,11:50.4,16:33.7,Pass,Initial,HASH_IDENTITY_893,
PROC003786,APP01893,UP004143,14:42.2,15:42.2,Pass,Re-validation,HASH_INCOME_893,Retry after failed upload
PROC003787,APP01894,UP004144,18:53.5,19:53.5,Pass,Initial,HASH_IDENTITY_894,
PROC003788,APP01894,UP004145,45:49.1,51:28.8,Pass,Initial,HASH_INCOME_894,
PROC003789,APP01895,UP004146,09:05.2,15:36.3,Pass,Initial,HASH_IDENTITY_895,
PROC003790,APP01895,UP004147,13:34.4,25:53.7,Pass,Initial,HASH_INCOME_895,
PROC003791,APP01896,UP004148,18:40.3,24:54.6,Pass,Initial,HASH_IDENTITY_896,
PROC003792,APP01896,UP004149,17:26.7,27:28.2,Pass,Initial,HASH_INCOME_896,
PROC003793,APP01897,UP004150,36:27.3,40:12.3,Pass,Initial,HASH_IDENTITY_897,
PROC003794,APP01897,UP004151,36:18.0,42:56.8,Pass,Initial,HASH_INCOME_897,
PROC003795,APP01898,UP004152,12:03.2,13:03.2,Pass,Initial,HASH_IDENTITY_898,
PROC003796,APP01898,UP004153,33:43.5,44:02.6,Pass,Initial,HASH_INCOME_898,
PROC003797,APP01899,UP004154,08:21.5,10:01.0,Pass,Initial,HASH_IDENTITY_899,
PROC003798,APP01899,UP004155,34:57.3,41:56.8,Pass,Initial,HASH_INCOME_899,
PROC003799,APP01900,UP004156,42:35.9,44:23.7,Pass,Initial,HASH_IDENTITY_900,
PROC003800,APP01900,UP004157,47:25.6,57:50.9,Fail,Initial,HASH_INCOME_900,
PROC003801,APP01901,UP004158,32:19.1,33:23.1,Pass,Initial,HASH_IDENTITY_901,
PROC003802,APP01901,UP004159,29:15.3,35:19.3,Pass,Initial,HASH_INCOME_901,
PROC003803,APP01902,UP004160,26:15.4,32:16.4,Pass,Initial,HASH_IDENTITY_902,
PROC003804,APP01902,UP004161,50:51.2,55:13.0,Pass,Initial,HASH_INCOME_902,
PROC003805,APP01903,UP004162,23:05.3,25:50.3,Pass,Initial,HASH_IDENTITY_903,
PROC003806,APP01903,UP004163,20:38.2,21:38.2,Fail,Initial,HASH_INCOME_903,
PROC003807,APP01904,UP004164,38:52.4,42:49.5,Pass,Initial,HASH_IDENTITY_904,
PROC003808,APP01904,UP004165,38:21.9,39:21.9,Pass,Initial,HASH_INCOME_904,
PROC003809,APP01905,UP004166,04:56.6,16:04.2,Pass,Initial,HASH_IDENTITY_905,
PROC003810,APP01905,UP004169,00:38.2,09:20.8,Pass,Re-validation,HASH_INCOME_905,Retry after failed upload
PROC003811,APP01906,UP004170,15:25.5,26:06.7,Fail,Initial,HASH_IDENTITY_906,
PROC003812,APP01906,UP004171,23:15.3,33:09.3,Pass,Initial,HASH_INCOME_906,
PROC003813,APP01907,UP004172,42:41.6,47:57.3,Fail,Initial,HASH_IDENTITY_907,
PROC003814,APP01907,UP004174,56:23.4,07:42.6,Pass,Re-validation,HASH_INCOME_907,Retry after failed upload
PROC003815,APP01908,UP004175,38:34.7,39:56.1,Fail,Initial,HASH_IDENTITY_908,
PROC003816,APP01908,UP004176,36:22.7,42:58.2,Pass,Initial,HASH_INCOME_908,
PROC003817,APP01909,UP004177,05:43.9,12:58.2,Pass,Initial,HASH_IDENTITY_909,
PROC003818,APP01909,UP004178,52:32.9,53:48.4,Pass,Initial,HASH_INCOME_909,
PROC003819,APP01910,UP004179,57:43.7,03:49.7,Pass,Initial,HASH_IDENTITY_910,
PROC003820,APP01910,UP004180,04:15.7,09:56.8,Pass,Initial,HASH_INCOME_910,
PROC003821,APP01911,UP004181,27:50.2,35:08.3,Pass,Initial,HASH_IDENTITY_911,
PROC003822,APP01911,UP004182,42:43.6,50:44.2,Pass,Initial,HASH_INCOME_911,
PROC003823,APP01912,UP004183,54:30.1,03:59.6,Pass,Initial,HASH_IDENTITY_912,
PROC003824,APP01912,UP004184,57:29.0,58:29.0,Pass,Initial,HASH_INCOME_912,
PROC003825,APP01913,UP004185,11:10.4,12:29.7,Pass,Initial,HASH_IDENTITY_913,
PROC003826,APP01913,UP004186,22:01.1,29:41.8,Pass,Initial,HASH_INCOME_913,
PROC003827,APP01914,UP004189,01:40.8,05:24.1,Pass,Re-validation,HASH_IDENTITY_914,Retry after failed upload
PROC003828,APP01914,UP004190,09:45.4,13:59.9,Pass,Initial,HASH_INCOME_914,
PROC003829,APP01915,UP004191,53:06.4,56:48.9,Pass,Initial,HASH_IDENTITY_915,
PROC003830,APP01915,UP004192,01:48.5,15:19.9,Pass,Initial,HASH_INCOME_915,
PROC003831,APP01916,UP004193,13:06.5,18:27.7,Pass,Initial,HASH_IDENTITY_916,
PROC003832,APP01916,UP004194,11:10.5,14:06.1,Pass,Initial,HASH_INCOME_916,
PROC003833,APP01917,UP004195,17:01.1,24:13.6,Pass,Initial,HASH_IDENTITY_917,
PROC003834,APP01917,UP004198,24:53.4,26:13.0,Pass,Re-validation,HASH_INCOME_917,Retry after failed upload
PROC003835,APP01918,UP004199,12:20.7,19:43.1,Pass,Initial,HASH_IDENTITY_918,
PROC003836,APP01918,UP004200,13:31.3,18:52.9,Pass,Initial,HASH_INCOME_918,
PROC003837,APP01919,UP004201,14:26.9,17:06.8,Pass,Initial,HASH_IDENTITY_919,
PROC003838,APP01919,UP004202,02:40.0,12:42.3,Pass,Initial,HASH_INCOME_919,
PROC003839,APP01920,UP004203,37:58.3,41:22.6,Pass,Initial,HASH_IDENTITY_920,
PROC003840,APP01920,UP004204,46:15.8,52:43.5,Pass,Initial,HASH_INCOME_920,
PROC003841,APP01921,UP004205,24:13.3,31:12.4,Pass,Initial,HASH_IDENTITY_921,
PROC003842,APP01921,UP004206,41:16.0,44:45.2,Pass,Initial,HASH_INCOME_921,
PROC003843,APP01922,UP004207,29:05.9,40:51.6,Pass,Initial,HASH_IDENTITY_922,
PROC003844,APP01922,UP004208,43:15.8,45:55.8,Pass,Initial,HASH_INCOME_922,
PROC003845,APP01923,UP004210,06:06.2,11:08.4,Pass,Re-validation,HASH_IDENTITY_923,Retry after failed upload
PROC003846,APP01923,UP004211,15:43.2,19:38.7,Fail,Initial,HASH_INCOME_923,
PROC003847,APP01924,UP004212,13:12.2,17:58.6,Pass,Initial,HASH_IDENTITY_924,
PROC003848,APP01924,UP004213,16:02.6,20:07.3,Pass,Initial,HASH_INCOME_924,
PROC003849,APP01925,UP004214,26:50.4,39:51.0,Pass,Initial,HASH_IDENTITY_925,
PROC003850,APP01925,UP004215,30:46.2,31:46.2,Pass,Initial,HASH_INCOME_925,
PROC003851,APP01926,UP004216,31:33.8,41:26.7,Pass,Re-validation,HASH_IDENTITY_926,Rule-triggered re-verification
PROC003852,APP01926,UP004217,33:08.7,46:43.0,Pass,Initial,HASH_INCOME_926,
PROC003853,APP01927,UP004218,03:11.0,06:26.1,Fail,Initial,HASH_IDENTITY_927,
PROC003854,APP01927,UP004219,06:00.8,14:18.2,Fail,Initial,HASH_INCOME_927,
PROC003855,APP01928,UP004220,54:11.3,05:08.2,Pass,Initial,HASH_IDENTITY_928,
PROC003856,APP01928,UP004221,45:59.6,48:16.9,Pass,Initial,HASH_INCOME_928,
PROC003857,APP01929,UP004222,37:50.2,46:49.0,Pass,Initial,HASH_IDENTITY_929,
PROC003858,APP01929,UP004224,28:37.6,40:20.3,Pass,Re-validation,HASH_INCOME_929,Retry after failed upload
PROC003859,APP01930,UP004225,08:11.7,15:16.9,Pass,Initial,HASH_IDENTITY_930,
PROC003860,APP01930,UP004226,25:40.2,26:40.2,Pass,Initial,HASH_INCOME_930,
PROC003861,APP01931,UP004228,41:05.7,50:01.2,Pass,Re-validation,HASH_IDENTITY_931,Retry after failed upload
PROC003862,APP01931,UP004231,45:21.4,55:20.4,Pass,Re-validation,HASH_INCOME_931,Retry after failed upload
PROC003863,APP01932,UP004232,46:59.0,52:47.1,Pass,Initial,HASH_IDENTITY_932,
PROC003864,APP01932,UP004233,51:48.6,52:48.6,Pass,Initial,HASH_INCOME_932,
PROC003865,APP01933,UP004234,50:21.1,51:21.1,Pass,Initial,HASH_IDENTITY_933,
PROC003866,APP01933,UP004235,08:49.4,12:24.4,Pass,Initial,HASH_INCOME_933,
PROC003867,APP01934,UP004236,07:16.4,10:49.5,Pass,Initial,HASH_IDENTITY_934,
PROC003868,APP01934,UP004237,16:37.8,23:46.8,Pass,Initial,HASH_INCOME_934,
PROC003869,APP01935,UP004238,20:54.1,29:28.4,Pass,Initial,HASH_IDENTITY_935,
PROC003870,APP01935,UP004240,32:39.4,33:39.4,Fail,Re-validation,HASH_INCOME_935,Retry after failed upload
PROC003871,APP01936,UP004241,00:44.7,02:32.6,Pass,Initial,HASH_IDENTITY_936,
PROC003872,APP01936,UP004242,09:51.0,12:14.7,Pass,Initial,HASH_INCOME_936,
PROC003873,APP01937,UP004243,53:32.9,59:22.1,Pass,Re-validation,HASH_IDENTITY_937,Rule-triggered re-verification
PROC003874,APP01937,UP004244,28:07.1,33:21.9,Pass,Initial,HASH_INCOME_937,
PROC003875,APP01938,UP004245,30:17.8,38:04.7,Pass,Initial,HASH_IDENTITY_938,
PROC003876,APP01938,UP004246,36:37.0,43:23.8,Pass,Initial,HASH_INCOME_938,
PROC003877,APP01939,UP004247,24:09.2,27:46.1,Pass,Initial,HASH_IDENTITY_939,
PROC003878,APP01939,UP004248,31:08.5,32:08.5,Pass,Initial,HASH_INCOME_939,
PROC003879,APP01940,UP004249,20:45.8,24:50.2,Pass,Initial,HASH_IDENTITY_940,
PROC003880,APP01940,UP004250,32:36.3,40:25.7,Pass,Initial,HASH_INCOME_940,
PROC003881,APP01941,UP004252,19:45.6,34:07.2,Pass,Re-validation,HASH_IDENTITY_941,Retry after failed upload
PROC003882,APP01941,UP004253,13:18.5,18:08.1,Pass,Initial,HASH_INCOME_941,
PROC003883,APP01942,UP004254,56:14.3,00:38.5,Fail,Initial,HASH_IDENTITY_942,
PROC003884,APP01942,UP004255,52:36.1,56:49.6,Pass,Initial,HASH_INCOME_942,
PROC003885,APP01943,UP004258,06:28.7,16:19.8,Pass,Re-validation,HASH_IDENTITY_943,Retry after failed upload
PROC003886,APP01943,UP004259,27:14.7,28:14.7,Pass,Initial,HASH_INCOME_943,
PROC003887,APP01944,UP004260,25:40.8,33:32.4,Pass,Initial,HASH_IDENTITY_944,
PROC003888,APP01944,UP004261,47:12.3,55:31.1,Pass,Initial,HASH_INCOME_944,
PROC003889,APP01945,UP004262,23:26.8,25:41.0,Pass,Initial,HASH_IDENTITY_945,
PROC003890,APP01945,UP004263,31:40.6,36:17.4,Pass,Initial,HASH_INCOME_945,
PROC003891,APP01946,UP004264,48:45.5,04:09.1,Pass,Initial,HASH_IDENTITY_946,
PROC003892,APP01946,UP004265,48:14.9,56:25.8,Pass,Initial,HASH_INCOME_946,
PROC003893,APP01947,UP004268,11:29.6,17:46.6,Pass,Re-validation,HASH_IDENTITY_947,Retry after failed upload
PROC003894,APP01947,UP004269,19:10.1,21:49.5,Pass,Initial,HASH_INCOME_947,
PROC003895,APP01948,UP004270,01:08.5,06:32.7,Pass,Initial,HASH_IDENTITY_948,
PROC003896,APP01948,UP004271,39:44.2,47:18.4,Pass,Initial,HASH_INCOME_948,
PROC003897,APP01949,UP004274,19:58.3,23:09.0,Pass,Re-validation,HASH_IDENTITY_949,Retry after failed upload
PROC003898,APP01949,UP004275,38:03.5,39:03.5,Pass,Initial,HASH_INCOME_949,
PROC003899,APP01950,UP004276,48:05.3,54:23.7,Pass,Initial,HASH_IDENTITY_950,
PROC003900,APP01950,UP004279,02:41.3,13:13.4,Pass,Re-validation,HASH_INCOME_950,Retry after failed upload
PROC003901,APP01951,UP004280,10:54.5,17:09.2,Pass,Initial,HASH_IDENTITY_951,
PROC003902,APP01951,UP004281,26:29.4,33:29.4,Pass,Initial,HASH_INCOME_951,
PROC003903,APP01952,UP004282,24:20.4,26:21.6,Pass,Initial,HASH_IDENTITY_952,
PROC003904,APP01952,UP004283,28:29.2,42:35.7,Pass,Initial,HASH_INCOME_952,
PROC003905,APP01953,UP004284,23:43.6,27:29.3,Pass,Initial,HASH_IDENTITY_953,
PROC003906,APP01953,UP004285,28:57.1,35:08.6,Pass,Initial,HASH_INCOME_953,
PROC003907,APP01954,UP004286,18:32.7,20:41.4,Pass,Initial,HASH_IDENTITY_954,
PROC003908,APP01954,UP004287,35:17.2,36:17.2,Pass,Initial,HASH_INCOME_954,
PROC003909,APP01955,UP004288,04:28.6,10:24.6,Pass,Initial,HASH_IDENTITY_955,
PROC003910,APP01955,UP004289,49:48.7,51:42.7,Pass,Initial,HASH_INCOME_955,
PROC003911,APP01956,UP004290,31:19.5,40:37.1,Pass,Initial,HASH_IDENTITY_956,
PROC003912,APP01956,UP004291,36:37.8,45:27.2,Pass,Initial,HASH_INCOME_956,
PROC003913,APP01957,UP004292,49:42.0,59:34.4,Pass,Initial,HASH_IDENTITY_957,
PROC003914,APP01957,UP004293,34:49.1,38:36.3,Pass,Initial,HASH_INCOME_957,
PROC003915,APP01958,UP004294,46:36.7,53:19.6,Pass,Initial,HASH_IDENTITY_958,
PROC003916,APP01958,UP004297,56:53.5,57:53.5,Pass,Re-validation,HASH_INCOME_958,Retry after failed upload
PROC003917,APP01959,UP004298,30:00.3,33:06.3,Pass,Initial,HASH_IDENTITY_959,
PROC003918,APP01959,UP004299,32:37.2,44:05.9,Pass,Initial,HASH_INCOME_959,
PROC003919,APP01960,UP004300,09:38.3,15:35.4,Pass,Initial,HASH_IDENTITY_960,
PROC003920,APP01960,UP004301,24:00.6,30:54.6,Pass,Initial,HASH_INCOME_960,
PROC003921,APP01961,UP004302,52:21.6,01:47.1,Pass,Initial,HASH_IDENTITY_961,
PROC003922,APP01961,UP004303,02:57.9,04:14.4,Pass,Initial,HASH_INCOME_961,
PROC003923,APP01962,UP004304,55:06.8,59:33.6,Pass,Initial,HASH_IDENTITY_962,
PROC003924,APP01962,UP004305,05:37.4,09:04.2,Pass,Initial,HASH_INCOME_962,
PROC003925,APP01963,UP004306,33:37.3,40:52.5,Pass,Initial,HASH_IDENTITY_963,
PROC003926,APP01963,UP004307,38:10.0,39:59.0,Pass,Initial,HASH_INCOME_963,
PROC003927,APP01964,UP004308,27:06.0,28:33.9,Pass,Re-validation,HASH_IDENTITY_964,Previous validation expired
PROC003928,APP01964,UP004309,27:34.5,33:49.5,Pass,Initial,HASH_INCOME_964,
PROC003929,APP01965,UP004310,00:29.5,04:25.4,Pass,Initial,HASH_IDENTITY_965,
PROC003930,APP01965,UP004311,09:58.0,19:49.6,Pass,Initial,HASH_INCOME_965,
PROC003931,APP01966,UP004312,30:32.7,35:55.4,Fail,Initial,HASH_IDENTITY_966,
PROC003932,APP01966,UP004313,41:01.0,43:03.1,Pass,Initial,HASH_INCOME_966,
PROC003933,APP01967,UP004314,37:38.1,47:46.1,Pass,Re-validation,HASH_IDENTITY_967,Previous validation expired
PROC003934,APP01967,UP004315,53:01.3,56:17.2,Pass,Initial,HASH_INCOME_967,
PROC003935,APP01968,UP004316,23:22.9,32:39.1,Pass,Initial,HASH_IDENTITY_968,
PROC003936,APP01968,UP004318,25:59.0,34:04.2,Pass,Re-validation,HASH_INCOME_968,Retry after failed upload
PROC003937,APP01969,UP004319,36:53.2,44:39.2,Pass,Initial,HASH_IDENTITY_969,
PROC003938,APP01969,UP004320,54:19.1,59:20.9,Fail,Initial,HASH_INCOME_969,
PROC003939,APP01970,UP004321,08:43.7,13:35.0,Pass,Initial,HASH_IDENTITY_970,
PROC003940,APP01970,UP004322,12:44.2,22:47.3,Pass,Initial,HASH_INCOME_970,
PROC003941,APP01971,UP004323,53:37.3,56:12.5,Pass,Initial,HASH_IDENTITY_971,
PROC003942,APP01971,UP004324,50:53.9,53:23.0,Pass,Initial,HASH_INCOME_971,
PROC003943,APP01972,UP004325,16:56.7,20:24.3,Pass,Initial,HASH_IDENTITY_972,
PROC003944,APP01972,UP004326,18:06.2,23:55.9,Fail,Initial,HASH_INCOME_972,
PROC003945,APP01973,UP004327,47:16.5,53:37.7,Pass,Re-validation,HASH_IDENTITY_973,System could not reuse prior result
PROC003946,APP01973,UP004328,49:18.0,54:14.5,Pass,Initial,HASH_INCOME_973,
PROC003947,APP01974,UP004329,06:18.8,16:50.5,Pass,Initial,HASH_IDENTITY_974,
PROC003948,APP01974,UP004330,14:34.8,27:28.5,Pass,Re-validation,HASH_INCOME_974,System could not reuse prior result
PROC003949,APP01975,UP004331,04:08.7,09:17.9,Pass,Initial,HASH_IDENTITY_975,
PROC003950,APP01975,UP004334,06:37.1,13:07.8,Pass,Re-validation,HASH_INCOME_975,Retry after failed upload
PROC003951,APP01976,UP004335,34:53.8,35:53.8,Pass,Initial,HASH_IDENTITY_976,
PROC003952,APP01976,UP004336,31:56.0,44:28.3,Pass,Initial,HASH_INCOME_976,
PROC003953,APP01977,UP004337,05:02.1,16:07.5,Pass,Initial,HASH_IDENTITY_977,
PROC003954,APP01977,UP004338,04:00.7,09:11.7,Fail,Initial,HASH_INCOME_977,
PROC003955,APP01978,UP004339,02:31.0,03:31.0,Pass,Initial,HASH_IDENTITY_978,
PROC003956,APP01978,UP004340,20:13.9,28:01.2,Pass,Initial,HASH_INCOME_978,
PROC003957,APP01979,UP004341,19:00.6,22:42.7,Pass,Initial,HASH_IDENTITY_979,
PROC003958,APP01979,UP004343,24:33.8,31:58.3,Pass,Re-validation,HASH_INCOME_979,Retry after failed upload
PROC003959,APP01980,UP004344,09:08.7,13:14.2,Pass,Initial,HASH_IDENTITY_980,
PROC003960,APP01980,UP004345,14:52.5,20:31.3,Pass,Initial,HASH_INCOME_980,
PROC003961,APP01981,UP004346,37:21.9,40:01.9,Pass,Initial,HASH_IDENTITY_981,
PROC003962,APP01981,UP004347,42:00.4,45:58.7,Pass,Initial,HASH_INCOME_981,
PROC003963,APP01982,UP004348,37:59.9,40:57.5,Pass,Initial,HASH_IDENTITY_982,
PROC003964,APP01982,UP004349,38:01.4,45:28.3,Pass,Initial,HASH_INCOME_982,
PROC003965,APP01983,UP004350,07:20.4,13:28.1,Pass,Initial,HASH_IDENTITY_983,
PROC003966,APP01983,UP004351,13:56.5,23:19.1,Pass,Initial,HASH_INCOME_983,
PROC003967,APP01984,UP004352,12:15.6,19:42.2,Pass,Initial,HASH_IDENTITY_984,
PROC003968,APP01984,UP004353,29:28.3,33:24.2,Pass,Initial,HASH_INCOME_984,
PROC003969,APP01985,UP004354,30:16.8,38:11.3,Pass,Initial,HASH_IDENTITY_985,
PROC003970,APP01985,UP004355,50:51.9,01:53.9,Pass,Re-validation,HASH_INCOME_985,Previous validation expired
PROC003971,APP01986,UP004356,18:30.1,29:16.2,Pass,Initial,HASH_IDENTITY_986,
PROC003972,APP01986,UP004357,20:08.5,21:08.5,Pass,Initial,HASH_INCOME_986,
PROC003973,APP01987,UP004358,49:43.1,52:10.0,Pass,Initial,HASH_IDENTITY_987,
PROC003974,APP01987,UP004359,54:45.5,58:04.8,Pass,Initial,HASH_INCOME_987,
PROC003975,APP01988,UP004360,33:43.9,35:02.2,Fail,Initial,HASH_IDENTITY_988,
PROC003976,APP01988,UP004361,38:17.9,44:12.7,Pass,Initial,HASH_INCOME_988,
PROC003977,APP01989,UP004362,08:27.0,11:00.0,Pass,Initial,HASH_IDENTITY_989,
PROC003978,APP01989,UP004363,03:41.8,04:41.9,Pass,Initial,HASH_INCOME_989,
PROC003979,APP01990,UP004364,30:36.2,31:48.6,Pass,Initial,HASH_IDENTITY_990,
PROC003980,APP01990,UP004365,30:44.0,31:44.0,Pass,Initial,HASH_INCOME_990,
PROC003981,APP01991,UP004366,58:27.2,05:33.1,Pass,Initial,HASH_IDENTITY_991,
PROC003982,APP01991,UP004367,13:55.4,27:01.8,Pass,Initial,HASH_INCOME_991,
PROC003983,APP01992,UP004368,03:14.2,04:14.2,Pass,Initial,HASH_IDENTITY_992,
PROC003984,APP01992,UP004369,06:00.9,14:10.7,Pass,Initial,HASH_INCOME_992,
PROC003985,APP01993,UP004370,24:10.2,25:10.2,Pass,Initial,HASH_IDENTITY_993,
PROC003986,APP01993,UP004371,28:23.7,40:08.1,Pass,Initial,HASH_INCOME_993,
PROC003987,APP01994,UP004372,01:32.8,11:39.5,Pass,Initial,HASH_IDENTITY_994,
PROC003988,APP01994,UP004373,10:34.0,21:36.5,Pass,Initial,HASH_INCOME_994,
PROC003989,APP01995,UP004374,38:45.0,45:05.9,Fail,Initial,HASH_IDENTITY_995,
PROC003990,APP01995,UP004375,49:30.4,53:09.1,Pass,Initial,HASH_INCOME_995,
PROC003991,APP01996,UP004376,32:12.5,41:08.0,Pass,Initial,HASH_IDENTITY_996,
PROC003992,APP01996,UP004377,31:17.9,39:56.1,Pass,Initial,HASH_INCOME_996,
PROC003993,APP01997,UP004378,56:02.5,57:11.5,Pass,Initial,HASH_IDENTITY_997,
PROC003994,APP01997,UP004379,56:53.4,01:21.2,Pass,Initial,HASH_INCOME_997,
PROC003995,APP01998,UP004380,09:42.9,19:32.0,Pass,Initial,HASH_IDENTITY_998,
PROC003996,APP01998,UP004381,24:27.1,30:55.9,Pass,Initial,HASH_INCOME_998,
PROC003997,APP01999,UP004382,33:55.2,42:09.5,Pass,Initial,HASH_IDENTITY_999,
PROC003998,APP01999,UP004383,27:35.6,33:10.5,Pass,Initial,HASH_INCOME_999,
PROC003999,APP02000,UP004384,31:51.7,37:49.2,Pass,Initial,HASH_IDENTITY_000,
PROC004000,APP02000,UP004385,16:08.0,17:08.0,Pass,Initial,HASH_INCOME_000,
PROC004001,APP02001,UP004386,16:36.0,32:20.7,Pass,Initial,HASH_IDENTITY_001,
PROC004002,APP02001,UP004387,15:43.2,26:37.9,Pass,Re-validation,HASH_INCOME_001,Previous validation expired
PROC004003,APP02001,UP004388,09:38.9,32:33.3,Pass,Initial,HASH_ADDITIONAL_DOCUMENT_001,
PROC004004,APP02002,UP004389,00:59.4,19:29.9,Pass,Initial,HASH_IDENTITY_002,
PROC004005,APP02002,UP004390,22:33.3,36:55.9,Pass,Re-validation,HASH_INCOME_002,Previous validation expired
PROC004006,APP02002,UP004391,20:11.1,46:24.5,Pass,Initial,HASH_ADDITIONAL_DOCUMENT_002,
PROC004007,APP02003,UP004392,45:25.3,01:34.3,Pass,Re-validation,HASH_IDENTITY_003,Previous validation expired
PROC004008,APP02003,UP004393,57:39.3,04:13.3,Pass,Initial,HASH_INCOME_003,
PROC004009,APP02003,UP004396,08:26.9,19:47.9,Pass,Re-validation,HASH_ADDITIONAL_DOCUMENT_003,Retry after failed upload
PROC004010,APP02004,UP004398,45:29.9,08:22.3,Pass,Re-validation,HASH_IDENTITY_004,Retry after failed upload
PROC004011,APP02004,UP004399,46:15.8,05:59.8,Pass,Initial,HASH_INCOME_004,
PROC004012,APP02004,UP004400,01:45.2,26:49.5,Pass,Re-validation,HASH_ADDITIONAL_DOCUMENT_004,Previous validation expired
PROC004013,APP02005,UP004401,15:43.8,37:09.5,Fail,Initial,HASH_IDENTITY_005,
PROC004014,APP02005,UP004402,20:04.9,29:46.5,Pass,Initial,HASH_INCOME_005,
PROC004015,APP02005,UP004403,15:30.4,40:30.7,Pass,Initial,HASH_ADDITIONAL_DOCUMENT_005,
PROC004016,APP02006,UP004404,47:38.8,59:05.1,Pass,Initial,HASH_IDENTITY_006,
PROC004017,APP02006,UP004405,52:15.0,08:32.4,Pass,Initial,HASH_INCOME_006,
PROC004018,APP02006,UP004406,52:09.1,13:30.6,Fail,Initial,HASH_ADDITIONAL_DOCUMENT_006,
PROC004019,APP02007,UP004407,09:20.6,21:00.3,Pass,Re-validation,HASH_IDENTITY_007,System could not reuse prior result
PROC004020,APP02007,UP004408,24:13.0,36:48.3,Pass,Initial,HASH_INCOME_007,
PROC004021,APP02007,UP004409,45:55.0,03:58.1,Pass,Initial,HASH_ADDITIONAL_DOCUMENT_007,
PROC004022,APP02008,UP004410,08:12.3,31:08.7,Pass,Initial,HASH_IDENTITY_008,
PROC004023,APP02008,UP004412,09:47.0,25:03.2,Pass,Re-validation,HASH_INCOME_008,Retry after failed upload
PROC004024,APP02008,UP004413,20:00.6,35:49.4,Pass,Initial,HASH_ADDITIONAL_DOCUMENT_008,
PROC004025,APP02009,UP004414,48:40.2,02:28.1,Pass,Initial,HASH_IDENTITY_009,
PROC004026,APP02009,UP004415,44:43.6,56:54.6,Fail,Initial,HASH_INCOME_009,
PROC004027,APP02009,UP004417,57:59.7,21:30.6,Pass,Re-validation,HASH_ADDITIONAL_DOCUMENT_009,Retry after failed upload
PROC004028,APP02010,UP004418,42:37.0,57:07.9,Pass,Initial,HASH_IDENTITY_010,
PROC004029,APP02010,UP004419,22:41.0,34:09.9,Pass,Re-validation,HASH_INCOME_010,Rule-triggered re-verification
PROC004030,APP02010,UP004420,50:52.0,12:42.1,Pass,Initial,HASH_ADDITIONAL_DOCUMENT_010,
PROC004031,APP02011,UP004421,49:20.4,10:44.9,Pass,Re-validation,HASH_IDENTITY_011,Previous validation expired
PROC004032,APP02011,UP004422,45:59.8,03:23.7,Pass,Initial,HASH_INCOME_011,
PROC004033,APP02011,UP004423,06:06.4,29:58.9,Pass,Initial,HASH_ADDITIONAL_DOCUMENT_011,
PROC004034,APP02012,UP004424,43:19.5,05:53.7,Pass,Initial,HASH_IDENTITY_012,
PROC004035,APP02012,UP004425,43:10.0,57:46.7,Pass,Initial,HASH_INCOME_012,
PROC004036,APP02012,UP004426,52:51.9,17:19.0,Pass,Initial,HASH_ADDITIONAL_DOCUMENT_012,
PROC004037,APP02013,UP004427,37:15.9,51:23.1,Pass,Initial,HASH_IDENTITY_013,
PROC004038,APP02013,UP004428,43:47.5,54:41.4,Pass,Initial,HASH_INCOME_013,
PROC004039,APP02013,UP004429,10:07.5,35:22.1,Pass,Initial,HASH_ADDITIONAL_DOCUMENT_013,
PROC004040,APP02014,UP004430,46:47.7,04:46.6,Pass,Re-validation,HASH_IDENTITY_014,Previous validation expired
PROC004041,APP02014,UP004431,50:21.0,01:40.5,Pass,Initial,HASH_INCOME_014,
PROC004042,APP02014,UP004432,00:40.4,28:47.7,Pass,Initial,HASH_ADDITIONAL_DOCUMENT_014,
PROC004043,APP02015,UP004433,36:40.1,46:56.4,Pass,Initial,HASH_IDENTITY_015,
PROC004044,APP02015,UP004434,44:41.2,02:01.1,Fail,Initial,HASH_INCOME_015,
PROC004045,APP02015,UP004435,11:48.0,35:17.6,Pass,Initial,HASH_ADDITIONAL_DOCUMENT_015,
PROC004046,APP02016,UP004437,44:58.3,59:17.3,Pass,Re-validation,HASH_IDENTITY_016,Retry after failed upload
PROC004047,APP02016,UP004438,57:55.5,11:11.6,Pass,Re-validation,HASH_INCOME_016,System could not reuse prior result
PROC004048,APP02016,UP004439,14:39.8,31:55.7,Pass,Re-validation,HASH_ADDITIONAL_DOCUMENT_016,Rule-triggered re-verification
PROC004049,APP02017,UP004440,59:51.8,10:29.5,Pass,Initial,HASH_IDENTITY_017,
PROC004050,APP02017,UP004442,22:47.6,41:10.3,Pass,Re-validation,HASH_INCOME_017,Retry after failed upload
PROC004051,APP02017,UP004443,23:16.5,44:52.7,Pass,Re-validation,HASH_ADDITIONAL_DOCUMENT_017,System could not reuse prior result
PROC004052,APP02018,UP004444,02:39.7,16:02.8,Pass,Initial,HASH_IDENTITY_018,
PROC004053,APP02018,UP004445,18:30.9,29:16.0,Pass,Initial,HASH_INCOME_018,
PROC004054,APP02018,UP004446,36:03.5,56:57.9,Pass,Re-validation,HASH_ADDITIONAL_DOCUMENT_018,Rule-triggered re-verification
PROC004055,APP02019,UP004447,00:17.6,13:08.3,Pass,Initial,HASH_IDENTITY_019,
PROC004056,APP02019,UP004448,09:17.2,24:06.7,Pass,Re-validation,HASH_INCOME_019,Rule-triggered re-verification
PROC004057,APP02019,UP004449,23:27.9,42:36.5,Pass,Initial,HASH_ADDITIONAL_DOCUMENT_019,
PROC004058,APP02020,UP004450,32:59.5,47:00.6,Fail,Initial,HASH_IDENTITY_020,
PROC004059,APP02020,UP004451,35:34.6,51:07.2,Pass,Initial,HASH_INCOME_020,
PROC004060,APP02020,UP004452,36:49.5,49:16.5,Pass,Initial,HASH_ADDITIONAL_DOCUMENT_020,
PROC004061,APP02021,UP004453,11:02.9,24:41.0,Pass,Re-validation,HASH_IDENTITY_021,Previous validation expired
PROC004062,APP02021,UP004454,06:34.2,18:16.7,Pass,Initial,HASH_INCOME_021,
PROC004063,APP02021,UP004455,16:37.4,44:33.1,Pass,Re-validation,HASH_ADDITIONAL_DOCUMENT_021,System could not reuse prior result
PROC004064,APP02022,UP004456,04:03.9,17:32.5,Pass,Initial,HASH_IDENTITY_022,
PROC004065,APP02022,UP004457,17:09.5,36:00.2,Pass,Initial,HASH_INCOME_022,
PROC004066,APP02022,UP004458,25:01.2,49:48.2,Pass,Initial,HASH_ADDITIONAL_DOCUMENT_022,
PROC004067,APP02023,UP004459,45:53.3,08:11.0,Fail,Initial,HASH_IDENTITY_023,
PROC004068,APP02023,UP004460,54:17.0,20:44.3,Pass,Initial,HASH_INCOME_023,
PROC004069,APP02023,UP004461,04:07.3,22:50.5,Pass,Initial,HASH_ADDITIONAL_DOCUMENT_023,
PROC004070,APP02024,UP004462,26:18.6,40:32.9,Fail,Initial,HASH_IDENTITY_024,
PROC004071,APP02024,UP004463,24:43.3,43:42.9,Pass,Initial,HASH_INCOME_024,
PROC004072,APP02024,UP004464,32:47.2,56:20.4,Pass,Initial,HASH_ADDITIONAL_DOCUMENT_024,
PROC004073,APP02025,UP004465,50:43.4,00:26.6,Pass,Initial,HASH_IDENTITY_025,
PROC004074,APP02025,UP004467,10:26.0,22:21.5,Pass,Re-validation,HASH_INCOME_025,Retry after failed upload
PROC004075,APP02025,UP004468,08:28.8,34:21.5,Fail,Re-validation,HASH_ADDITIONAL_DOCUMENT_025,System could not reuse prior result
PROC004076,APP02026,UP004469,57:33.7,10:43.4,Pass,Initial,HASH_IDENTITY_026,
PROC004077,APP02026,UP004470,47:24.0,02:05.2,Pass,Initial,HASH_INCOME_026,
PROC004078,APP02026,UP004471,57:33.3,21:13.3,Pass,Initial,HASH_ADDITIONAL_DOCUMENT_026,
PROC004079,APP02027,UP004472,29:15.3,44:18.2,Pass,Initial,HASH_IDENTITY_027,
PROC004080,APP02027,UP004473,42:42.1,00:43.4,Pass,Initial,HASH_INCOME_027,
PROC004081,APP02027,UP004474,52:50.6,20:12.8,Pass,Initial,HASH_ADDITIONAL_DOCUMENT_027,
PROC004082,APP02028,UP004476,08:25.3,25:07.1,Pass,Re-validation,HASH_IDENTITY_028,Retry after failed upload
PROC004083,APP02028,UP004477,14:31.1,25:47.3,Fail,Re-validation,HASH_INCOME_028,Rule-triggered re-verification
PROC004084,APP02028,UP004478,13:26.3,33:04.2,Pass,Initial,HASH_ADDITIONAL_DOCUMENT_028,
PROC004085,APP02029,UP004479,42:51.9,55:45.9,Pass,Initial,HASH_IDENTITY_029,
PROC004086,APP02029,UP004480,47:05.3,02:35.7,Pass,Re-validation,HASH_INCOME_029,System could not reuse prior result
PROC004087,APP02029,UP004483,55:00.2,30:35.1,Pass,Re-validation,HASH_ADDITIONAL_DOCUMENT_029,Retry after failed upload
PROC004088,APP02030,UP004484,33:25.4,47:06.0,Pass,Initial,HASH_IDENTITY_030,
PROC004089,APP02030,UP004485,58:26.0,11:33.5,Pass,Initial,HASH_INCOME_030,
PROC004090,APP02030,UP004486,01:35.7,24:22.5,Pass,Initial,HASH_ADDITIONAL_DOCUMENT_030,
PROC004091,APP02031,UP004487,45:21.2,53:27.5,Pass,Re-validation,HASH_IDENTITY_031,Rule-triggered re-verification
PROC004092,APP02031,UP004488,51:05.0,02:15.3,Pass,Initial,HASH_INCOME_031,
PROC004093,APP02031,UP004489,55:42.0,25:26.8,Pass,Initial,HASH_ADDITIONAL_DOCUMENT_031,
PROC004094,APP02032,UP004490,44:59.6,58:39.0,Pass,Initial,HASH_IDENTITY_032,
PROC004095,APP02032,UP004491,09:16.9,28:19.1,Pass,Initial,HASH_INCOME_032,
PROC004096,APP02032,UP004492,08:57.9,38:41.9,Pass,Re-validation,HASH_ADDITIONAL_DOCUMENT_032,Rule-triggered re-verification
PROC004097,APP02033,UP004493,15:43.2,32:33.2,Fail,Re-validation,HASH_IDENTITY_033,System could not reuse prior result
PROC004098,APP02033,UP004494,26:38.0,39:14.4,Pass,Re-validation,HASH_INCOME_033,Rule-triggered re-verification
PROC004099,APP02033,UP004495,35:48.0,02:49.4,Pass,Initial,HASH_ADDITIONAL_DOCUMENT_033,
PROC004100,APP02034,UP004496,27:13.2,38:49.9,Pass,Initial,HASH_IDENTITY_034,
PROC004101,APP02034,UP004498,38:00.8,51:56.6,Pass,Re-validation,HASH_INCOME_034,Retry after failed upload
PROC004102,APP02034,UP004499,42:59.4,05:16.1,Pass,Initial,HASH_ADDITIONAL_DOCUMENT_034,
PROC004103,APP02035,UP004500,30:00.3,36:22.9,Pass,Initial,HASH_IDENTITY_035,
PROC004104,APP02035,UP004501,28:11.4,45:47.7,Pass,Initial,HASH_INCOME_035,
PROC004105,APP02035,UP004502,52:04.1,18:45.9,Pass,Initial,HASH_ADDITIONAL_DOCUMENT_035,
PROC004106,APP02036,UP004503,57:06.9,13:11.2,Pass,Initial,HASH_IDENTITY_036,
PROC004107,APP02036,UP004504,54:32.1,07:51.7,Pass,Re-validation,HASH_INCOME_036,Rule-triggered re-verification
PROC004108,APP02036,UP004506,05:23.5,30:38.1,Pass,Re-validation,HASH_ADDITIONAL_DOCUMENT_036,Retry after failed upload
PROC004109,APP02037,UP004507,44:44.6,59:54.9,Pass,Re-validation,HASH_IDENTITY_037,System could not reuse prior result
PROC004110,APP02037,UP004508,49:17.4,08:52.2,Pass,Initial,HASH_INCOME_037,
PROC004111,APP02037,UP004509,02:45.5,26:42.9,Pass,Initial,HASH_ADDITIONAL_DOCUMENT_037,
PROC004112,APP02038,UP004511,09:21.7,22:14.2,Pass,Re-validation,HASH_IDENTITY_038,Retry after failed upload
PROC004113,APP02038,UP004512,02:31.7,19:40.7,Pass,Initial,HASH_INCOME_038,
PROC004114,APP02038,UP004515,28:39.5,53:51.6,Pass,Re-validation,HASH_ADDITIONAL_DOCUMENT_038,Retry after failed upload
PROC004115,APP02039,UP004516,50:34.7,06:23.1,Pass,Initial,HASH_IDENTITY_039,
PROC004116,APP02039,UP004517,56:47.9,11:47.8,Pass,Re-validation,HASH_INCOME_039,System could not reuse prior result
PROC004117,APP02039,UP004518,09:14.4,36:44.9,Pass,Initial,HASH_ADDITIONAL_DOCUMENT_039,
PROC004118,APP02040,UP004519,55:02.2,08:33.9,Pass,Initial,HASH_IDENTITY_040,
PROC004119,APP02040,UP004521,50:45.0,05:37.9,Pass,Re-validation,HASH_INCOME_040,Retry after failed upload
PROC004120,APP02040,UP004522,12:01.6,34:24.8,Pass,Initial,HASH_ADDITIONAL_DOCUMENT_040,
PROC004121,APP02041,UP004523,54:10.1,14:17.3,Pass,Initial,HASH_IDENTITY_041,
PROC004122,APP02041,UP004525,01:41.6,15:58.2,Pass,Re-validation,HASH_INCOME_041,Retry after failed upload
PROC004123,APP02041,UP004526,11:38.8,29:51.4,Pass,Re-validation,HASH_ADDITIONAL_DOCUMENT_041,System could not reuse prior result
PROC004124,APP02042,UP004527,27:57.6,45:47.6,Pass,Initial,HASH_IDENTITY_042,
PROC004125,APP02042,UP004528,33:09.0,48:43.3,Pass,Re-validation,HASH_INCOME_042,Rule-triggered re-verification
PROC004126,APP02042,UP004531,58:07.4,24:17.8,Pass,Re-validation,HASH_ADDITIONAL_DOCUMENT_042,Retry after failed upload
PROC004127,APP02043,UP004533,42:02.6,52:49.9,Pass,Re-validation,HASH_IDENTITY_043,Retry after failed upload
PROC004128,APP02043,UP004534,29:14.7,49:00.6,Pass,Initial,HASH_INCOME_043,
PROC004129,APP02043,UP004536,57:22.4,20:50.2,Pass,Re-validation,HASH_ADDITIONAL_DOCUMENT_043,Retry after failed upload
PROC004130,APP02044,UP004537,41:36.7,53:08.9,Pass,Re-validation,HASH_IDENTITY_044,Rule-triggered re-verification
PROC004131,APP02044,UP004538,40:28.4,00:03.8,Pass,Initial,HASH_INCOME_044,
PROC004132,APP02044,UP004540,03:04.8,21:06.4,Pass,Re-validation,HASH_ADDITIONAL_DOCUMENT_044,Retry after failed upload
PROC004133,APP02045,UP004541,26:00.9,45:38.9,Pass,Initial,HASH_IDENTITY_045,
PROC004134,APP02045,UP004543,30:15.4,47:37.9,Pass,Re-validation,HASH_INCOME_045,Retry after failed upload
PROC004135,APP02045,UP004544,48:14.2,06:30.9,Pass,Initial,HASH_ADDITIONAL_DOCUMENT_045,
PROC004136,APP02046,UP004547,00:12.3,26:04.1,Pass,Re-validation,HASH_IDENTITY_046,Retry after failed upload
PROC004137,APP02046,UP004548,07:04.3,19:37.8,Pass,Initial,HASH_INCOME_046,
PROC004138,APP02046,UP004549,20:44.4,43:49.2,Pass,Initial,HASH_ADDITIONAL_DOCUMENT_046,
PROC004139,APP02047,UP004550,03:38.3,12:02.2,Pass,Initial,HASH_IDENTITY_047,
PROC004140,APP02047,UP004551,17:37.1,28:25.5,Pass,Initial,HASH_INCOME_047,
PROC004141,APP02047,UP004552,36:22.4,00:51.0,Pass,Initial,HASH_ADDITIONAL_DOCUMENT_047,
PROC004142,APP02048,UP004553,39:36.0,54:20.1,Pass,Re-validation,HASH_IDENTITY_048,Previous validation expired
PROC004143,APP02048,UP004554,41:15.1,52:01.6,Pass,Initial,HASH_INCOME_048,
PROC004144,APP02048,UP004557,49:29.4,12:17.4,Pass,Re-validation,HASH_ADDITIONAL_DOCUMENT_048,Retry after failed upload
PROC004145,APP02049,UP004558,15:17.8,27:47.4,Pass,Initial,HASH_IDENTITY_049,
PROC004146,APP02049,UP004559,32:34.0,52:37.2,Pass,Initial,HASH_INCOME_049,
PROC004147,APP02049,UP004560,29:52.4,52:09.1,Fail,Re-validation,HASH_ADDITIONAL_DOCUMENT_049,System could not reuse prior result
PROC004148,APP02050,UP004561,44:04.8,01:04.2,Pass,Initial,HASH_IDENTITY_050,
PROC004149,APP02050,UP004562,41:56.8,57:56.7,Pass,Initial,HASH_INCOME_050,
PROC004150,APP02050,UP004564,48:12.8,13:45.4,Pass,Re-validation,HASH_ADDITIONAL_DOCUMENT_050,Retry after failed upload
PROC004151,APP02051,UP004565,31:36.4,41:32.2,Pass,Initial,HASH_IDENTITY_051,
PROC004152,APP02051,UP004566,45:37.3,05:32.4,Pass,Initial,HASH_INCOME_051,
PROC004153,APP02051,UP004567,08:23.2,31:20.6,Pass,Initial,HASH_ADDITIONAL_DOCUMENT_051,
PROC004154,APP02052,UP004568,17:32.7,28:16.2,Pass,Initial,HASH_IDENTITY_052,
PROC004155,APP02052,UP004570,39:10.0,52:57.4,Pass,Re-validation,HASH_INCOME_052,Retry after failed upload
PROC004156,APP02052,UP004571,37:48.8,02:48.7,Pass,Initial,HASH_ADDITIONAL_DOCUMENT_052,
PROC004157,APP02053,UP004572,04:06.7,18:49.8,Fail,Initial,HASH_IDENTITY_053,
PROC004158,APP02053,UP004573,00:12.2,13:08.3,Pass,Initial,HASH_INCOME_053,
PROC004159,APP02053,UP004574,20:17.8,46:06.5,Pass,Initial,HASH_ADDITIONAL_DOCUMENT_053,
PROC004160,APP02054,UP004575,05:26.9,22:43.4,Pass,Initial,HASH_IDENTITY_054,
PROC004161,APP02054,UP004576,13:39.1,27:23.4,Pass,Initial,HASH_INCOME_054,
PROC004162,APP02054,UP004577,25:24.5,43:07.8,Pass,Initial,HASH_ADDITIONAL_DOCUMENT_054,
PROC004163,APP02055,UP004578,17:13.6,29:27.8,Fail,Initial,HASH_IDENTITY_055,
PROC004164,APP02055,UP004580,12:16.0,26:39.4,Pass,Re-validation,HASH_INCOME_055,Retry after failed upload
PROC004165,APP02055,UP004581,19:31.4,43:45.3,Pass,Initial,HASH_ADDITIONAL_DOCUMENT_055,
PROC004166,APP02056,UP004582,22:56.2,34:58.5,Pass,Re-validation,HASH_IDENTITY_056,System could not reuse prior result
PROC004167,APP02056,UP004583,25:18.7,33:51.8,Pass,Initial,HASH_INCOME_056,
PROC004168,APP02056,UP004586,34:17.0,59:36.9,Pass,Re-validation,HASH_ADDITIONAL_DOCUMENT_056,Retry after failed upload
PROC004169,APP02057,UP004587,49:23.9,05:04.5,Pass,Initial,HASH_IDENTITY_057,
PROC004170,APP02057,UP004588,31:31.3,43:35.6,Pass,Initial,HASH_INCOME_057,
PROC004171,APP02057,UP004589,45:29.9,10:42.8,Pass,Re-validation,HASH_ADDITIONAL_DOCUMENT_057,Rule-triggered re-verification
PROC004172,APP02058,UP004590,28:30.4,40:37.4,Pass,Initial,HASH_IDENTITY_058,
PROC004173,APP02058,UP004592,27:21.4,46:25.7,Pass,Re-validation,HASH_INCOME_058,Retry after failed upload
PROC004174,APP02058,UP004593,42:34.3,18:33.0,Pass,Re-validation,HASH_ADDITIONAL_DOCUMENT_058,System could not reuse prior result
PROC004175,APP02059,UP004594,52:24.7,04:49.0,Pass,Initial,HASH_IDENTITY_059,
PROC004176,APP02059,UP004595,03:03.6,15:06.8,Pass,Initial,HASH_INCOME_059,
PROC004177,APP02059,UP004596,02:08.2,23:41.4,Pass,Re-validation,HASH_ADDITIONAL_DOCUMENT_059,System could not reuse prior result
PROC004178,APP02060,UP004598,23:32.9,37:44.1,Pass,Re-validation,HASH_IDENTITY_060,Retry after failed upload
PROC004179,APP02060,UP004599,32:46.3,45:59.3,Pass,Initial,HASH_INCOME_060,
PROC004180,APP02060,UP004601,39:27.5,58:54.9,Pass,Re-validation,HASH_ADDITIONAL_DOCUMENT_060,Retry after failed upload
PROC004181,APP02061,UP004602,32:32.2,45:51.7,Pass,Initial,HASH_IDENTITY_061,
PROC004182,APP02061,UP004603,25:48.3,34:32.4,Pass,Initial,HASH_INCOME_061,
PROC004183,APP02061,UP004604,44:23.7,05:40.7,Pass,Initial,HASH_ADDITIONAL_DOCUMENT_061,
PROC004184,APP02062,UP004605,12:59.9,29:32.0,Fail,Initial,HASH_IDENTITY_062,
PROC004185,APP02062,UP004606,19:21.3,31:53.6,Pass,Initial,HASH_INCOME_062,
PROC004186,APP02062,UP004607,35:38.3,55:31.6,Pass,Initial,HASH_ADDITIONAL_DOCUMENT_062,
PROC004187,APP02063,UP004608,41:32.3,57:40.8,Pass,Initial,HASH_IDENTITY_063,
PROC004188,APP02063,UP004609,34:07.6,48:21.6,Pass,Re-validation,HASH_INCOME_063,Rule-triggered re-verification
PROC004189,APP02063,UP004610,05:04.5,27:15.1,Pass,Initial,HASH_ADDITIONAL_DOCUMENT_063,
PROC004190,APP02064,UP004611,04:29.2,22:05.1,Pass,Re-validation,HASH_IDENTITY_064,System could not reuse prior result
PROC004191,APP02064,UP004613,56:37.2,12:44.0,Pass,Re-validation,HASH_INCOME_064,Retry after failed upload
PROC004192,APP02064,UP004615,09:54.1,34:36.6,Pass,Re-validation,HASH_ADDITIONAL_DOCUMENT_064,Retry after failed upload
PROC004193,APP02065,UP004617,34:43.0,44:25.0,Pass,Re-validation,HASH_IDENTITY_065,Retry after failed upload
PROC004194,APP02065,UP004618,37:21.6,49:49.1,Pass,Initial,HASH_INCOME_065,
PROC004195,APP02065,UP004619,00:49.9,29:08.5,Pass,Initial,HASH_ADDITIONAL_DOCUMENT_065,
PROC004196,APP02066,UP004620,52:36.5,08:45.7,Pass,Initial,HASH_IDENTITY_066,
PROC004197,APP02066,UP004621,12:57.1,35:37.1,Pass,Initial,HASH_INCOME_066,
PROC004198,APP02066,UP004622,22:59.9,43:01.8,Pass,Initial,HASH_ADDITIONAL_DOCUMENT_066,
PROC004199,APP02067,UP004623,36:46.7,51:59.3,Pass,Re-validation,HASH_IDENTITY_067,Previous validation expired
PROC004200,APP02067,UP004624,34:59.8,47:25.6,Pass,Initial,HASH_INCOME_067,
PROC004201,APP02067,UP004625,36:07.0,59:14.3,Pass,Initial,HASH_ADDITIONAL_DOCUMENT_067,
PROC004202,APP02068,UP004626,45:14.5,59:30.9,Pass,Initial,HASH_IDENTITY_068,
PROC004203,APP02068,UP004627,44:21.5,03:31.3,Pass,Initial,HASH_INCOME_068,
PROC004204,APP02068,UP004628,45:38.1,14:04.3,Pass,Initial,HASH_ADDITIONAL_DOCUMENT_068,
PROC004205,APP02069,UP004630,35:48.0,50:27.9,Pass,Re-validation,HASH_IDENTITY_069,Retry after failed upload
PROC004206,APP02069,UP004631,38:08.1,59:27.1,Pass,Initial,HASH_INCOME_069,
PROC004207,APP02069,UP004634,42:56.8,08:12.4,Pass,Re-validation,HASH_ADDITIONAL_DOCUMENT_069,Retry after failed upload
PROC004208,APP02070,UP004635,48:15.5,03:30.0,Pass,Initial,HASH_IDENTITY_070,
PROC004209,APP02070,UP004636,52:52.1,08:32.9,Pass,Initial,HASH_INCOME_070,
PROC004210,APP02070,UP004639,23:47.2,49:17.2,Pass,Re-validation,HASH_ADDITIONAL_DOCUMENT_070,Retry after failed upload
PROC004211,APP02071,UP004640,20:46.1,33:41.3,Pass,Initial,HASH_IDENTITY_071,
PROC004212,APP02071,UP004641,38:42.4,00:12.1,Pass,Initial,HASH_INCOME_071,
PROC004213,APP02071,UP004642,43:07.5,07:33.2,Pass,Initial,HASH_ADDITIONAL_DOCUMENT_071,
PROC004214,APP02072,UP004643,40:02.8,53:35.3,Pass,Re-validation,HASH_IDENTITY_072,Rule-triggered re-verification
PROC004215,APP02072,UP004644,21:45.7,36:54.8,Pass,Re-validation,HASH_INCOME_072,Rule-triggered re-verification
PROC004216,APP02072,UP004646,38:46.5,02:27.7,Pass,Re-validation,HASH_ADDITIONAL_DOCUMENT_072,Retry after failed upload
PROC004217,APP02073,UP004647,07:39.5,29:31.0,Pass,Initial,HASH_IDENTITY_073,
PROC004218,APP02073,UP004648,17:20.8,27:00.1,Pass,Re-validation,HASH_INCOME_073,System could not reuse prior result
PROC004219,APP02073,UP004649,22:31.6,47:28.4,Pass,Initial,HASH_ADDITIONAL_DOCUMENT_073,
PROC004220,APP02074,UP004650,52:28.2,08:39.6,Pass,Initial,HASH_IDENTITY_074,
PROC004221,APP02074,UP004651,51:03.0,07:16.0,Pass,Initial,HASH_INCOME_074,
PROC004222,APP02074,UP004653,55:05.2,18:56.7,Pass,Re-validation,HASH_ADDITIONAL_DOCUMENT_074,Retry after failed upload
PROC004223,APP02075,UP004654,01:38.6,22:06.9,Pass,Re-validation,HASH_IDENTITY_075,Rule-triggered re-verification
PROC004224,APP02075,UP004655,46:42.3,02:17.4,Pass,Re-validation,HASH_INCOME_075,System could not reuse prior result
PROC004225,APP02075,UP004656,58:13.3,24:50.6,Pass,Initial,HASH_ADDITIONAL_DOCUMENT_075,
PROC004226,APP02076,UP004657,39:29.5,43:38.3,Pass,Initial,HASH_IDENTITY_076,
PROC004227,APP02076,UP004658,53:34.0,06:38.2,Pass,Initial,HASH_INCOME_076,
PROC004228,APP02076,UP004659,06:03.8,24:42.8,Pass,Initial,HASH_ADDITIONAL_DOCUMENT_076,
PROC004229,APP02077,UP004660,48:06.8,54:27.6,Pass,Initial,HASH_IDENTITY_077,
PROC004230,APP02077,UP004661,16:25.6,35:17.2,Pass,Initial,HASH_INCOME_077,
PROC004231,APP02077,UP004664,12:13.4,35:17.4,Pass,Re-validation,HASH_ADDITIONAL_DOCUMENT_077,Retry after failed upload
PROC004232,APP02078,UP004665,08:01.0,25:37.7,Pass,Re-validation,HASH_IDENTITY_078,Rule-triggered re-verification
PROC004233,APP02078,UP004666,13:37.7,29:02.8,Pass,Initial,HASH_INCOME_078,
PROC004234,APP02078,UP004669,43:43.0,07:50.2,Pass,Re-validation,HASH_ADDITIONAL_DOCUMENT_078,Retry after failed upload
PROC004235,APP02079,UP004670,53:25.2,10:41.9,Pass,Initial,HASH_IDENTITY_079,
PROC004236,APP02079,UP004671,04:33.8,26:20.3,Pass,Initial,HASH_INCOME_079,
PROC004237,APP02079,UP004672,22:57.7,41:47.5,Pass,Re-validation,HASH_ADDITIONAL_DOCUMENT_079,Previous validation expired
PROC004238,APP02080,UP004673,20:10.0,40:03.7,Pass,Initial,HASH_IDENTITY_080,
PROC004239,APP02080,UP004674,16:02.2,37:19.2,Pass,Initial,HASH_INCOME_080,
PROC004240,APP02080,UP004676,27:09.8,42:53.0,Pass,Re-validation,HASH_ADDITIONAL_DOCUMENT_080,Retry after failed upload
PROC004241,APP02081,UP004677,52:54.2,09:26.5,Pass,Initial,HASH_IDENTITY_081,
PROC004242,APP02081,UP004679,15:26.1,32:27.3,Pass,Re-validation,HASH_INCOME_081,Retry after failed upload
PROC004243,APP02081,UP004682,18:53.8,35:58.2,Pass,Re-validation,HASH_ADDITIONAL_DOCUMENT_081,Retry after failed upload
PROC004244,APP02082,UP004683,31:53.8,50:58.7,Pass,Initial,HASH_IDENTITY_082,
PROC004245,APP02082,UP004686,32:12.2,47:28.1,Pass,Re-validation,HASH_INCOME_082,Retry after failed upload
PROC004246,APP02082,UP004689,40:06.9,00:19.2,Pass,Re-validation,HASH_ADDITIONAL_DOCUMENT_082,Retry after failed upload
PROC004247,APP02083,UP004690,44:12.3,56:05.8,Pass,Initial,HASH_IDENTITY_083,
PROC004248,APP02083,UP004691,51:27.9,08:05.7,Pass,Initial,HASH_INCOME_083,
PROC004249,APP02083,UP004692,51:31.4,18:35.3,Pass,Initial,HASH_ADDITIONAL_DOCUMENT_083,
PROC004250,APP02084,UP004694,36:50.6,58:52.3,Pass,Re-validation,HASH_IDENTITY_084,Retry after failed upload
PROC004251,APP02084,UP004695,52:32.4,10:05.8,Pass,Re-validation,HASH_INCOME_084,Rule-triggered re-verification
PROC004252,APP02084,UP004696,48:29.9,11:25.5,Pass,Re-validation,HASH_ADDITIONAL_DOCUMENT_084,System could not reuse prior result
PROC004253,APP02085,UP004697,22:34.7,40:54.1,Pass,Initial,HASH_IDENTITY_085,
PROC004254,APP02085,UP004698,36:52.3,51:06.6,Pass,Initial,HASH_INCOME_085,
PROC004255,APP02085,UP004699,51:46.7,16:02.5,Pass,Initial,HASH_ADDITIONAL_DOCUMENT_085,
PROC004256,APP02086,UP004700,59:20.8,16:46.0,Pass,Initial,HASH_IDENTITY_086,
PROC004257,APP02086,UP004701,06:40.3,20:30.6,Pass,Initial,HASH_INCOME_086,
PROC004258,APP02086,UP004702,08:18.4,38:00.8,Pass,Re-validation,HASH_ADDITIONAL_DOCUMENT_086,Previous validation expired
PROC004259,APP02087,UP004703,08:30.6,31:27.5,Pass,Re-validation,HASH_IDENTITY_087,Previous validation expired
PROC004260,APP02087,UP004705,58:14.6,13:12.7,Pass,Re-validation,HASH_INCOME_087,Retry after failed upload
PROC004261,APP02087,UP004706,18:03.2,43:18.1,Pass,Initial,HASH_ADDITIONAL_DOCUMENT_087,
PROC004262,APP02088,UP004709,20:32.5,35:35.9,Pass,Re-validation,HASH_IDENTITY_088,Retry after failed upload
PROC004263,APP02088,UP004710,55:24.9,08:10.7,Pass,Re-validation,HASH_INCOME_088,System could not reuse prior result
PROC004264,APP02088,UP004711,33:39.1,59:13.9,Pass,Re-validation,HASH_ADDITIONAL_DOCUMENT_088,System could not reuse prior result
PROC004265,APP02089,UP004712,12:42.9,29:59.3,Pass,Initial,HASH_IDENTITY_089,
PROC004266,APP02089,UP004713,23:32.1,36:16.3,Pass,Initial,HASH_INCOME_089,
PROC004267,APP02089,UP004714,45:09.6,06:25.5,Pass,Initial,HASH_ADDITIONAL_DOCUMENT_089,
PROC004268,APP02090,UP004716,36:10.0,52:34.3,Pass,Re-validation,HASH_IDENTITY_090,Retry after failed upload
PROC004269,APP02090,UP004717,41:43.5,47:24.9,Pass,Re-validation,HASH_INCOME_090,Rule-triggered re-verification
PROC004270,APP02090,UP004718,01:05.7,27:27.6,Pass,Re-validation,HASH_ADDITIONAL_DOCUMENT_090,System could not reuse prior result
PROC004271,APP02091,UP004719,20:34.9,34:45.2,Pass,Initial,HASH_IDENTITY_091,
PROC004272,APP02091,UP004720,38:58.7,49:26.2,Pass,Initial,HASH_INCOME_091,
PROC004273,APP02091,UP004721,39:36.7,03:16.0,Pass,Re-validation,HASH_ADDITIONAL_DOCUMENT_091,System could not reuse prior result
PROC004274,APP02092,UP004722,00:22.4,12:41.9,Pass,Initial,HASH_IDENTITY_092,
PROC004275,APP02092,UP004723,25:59.3,37:52.1,Pass,Initial,HASH_INCOME_092,
PROC004276,APP02092,UP004724,37:20.2,57:34.5,Pass,Initial,HASH_ADDITIONAL_DOCUMENT_092,
PROC004277,APP02093,UP004725,54:20.6,07:49.1,Pass,Initial,HASH_IDENTITY_093,
PROC004278,APP02093,UP004726,57:11.0,18:05.8,Pass,Initial,HASH_INCOME_093,
PROC004279,APP02093,UP004727,20:40.1,42:08.9,Pass,Initial,HASH_ADDITIONAL_DOCUMENT_093,
PROC004280,APP02094,UP004728,11:00.4,25:25.7,Pass,Initial,HASH_IDENTITY_094,
PROC004281,APP02094,UP004729,09:26.1,33:54.4,Pass,Initial,HASH_INCOME_094,
PROC004282,APP02094,UP004730,24:53.9,53:54.8,Pass,Initial,HASH_ADDITIONAL_DOCUMENT_094,
PROC004283,APP02095,UP004731,40:36.2,59:23.6,Pass,Initial,HASH_IDENTITY_095,
PROC004284,APP02095,UP004732,44:29.7,54:54.6,Pass,Re-validation,HASH_INCOME_095,Rule-triggered re-verification
PROC004285,APP02095,UP004733,56:49.1,22:52.1,Pass,Re-validation,HASH_ADDITIONAL_DOCUMENT_095,Rule-triggered re-verification
PROC004286,APP02096,UP004734,38:08.8,02:26.4,Fail,Re-validation,HASH_IDENTITY_096,Rule-triggered re-verification
PROC004287,APP02096,UP004737,50:38.7,03:43.3,Pass,Re-validation,HASH_INCOME_096,Retry after failed upload
PROC004288,APP02096,UP004738,09:27.5,28:41.9,Pass,Re-validation,HASH_ADDITIONAL_DOCUMENT_096,System could not reuse prior result
PROC004289,APP02097,UP004739,07:26.4,23:36.5,Pass,Initial,HASH_IDENTITY_097,
PROC004290,APP02097,UP004740,58:08.1,16:34.0,Pass,Initial,HASH_INCOME_097,
PROC004291,APP02097,UP004741,24:02.6,42:36.5,Pass,Initial,HASH_ADDITIONAL_DOCUMENT_097,
PROC004292,APP02098,UP004742,48:48.1,12:25.7,Pass,Initial,HASH_IDENTITY_098,
PROC004293,APP02098,UP004743,04:20.7,16:13.0,Pass,Initial,HASH_INCOME_098,
PROC004294,APP02098,UP004745,19:26.4,40:03.3,Pass,Re-validation,HASH_ADDITIONAL_DOCUMENT_098,Retry after failed upload
PROC004295,APP02099,UP004746,02:32.2,14:33.1,Pass,Initial,HASH_IDENTITY_099,
PROC004296,APP02099,UP004747,00:46.9,19:09.2,Pass,Initial,HASH_INCOME_099,
PROC004297,APP02099,UP004748,17:36.8,37:14.0,Pass,Initial,HASH_ADDITIONAL_DOCUMENT_099,
PROC004298,APP02100,UP004751,52:07.8,10:45.3,Pass,Re-validation,HASH_IDENTITY_100,Retry after failed upload
PROC004299,APP02100,UP004753,01:02.2,13:52.4,Pass,Re-validation,HASH_INCOME_100,Retry after failed upload
PROC004300,APP02100,UP004754,58:17.7,20:29.1,Pass,Re-validation,HASH_ADDITIONAL_DOCUMENT_100,Previous validation expired
PROC004301,APP02101,UP004755,54:55.5,08:51.7,Pass,Initial,HASH_IDENTITY_101,
PROC004302,APP02101,UP004756,55:43.0,16:36.7,Pass,Initial,HASH_INCOME_101,
PROC004303,APP02101,UP004758,06:12.1,25:42.6,Pass,Re-validation,HASH_ADDITIONAL_DOCUMENT_101,Retry after failed upload
PROC004304,APP02102,UP004759,19:37.3,34:41.1,Pass,Initial,HASH_IDENTITY_102,
PROC004305,APP02102,UP004761,30:34.4,50:33.7,Pass,Re-validation,HASH_INCOME_102,Retry after failed upload
PROC004306,APP02102,UP004763,31:36.5,58:25.3,Pass,Re-validation,HASH_ADDITIONAL_DOCUMENT_102,Retry after failed upload
PROC004307,APP02103,UP004764,19:13.2,33:01.0,Pass,Initial,HASH_IDENTITY_103,
PROC004308,APP02103,UP004765,31:58.6,46:41.5,Pass,Initial,HASH_INCOME_103,
PROC004309,APP02103,UP004767,45:58.0,05:28.9,Pass,Re-validation,HASH_ADDITIONAL_DOCUMENT_103,Retry after failed upload
PROC004310,APP02104,UP004768,55:35.2,12:18.0,Pass,Initial,HASH_IDENTITY_104,
PROC004311,APP02104,UP004769,07:00.7,23:45.7,Pass,Initial,HASH_INCOME_104,
PROC004312,APP02104,UP004770,21:34.6,46:08.6,Pass,Initial,HASH_ADDITIONAL_DOCUMENT_104,
PROC004313,APP02105,UP004771,01:14.5,17:23.7,Pass,Initial,HASH_IDENTITY_105,
PROC004314,APP02105,UP004772,25:04.1,41:25.6,Fail,Initial,HASH_INCOME_105,
PROC004315,APP02105,UP004773,15:31.1,35:29.1,Pass,Initial,HASH_ADDITIONAL_DOCUMENT_105,
PROC004316,APP02106,UP004774,42:33.3,58:46.5,Pass,Re-validation,HASH_IDENTITY_106,Rule-triggered re-verification
PROC004317,APP02106,UP004775,33:57.7,47:33.0,Pass,Initial,HASH_INCOME_106,
PROC004318,APP02106,UP004778,48:48.8,15:17.5,Pass,Re-validation,HASH_ADDITIONAL_DOCUMENT_106,Retry after failed upload
PROC004319,APP02107,UP004779,58:55.8,14:14.7,Pass,Initial,HASH_IDENTITY_107,
PROC004320,APP02107,UP004781,49:54.9,10:33.5,Pass,Re-validation,HASH_INCOME_107,Retry after failed upload
PROC004321,APP02107,UP004782,23:39.8,50:42.9,Pass,Initial,HASH_ADDITIONAL_DOCUMENT_107,
PROC004322,APP02108,UP004783,05:35.5,19:44.8,Pass,Re-validation,HASH_IDENTITY_108,Previous validation expired
PROC004323,APP02108,UP004784,17:27.5,33:39.7,Pass,Initial,HASH_INCOME_108,
PROC004324,APP02108,UP004785,20:29.8,40:54.2,Pass,Initial,HASH_ADDITIONAL_DOCUMENT_108,
PROC004325,APP02109,UP004786,52:37.7,11:19.3,Pass,Initial,HASH_IDENTITY_109,
PROC004326,APP02109,UP004787,54:06.5,08:30.3,Pass,Initial,HASH_INCOME_109,
PROC004327,APP02109,UP004788,17:01.8,36:00.0,Pass,Initial,HASH_ADDITIONAL_DOCUMENT_109,
PROC004328,APP02110,UP004789,12:56.0,27:56.8,Pass,Initial,HASH_IDENTITY_110,
PROC004329,APP02110,UP004791,13:46.7,33:20.5,Pass,Re-validation,HASH_INCOME_110,Retry after failed upload
PROC004330,APP02110,UP004792,28:23.1,49:25.7,Pass,Initial,HASH_ADDITIONAL_DOCUMENT_110,
PROC004331,APP02111,UP004793,09:20.1,31:25.5,Fail,Initial,HASH_IDENTITY_111,
PROC004332,APP02111,UP004794,17:26.0,36:44.2,Pass,Initial,HASH_INCOME_111,
PROC004333,APP02111,UP004795,25:18.9,55:16.0,Pass,Initial,HASH_ADDITIONAL_DOCUMENT_111,
PROC004334,APP02112,UP004796,10:13.4,22:33.1,Pass,Initial,HASH_IDENTITY_112,
PROC004335,APP02112,UP004797,35:49.9,57:36.7,Pass,Initial,HASH_INCOME_112,
PROC004336,APP02112,UP004798,23:00.2,42:05.1,Pass,Initial,HASH_ADDITIONAL_DOCUMENT_112,
PROC004337,APP02113,UP004799,39:53.6,56:08.8,Pass,Initial,HASH_IDENTITY_113,
PROC004338,APP02113,UP004800,56:31.4,17:07.4,Pass,Re-validation,HASH_INCOME_113,Rule-triggered re-verification
PROC004339,APP02113,UP004801,08:11.3,39:37.8,Pass,Initial,HASH_ADDITIONAL_DOCUMENT_113,
PROC004340,APP02114,UP004802,48:58.5,56:23.7,Pass,Initial,HASH_IDENTITY_114,
PROC004341,APP02114,UP004803,49:13.0,03:28.2,Pass,Initial,HASH_INCOME_114,
PROC004342,APP02114,UP004804,04:34.0,34:11.9,Pass,Initial,HASH_ADDITIONAL_DOCUMENT_114,
PROC004343,APP02115,UP004806,37:38.4,52:46.9,Pass,Re-validation,HASH_IDENTITY_115,Retry after failed upload
PROC004344,APP02115,UP004807,39:02.6,47:42.1,Pass,Re-validation,HASH_INCOME_115,System could not reuse prior result
PROC004345,APP02115,UP004808,04:15.4,28:29.1,Pass,Initial,HASH_ADDITIONAL_DOCUMENT_115,
PROC004346,APP02116,UP004810,08:46.3,23:59.8,Pass,Re-validation,HASH_IDENTITY_116,Retry after failed upload
PROC004347,APP02116,UP004813,59:41.9,16:22.9,Pass,Re-validation,HASH_INCOME_116,Retry after failed upload
PROC004348,APP02116,UP004814,18:53.1,44:38.6,Pass,Re-validation,HASH_ADDITIONAL_DOCUMENT_116,Rule-triggered re-verification
PROC004349,APP02117,UP004815,30:45.3,47:23.4,Pass,Initial,HASH_IDENTITY_117,
PROC004350,APP02117,UP004816,37:49.8,54:59.9,Pass,Re-validation,HASH_INCOME_117,Rule-triggered re-verification
PROC004351,APP02117,UP004817,51:24.9,20:02.7,Pass,Initial,HASH_ADDITIONAL_DOCUMENT_117,
PROC004352,APP02118,UP004818,21:44.6,34:59.6,Pass,Re-validation,HASH_IDENTITY_118,System could not reuse prior result
PROC004353,APP02118,UP004819,17:23.4,35:39.0,Pass,Initial,HASH_INCOME_118,
PROC004354,APP02118,UP004822,29:56.5,52:27.6,Pass,Re-validation,HASH_ADDITIONAL_DOCUMENT_118,Retry after failed upload
PROC004355,APP02119,UP004823,16:20.3,29:41.9,Pass,Initial,HASH_IDENTITY_119,
PROC004356,APP02119,UP004824,23:47.0,39:58.1,Pass,Initial,HASH_INCOME_119,
PROC004357,APP02119,UP004827,47:22.9,08:57.7,Fail,Re-validation,HASH_ADDITIONAL_DOCUMENT_119,Retry after failed upload
PROC004358,APP02120,UP004829,20:16.0,40:16.0,Pass,Re-validation,HASH_IDENTITY_120,Retry after failed upload
PROC004359,APP02120,UP004830,24:49.8,41:48.2,Fail,Initial,HASH_INCOME_120,
PROC004360,APP02120,UP004831,43:22.0,07:54.9,Pass,Initial,HASH_ADDITIONAL_DOCUMENT_120,
PROC004361,APP02121,UP004832,52:23.5,02:14.2,Pass,Initial,HASH_IDENTITY_121,
PROC004362,APP02121,UP004833,53:20.9,10:05.2,Pass,Re-validation,HASH_INCOME_121,System could not reuse prior result
PROC004363,APP02121,UP004834,14:53.1,36:53.5,Pass,Re-validation,HASH_ADDITIONAL_DOCUMENT_121,Rule-triggered re-verification
PROC004364,APP02122,UP004835,31:11.5,37:53.5,Pass,Initial,HASH_IDENTITY_122,
PROC004365,APP02122,UP004836,37:40.0,45:54.5,Pass,Initial,HASH_INCOME_122,
PROC004366,APP02122,UP004837,59:02.2,29:21.2,Pass,Initial,HASH_ADDITIONAL_DOCUMENT_122,
PROC004367,APP02123,UP004838,17:26.1,33:59.0,Pass,Re-validation,HASH_IDENTITY_123,Previous validation expired
PROC004368,APP02123,UP004840,31:49.2,49:48.2,Pass,Re-validation,HASH_INCOME_123,Retry after failed upload
PROC004369,APP02123,UP004841,42:23.4,59:41.8,Pass,Initial,HASH_ADDITIONAL_DOCUMENT_123,
PROC004370,APP02124,UP004842,31:33.2,41:58.9,Pass,Re-validation,HASH_IDENTITY_124,System could not reuse prior result
PROC004371,APP02124,UP004843,39:46.2,54:33.5,Pass,Initial,HASH_INCOME_124,
PROC004372,APP02124,UP004844,54:18.0,18:33.7,Pass,Initial,HASH_ADDITIONAL_DOCUMENT_124,
PROC004373,APP02125,UP004845,54:23.2,07:10.9,Pass,Initial,HASH_IDENTITY_125,
PROC004374,APP02125,UP004846,52:43.6,13:47.5,Pass,Re-validation,HASH_INCOME_125,Rule-triggered re-verification
PROC004375,APP02125,UP004847,06:31.2,21:21.0,Pass,Initial,HASH_ADDITIONAL_DOCUMENT_125,
PROC004376,APP02126,UP004848,26:51.8,40:29.7,Pass,Initial,HASH_IDENTITY_126,
PROC004377,APP02126,UP004849,29:18.4,51:58.4,Pass,Initial,HASH_INCOME_126,
PROC004378,APP02126,UP004850,46:49.8,07:15.6,Pass,Initial,HASH_ADDITIONAL_DOCUMENT_126,
PROC004379,APP02127,UP004851,06:37.7,28:38.3,Fail,Initial,HASH_IDENTITY_127,
PROC004380,APP02127,UP004852,11:00.8,22:32.6,Pass,Initial,HASH_INCOME_127,
PROC004381,APP02127,UP004853,19:23.5,48:40.5,Pass,Re-validation,HASH_ADDITIONAL_DOCUMENT_127,Previous validation expired
PROC004382,APP02128,UP004854,40:49.1,02:42.3,Pass,Initial,HASH_IDENTITY_128,
PROC004383,APP02128,UP004857,05:23.3,18:32.0,Pass,Re-validation,HASH_INCOME_128,Retry after failed upload
PROC004384,APP02128,UP004859,55:45.1,15:41.2,Pass,Re-validation,HASH_ADDITIONAL_DOCUMENT_128,Retry after failed upload
PROC004385,APP02129,UP004860,53:48.3,15:22.4,Pass,Initial,HASH_IDENTITY_129,
PROC004386,APP02129,UP004861,53:06.1,10:01.7,Pass,Initial,HASH_INCOME_129,
PROC004387,APP02129,UP004862,02:36.9,24:22.0,Pass,Re-validation,HASH_ADDITIONAL_DOCUMENT_129,Previous validation expired
PROC004388,APP02130,UP004864,27:41.7,49:08.0,Pass,Re-validation,HASH_IDENTITY_130,Retry after failed upload
PROC004389,APP02130,UP004865,24:58.7,35:51.8,Pass,Initial,HASH_INCOME_130,
PROC004390,APP02130,UP004866,40:16.3,05:10.4,Pass,Initial,HASH_ADDITIONAL_DOCUMENT_130,
PROC004391,APP02131,UP004867,44:26.4,52:53.8,Pass,Initial,HASH_IDENTITY_131,
PROC004392,APP02131,UP004869,56:45.6,14:47.9,Pass,Re-validation,HASH_INCOME_131,Retry after failed upload
PROC004393,APP02131,UP004870,16:02.7,40:22.8,Pass,Initial,HASH_ADDITIONAL_DOCUMENT_131,
PROC004394,APP02132,UP004873,51:54.5,14:00.3,Pass,Re-validation,HASH_IDENTITY_132,Retry after failed upload
PROC004395,APP02132,UP004874,55:50.1,09:35.4,Pass,Re-validation,HASH_INCOME_132,Rule-triggered re-verification
PROC004396,APP02132,UP004875,10:43.6,30:03.6,Pass,Initial,HASH_ADDITIONAL_DOCUMENT_132,
PROC004397,APP02133,UP004876,18:09.5,29:34.5,Pass,Re-validation,HASH_IDENTITY_133,Previous validation expired
PROC004398,APP02133,UP004877,21:31.7,31:47.2,Pass,Initial,HASH_INCOME_133,
PROC004399,APP02133,UP004878,21:31.5,43:39.9,Fail,Initial,HASH_ADDITIONAL_DOCUMENT_133,
PROC004400,APP02134,UP004879,38:03.8,55:41.0,Pass,Re-validation,HASH_IDENTITY_134,Rule-triggered re-verification
PROC004401,APP02134,UP004880,22:50.3,38:31.4,Pass,Re-validation,HASH_INCOME_134,Rule-triggered re-verification
PROC004402,APP02134,UP004881,49:50.4,12:58.9,Pass,Re-validation,HASH_ADDITIONAL_DOCUMENT_134,System could not reuse prior result
PROC004403,APP02135,UP004882,19:18.1,38:03.0,Pass,Initial,HASH_IDENTITY_135,
PROC004404,APP02135,UP004883,09:00.0,34:22.9,Pass,Re-validation,HASH_INCOME_135,Rule-triggered re-verification
PROC004405,APP02135,UP004884,29:05.2,59:15.1,Pass,Re-validation,HASH_ADDITIONAL_DOCUMENT_135,Previous validation expired
PROC004406,APP02136,UP004885,36:58.5,51:16.7,Pass,Initial,HASH_IDENTITY_136,
PROC004407,APP02136,UP004886,23:59.4,43:04.5,Pass,Re-validation,HASH_INCOME_136,System could not reuse prior result
PROC004408,APP02136,UP004887,53:35.6,10:32.2,Pass,Initial,HASH_ADDITIONAL_DOCUMENT_136,
PROC004409,APP02137,UP004888,39:53.2,56:21.0,Fail,Initial,HASH_IDENTITY_137,
PROC004410,APP02137,UP004889,38:37.3,00:33.5,Pass,Initial,HASH_INCOME_137,
PROC004411,APP02137,UP004890,52:44.0,15:23.2,Pass,Re-validation,HASH_ADDITIONAL_DOCUMENT_137,Previous validation expired
PROC004412,APP02138,UP004891,27:51.3,50:51.6,Fail,Initial,HASH_IDENTITY_138,
PROC004413,APP02138,UP004892,37:41.7,53:27.3,Pass,Re-validation,HASH_INCOME_138,Rule-triggered re-verification
PROC004414,APP02138,UP004893,39:55.9,04:32.2,Pass,Initial,HASH_ADDITIONAL_DOCUMENT_138,
PROC004415,APP02139,UP004895,25:48.7,41:14.3,Pass,Re-validation,HASH_IDENTITY_139,Retry after failed upload
PROC004416,APP02139,UP004896,31:57.7,46:09.5,Fail,Re-validation,HASH_INCOME_139,System could not reuse prior result
PROC004417,APP02139,UP004897,31:33.1,56:33.3,Pass,Initial,HASH_ADDITIONAL_DOCUMENT_139,
PROC004418,APP02140,UP004898,05:52.2,18:18.3,Pass,Initial,HASH_IDENTITY_140,
PROC004419,APP02140,UP004901,12:03.5,19:50.4,Pass,Re-validation,HASH_INCOME_140,Retry after failed upload
PROC004420,APP02140,UP004902,30:27.0,54:29.7,Fail,Initial,HASH_ADDITIONAL_DOCUMENT_140,
PROC004421,APP02141,UP004903,02:38.9,19:18.9,Pass,Initial,HASH_IDENTITY_141,
PROC004422,APP02141,UP004904,10:35.4,31:53.6,Pass,Initial,HASH_INCOME_141,
PROC004423,APP02141,UP004905,29:03.8,52:03.1,Pass,Initial,HASH_ADDITIONAL_DOCUMENT_141,
PROC004424,APP02142,UP004906,04:54.7,12:39.8,Pass,Initial,HASH_IDENTITY_142,
PROC004425,APP02142,UP004907,23:54.3,37:52.3,Pass,Initial,HASH_INCOME_142,
PROC004426,APP02142,UP004908,33:42.1,58:55.8,Pass,Initial,HASH_ADDITIONAL_DOCUMENT_142,
PROC004427,APP02143,UP004909,32:53.4,51:56.6,Pass,Initial,HASH_IDENTITY_143,
PROC004428,APP02143,UP004910,33:00.3,46:38.3,Pass,Re-validation,HASH_INCOME_143,Rule-triggered re-verification
PROC004429,APP02143,UP004911,54:50.8,14:44.1,Pass,Initial,HASH_ADDITIONAL_DOCUMENT_143,
PROC004430,APP02144,UP004912,45:44.3,56:33.0,Pass,Initial,HASH_IDENTITY_144,
PROC004431,APP02144,UP004913,51:41.8,03:17.9,Pass,Initial,HASH_INCOME_144,
PROC004432,APP02144,UP004914,12:15.8,37:25.2,Pass,Initial,HASH_ADDITIONAL_DOCUMENT_144,
PROC004433,APP02145,UP004915,05:01.4,18:06.3,Pass,Initial,HASH_IDENTITY_145,
PROC004434,APP02145,UP004916,54:57.2,10:54.2,Pass,Initial,HASH_INCOME_145,
PROC004435,APP02145,UP004917,09:27.0,22:45.0,Pass,Initial,HASH_ADDITIONAL_DOCUMENT_145,
PROC004436,APP02146,UP004918,01:12.0,19:35.2,Pass,Initial,HASH_IDENTITY_146,
PROC004437,APP02146,UP004920,17:22.9,28:52.1,Pass,Re-validation,HASH_INCOME_146,Retry after failed upload
PROC004438,APP02146,UP004921,29:05.0,50:41.5,Pass,Initial,HASH_ADDITIONAL_DOCUMENT_146,
PROC004439,APP02147,UP004922,15:53.5,32:36.5,Pass,Re-validation,HASH_IDENTITY_147,Rule-triggered re-verification
PROC004440,APP02147,UP004923,22:33.7,33:24.0,Fail,Initial,HASH_INCOME_147,
PROC004441,APP02147,UP004924,27:02.0,44:11.6,Pass,Re-validation,HASH_ADDITIONAL_DOCUMENT_147,Previous validation expired
PROC004442,APP02148,UP004925,39:39.2,52:06.2,Pass,Initial,HASH_IDENTITY_148,
PROC004443,APP02148,UP004926,33:13.2,44:32.6,Pass,Initial,HASH_INCOME_148,
PROC004444,APP02148,UP004927,46:41.2,09:49.0,Fail,Initial,HASH_ADDITIONAL_DOCUMENT_148,
PROC004445,APP02149,UP004928,46:58.1,57:59.3,Pass,Initial,HASH_IDENTITY_149,
PROC004446,APP02149,UP004929,44:33.6,59:27.3,Pass,Initial,HASH_INCOME_149,
PROC004447,APP02149,UP004930,02:02.0,23:51.1,Pass,Re-validation,HASH_ADDITIONAL_DOCUMENT_149,Rule-triggered re-verification
PROC004448,APP02150,UP004931,11:48.2,29:01.2,Pass,Initial,HASH_IDENTITY_150,
PROC004449,APP02150,UP004932,22:04.6,32:00.2,Pass,Initial,HASH_INCOME_150,
PROC004450,APP02150,UP004933,39:54.1,58:16.6,Pass,Initial,HASH_ADDITIONAL_DOCUMENT_150,
PROC004451,APP02151,UP004934,05:20.8,20:22.9,Pass,Initial,HASH_IDENTITY_151,
PROC004452,APP02151,UP004936,04:58.3,21:41.6,Pass,Re-validation,HASH_INCOME_151,Retry after failed upload
PROC004453,APP02151,UP004937,27:03.2,56:16.9,Pass,Initial,HASH_ADDITIONAL_DOCUMENT_151,
PROC004454,APP02152,UP004940,22:19.2,43:16.9,Pass,Re-validation,HASH_IDENTITY_152,Retry after failed upload
PROC004455,APP02152,UP004941,16:52.3,28:24.9,Pass,Initial,HASH_INCOME_152,
PROC004456,APP02152,UP004943,46:32.7,08:53.0,Pass,Re-validation,HASH_ADDITIONAL_DOCUMENT_152,Retry after failed upload
PROC004457,APP02153,UP004944,17:00.3,37:57.7,Pass,Initial,HASH_IDENTITY_153,
PROC004458,APP02153,UP004945,18:28.1,33:14.3,Pass,Initial,HASH_INCOME_153,
PROC004459,APP02153,UP004946,33:57.3,59:56.3,Pass,Re-validation,HASH_ADDITIONAL_DOCUMENT_153,System could not reuse prior result
PROC004460,APP02154,UP004947,37:08.3,52:23.5,Pass,Initial,HASH_IDENTITY_154,
PROC004461,APP02154,UP004948,43:17.9,07:31.5,Pass,Re-validation,HASH_INCOME_154,Rule-triggered re-verification
PROC004462,APP02154,UP004951,59:21.6,24:09.3,Pass,Re-validation,HASH_ADDITIONAL_DOCUMENT_154,Retry after failed upload
PROC004463,APP02155,UP004952,01:23.2,20:50.9,Pass,Re-validation,HASH_IDENTITY_155,System could not reuse prior result
PROC004464,APP02155,UP004953,52:22.9,01:47.4,Pass,Re-validation,HASH_INCOME_155,System could not reuse prior result
PROC004465,APP02155,UP004954,01:08.8,23:57.5,Fail,Re-validation,HASH_ADDITIONAL_DOCUMENT_155,System could not reuse prior result
PROC004466,APP02156,UP004955,21:54.2,42:02.6,Pass,Initial,HASH_IDENTITY_156,
PROC004467,APP02156,UP004956,14:57.1,31:58.7,Fail,Re-validation,HASH_INCOME_156,Rule-triggered re-verification
PROC004468,APP02156,UP004957,37:47.7,59:30.4,Pass,Initial,HASH_ADDITIONAL_DOCUMENT_156,
PROC004469,APP02157,UP004959,29:11.2,49:00.0,Pass,Re-validation,HASH_IDENTITY_157,Retry after failed upload
PROC004470,APP02157,UP004960,30:31.1,51:47.7,Pass,Initial,HASH_INCOME_157,
PROC004471,APP02157,UP004961,32:39.6,49:05.0,Pass,Initial,HASH_ADDITIONAL_DOCUMENT_157,
PROC004472,APP02158,UP004962,27:32.2,46:08.6,Pass,Re-validation,HASH_IDENTITY_158,Previous validation expired
PROC004473,APP02158,UP004963,44:31.2,55:32.1,Pass,Initial,HASH_INCOME_158,
PROC004474,APP02158,UP004964,12:49.1,39:01.5,Pass,Initial,HASH_ADDITIONAL_DOCUMENT_158,
PROC004475,APP02159,UP004965,48:14.4,57:47.2,Pass,Initial,HASH_IDENTITY_159,
PROC004476,APP02159,UP004967,32:30.1,51:52.5,Pass,Re-validation,HASH_INCOME_159,Retry after failed upload
PROC004477,APP02159,UP004968,01:10.6,24:46.8,Pass,Initial,HASH_ADDITIONAL_DOCUMENT_159,
PROC004478,APP02160,UP004969,10:47.3,27:27.9,Pass,Initial,HASH_IDENTITY_160,
PROC004479,APP02160,UP004970,06:14.2,22:09.2,Fail,Initial,HASH_INCOME_160,
PROC004480,APP02160,UP004971,32:46.6,55:59.7,Pass,Initial,HASH_ADDITIONAL_DOCUMENT_160,
PROC004481,APP02161,UP004972,13:05.3,28:41.0,Pass,Initial,HASH_IDENTITY_161,
PROC004482,APP02161,UP004973,01:52.9,16:08.6,Fail,Initial,HASH_INCOME_161,
PROC004483,APP02161,UP004974,30:49.4,52:19.5,Pass,Initial,HASH_ADDITIONAL_DOCUMENT_161,
PROC004484,APP02162,UP004975,11:08.3,26:19.5,Pass,Re-validation,HASH_IDENTITY_162,Rule-triggered re-verification
PROC004485,APP02162,UP004976,21:11.8,33:21.7,Pass,Initial,HASH_INCOME_162,
PROC004486,APP02162,UP004979,16:03.3,40:30.9,Pass,Re-validation,HASH_ADDITIONAL_DOCUMENT_162,Retry after failed upload
PROC004487,APP02163,UP004980,16:48.3,34:45.9,Fail,Initial,HASH_IDENTITY_163,
PROC004488,APP02163,UP004981,32:18.9,45:13.9,Pass,Re-validation,HASH_INCOME_163,System could not reuse prior result
PROC004489,APP02163,UP004982,43:44.4,06:02.6,Pass,Re-validation,HASH_ADDITIONAL_DOCUMENT_163,System could not reuse prior result
PROC004490,APP02164,UP004983,53:49.3,13:31.6,Fail,Initial,HASH_IDENTITY_164,
PROC004491,APP02164,UP004984,44:41.8,54:07.1,Pass,Re-validation,HASH_INCOME_164,Rule-triggered re-verification
PROC004492,APP02164,UP004985,03:35.5,23:31.0,Pass,Initial,HASH_ADDITIONAL_DOCUMENT_164,
PROC004493,APP02165,UP004986,11:33.1,27:08.7,Pass,Initial,HASH_IDENTITY_165,
PROC004494,APP02165,UP004987,04:25.8,15:32.2,Pass,Initial,HASH_INCOME_165,
PROC004495,APP02165,UP004988,26:44.0,51:51.4,Pass,Initial,HASH_ADDITIONAL_DOCUMENT_165,
PROC004496,APP02166,UP004990,13:36.8,26:32.9,Pass,Re-validation,HASH_IDENTITY_166,Retry after failed upload
PROC004497,APP02166,UP004991,21:25.1,35:03.7,Pass,Re-validation,HASH_INCOME_166,Previous validation expired
PROC004498,APP02166,UP004992,20:48.3,46:42.2,Pass,Initial,HASH_ADDITIONAL_DOCUMENT_166,
PROC004499,APP02167,UP004993,38:01.6,50:40.8,Pass,Re-validation,HASH_IDENTITY_167,Previous validation expired
PROC004500,APP02167,UP004996,39:02.0,52:35.6,Pass,Re-validation,HASH_INCOME_167,Retry after failed upload
PROC004501,APP02167,UP004997,38:34.1,06:33.1,Fail,Initial,HASH_ADDITIONAL_DOCUMENT_167,
PROC004502,APP02168,UP004998,38:16.8,52:21.1,Pass,Initial,HASH_IDENTITY_168,
PROC004503,APP02168,UP004999,13:28.4,22:07.2,Pass,Initial,HASH_INCOME_168,
PROC004504,APP02168,UP005002,29:15.6,46:35.7,Pass,Re-validation,HASH_ADDITIONAL_DOCUMENT_168,Retry after failed upload
PROC004505,APP02169,UP005003,37:33.2,49:25.3,Pass,Initial,HASH_IDENTITY_169,
PROC004506,APP02169,UP005005,32:42.9,43:49.1,Pass,Re-validation,HASH_INCOME_169,Retry after failed upload
PROC004507,APP02169,UP005006,52:36.8,22:03.0,Fail,Initial,HASH_ADDITIONAL_DOCUMENT_169,
PROC004508,APP02170,UP005007,59:46.3,14:43.8,Fail,Initial,HASH_IDENTITY_170,
PROC004509,APP02170,UP005008,13:36.4,27:30.7,Pass,Initial,HASH_INCOME_170,
PROC004510,APP02170,UP005010,17:23.6,40:50.9,Pass,Re-validation,HASH_ADDITIONAL_DOCUMENT_170,Retry after failed upload
PROC004511,APP02171,UP005011,32:44.2,48:20.9,Pass,Re-validation,HASH_IDENTITY_171,Rule-triggered re-verification
PROC004512,APP02171,UP005013,35:24.9,48:10.2,Pass,Re-validation,HASH_INCOME_171,Retry after failed upload
PROC004513,APP02171,UP005014,40:45.5,01:24.6,Pass,Initial,HASH_ADDITIONAL_DOCUMENT_171,
PROC004514,APP02172,UP005015,37:03.2,57:15.1,Pass,Initial,HASH_IDENTITY_172,
PROC004515,APP02172,UP005016,55:24.5,06:26.7,Pass,Initial,HASH_INCOME_172,
PROC004516,APP02172,UP005017,03:48.1,30:04.2,Pass,Re-validation,HASH_ADDITIONAL_DOCUMENT_172,Previous validation expired
PROC004517,APP02173,UP005018,55:51.6,16:48.8,Pass,Re-validation,HASH_IDENTITY_173,Rule-triggered re-verification
PROC004518,APP02173,UP005019,08:23.3,12:43.9,Pass,Initial,HASH_INCOME_173,
PROC004519,APP02173,UP005020,27:40.7,55:46.4,Pass,Initial,HASH_ADDITIONAL_DOCUMENT_173,
PROC004520,APP02174,UP005022,16:10.5,26:43.3,Pass,Re-validation,HASH_IDENTITY_174,Retry after failed upload
PROC004521,APP02174,UP005023,21:41.6,32:52.9,Pass,Initial,HASH_INCOME_174,
PROC004522,APP02174,UP005024,34:36.2,55:40.0,Pass,Initial,HASH_ADDITIONAL_DOCUMENT_174,
PROC004523,APP02175,UP005025,00:39.0,15:39.4,Pass,Initial,HASH_IDENTITY_175,
PROC004524,APP02175,UP005028,04:44.7,28:47.6,Pass,Re-validation,HASH_INCOME_175,Retry after failed upload
PROC004525,APP02175,UP005029,14:22.6,31:24.1,Pass,Initial,HASH_ADDITIONAL_DOCUMENT_175,
PROC004526,APP02176,UP005030,23:49.4,35:06.7,Pass,Re-validation,HASH_IDENTITY_176,Rule-triggered re-verification
PROC004527,APP02176,UP005031,22:42.0,38:58.7,Pass,Initial,HASH_INCOME_176,
PROC004528,APP02176,UP005032,41:05.4,10:07.8,Pass,Re-validation,HASH_ADDITIONAL_DOCUMENT_176,Previous validation expired
PROC004529,APP02177,UP005035,14:23.3,33:27.5,Pass,Re-validation,HASH_IDENTITY_177,Retry after failed upload
PROC004530,APP02177,UP005036,30:34.6,45:35.5,Pass,Initial,HASH_INCOME_177,
PROC004531,APP02177,UP005037,48:49.1,09:06.7,Pass,Initial,HASH_ADDITIONAL_DOCUMENT_177,
PROC004532,APP02178,UP005038,45:50.7,57:56.7,Pass,Initial,HASH_IDENTITY_178,
PROC004533,APP02178,UP005041,05:27.8,10:37.1,Pass,Re-validation,HASH_INCOME_178,Retry after failed upload
PROC004534,APP02178,UP005042,59:41.9,24:14.0,Pass,Initial,HASH_ADDITIONAL_DOCUMENT_178,
PROC004535,APP02179,UP005043,21:28.2,35:40.4,Pass,Initial,HASH_IDENTITY_179,
PROC004536,APP02179,UP005044,36:35.4,45:57.9,Pass,Initial,HASH_INCOME_179,
PROC004537,APP02179,UP005046,22:15.0,45:20.1,Pass,Re-validation,HASH_ADDITIONAL_DOCUMENT_179,Retry after failed upload
PROC004538,APP02180,UP005047,26:44.4,41:07.7,Pass,Initial,HASH_IDENTITY_180,
PROC004539,APP02180,UP005048,35:27.1,50:54.2,Pass,Re-validation,HASH_INCOME_180,Rule-triggered re-verification
PROC004540,APP02180,UP005049,28:10.8,47:42.6,Pass,Re-validation,HASH_ADDITIONAL_DOCUMENT_180,Rule-triggered re-verification
PROC004541,APP02181,UP005050,05:45.4,21:32.2,Pass,Initial,HASH_IDENTITY_181,
PROC004542,APP02181,UP005051,07:29.5,20:31.9,Pass,Re-validation,HASH_INCOME_181,System could not reuse prior result
PROC004543,APP02181,UP005052,33:22.3,59:47.2,Pass,Initial,HASH_ADDITIONAL_DOCUMENT_181,
PROC004544,APP02182,UP005053,43:35.5,59:25.9,Pass,Re-validation,HASH_IDENTITY_182,Previous validation expired
PROC004545,APP02182,UP005055,57:26.1,10:59.0,Pass,Re-validation,HASH_INCOME_182,Retry after failed upload
PROC004546,APP02182,UP005056,54:49.5,20:19.3,Fail,Initial,HASH_ADDITIONAL_DOCUMENT_182,
PROC004547,APP02183,UP005058,16:22.0,34:16.8,Pass,Re-validation,HASH_IDENTITY_183,Retry after failed upload
PROC004548,APP02183,UP005059,21:42.5,34:41.0,Pass,Re-validation,HASH_INCOME_183,Previous validation expired
PROC004549,APP02183,UP005060,01:44.6,27:45.0,Pass,Initial,HASH_ADDITIONAL_DOCUMENT_183,
PROC004550,APP02184,UP005061,03:59.4,14:58.6,Pass,Initial,HASH_IDENTITY_184,
PROC004551,APP02184,UP005062,57:15.1,13:55.0,Pass,Re-validation,HASH_INCOME_184,Previous validation expired
PROC004552,APP02184,UP005063,19:48.1,49:24.2,Pass,Initial,HASH_ADDITIONAL_DOCUMENT_184,
PROC004553,APP02185,UP005066,51:33.4,05:21.9,Pass,Re-validation,HASH_IDENTITY_185,Retry after failed upload
PROC004554,APP02185,UP005067,51:56.7,06:36.0,Pass,Re-validation,HASH_INCOME_185,Rule-triggered re-verification
PROC004555,APP02185,UP005068,09:51.7,36:15.1,Pass,Initial,HASH_ADDITIONAL_DOCUMENT_185,
PROC004556,APP02186,UP005069,04:36.0,16:55.8,Pass,Initial,HASH_IDENTITY_186,
PROC004557,APP02186,UP005070,06:43.6,19:56.1,Pass,Re-validation,HASH_INCOME_186,Rule-triggered re-verification
PROC004558,APP02186,UP005072,22:32.6,49:43.7,Pass,Re-validation,HASH_ADDITIONAL_DOCUMENT_186,Retry after failed upload
PROC004559,APP02187,UP005073,38:59.2,48:47.9,Pass,Re-validation,HASH_IDENTITY_187,System could not reuse prior result
PROC004560,APP02187,UP005074,31:54.9,45:13.7,Pass,Initial,HASH_INCOME_187,
PROC004561,APP02187,UP005075,52:24.6,10:08.5,Pass,Initial,HASH_ADDITIONAL_DOCUMENT_187,
PROC004562,APP02188,UP005077,12:09.3,24:38.2,Pass,Re-validation,HASH_IDENTITY_188,Retry after failed upload
PROC004563,APP02188,UP005078,29:44.7,47:37.8,Pass,Initial,HASH_INCOME_188,
PROC004564,APP02188,UP005079,31:24.0,49:39.9,Pass,Initial,HASH_ADDITIONAL_DOCUMENT_188,
PROC004565,APP02189,UP005080,23:25.7,31:18.8,Pass,Initial,HASH_IDENTITY_189,
PROC004566,APP02189,UP005081,36:48.3,54:02.7,Pass,Initial,HASH_INCOME_189,
PROC004567,APP02189,UP005082,27:16.6,44:13.4,Fail,Initial,HASH_ADDITIONAL_DOCUMENT_189,
PROC004568,APP02190,UP005083,37:43.3,48:59.7,Fail,Re-validation,HASH_IDENTITY_190,Rule-triggered re-verification
PROC004569,APP02190,UP005084,43:54.2,55:34.1,Pass,Initial,HASH_INCOME_190,
PROC004570,APP02190,UP005085,03:07.6,23:48.6,Pass,Initial,HASH_ADDITIONAL_DOCUMENT_190,
PROC004571,APP02191,UP005086,14:06.4,28:47.7,Pass,Initial,HASH_IDENTITY_191,
PROC004572,APP02191,UP005088,16:17.8,29:07.5,Pass,Re-validation,HASH_INCOME_191,Retry after failed upload
PROC004573,APP02191,UP005089,31:05.1,47:58.7,Pass,Initial,HASH_ADDITIONAL_DOCUMENT_191,
PROC004574,APP02192,UP005091,22:04.4,37:08.1,Pass,Re-validation,HASH_IDENTITY_192,Retry after failed upload
PROC004575,APP02192,UP005092,26:40.9,42:37.5,Pass,Initial,HASH_INCOME_192,
PROC004576,APP02192,UP005093,37:22.0,55:55.9,Pass,Re-validation,HASH_ADDITIONAL_DOCUMENT_192,Previous validation expired
PROC004577,APP02193,UP005094,44:12.6,56:16.6,Pass,Re-validation,HASH_IDENTITY_193,Rule-triggered re-verification
PROC004578,APP02193,UP005097,00:03.7,13:34.0,Pass,Re-validation,HASH_INCOME_193,Retry after failed upload
PROC004579,APP02193,UP005098,01:10.5,24:52.8,Pass,Initial,HASH_ADDITIONAL_DOCUMENT_193,
PROC004580,APP02194,UP005100,27:13.8,41:46.9,Pass,Re-validation,HASH_IDENTITY_194,Retry after failed upload
PROC004581,APP02194,UP005101,34:12.2,53:58.1,Pass,Initial,HASH_INCOME_194,
PROC004582,APP02194,UP005102,37:10.1,04:55.0,Pass,Re-validation,HASH_ADDITIONAL_DOCUMENT_194,Rule-triggered re-verification
PROC004583,APP02195,UP005103,26:28.6,41:35.7,Pass,Initial,HASH_IDENTITY_195,
PROC004584,APP02195,UP005104,52:55.1,08:11.6,Fail,Initial,HASH_INCOME_195,
PROC004585,APP02195,UP005105,44:17.6,02:05.4,Pass,Initial,HASH_ADDITIONAL_DOCUMENT_195,
PROC004586,APP02196,UP005106,11:07.3,24:26.8,Pass,Re-validation,HASH_IDENTITY_196,System could not reuse prior result
PROC004587,APP02196,UP005107,05:26.4,27:55.5,Pass,Initial,HASH_INCOME_196,
PROC004588,APP02196,UP005108,15:40.7,37:47.8,Pass,Re-validation,HASH_ADDITIONAL_DOCUMENT_196,Rule-triggered re-verification
PROC004589,APP02197,UP005109,29:36.1,39:18.3,Pass,Initial,HASH_IDENTITY_197,
PROC004590,APP02197,UP005110,31:14.0,46:18.2,Pass,Re-validation,HASH_INCOME_197,System could not reuse prior result
PROC004591,APP02197,UP005111,31:31.6,51:03.6,Pass,Re-validation,HASH_ADDITIONAL_DOCUMENT_197,Rule-triggered re-verification
PROC004592,APP02198,UP005112,11:55.5,28:13.6,Pass,Initial,HASH_IDENTITY_198,
PROC004593,APP02198,UP005113,22:28.6,38:31.0,Pass,Re-validation,HASH_INCOME_198,Previous validation expired
PROC004594,APP02198,UP005116,45:01.9,06:56.2,Pass,Re-validation,HASH_ADDITIONAL_DOCUMENT_198,Retry after failed upload
PROC004595,APP02199,UP005118,07:58.6,21:21.1,Pass,Re-validation,HASH_IDENTITY_199,Retry after failed upload
PROC004596,APP02199,UP005119,03:54.0,16:22.0,Pass,Re-validation,HASH_INCOME_199,System could not reuse prior result
PROC004597,APP02199,UP005120,32:52.9,57:26.9,Pass,Initial,HASH_ADDITIONAL_DOCUMENT_199,
PROC004598,APP02200,UP005122,30:29.5,43:38.8,Pass,Re-validation,HASH_IDENTITY_200,Retry after failed upload
PROC004599,APP02200,UP005124,29:13.4,45:06.9,Pass,Re-validation,HASH_INCOME_200,Retry after failed upload
PROC004600,APP02200,UP005125,59:49.9,22:11.4,Pass,Initial,HASH_ADDITIONAL_DOCUMENT_200,
PROC004601,APP02201,UP005127,01:17.1,14:00.6,Pass,Re-validation,HASH_IDENTITY_201,Retry after failed upload
PROC004602,APP02201,UP005128,58:04.1,11:26.9,Pass,Initial,HASH_INCOME_201,
PROC004603,APP02201,UP005129,12:34.4,36:37.2,Pass,Re-validation,HASH_ADDITIONAL_DOCUMENT_201,Previous validation expired
PROC004604,APP02202,UP005130,48:11.0,02:50.6,Pass,Re-validation,HASH_IDENTITY_202,Previous validation expired
PROC004605,APP02202,UP005131,01:28.6,23:39.4,Pass,Initial,HASH_INCOME_202,
PROC004606,APP02202,UP005132,21:51.8,44:21.8,Pass,Initial,HASH_ADDITIONAL_DOCUMENT_202,
PROC004607,APP02203,UP005133,04:15.5,16:36.6,Pass,Initial,HASH_IDENTITY_203,
PROC004608,APP02203,UP005135,08:30.1,22:55.1,Pass,Re-validation,HASH_INCOME_203,Retry after failed upload
PROC004609,APP02203,UP005136,33:06.8,47:26.2,Pass,Initial,HASH_ADDITIONAL_DOCUMENT_203,
PROC004610,APP02204,UP005137,00:33.0,14:44.3,Pass,Initial,HASH_IDENTITY_204,
PROC004611,APP02204,UP005138,11:17.5,25:49.9,Pass,Initial,HASH_INCOME_204,
PROC004612,APP02204,UP005139,16:15.6,37:05.9,Fail,Initial,HASH_ADDITIONAL_DOCUMENT_204,
PROC004613,APP02205,UP005140,18:26.1,35:52.9,Pass,Re-validation,HASH_IDENTITY_205,Rule-triggered re-verification
PROC004614,APP02205,UP005141,27:10.4,42:10.0,Pass,Initial,HASH_INCOME_205,
PROC004615,APP02205,UP005142,39:39.2,56:12.0,Pass,Re-validation,HASH_ADDITIONAL_DOCUMENT_205,Previous validation expired
PROC004616,APP02206,UP005143,29:09.9,42:14.4,Pass,Re-validation,HASH_IDENTITY_206,Previous validation expired
PROC004617,APP02206,UP005144,48:19.8,53:16.8,Pass,Initial,HASH_INCOME_206,
PROC004618,APP02206,UP005145,57:44.9,20:24.1,Pass,Initial,HASH_ADDITIONAL_DOCUMENT_206,
PROC004619,APP02207,UP005146,08:46.6,20:40.7,Pass,Initial,HASH_IDENTITY_207,
PROC004620,APP02207,UP005147,09:01.9,15:12.3,Pass,Initial,HASH_INCOME_207,
PROC004621,APP02207,UP005149,37:12.3,58:45.3,Pass,Re-validation,HASH_ADDITIONAL_DOCUMENT_207,Retry after failed upload
PROC004622,APP02208,UP005150,30:56.2,49:01.5,Pass,Initial,HASH_IDENTITY_208,
PROC004623,APP02208,UP005151,38:47.7,57:47.2,Pass,Initial,HASH_INCOME_208,
PROC004624,APP02208,UP005152,48:24.8,13:39.9,Pass,Re-validation,HASH_ADDITIONAL_DOCUMENT_208,Rule-triggered re-verification
PROC004625,APP02209,UP005153,26:01.6,47:49.1,Pass,Initial,HASH_IDENTITY_209,
PROC004626,APP02209,UP005156,19:51.2,30:25.8,Pass,Re-validation,HASH_INCOME_209,Retry after failed upload
PROC004627,APP02209,UP005157,37:30.6,58:46.5,Pass,Initial,HASH_ADDITIONAL_DOCUMENT_209,
PROC004628,APP02210,UP005158,02:35.2,16:49.2,Pass,Initial,HASH_IDENTITY_210,
PROC004629,APP02210,UP005159,03:40.2,18:25.9,Pass,Initial,HASH_INCOME_210,
PROC004630,APP02210,UP005161,32:13.0,56:12.9,Pass,Re-validation,HASH_ADDITIONAL_DOCUMENT_210,Retry after failed upload
PROC004631,APP02211,UP005162,28:39.0,43:16.1,Pass,Initial,HASH_IDENTITY_211,
PROC004632,APP02211,UP005163,43:19.4,02:46.5,Pass,Initial,HASH_INCOME_211,
PROC004633,APP02211,UP005165,58:44.5,17:16.4,Pass,Re-validation,HASH_ADDITIONAL_DOCUMENT_211,Retry after failed upload
PROC004634,APP02212,UP005166,37:36.6,54:03.2,Pass,Initial,HASH_IDENTITY_212,
PROC004635,APP02212,UP005167,46:24.4,03:24.6,Pass,Initial,HASH_INCOME_212,
PROC004636,APP02212,UP005168,39:46.7,58:26.9,Pass,Re-validation,HASH_ADDITIONAL_DOCUMENT_212,Previous validation expired
PROC004637,APP02213,UP005171,18:54.5,32:03.5,Pass,Re-validation,HASH_IDENTITY_213,Retry after failed upload
PROC004638,APP02213,UP005172,36:48.5,51:04.1,Pass,Initial,HASH_INCOME_213,
PROC004639,APP02213,UP005173,55:25.3,14:52.0,Fail,Initial,HASH_ADDITIONAL_DOCUMENT_213,
PROC004640,APP02214,UP005175,04:28.2,23:09.0,Pass,Re-validation,HASH_IDENTITY_214,Retry after failed upload
PROC004641,APP02214,UP005176,11:29.7,24:41.6,Pass,Initial,HASH_INCOME_214,
PROC004642,APP02214,UP005177,10:58.2,34:49.8,Pass,Initial,HASH_ADDITIONAL_DOCUMENT_214,
PROC004643,APP02215,UP005178,12:56.2,27:41.2,Pass,Initial,HASH_IDENTITY_215,
PROC004644,APP02215,UP005179,14:52.8,31:44.4,Pass,Initial,HASH_INCOME_215,
PROC004645,APP02215,UP005180,37:17.3,04:42.2,Pass,Initial,HASH_ADDITIONAL_DOCUMENT_215,
PROC004646,APP02216,UP005183,16:44.5,35:30.4,Pass,Re-validation,HASH_IDENTITY_216,Retry after failed upload
PROC004647,APP02216,UP005185,04:41.7,20:30.0,Pass,Re-validation,HASH_INCOME_216,Retry after failed upload
PROC004648,APP02216,UP005186,25:39.2,44:18.2,Pass,Initial,HASH_ADDITIONAL_DOCUMENT_216,
PROC004649,APP02217,UP005187,41:41.8,55:16.8,Pass,Initial,HASH_IDENTITY_217,
PROC004650,APP02217,UP005188,43:32.6,06:05.0,Pass,Initial,HASH_INCOME_217,
PROC004651,APP02217,UP005189,44:53.6,03:54.1,Pass,Initial,HASH_ADDITIONAL_DOCUMENT_217,
PROC004652,APP02218,UP005190,34:46.1,50:06.4,Pass,Initial,HASH_IDENTITY_218,
PROC004653,APP02218,UP005191,52:12.7,08:45.1,Pass,Initial,HASH_INCOME_218,
PROC004654,APP02218,UP005194,02:50.9,25:24.9,Pass,Re-validation,HASH_ADDITIONAL_DOCUMENT_218,Retry after failed upload
PROC004655,APP02219,UP005195,51:30.6,06:43.2,Pass,Initial,HASH_IDENTITY_219,
PROC004656,APP02219,UP005196,12:59.8,31:38.6,Pass,Initial,HASH_INCOME_219,
PROC004657,APP02219,UP005197,05:35.8,24:28.6,Pass,Initial,HASH_ADDITIONAL_DOCUMENT_219,
PROC004658,APP02220,UP005198,38:35.5,58:59.9,Pass,Re-validation,HASH_IDENTITY_220,System could not reuse prior result
PROC004659,APP02220,UP005199,37:39.9,57:15.7,Pass,Re-validation,HASH_INCOME_220,Rule-triggered re-verification
PROC004660,APP02220,UP005200,41:36.5,10:43.4,Pass,Initial,HASH_ADDITIONAL_DOCUMENT_220,
PROC004661,APP02221,UP005201,24:01.9,41:53.2,Pass,Initial,HASH_IDENTITY_221,
PROC004662,APP02221,UP005202,27:40.3,44:21.8,Pass,Initial,HASH_INCOME_221,
PROC004663,APP02221,UP005203,35:08.2,52:20.7,Pass,Initial,HASH_ADDITIONAL_DOCUMENT_221,
PROC004664,APP02222,UP005204,18:55.4,40:15.7,Pass,Re-validation,HASH_IDENTITY_222,Previous validation expired
PROC004665,APP02222,UP005205,29:05.7,43:15.8,Pass,Initial,HASH_INCOME_222,
PROC004666,APP02222,UP005206,36:47.9,01:32.0,Pass,Initial,HASH_ADDITIONAL_DOCUMENT_222,
PROC004667,APP02223,UP005207,50:10.4,05:05.0,Pass,Initial,HASH_IDENTITY_223,
PROC004668,APP02223,UP005208,58:50.4,10:49.9,Pass,Initial,HASH_INCOME_223,
PROC004669,APP02223,UP005210,13:37.3,35:17.3,Pass,Re-validation,HASH_ADDITIONAL_DOCUMENT_223,Retry after failed upload
PROC004670,APP02224,UP005213,37:10.2,51:30.8,Pass,Re-validation,HASH_IDENTITY_224,Retry after failed upload
PROC004671,APP02224,UP005214,46:26.5,07:27.0,Pass,Initial,HASH_INCOME_224,
PROC004672,APP02224,UP005216,52:38.6,11:27.1,Pass,Re-validation,HASH_ADDITIONAL_DOCUMENT_224,Retry after failed upload
PROC004673,APP02225,UP005218,20:55.1,34:16.7,Pass,Re-validation,HASH_IDENTITY_225,Retry after failed upload
PROC004674,APP02225,UP005219,29:13.4,53:02.1,Fail,Initial,HASH_INCOME_225,
PROC004675,APP02225,UP005220,48:10.2,08:49.1,Pass,Initial,HASH_ADDITIONAL_DOCUMENT_225,
PROC004676,APP02226,UP005223,10:04.5,29:38.3,Pass,Re-validation,HASH_IDENTITY_226,Retry after failed upload
PROC004677,APP02226,UP005224,19:38.3,37:01.2,Pass,Initial,HASH_INCOME_226,
PROC004678,APP02226,UP005225,21:26.8,50:13.8,Pass,Initial,HASH_ADDITIONAL_DOCUMENT_226,
PROC004679,APP02227,UP005227,58:50.9,17:00.8,Pass,Re-validation,HASH_IDENTITY_227,Retry after failed upload
PROC004680,APP02227,UP005229,14:38.3,23:20.9,Pass,Re-validation,HASH_INCOME_227,Retry after failed upload
PROC004681,APP02227,UP005230,13:14.4,36:57.8,Pass,Initial,HASH_ADDITIONAL_DOCUMENT_227,
PROC004682,APP02228,UP005231,43:57.6,58:02.7,Pass,Initial,HASH_IDENTITY_228,
PROC004683,APP02228,UP005232,00:25.3,16:37.5,Pass,Initial,HASH_INCOME_228,
PROC004684,APP02228,UP005234,57:24.7,13:04.1,Pass,Re-validation,HASH_ADDITIONAL_DOCUMENT_228,Retry after failed upload
PROC004685,APP02229,UP005235,11:10.5,27:47.7,Pass,Initial,HASH_IDENTITY_229,
PROC004686,APP02229,UP005236,28:50.4,42:27.4,Pass,Initial,HASH_INCOME_229,
PROC004687,APP02229,UP005237,26:05.0,52:04.3,Pass,Initial,HASH_ADDITIONAL_DOCUMENT_229,
PROC004688,APP02230,UP005239,16:23.5,27:30.7,Pass,Re-validation,HASH_IDENTITY_230,Retry after failed upload
PROC004689,APP02230,UP005241,23:51.1,44:17.1,Pass,Re-validation,HASH_INCOME_230,Retry after failed upload
PROC004690,APP02230,UP005242,45:21.9,16:45.3,Pass,Initial,HASH_ADDITIONAL_DOCUMENT_230,
PROC004691,APP02231,UP005243,40:15.2,53:12.1,Pass,Initial,HASH_IDENTITY_231,
PROC004692,APP02231,UP005244,02:09.4,12:13.3,Pass,Initial,HASH_INCOME_231,
PROC004693,APP02231,UP005245,08:39.0,33:27.2,Pass,Initial,HASH_ADDITIONAL_DOCUMENT_231,
PROC004694,APP02232,UP005246,26:50.0,44:40.0,Pass,Initial,HASH_IDENTITY_232,
PROC004695,APP02232,UP005247,36:59.5,57:11.7,Pass,Re-validation,HASH_INCOME_232,Rule-triggered re-verification
PROC004696,APP02232,UP005248,54:35.5,16:55.4,Pass,Initial,HASH_ADDITIONAL_DOCUMENT_232,
PROC004697,APP02233,UP005249,45:08.7,06:52.6,Pass,Initial,HASH_IDENTITY_233,
PROC004698,APP02233,UP005250,43:43.2,01:13.0,Pass,Re-validation,HASH_INCOME_233,Previous validation expired
PROC004699,APP02233,UP005251,58:48.6,25:55.7,Pass,Initial,HASH_ADDITIONAL_DOCUMENT_233,
PROC004700,APP02234,UP005252,03:54.5,19:52.0,Pass,Initial,HASH_IDENTITY_234,
PROC004701,APP02234,UP005253,10:20.0,22:43.2,Pass,Initial,HASH_INCOME_234,
PROC004702,APP02234,UP005254,20:52.8,46:51.5,Pass,Initial,HASH_ADDITIONAL_DOCUMENT_234,
PROC004703,APP02235,UP005255,37:21.8,45:05.9,Fail,Initial,HASH_IDENTITY_235,
PROC004704,APP02235,UP005256,38:40.3,57:21.0,Pass,Initial,HASH_INCOME_235,
PROC004705,APP02235,UP005257,51:52.5,10:44.7,Pass,Initial,HASH_ADDITIONAL_DOCUMENT_235,
PROC004706,APP02236,UP005258,11:57.4,22:18.7,Pass,Re-validation,HASH_IDENTITY_236,System could not reuse prior result
PROC004707,APP02236,UP005260,18:30.1,40:57.1,Fail,Re-validation,HASH_INCOME_236,Retry after failed upload
PROC004708,APP02236,UP005261,43:31.7,04:02.1,Pass,Initial,HASH_ADDITIONAL_DOCUMENT_236,
PROC004709,APP02237,UP005264,35:14.2,53:32.4,Pass,Re-validation,HASH_IDENTITY_237,Retry after failed upload
PROC004710,APP02237,UP005265,40:45.5,55:24.0,Pass,Initial,HASH_INCOME_237,
PROC004711,APP02237,UP005266,57:55.4,26:51.7,Pass,Re-validation,HASH_ADDITIONAL_DOCUMENT_237,Previous validation expired
PROC004712,APP02238,UP005267,54:07.7,07:25.0,Pass,Initial,HASH_IDENTITY_238,
PROC004713,APP02238,UP005268,12:59.1,28:03.7,Pass,Initial,HASH_INCOME_238,
PROC004714,APP02238,UP005269,13:54.1,34:46.4,Pass,Initial,HASH_ADDITIONAL_DOCUMENT_238,
PROC004715,APP02239,UP005270,10:22.8,28:20.5,Pass,Re-validation,HASH_IDENTITY_239,Rule-triggered re-verification
PROC004716,APP02239,UP005271,25:56.5,35:26.7,Pass,Initial,HASH_INCOME_239,
PROC004717,APP02239,UP005272,27:54.1,51:10.3,Pass,Initial,HASH_ADDITIONAL_DOCUMENT_239,
PROC004718,APP02240,UP005273,31:52.3,44:58.7,Pass,Initial,HASH_IDENTITY_240,
PROC004719,APP02240,UP005276,53:56.6,10:03.0,Pass,Re-validation,HASH_INCOME_240,Retry after failed upload
PROC004720,APP02240,UP005277,52:24.7,11:29.6,Pass,Initial,HASH_ADDITIONAL_DOCUMENT_240,
PROC004721,APP02241,UP005278,29:17.5,51:51.9,Pass,Initial,HASH_IDENTITY_241,
PROC004722,APP02241,UP005279,15:36.0,32:26.3,Pass,Re-validation,HASH_INCOME_241,System could not reuse prior result
PROC004723,APP02241,UP005280,44:14.0,04:57.3,Pass,Initial,HASH_ADDITIONAL_DOCUMENT_241,
PROC004724,APP02242,UP005281,13:57.4,25:14.1,Pass,Initial,HASH_IDENTITY_242,
PROC004725,APP02242,UP005282,32:58.8,45:04.8,Pass,Initial,HASH_INCOME_242,
PROC004726,APP02242,UP005283,32:56.9,54:07.9,Pass,Initial,HASH_ADDITIONAL_DOCUMENT_242,
PROC004727,APP02243,UP005284,38:07.3,50:01.0,Pass,Initial,HASH_IDENTITY_243,
PROC004728,APP02243,UP005285,33:43.5,49:44.2,Pass,Re-validation,HASH_INCOME_243,Previous validation expired
PROC004729,APP02243,UP005288,58:05.1,26:06.3,Pass,Re-validation,HASH_ADDITIONAL_DOCUMENT_243,Retry after failed upload
PROC004730,APP02244,UP005290,50:34.7,01:48.2,Pass,Re-validation,HASH_IDENTITY_244,Retry after failed upload
PROC004731,APP02244,UP005292,04:50.0,22:46.0,Pass,Re-validation,HASH_INCOME_244,Retry after failed upload
PROC004732,APP02244,UP005295,07:00.0,28:58.1,Pass,Re-validation,HASH_ADDITIONAL_DOCUMENT_244,Retry after failed upload
PROC004733,APP02245,UP005296,59:39.2,15:19.7,Pass,Initial,HASH_IDENTITY_245,
PROC004734,APP02245,UP005297,11:05.9,15:35.6,Pass,Initial,HASH_INCOME_245,
PROC004735,APP02245,UP005298,06:02.4,27:37.9,Pass,Initial,HASH_ADDITIONAL_DOCUMENT_245,
PROC004736,APP02246,UP005301,25:50.7,41:00.8,Fail,Re-validation,HASH_IDENTITY_246,Retry after failed upload
PROC004737,APP02246,UP005304,47:55.4,02:42.3,Pass,Re-validation,HASH_INCOME_246,Retry after failed upload
PROC004738,APP02246,UP005305,39:46.7,02:25.9,Pass,Initial,HASH_ADDITIONAL_DOCUMENT_246,
PROC004739,APP02247,UP005306,26:11.3,40:18.3,Pass,Initial,HASH_IDENTITY_247,
PROC004740,APP02247,UP005309,14:47.9,38:07.5,Pass,Re-validation,HASH_INCOME_247,Retry after failed upload
PROC004741,APP02247,UP005310,37:24.3,00:34.5,Fail,Initial,HASH_ADDITIONAL_DOCUMENT_247,
PROC004742,APP02248,UP005311,32:32.6,44:31.2,Pass,Initial,HASH_IDENTITY_248,
PROC004743,APP02248,UP005312,34:38.3,53:37.7,Pass,Initial,HASH_INCOME_248,
PROC004744,APP02248,UP005314,50:54.2,08:36.7,Pass,Re-validation,HASH_ADDITIONAL_DOCUMENT_248,Retry after failed upload
PROC004745,APP02249,UP005315,16:59.1,38:28.9,Pass,Initial,HASH_IDENTITY_249,
PROC004746,APP02249,UP005318,40:14.3,57:38.2,Pass,Re-validation,HASH_INCOME_249,Retry after failed upload
PROC004747,APP02249,UP005319,31:40.8,54:22.7,Pass,Initial,HASH_ADDITIONAL_DOCUMENT_249,
PROC004748,APP02250,UP005322,58:55.2,08:19.2,Pass,Re-validation,HASH_IDENTITY_250,Retry after failed upload
PROC004749,APP02250,UP005323,05:32.0,17:43.8,Pass,Initial,HASH_INCOME_250,
PROC004750,APP02250,UP005324,13:47.1,38:21.7,Pass,Initial,HASH_ADDITIONAL_DOCUMENT_250,
PROC004751,APP02251,UP005325,08:46.5,25:50.1,Fail,Initial,HASH_IDENTITY_251,
PROC004752,APP02251,UP005326,31:12.4,47:46.6,Pass,Re-validation,HASH_INCOME_251,Rule-triggered re-verification
PROC004753,APP02251,UP005328,21:24.8,49:19.2,Fail,Re-validation,HASH_ADDITIONAL_DOCUMENT_251,Retry after failed upload
PROC004754,APP02252,UP005330,59:55.3,04:19.0,Pass,Re-validation,HASH_IDENTITY_252,Retry after failed upload
PROC004755,APP02252,UP005331,09:20.4,21:30.1,Pass,Re-validation,HASH_INCOME_252,System could not reuse prior result
PROC004756,APP02252,UP005333,08:59.2,34:54.9,Pass,Re-validation,HASH_ADDITIONAL_DOCUMENT_252,Retry after failed upload
PROC004757,APP02253,UP005334,41:52.6,49:11.0,Pass,Initial,HASH_IDENTITY_253,
PROC004758,APP02253,UP005335,07:13.3,23:19.6,Pass,Initial,HASH_INCOME_253,
PROC004759,APP02253,UP005337,55:44.1,22:25.1,Pass,Re-validation,HASH_ADDITIONAL_DOCUMENT_253,Retry after failed upload
PROC004760,APP02254,UP005338,47:30.3,01:24.9,Pass,Initial,HASH_IDENTITY_254,
PROC004761,APP02254,UP005339,00:34.4,16:08.3,Pass,Re-validation,HASH_INCOME_254,Previous validation expired
PROC004762,APP02254,UP005340,58:55.3,22:17.9,Pass,Initial,HASH_ADDITIONAL_DOCUMENT_254,
PROC004763,APP02255,UP005341,26:49.4,41:39.4,Pass,Initial,HASH_IDENTITY_255,
PROC004764,APP02255,UP005342,37:42.5,55:01.8,Pass,Initial,HASH_INCOME_255,
PROC004765,APP02255,UP005343,48:47.3,25:37.8,Pass,Initial,HASH_ADDITIONAL_DOCUMENT_255,
PROC004766,APP02256,UP005344,51:35.8,06:18.4,Pass,Initial,HASH_IDENTITY_256,
PROC004767,APP02256,UP005345,01:39.0,25:29.6,Pass,Re-validation,HASH_INCOME_256,System could not reuse prior result
PROC004768,APP02256,UP005346,07:46.5,31:18.0,Pass,Initial,HASH_ADDITIONAL_DOCUMENT_256,
PROC004769,APP02257,UP005347,09:42.0,22:26.3,Pass,Initial,HASH_IDENTITY_257,
PROC004770,APP02257,UP005348,18:21.5,35:13.1,Pass,Re-validation,HASH_INCOME_257,Previous validation expired
PROC004771,APP02257,UP005349,11:14.7,36:04.5,Pass,Initial,HASH_ADDITIONAL_DOCUMENT_257,
PROC004772,APP02258,UP005350,13:31.8,31:34.3,Pass,Initial,HASH_IDENTITY_258,
PROC004773,APP02258,UP005351,06:34.7,26:10.7,Pass,Initial,HASH_INCOME_258,
PROC004774,APP02258,UP005354,42:21.3,06:05.4,Pass,Re-validation,HASH_ADDITIONAL_DOCUMENT_258,Retry after failed upload
PROC004775,APP02259,UP005355,16:41.6,35:08.6,Pass,Initial,HASH_IDENTITY_259,
PROC004776,APP02259,UP005356,18:13.7,26:28.4,Pass,Initial,HASH_INCOME_259,
PROC004777,APP02259,UP005357,29:22.6,53:01.8,Pass,Re-validation,HASH_ADDITIONAL_DOCUMENT_259,Rule-triggered re-verification
PROC004778,APP02260,UP005358,01:24.5,10:56.9,Pass,Initial,HASH_IDENTITY_260,
PROC004779,APP02260,UP005359,19:45.6,30:14.4,Fail,Initial,HASH_INCOME_260,
PROC004780,APP02260,UP005360,28:04.4,51:01.5,Pass,Re-validation,HASH_ADDITIONAL_DOCUMENT_260,Rule-triggered re-verification
PROC004781,APP02261,UP005362,02:35.9,20:27.4,Pass,Re-validation,HASH_IDENTITY_261,Retry after failed upload
PROC004782,APP02261,UP005363,50:32.8,10:49.4,Pass,Initial,HASH_INCOME_261,
PROC004783,APP02261,UP005366,06:10.0,32:44.0,Pass,Re-validation,HASH_ADDITIONAL_DOCUMENT_261,Retry after failed upload
PROC004784,APP02262,UP005368,43:30.0,58:27.7,Pass,Re-validation,HASH_IDENTITY_262,Retry after failed upload
PROC004785,APP02262,UP005369,41:40.6,02:43.7,Pass,Initial,HASH_INCOME_262,
PROC004786,APP02262,UP005370,56:46.7,17:02.0,Pass,Re-validation,HASH_ADDITIONAL_DOCUMENT_262,System could not reuse prior result
PROC004787,APP02263,UP005371,55:50.2,10:07.4,Pass,Initial,HASH_IDENTITY_263,
PROC004788,APP02263,UP005372,00:26.8,12:04.1,Fail,Initial,HASH_INCOME_263,
PROC004789,APP02263,UP005373,21:23.8,49:56.8,Pass,Initial,HASH_ADDITIONAL_DOCUMENT_263,
PROC004790,APP02264,UP005374,11:18.1,23:58.2,Pass,Initial,HASH_IDENTITY_264,
PROC004791,APP02264,UP005375,25:55.7,45:13.4,Pass,Initial,HASH_INCOME_264,
PROC004792,APP02264,UP005377,37:22.6,56:40.4,Pass,Re-validation,HASH_ADDITIONAL_DOCUMENT_264,Retry after failed upload
PROC004793,APP02265,UP005378,12:44.2,28:10.6,Pass,Initial,HASH_IDENTITY_265,
PROC004794,APP02265,UP005380,09:29.8,22:10.8,Pass,Re-validation,HASH_INCOME_265,Retry after failed upload
PROC004795,APP02265,UP005381,24:41.7,50:27.8,Fail,Initial,HASH_ADDITIONAL_DOCUMENT_265,
PROC004796,APP02266,UP005382,56:12.8,15:51.1,Pass,Initial,HASH_IDENTITY_266,
PROC004797,APP02266,UP005383,10:48.6,16:01.8,Pass,Re-validation,HASH_INCOME_266,Previous validation expired
PROC004798,APP02266,UP005386,34:18.3,57:22.0,Pass,Re-validation,HASH_ADDITIONAL_DOCUMENT_266,Retry after failed upload
PROC004799,APP02267,UP005387,14:34.6,23:39.5,Fail,Initial,HASH_IDENTITY_267,
PROC004800,APP02267,UP005388,09:18.9,22:03.9,Pass,Initial,HASH_INCOME_267,
PROC004801,APP02267,UP005389,22:21.3,41:44.4,Pass,Re-validation,HASH_ADDITIONAL_DOCUMENT_267,Previous validation expired
PROC004802,APP02268,UP005390,48:14.1,03:34.5,Pass,Initial,HASH_IDENTITY_268,
PROC004803,APP02268,UP005391,03:20.7,16:06.3,Pass,Initial,HASH_INCOME_268,
PROC004804,APP02268,UP005392,05:46.5,30:26.7,Pass,Initial,HASH_ADDITIONAL_DOCUMENT_268,
PROC004805,APP02269,UP005393,42:03.3,55:10.0,Pass,Initial,HASH_IDENTITY_269,
PROC004806,APP02269,UP005394,37:49.5,58:30.3,Pass,Re-validation,HASH_INCOME_269,System could not reuse prior result
PROC004807,APP02269,UP005395,45:38.8,09:52.0,Fail,Initial,HASH_ADDITIONAL_DOCUMENT_269,
PROC004808,APP02270,UP005396,27:32.0,38:30.8,Pass,Initial,HASH_IDENTITY_270,
PROC004809,APP02270,UP005399,30:21.0,42:03.7,Pass,Re-validation,HASH_INCOME_270,Retry after failed upload
PROC004810,APP02270,UP005400,32:49.6,49:20.6,Pass,Initial,HASH_ADDITIONAL_DOCUMENT_270,
PROC004811,APP02271,UP005401,40:47.7,55:39.6,Pass,Initial,HASH_IDENTITY_271,
PROC004812,APP02271,UP005402,40:36.2,57:15.7,Pass,Re-validation,HASH_INCOME_271,Previous validation expired
PROC004813,APP02271,UP005403,00:27.1,25:49.2,Pass,Initial,HASH_ADDITIONAL_DOCUMENT_271,
PROC004814,APP02272,UP005404,23:14.1,31:08.1,Pass,Initial,HASH_IDENTITY_272,
PROC004815,APP02272,UP005405,24:11.8,35:51.6,Pass,Initial,HASH_INCOME_272,
PROC004816,APP02272,UP005407,38:45.1,55:20.4,Pass,Re-validation,HASH_ADDITIONAL_DOCUMENT_272,Retry after failed upload
PROC004817,APP02273,UP005408,32:51.5,48:45.8,Pass,Initial,HASH_IDENTITY_273,
PROC004818,APP02273,UP005410,42:15.1,58:36.4,Pass,Re-validation,HASH_INCOME_273,Retry after failed upload
PROC004819,APP02273,UP005412,56:08.3,17:46.0,Pass,Re-validation,HASH_ADDITIONAL_DOCUMENT_273,Retry after failed upload
PROC004820,APP02274,UP005413,24:07.6,36:27.8,Pass,Re-validation,HASH_IDENTITY_274,System could not reuse prior result
PROC004821,APP02274,UP005414,21:49.7,31:33.5,Pass,Re-validation,HASH_INCOME_274,System could not reuse prior result
PROC004822,APP02274,UP005415,39:30.8,00:52.1,Pass,Initial,HASH_ADDITIONAL_DOCUMENT_274,
PROC004823,APP02275,UP005416,39:20.2,53:34.6,Pass,Initial,HASH_IDENTITY_275,
PROC004824,APP02275,UP005417,50:33.8,08:20.7,Pass,Initial,HASH_INCOME_275,
PROC004825,APP02275,UP005418,01:16.3,28:36.4,Fail,Initial,HASH_ADDITIONAL_DOCUMENT_275,
PROC004826,APP02276,UP005419,29:58.4,44:18.2,Pass,Re-validation,HASH_IDENTITY_276,Rule-triggered re-verification
PROC004827,APP02276,UP005420,24:41.2,38:52.6,Fail,Initial,HASH_INCOME_276,
PROC004828,APP02276,UP005421,46:19.9,14:08.8,Pass,Initial,HASH_ADDITIONAL_DOCUMENT_276,
PROC004829,APP02277,UP005422,30:36.2,49:00.6,Pass,Initial,HASH_IDENTITY_277,
PROC004830,APP02277,UP005424,35:08.8,49:28.2,Pass,Re-validation,HASH_INCOME_277,Retry after failed upload
PROC004831,APP02277,UP005426,46:37.0,13:00.6,Pass,Re-validation,HASH_ADDITIONAL_DOCUMENT_277,Retry after failed upload
PROC004832,APP02278,UP005427,10:09.6,24:36.7,Pass,Initial,HASH_IDENTITY_278,
PROC004833,APP02278,UP005428,07:28.4,29:24.7,Pass,Initial,HASH_INCOME_278,
PROC004834,APP02278,UP005429,07:58.4,32:36.5,Pass,Re-validation,HASH_ADDITIONAL_DOCUMENT_278,System could not reuse prior result
PROC004835,APP02279,UP005430,47:17.6,00:07.5,Pass,Initial,HASH_IDENTITY_279,
PROC004836,APP02279,UP005432,41:50.0,53:47.8,Pass,Re-validation,HASH_INCOME_279,Retry after failed upload
PROC004837,APP02279,UP005433,58:53.6,23:38.2,Pass,Initial,HASH_ADDITIONAL_DOCUMENT_279,
PROC004838,APP02280,UP005434,57:27.4,13:41.5,Pass,Re-validation,HASH_IDENTITY_280,System could not reuse prior result
PROC004839,APP02280,UP005435,12:51.0,29:53.7,Pass,Initial,HASH_INCOME_280,
PROC004840,APP02280,UP005436,04:06.1,23:07.1,Pass,Initial,HASH_ADDITIONAL_DOCUMENT_280,
PROC004841,APP02281,UP005437,08:08.3,22:56.5,Pass,Initial,HASH_IDENTITY_281,
PROC004842,APP02281,UP005438,13:12.1,25:12.0,Pass,Initial,HASH_INCOME_281,
PROC004843,APP02281,UP005440,30:02.4,53:32.8,Pass,Re-validation,HASH_ADDITIONAL_DOCUMENT_281,Retry after failed upload
PROC004844,APP02282,UP005441,24:46.6,43:35.2,Pass,Initial,HASH_IDENTITY_282,
PROC004845,APP02282,UP005442,38:30.2,52:20.0,Pass,Initial,HASH_INCOME_282,
PROC004846,APP02282,UP005443,30:53.2,55:06.7,Pass,Re-validation,HASH_ADDITIONAL_DOCUMENT_282,System could not reuse prior result
PROC004847,APP02283,UP005444,57:32.9,15:00.2,Pass,Initial,HASH_IDENTITY_283,
PROC004848,APP02283,UP005445,04:47.3,18:31.6,Pass,Re-validation,HASH_INCOME_283,Previous validation expired
PROC004849,APP02283,UP005446,09:52.1,29:11.4,Pass,Re-validation,HASH_ADDITIONAL_DOCUMENT_283,System could not reuse prior result
PROC004850,APP02284,UP005447,08:40.5,24:41.4,Pass,Initial,HASH_IDENTITY_284,
PROC004851,APP02284,UP005448,12:02.4,24:45.8,Pass,Initial,HASH_INCOME_284,
PROC004852,APP02284,UP005450,17:37.2,37:49.7,Pass,Re-validation,HASH_ADDITIONAL_DOCUMENT_284,Retry after failed upload
PROC004853,APP02285,UP005452,59:34.4,18:36.0,Pass,Re-validation,HASH_IDENTITY_285,Retry after failed upload
PROC004854,APP02285,UP005454,01:59.8,13:01.0,Pass,Re-validation,HASH_INCOME_285,Retry after failed upload
PROC004855,APP02285,UP005455,17:18.1,46:29.2,Pass,Initial,HASH_ADDITIONAL_DOCUMENT_285,
PROC004856,APP02286,UP005457,21:21.8,38:00.1,Pass,Re-validation,HASH_IDENTITY_286,Retry after failed upload
PROC004857,APP02286,UP005458,28:01.9,39:04.1,Pass,Initial,HASH_INCOME_286,
PROC004858,APP02286,UP005459,45:50.1,06:32.6,Pass,Initial,HASH_ADDITIONAL_DOCUMENT_286,
PROC004859,APP02287,UP005460,57:40.9,09:02.3,Pass,Re-validation,HASH_IDENTITY_287,Rule-triggered re-verification
PROC004860,APP02287,UP005461,08:28.7,22:32.7,Pass,Initial,HASH_INCOME_287,
PROC004861,APP02287,UP005462,13:48.3,34:02.1,Pass,Initial,HASH_ADDITIONAL_DOCUMENT_287,
PROC004862,APP02288,UP005465,05:56.9,15:22.0,Pass,Re-validation,HASH_IDENTITY_288,Retry after failed upload
PROC004863,APP02288,UP005466,16:59.9,32:05.3,Pass,Initial,HASH_INCOME_288,
PROC004864,APP02288,UP005467,28:49.3,54:47.7,Pass,Initial,HASH_ADDITIONAL_DOCUMENT_288,
PROC004865,APP02289,UP005468,32:03.9,40:03.8,Pass,Re-validation,HASH_IDENTITY_289,System could not reuse prior result
PROC004866,APP02289,UP005469,49:04.4,08:15.1,Pass,Initial,HASH_INCOME_289,
PROC004867,APP02289,UP005472,04:16.2,32:48.4,Pass,Re-validation,HASH_ADDITIONAL_DOCUMENT_289,Retry after failed upload
PROC004868,APP02290,UP005473,31:42.6,41:32.4,Fail,Initial,HASH_IDENTITY_290,
PROC004869,APP02290,UP005474,11:55.3,28:56.4,Pass,Initial,HASH_INCOME_290,
PROC004870,APP02290,UP005475,51:41.7,17:26.0,Pass,Initial,HASH_ADDITIONAL_DOCUMENT_290,
PROC004871,APP02291,UP005476,31:20.7,42:59.9,Pass,Re-validation,HASH_IDENTITY_291,Rule-triggered re-verification
PROC004872,APP02291,UP005477,47:09.1,00:32.0,Pass,Initial,HASH_INCOME_291,
PROC004873,APP02291,UP005478,48:41.1,15:21.2,Pass,Initial,HASH_ADDITIONAL_DOCUMENT_291,
PROC004874,APP02292,UP005479,31:08.2,46:13.7,Pass,Initial,HASH_IDENTITY_292,
PROC004875,APP02292,UP005480,47:47.0,02:45.3,Pass,Re-validation,HASH_INCOME_292,Rule-triggered re-verification
PROC004876,APP02292,UP005481,02:20.6,25:26.8,Pass,Re-validation,HASH_ADDITIONAL_DOCUMENT_292,Previous validation expired
PROC004877,APP02293,UP005482,07:32.5,16:30.1,Pass,Initial,HASH_IDENTITY_293,
PROC004878,APP02293,UP005483,08:02.1,20:20.9,Pass,Initial,HASH_INCOME_293,
PROC004879,APP02293,UP005485,31:16.6,54:32.0,Pass,Re-validation,HASH_ADDITIONAL_DOCUMENT_293,Retry after failed upload
PROC004880,APP02294,UP005486,02:31.0,17:47.3,Pass,Initial,HASH_IDENTITY_294,
PROC004881,APP02294,UP005487,57:01.6,10:56.9,Pass,Re-validation,HASH_INCOME_294,Rule-triggered re-verification
PROC004882,APP02294,UP005488,19:01.5,45:24.8,Fail,Initial,HASH_ADDITIONAL_DOCUMENT_294,
PROC004883,APP02295,UP005489,24:17.2,40:37.3,Pass,Initial,HASH_IDENTITY_295,
PROC004884,APP02295,UP005490,33:20.3,40:40.0,Pass,Re-validation,HASH_INCOME_295,Previous validation expired
PROC004885,APP02295,UP005491,46:38.9,07:25.9,Pass,Initial,HASH_ADDITIONAL_DOCUMENT_295,
PROC004886,APP02296,UP005492,43:57.9,57:21.5,Pass,Re-validation,HASH_IDENTITY_296,System could not reuse prior result
PROC004887,APP02296,UP005493,50:37.2,06:39.0,Pass,Re-validation,HASH_INCOME_296,Rule-triggered re-verification
PROC004888,APP02296,UP005494,51:07.0,19:49.6,Pass,Initial,HASH_ADDITIONAL_DOCUMENT_296,
PROC004889,APP02297,UP005495,47:08.1,00:27.7,Pass,Re-validation,HASH_IDENTITY_297,Rule-triggered re-verification
PROC004890,APP02297,UP005496,53:46.0,12:01.5,Pass,Initial,HASH_INCOME_297,
PROC004891,APP02297,UP005497,54:55.4,10:57.1,Pass,Initial,HASH_ADDITIONAL_DOCUMENT_297,
PROC004892,APP02298,UP005498,41:47.0,59:02.9,Pass,Initial,HASH_IDENTITY_298,
PROC004893,APP02298,UP005499,57:11.0,10:54.9,Pass,Initial,HASH_INCOME_298,
PROC004894,APP02298,UP005502,59:25.5,20:10.6,Pass,Re-validation,HASH_ADDITIONAL_DOCUMENT_298,Retry after failed upload
PROC004895,APP02299,UP005505,05:28.0,27:00.1,Pass,Re-validation,HASH_IDENTITY_299,Retry after failed upload
PROC004896,APP02299,UP005508,28:07.8,39:50.5,Pass,Re-validation,HASH_INCOME_299,Retry after failed upload
PROC004897,APP02299,UP005509,37:43.1,00:39.4,Pass,Initial,HASH_ADDITIONAL_DOCUMENT_299,
PROC004898,APP02300,UP005510,58:03.7,11:57.2,Pass,Initial,HASH_IDENTITY_300,
PROC004899,APP02300,UP005511,57:43.1,23:24.5,Pass,Initial,HASH_INCOME_300,
PROC004900,APP02300,UP005512,16:29.4,38:52.4,Fail,Initial,HASH_ADDITIONAL_DOCUMENT_300,
PROC004901,APP02301,UP005513,12:38.4,27:27.4,Pass,Initial,HASH_IDENTITY_301,
PROC004902,APP02301,UP005514,11:00.1,30:19.5,Pass,Initial,HASH_INCOME_301,
PROC004903,APP02301,UP005515,22:33.7,36:35.6,Pass,Re-validation,HASH_ADDITIONAL_DOCUMENT_301,Previous validation expired
PROC004904,APP02302,UP005516,56:40.3,12:26.2,Pass,Initial,HASH_IDENTITY_302,
PROC004905,APP02302,UP005517,56:34.0,11:38.0,Pass,Initial,HASH_INCOME_302,
PROC004906,APP02302,UP005518,09:52.8,36:18.7,Pass,Re-validation,HASH_ADDITIONAL_DOCUMENT_302,Previous validation expired
PROC004907,APP02303,UP005519,47:56.6,00:52.2,Pass,Initial,HASH_IDENTITY_303,
PROC004908,APP02303,UP005520,55:58.8,08:46.0,Pass,Initial,HASH_INCOME_303,
PROC004909,APP02303,UP005521,02:15.1,30:07.5,Pass,Initial,HASH_ADDITIONAL_DOCUMENT_303,
PROC004910,APP02304,UP005522,52:58.6,14:50.1,Fail,Initial,HASH_IDENTITY_304,
PROC004911,APP02304,UP005524,04:41.9,21:36.7,Pass,Re-validation,HASH_INCOME_304,Retry after failed upload
PROC004912,APP02304,UP005525,17:06.2,34:36.6,Pass,Initial,HASH_ADDITIONAL_DOCUMENT_304,
PROC004913,APP02305,UP005526,48:40.6,01:30.3,Fail,Initial,HASH_IDENTITY_305,
PROC004914,APP02305,UP005529,59:49.4,12:16.2,Pass,Re-validation,HASH_INCOME_305,Retry after failed upload
PROC004915,APP02305,UP005531,11:55.8,36:24.5,Pass,Re-validation,HASH_ADDITIONAL_DOCUMENT_305,Retry after failed upload
PROC004916,APP02306,UP005532,05:52.6,12:49.3,Pass,Initial,HASH_IDENTITY_306,
PROC004917,APP02306,UP005533,01:31.4,19:25.4,Pass,Re-validation,HASH_INCOME_306,Previous validation expired
PROC004918,APP02306,UP005534,30:33.8,00:50.2,Pass,Re-validation,HASH_ADDITIONAL_DOCUMENT_306,Previous validation expired
PROC004919,APP02307,UP005535,05:04.0,16:37.5,Pass,Initial,HASH_IDENTITY_307,
PROC004920,APP02307,UP005536,04:59.6,26:13.3,Pass,Initial,HASH_INCOME_307,
PROC004921,APP02307,UP005537,00:37.6,28:23.6,Fail,Initial,HASH_ADDITIONAL_DOCUMENT_307,
PROC004922,APP02308,UP005538,45:42.5,02:19.2,Pass,Re-validation,HASH_IDENTITY_308,Previous validation expired
PROC004923,APP02308,UP005539,01:03.6,05:49.5,Pass,Initial,HASH_INCOME_308,
PROC004924,APP02308,UP005540,59:21.0,23:34.4,Pass,Initial,HASH_ADDITIONAL_DOCUMENT_308,
PROC004925,APP02309,UP005542,15:42.2,31:40.9,Pass,Re-validation,HASH_IDENTITY_309,Retry after failed upload
PROC004926,APP02309,UP005545,20:27.8,30:41.3,Pass,Re-validation,HASH_INCOME_309,Retry after failed upload
PROC004927,APP02309,UP005546,48:56.5,14:13.6,Pass,Initial,HASH_ADDITIONAL_DOCUMENT_309,
PROC004928,APP02310,UP005548,00:59.9,17:09.3,Pass,Re-validation,HASH_IDENTITY_310,Retry after failed upload
PROC004929,APP02310,UP005549,54:58.8,10:45.9,Pass,Initial,HASH_INCOME_310,
PROC004930,APP02310,UP005550,10:47.3,36:48.5,Pass,Re-validation,HASH_ADDITIONAL_DOCUMENT_310,Rule-triggered re-verification
PROC004931,APP02311,UP005552,00:48.2,17:26.6,Pass,Re-validation,HASH_IDENTITY_311,Retry after failed upload
PROC004932,APP02311,UP005553,11:36.2,25:12.0,Pass,Initial,HASH_INCOME_311,
PROC004933,APP02311,UP005554,25:44.3,44:17.7,Pass,Initial,HASH_ADDITIONAL_DOCUMENT_311,
PROC004934,APP02312,UP005555,35:17.6,50:25.6,Fail,Initial,HASH_IDENTITY_312,
PROC004935,APP02312,UP005556,44:51.1,55:21.9,Pass,Initial,HASH_INCOME_312,
PROC004936,APP02312,UP005559,03:33.8,30:00.9,Pass,Re-validation,HASH_ADDITIONAL_DOCUMENT_312,Retry after failed upload
PROC004937,APP02313,UP005560,26:57.6,44:39.4,Pass,Initial,HASH_IDENTITY_313,
PROC004938,APP02313,UP005561,21:43.9,38:52.7,Pass,Re-validation,HASH_INCOME_313,Rule-triggered re-verification
PROC004939,APP02313,UP005562,34:09.3,58:15.7,Pass,Initial,HASH_ADDITIONAL_DOCUMENT_313,
PROC004940,APP02314,UP005563,07:14.3,24:35.6,Pass,Initial,HASH_IDENTITY_314,
PROC004941,APP02314,UP005564,08:34.8,20:06.3,Pass,Initial,HASH_INCOME_314,
PROC004942,APP02314,UP005565,18:21.3,42:33.6,Pass,Initial,HASH_ADDITIONAL_DOCUMENT_314,
PROC004943,APP02315,UP005566,42:57.7,59:18.9,Pass,Initial,HASH_IDENTITY_315,
PROC004944,APP02315,UP005567,00:16.2,12:11.2,Pass,Initial,HASH_INCOME_315,
PROC004945,APP02315,UP005568,12:38.2,38:45.4,Pass,Initial,HASH_ADDITIONAL_DOCUMENT_315,
PROC004946,APP02316,UP005569,17:35.8,24:38.9,Pass,Initial,HASH_IDENTITY_316,
PROC004947,APP02316,UP005572,17:31.5,33:22.2,Pass,Re-validation,HASH_INCOME_316,Retry after failed upload
PROC004948,APP02316,UP005573,42:06.8,04:34.5,Fail,Initial,HASH_ADDITIONAL_DOCUMENT_316,
PROC004949,APP02317,UP005574,06:19.7,23:04.5,Pass,Initial,HASH_IDENTITY_317,
PROC004950,APP02317,UP005575,01:30.7,12:45.2,Pass,Initial,HASH_INCOME_317,
PROC004951,APP02317,UP005576,18:28.5,41:21.1,Pass,Re-validation,HASH_ADDITIONAL_DOCUMENT_317,Previous validation expired
PROC004952,APP02318,UP005577,12:11.8,23:24.5,Pass,Re-validation,HASH_IDENTITY_318,Rule-triggered re-verification
PROC004953,APP02318,UP005578,14:53.1,22:59.9,Pass,Re-validation,HASH_INCOME_318,Rule-triggered re-verification
PROC004954,APP02318,UP005579,30:10.7,52:59.4,Pass,Re-validation,HASH_ADDITIONAL_DOCUMENT_318,System could not reuse prior result
PROC004955,APP02319,UP005580,25:01.6,40:20.6,Pass,Re-validation,HASH_IDENTITY_319,Rule-triggered re-verification
PROC004956,APP02319,UP005582,38:31.4,51:21.8,Pass,Re-validation,HASH_INCOME_319,Retry after failed upload
PROC004957,APP02319,UP005583,39:41.8,02:17.0,Pass,Initial,HASH_ADDITIONAL_DOCUMENT_319,
PROC004958,APP02320,UP005584,43:00.0,59:33.5,Pass,Initial,HASH_IDENTITY_320,
PROC004959,APP02320,UP005586,59:30.0,19:34.2,Pass,Re-validation,HASH_INCOME_320,Retry after failed upload
PROC004960,APP02320,UP005587,02:44.8,21:02.3,Pass,Initial,HASH_ADDITIONAL_DOCUMENT_320,
PROC004961,APP02321,UP005588,09:11.6,20:59.5,Pass,Initial,HASH_IDENTITY_321,
PROC004962,APP02321,UP005589,08:39.3,17:15.7,Pass,Initial,HASH_INCOME_321,
PROC004963,APP02321,UP005590,10:20.6,29:35.7,Pass,Initial,HASH_ADDITIONAL_DOCUMENT_321,
PROC004964,APP02322,UP005592,40:31.1,52:00.5,Pass,Re-validation,HASH_IDENTITY_322,Retry after failed upload
PROC004965,APP02322,UP005593,11:02.1,31:50.9,Pass,Re-validation,HASH_INCOME_322,System could not reuse prior result
PROC004966,APP02322,UP005596,05:25.6,32:49.4,Pass,Re-validation,HASH_ADDITIONAL_DOCUMENT_322,Retry after failed upload
PROC004967,APP02323,UP005597,58:25.3,19:39.2,Pass,Initial,HASH_IDENTITY_323,
PROC004968,APP02323,UP005598,56:44.1,17:44.8,Fail,Initial,HASH_INCOME_323,
PROC004969,APP02323,UP005599,58:23.5,24:11.2,Pass,Initial,HASH_ADDITIONAL_DOCUMENT_323,
PROC004970,APP02324,UP005600,24:59.6,38:32.6,Pass,Initial,HASH_IDENTITY_324,
PROC004971,APP02324,UP005601,08:35.4,24:06.5,Pass,Initial,HASH_INCOME_324,
PROC004972,APP02324,UP005602,32:47.5,55:54.0,Pass,Initial,HASH_ADDITIONAL_DOCUMENT_324,
PROC004973,APP02325,UP005603,14:06.2,29:22.9,Pass,Initial,HASH_IDENTITY_325,
PROC004974,APP02325,UP005606,52:46.4,03:55.0,Pass,Re-validation,HASH_INCOME_325,Retry after failed upload
PROC004975,APP02325,UP005607,06:27.6,27:58.1,Pass,Initial,HASH_ADDITIONAL_DOCUMENT_325,
PROC004976,APP02326,UP005608,01:58.3,18:08.4,Pass,Initial,HASH_IDENTITY_326,
PROC004977,APP02326,UP005609,48:01.6,08:13.3,Pass,Re-validation,HASH_INCOME_326,System could not reuse prior result
PROC004978,APP02326,UP005610,10:55.7,33:54.4,Pass,Initial,HASH_ADDITIONAL_DOCUMENT_326,
PROC004979,APP02327,UP005612,03:36.0,18:02.6,Pass,Re-validation,HASH_IDENTITY_327,Retry after failed upload
PROC004980,APP02327,UP005613,25:08.1,36:52.9,Fail,Initial,HASH_INCOME_327,
PROC004981,APP02327,UP005614,25:39.6,44:46.8,Pass,Initial,HASH_ADDITIONAL_DOCUMENT_327,
PROC004982,APP02328,UP005616,50:07.4,12:15.3,Pass,Re-validation,HASH_IDENTITY_328,Retry after failed upload
PROC004983,APP02328,UP005619,32:09.5,47:11.3,Pass,Re-validation,HASH_INCOME_328,Retry after failed upload
PROC004984,APP02328,UP005620,16:35.6,39:05.4,Pass,Re-validation,HASH_ADDITIONAL_DOCUMENT_328,Previous validation expired
PROC004985,APP02329,UP005621,20:09.7,38:39.5,Pass,Initial,HASH_IDENTITY_329,
PROC004986,APP02329,UP005622,22:03.8,39:39.9,Pass,Initial,HASH_INCOME_329,
PROC004987,APP02329,UP005624,44:07.5,11:09.4,Pass,Re-validation,HASH_ADDITIONAL_DOCUMENT_329,Retry after failed upload
PROC004988,APP02330,UP005627,32:53.2,43:54.2,Pass,Re-validation,HASH_IDENTITY_330,Retry after failed upload
PROC004989,APP02330,UP005628,12:32.0,31:56.2,Pass,Initial,HASH_INCOME_330,
PROC004990,APP02330,UP005630,38:01.2,11:07.5,Fail,Re-validation,HASH_ADDITIONAL_DOCUMENT_330,Retry after failed upload
PROC004991,APP02331,UP005631,21:54.9,35:56.0,Pass,Initial,HASH_IDENTITY_331,
PROC004992,APP02331,UP005632,13:27.5,30:31.8,Pass,Initial,HASH_INCOME_331,
PROC004993,APP02331,UP005633,23:10.7,46:17.5,Pass,Initial,HASH_ADDITIONAL_DOCUMENT_331,
PROC004994,APP02332,UP005634,53:42.2,12:53.5,Pass,Re-validation,HASH_IDENTITY_332,Previous validation expired
PROC004995,APP02332,UP005635,08:57.0,23:50.0,Pass,Initial,HASH_INCOME_332,
PROC004996,APP02332,UP005636,19:51.0,39:28.9,Pass,Initial,HASH_ADDITIONAL_DOCUMENT_332,
PROC004997,APP02333,UP005637,55:56.3,11:56.1,Pass,Initial,HASH_IDENTITY_333,
PROC004998,APP02333,UP005638,47:17.8,03:24.3,Pass,Initial,HASH_INCOME_333,
PROC004999,APP02333,UP005639,59:03.8,22:37.6,Pass,Initial,HASH_ADDITIONAL_DOCUMENT_333,
PROC005000,APP02334,UP005640,01:32.2,17:51.3,Pass,Re-validation,HASH_IDENTITY_334,Rule-triggered re-verification
PROC005001,APP02334,UP005641,14:43.6,32:53.0,Pass,Initial,HASH_INCOME_334,
PROC005002,APP02334,UP005642,14:52.8,35:39.7,Pass,Initial,HASH_ADDITIONAL_DOCUMENT_334,
PROC005003,APP02335,UP005644,54:21.7,07:21.6,Pass,Re-validation,HASH_IDENTITY_335,Retry after failed upload
PROC005004,APP02335,UP005645,52:32.2,06:21.0,Pass,Initial,HASH_INCOME_335,
PROC005005,APP02335,UP005646,10:39.5,37:54.8,Pass,Re-validation,HASH_ADDITIONAL_DOCUMENT_335,Rule-triggered re-verification
PROC005006,APP02336,UP005649,56:32.7,09:20.1,Pass,Re-validation,HASH_IDENTITY_336,Retry after failed upload
PROC005007,APP02336,UP005651,24:19.9,36:37.8,Pass,Re-validation,HASH_INCOME_336,Retry after failed upload
PROC005008,APP02336,UP005652,14:03.7,37:15.7,Pass,Initial,HASH_ADDITIONAL_DOCUMENT_336,
PROC005009,APP02337,UP005653,30:59.0,50:17.6,Pass,Initial,HASH_IDENTITY_337,
PROC005010,APP02337,UP005654,31:25.0,42:58.4,Pass,Initial,HASH_INCOME_337,
PROC005011,APP02337,UP005655,50:14.9,09:14.6,Pass,Initial,HASH_ADDITIONAL_DOCUMENT_337,
PROC005012,APP02338,UP005656,32:41.9,48:19.8,Pass,Initial,HASH_IDENTITY_338,
PROC005013,APP02338,UP005658,34:18.3,50:38.5,Pass,Re-validation,HASH_INCOME_338,Retry after failed upload
PROC005014,APP02338,UP005659,45:40.5,15:14.7,Pass,Re-validation,HASH_ADDITIONAL_DOCUMENT_338,System could not reuse prior result
PROC005015,APP02339,UP005660,45:30.8,05:44.7,Pass,Initial,HASH_IDENTITY_339,
PROC005016,APP02339,UP005661,45:27.9,01:23.0,Pass,Initial,HASH_INCOME_339,
PROC005017,APP02339,UP005662,51:42.4,09:10.1,Fail,Re-validation,HASH_ADDITIONAL_DOCUMENT_339,System could not reuse prior result
PROC005018,APP02340,UP005663,35:17.9,50:55.3,Pass,Re-validation,HASH_IDENTITY_340,Previous validation expired
PROC005019,APP02340,UP005664,47:34.5,00:58.6,Pass,Initial,HASH_INCOME_340,
PROC005020,APP02340,UP005665,52:21.1,13:44.9,Pass,Initial,HASH_ADDITIONAL_DOCUMENT_340,
PROC005021,APP02341,UP005667,57:35.3,07:59.6,Pass,Re-validation,HASH_IDENTITY_341,Retry after failed upload
PROC005022,APP02341,UP005668,02:19.4,21:16.3,Pass,Initial,HASH_INCOME_341,
PROC005023,APP02341,UP005671,09:04.2,37:13.5,Pass,Re-validation,HASH_ADDITIONAL_DOCUMENT_341,Retry after failed upload
PROC005024,APP02342,UP005672,21:37.7,37:42.9,Pass,Re-validation,HASH_IDENTITY_342,Previous validation expired
PROC005025,APP02342,UP005673,23:17.7,38:17.4,Pass,Initial,HASH_INCOME_342,
PROC005026,APP02342,UP005676,38:06.9,02:45.7,Pass,Re-validation,HASH_ADDITIONAL_DOCUMENT_342,Retry after failed upload
PROC005027,APP02343,UP005677,08:21.3,25:12.1,Pass,Initial,HASH_IDENTITY_343,
PROC005028,APP02343,UP005678,23:10.9,41:18.7,Pass,Initial,HASH_INCOME_343,
PROC005029,APP02343,UP005679,39:27.6,01:02.9,Pass,Initial,HASH_ADDITIONAL_DOCUMENT_343,
PROC005030,APP02344,UP005682,26:21.9,43:15.9,Pass,Re-validation,HASH_IDENTITY_344,Retry after failed upload
PROC005031,APP02344,UP005683,39:25.1,57:25.2,Pass,Initial,HASH_INCOME_344,
PROC005032,APP02344,UP005684,38:37.0,04:58.1,Pass,Initial,HASH_ADDITIONAL_DOCUMENT_344,
PROC005033,APP02345,UP005685,52:14.8,07:21.1,Pass,Initial,HASH_IDENTITY_345,
PROC005034,APP02345,UP005686,56:46.5,12:06.4,Pass,Initial,HASH_INCOME_345,
PROC005035,APP02345,UP005689,02:53.9,20:36.4,Pass,Re-validation,HASH_ADDITIONAL_DOCUMENT_345,Retry after failed upload
PROC005036,APP02346,UP005690,56:10.2,03:26.9,Pass,Initial,HASH_IDENTITY_346,
PROC005037,APP02346,UP005691,15:09.0,31:49.4,Pass,Initial,HASH_INCOME_346,
PROC005038,APP02346,UP005692,24:05.1,45:15.3,Pass,Initial,HASH_ADDITIONAL_DOCUMENT_346,
PROC005039,APP02347,UP005693,10:10.9,36:15.1,Pass,Initial,HASH_IDENTITY_347,
PROC005040,APP02347,UP005696,12:39.1,22:08.4,Pass,Re-validation,HASH_INCOME_347,Retry after failed upload
PROC005041,APP02347,UP005699,19:35.4,45:30.5,Pass,Re-validation,HASH_ADDITIONAL_DOCUMENT_347,Retry after failed upload
PROC005042,APP02348,UP005700,21:02.6,31:34.6,Pass,Initial,HASH_IDENTITY_348,
PROC005043,APP02348,UP005701,33:04.5,46:40.6,Pass,Initial,HASH_INCOME_348,
PROC005044,APP02348,UP005704,33:10.6,57:49.9,Pass,Re-validation,HASH_ADDITIONAL_DOCUMENT_348,Retry after failed upload
PROC005045,APP02349,UP005705,34:06.3,51:15.6,Pass,Initial,HASH_IDENTITY_349,
PROC005046,APP02349,UP005706,39:41.8,58:50.3,Pass,Initial,HASH_INCOME_349,
PROC005047,APP02349,UP005708,09:17.8,37:02.2,Pass,Re-validation,HASH_ADDITIONAL_DOCUMENT_349,Retry after failed upload
PROC005048,APP02350,UP005711,33:46.6,55:17.6,Pass,Re-validation,HASH_IDENTITY_350,Retry after failed upload
PROC005049,APP02350,UP005712,47:49.0,00:16.2,Pass,Initial,HASH_INCOME_350,
PROC005050,APP02350,UP005713,57:08.7,24:54.9,Pass,Initial,HASH_ADDITIONAL_DOCUMENT_350,
PROC005051,APP02351,UP005714,48:31.4,07:08.3,Pass,Re-validation,HASH_IDENTITY_351,System could not reuse prior result
PROC005052,APP02351,UP005715,52:03.2,02:13.9,Pass,Initial,HASH_INCOME_351,
PROC005053,APP02351,UP005716,53:18.4,11:10.4,Pass,Initial,HASH_ADDITIONAL_DOCUMENT_351,
PROC005054,APP02352,UP005717,34:20.8,52:17.4,Pass,Initial,HASH_IDENTITY_352,
PROC005055,APP02352,UP005718,30:58.9,45:12.6,Pass,Initial,HASH_INCOME_352,
PROC005056,APP02352,UP005719,38:33.5,56:42.0,Pass,Initial,HASH_ADDITIONAL_DOCUMENT_352,
PROC005057,APP02353,UP005721,02:56.8,18:11.3,Pass,Re-validation,HASH_IDENTITY_353,Retry after failed upload
PROC005058,APP02353,UP005722,19:13.1,33:03.0,Pass,Initial,HASH_INCOME_353,
PROC005059,APP02353,UP005725,33:33.1,06:00.4,Pass,Re-validation,HASH_ADDITIONAL_DOCUMENT_353,Retry after failed upload
PROC005060,APP02354,UP005726,27:12.3,40:20.3,Pass,Re-validation,HASH_IDENTITY_354,System could not reuse prior result
PROC005061,APP02354,UP005727,34:12.5,51:07.1,Pass,Initial,HASH_INCOME_354,
PROC005062,APP02354,UP005728,43:36.4,07:44.8,Pass,Initial,HASH_ADDITIONAL_DOCUMENT_354,
PROC005063,APP02355,UP005730,01:17.5,17:40.2,Pass,Re-validation,HASH_IDENTITY_355,Retry after failed upload
PROC005064,APP02355,UP005731,59:06.5,14:17.2,Pass,Initial,HASH_INCOME_355,
PROC005065,APP02355,UP005732,04:23.6,24:47.8,Pass,Initial,HASH_ADDITIONAL_DOCUMENT_355,
PROC005066,APP02356,UP005733,55:49.9,11:18.0,Pass,Re-validation,HASH_IDENTITY_356,System could not reuse prior result
PROC005067,APP02356,UP005734,49:33.6,08:13.7,Pass,Initial,HASH_INCOME_356,
PROC005068,APP02356,UP005735,00:45.7,21:40.3,Pass,Re-validation,HASH_ADDITIONAL_DOCUMENT_356,System could not reuse prior result
PROC005069,APP02357,UP005736,29:56.1,45:37.0,Pass,Initial,HASH_IDENTITY_357,
PROC005070,APP02357,UP005738,34:55.5,54:33.9,Pass,Re-validation,HASH_INCOME_357,Retry after failed upload
PROC005071,APP02357,UP005739,51:21.3,10:25.7,Pass,Re-validation,HASH_ADDITIONAL_DOCUMENT_357,Previous validation expired
PROC005072,APP02358,UP005740,36:36.4,01:55.8,Pass,Re-validation,HASH_IDENTITY_358,Previous validation expired
PROC005073,APP02358,UP005741,41:16.4,59:19.4,Pass,Initial,HASH_INCOME_358,
PROC005074,APP02358,UP005742,59:17.1,29:07.8,Pass,Initial,HASH_ADDITIONAL_DOCUMENT_358,
PROC005075,APP02359,UP005743,39:02.2,56:36.0,Pass,Initial,HASH_IDENTITY_359,
PROC005076,APP02359,UP005744,49:44.6,02:40.1,Pass,Initial,HASH_INCOME_359,
PROC005077,APP02359,UP005745,51:05.0,14:28.4,Pass,Initial,HASH_ADDITIONAL_DOCUMENT_359,
PROC005078,APP02360,UP005746,43:55.2,53:23.9,Fail,Re-validation,HASH_IDENTITY_360,Previous validation expired
PROC005079,APP02360,UP005747,44:29.2,04:31.1,Pass,Re-validation,HASH_INCOME_360,System could not reuse prior result
PROC005080,APP02360,UP005748,01:29.3,23:09.7,Pass,Initial,HASH_ADDITIONAL_DOCUMENT_360,
PROC005081,APP02361,UP005749,10:37.5,23:24.6,Pass,Initial,HASH_IDENTITY_361,
PROC005082,APP02361,UP005750,45:22.3,03:56.4,Pass,Re-validation,HASH_INCOME_361,Rule-triggered re-verification
PROC005083,APP02361,UP005751,30:44.5,51:52.5,Pass,Initial,HASH_ADDITIONAL_DOCUMENT_361,
PROC005084,APP02362,UP005754,34:56.6,49:09.5,Pass,Re-validation,HASH_IDENTITY_362,Retry after failed upload
PROC005085,APP02362,UP005755,28:17.2,49:26.8,Pass,Initial,HASH_INCOME_362,
PROC005086,APP02362,UP005756,37:02.1,59:27.2,Pass,Initial,HASH_ADDITIONAL_DOCUMENT_362,
PROC005087,APP02363,UP005757,55:27.9,10:08.7,Pass,Initial,HASH_IDENTITY_363,
PROC005088,APP02363,UP005758,06:09.6,21:56.2,Pass,Initial,HASH_INCOME_363,
PROC005089,APP02363,UP005760,32:36.5,55:27.2,Pass,Re-validation,HASH_ADDITIONAL_DOCUMENT_363,Retry after failed upload
PROC005090,APP02364,UP005761,37:34.5,58:09.1,Pass,Re-validation,HASH_IDENTITY_364,System could not reuse prior result
PROC005091,APP02364,UP005762,52:37.1,09:01.1,Pass,Initial,HASH_INCOME_364,
PROC005092,APP02364,UP005763,55:02.7,17:38.5,Pass,Re-validation,HASH_ADDITIONAL_DOCUMENT_364,Rule-triggered re-verification
PROC005093,APP02365,UP005764,42:56.9,53:13.1,Pass,Re-validation,HASH_IDENTITY_365,Previous validation expired
PROC005094,APP02365,UP005765,44:40.8,59:40.4,Pass,Initial,HASH_INCOME_365,
PROC005095,APP02365,UP005766,46:18.6,11:52.8,Pass,Initial,HASH_ADDITIONAL_DOCUMENT_365,
PROC005096,APP02366,UP005767,21:00.7,34:29.3,Pass,Initial,HASH_IDENTITY_366,
PROC005097,APP02366,UP005768,16:22.9,34:24.5,Fail,Initial,HASH_INCOME_366,
PROC005098,APP02366,UP005769,51:47.0,17:36.3,Pass,Initial,HASH_ADDITIONAL_DOCUMENT_366,
PROC005099,APP02367,UP005770,38:33.2,54:46.3,Pass,Initial,HASH_IDENTITY_367,
PROC005100,APP02367,UP005771,52:11.9,09:31.7,Pass,Initial,HASH_INCOME_367,
PROC005101,APP02367,UP005772,42:31.0,08:08.7,Pass,Initial,HASH_ADDITIONAL_DOCUMENT_367,
PROC005102,APP02368,UP005773,00:38.7,15:46.2,Pass,Initial,HASH_IDENTITY_368,
PROC005103,APP02368,UP005774,04:16.8,20:29.7,Pass,Initial,HASH_INCOME_368,
PROC005104,APP02368,UP005775,37:01.7,58:36.1,Pass,Initial,HASH_ADDITIONAL_DOCUMENT_368,
PROC005105,APP02369,UP005776,48:08.9,58:23.7,Pass,Initial,HASH_IDENTITY_369,
PROC005106,APP02369,UP005778,54:51.5,12:32.7,Pass,Re-validation,HASH_INCOME_369,Retry after failed upload
PROC005107,APP02369,UP005779,05:11.5,30:52.8,Pass,Initial,HASH_ADDITIONAL_DOCUMENT_369,
PROC005108,APP02370,UP005780,05:33.1,16:30.0,Pass,Initial,HASH_IDENTITY_370,
PROC005109,APP02370,UP005781,10:09.7,25:03.1,Pass,Initial,HASH_INCOME_370,
PROC005110,APP02370,UP005782,16:48.0,40:39.6,Pass,Initial,HASH_ADDITIONAL_DOCUMENT_370,
PROC005111,APP02371,UP005785,24:09.0,42:40.4,Pass,Re-validation,HASH_IDENTITY_371,Retry after failed upload
PROC005112,APP02371,UP005786,45:28.9,58:19.0,Pass,Initial,HASH_INCOME_371,
PROC005113,APP02371,UP005789,43:17.0,07:48.1,Pass,Re-validation,HASH_ADDITIONAL_DOCUMENT_371,Retry after failed upload
PROC005114,APP02372,UP005790,07:01.9,14:25.5,Pass,Initial,HASH_IDENTITY_372,
PROC005115,APP02372,UP005792,12:47.0,30:15.5,Pass,Re-validation,HASH_INCOME_372,Retry after failed upload
PROC005116,APP02372,UP005794,20:06.0,39:16.2,Pass,Re-validation,HASH_ADDITIONAL_DOCUMENT_372,Retry after failed upload
PROC005117,APP02373,UP005796,20:15.3,37:50.9,Pass,Re-validation,HASH_IDENTITY_373,Retry after failed upload
PROC005118,APP02373,UP005797,18:06.0,29:16.4,Pass,Initial,HASH_INCOME_373,
PROC005119,APP02373,UP005798,43:01.6,11:00.1,Pass,Initial,HASH_ADDITIONAL_DOCUMENT_373,
PROC005120,APP02374,UP005799,00:18.4,11:20.9,Fail,Initial,HASH_IDENTITY_374,
PROC005121,APP02374,UP005800,28:13.1,37:02.1,Pass,Initial,HASH_INCOME_374,
PROC005122,APP02374,UP005801,30:10.8,59:35.3,Pass,Initial,HASH_ADDITIONAL_DOCUMENT_374,
PROC005123,APP02375,UP005802,33:50.4,51:55.2,Pass,Initial,HASH_IDENTITY_375,
PROC005124,APP02375,UP005803,22:42.9,40:21.4,Pass,Initial,HASH_INCOME_375,
PROC005125,APP02375,UP005804,38:39.8,58:44.0,Pass,Initial,HASH_ADDITIONAL_DOCUMENT_375,
PROC005126,APP02376,UP005805,00:41.3,15:30.7,Pass,Initial,HASH_IDENTITY_376,
PROC005127,APP02376,UP005806,20:50.7,30:08.4,Pass,Initial,HASH_INCOME_376,
PROC005128,APP02376,UP005808,26:19.0,41:36.0,Pass,Re-validation,HASH_ADDITIONAL_DOCUMENT_376,Retry after failed upload
PROC005129,APP02377,UP005809,54:15.4,06:24.3,Pass,Initial,HASH_IDENTITY_377,
PROC005130,APP02377,UP005810,55:09.5,05:45.9,Pass,Initial,HASH_INCOME_377,
PROC005131,APP02377,UP005811,59:59.5,19:51.9,Pass,Re-validation,HASH_ADDITIONAL_DOCUMENT_377,Previous validation expired
PROC005132,APP02378,UP005812,59:59.2,17:59.5,Pass,Initial,HASH_IDENTITY_378,
PROC005133,APP02378,UP005813,53:19.8,10:23.9,Pass,Initial,HASH_INCOME_378,
PROC005134,APP02378,UP005814,59:25.7,14:45.6,Pass,Initial,HASH_ADDITIONAL_DOCUMENT_378,
PROC005135,APP02379,UP005815,24:58.3,38:29.6,Pass,Initial,HASH_IDENTITY_379,
PROC005136,APP02379,UP005816,31:59.3,47:57.7,Pass,Initial,HASH_INCOME_379,
PROC005137,APP02379,UP005817,54:32.2,22:36.3,Pass,Initial,HASH_ADDITIONAL_DOCUMENT_379,
PROC005138,APP02380,UP005819,32:59.3,43:24.0,Pass,Re-validation,HASH_IDENTITY_380,Retry after failed upload
PROC005139,APP02380,UP005820,18:57.0,41:08.2,Pass,Re-validation,HASH_INCOME_380,System could not reuse prior result
PROC005140,APP02380,UP005822,34:15.3,54:28.0,Pass,Re-validation,HASH_ADDITIONAL_DOCUMENT_380,Retry after failed upload
PROC005141,APP02381,UP005823,26:46.8,43:10.3,Pass,Initial,HASH_IDENTITY_381,
PROC005142,APP02381,UP005824,41:03.6,59:43.9,Pass,Re-validation,HASH_INCOME_381,Previous validation expired
PROC005143,APP02381,UP005825,57:51.5,22:41.8,Pass,Initial,HASH_ADDITIONAL_DOCUMENT_381,
PROC005144,APP02382,UP005826,57:46.7,18:43.6,Pass,Initial,HASH_IDENTITY_382,
PROC005145,APP02382,UP005827,56:46.4,10:53.1,Pass,Initial,HASH_INCOME_382,
PROC005146,APP02382,UP005828,11:17.6,35:39.2,Pass,Re-validation,HASH_ADDITIONAL_DOCUMENT_382,System could not reuse prior result
PROC005147,APP02383,UP005831,59:46.2,13:05.1,Pass,Re-validation,HASH_IDENTITY_383,Retry after failed upload
PROC005148,APP02383,UP005832,58:18.0,17:00.4,Pass,Initial,HASH_INCOME_383,
PROC005149,APP02383,UP005833,30:38.2,57:56.7,Pass,Initial,HASH_ADDITIONAL_DOCUMENT_383,
PROC005150,APP02384,UP005834,26:46.9,42:18.5,Pass,Initial,HASH_IDENTITY_384,
PROC005151,APP02384,UP005835,24:45.3,37:58.8,Pass,Initial,HASH_INCOME_384,
PROC005152,APP02384,UP005836,33:45.4,59:11.9,Pass,Re-validation,HASH_ADDITIONAL_DOCUMENT_384,Rule-triggered re-verification
PROC005153,APP02385,UP005838,36:46.1,53:55.8,Pass,Re-validation,HASH_IDENTITY_385,Retry after failed upload
PROC005154,APP02385,UP005839,26:16.1,44:28.2,Pass,Initial,HASH_INCOME_385,
PROC005155,APP02385,UP005841,45:35.7,05:12.0,Pass,Re-validation,HASH_ADDITIONAL_DOCUMENT_385,Retry after failed upload
PROC005156,APP02386,UP005842,57:17.2,11:51.1,Pass,Initial,HASH_IDENTITY_386,
PROC005157,APP02386,UP005843,03:43.3,23:44.9,Pass,Re-validation,HASH_INCOME_386,System could not reuse prior result
PROC005158,APP02386,UP005844,14:48.5,37:20.8,Pass,Initial,HASH_ADDITIONAL_DOCUMENT_386,
PROC005159,APP02387,UP005845,24:54.9,34:36.1,Pass,Initial,HASH_IDENTITY_387,
PROC005160,APP02387,UP005846,31:37.8,41:16.8,Pass,Initial,HASH_INCOME_387,
PROC005161,APP02387,UP005847,44:41.7,01:53.4,Pass,Initial,HASH_ADDITIONAL_DOCUMENT_387,
PROC005162,APP02388,UP005848,46:51.6,57:02.0,Pass,Initial,HASH_IDENTITY_388,
PROC005163,APP02388,UP005849,03:47.0,18:21.5,Pass,Initial,HASH_INCOME_388,
PROC005164,APP02388,UP005850,59:21.1,22:59.7,Pass,Re-validation,HASH_ADDITIONAL_DOCUMENT_388,Previous validation expired
PROC005165,APP02389,UP005851,17:17.7,30:29.1,Pass,Initial,HASH_IDENTITY_389,
PROC005166,APP02389,UP005852,41:58.6,52:43.0,Pass,Initial,HASH_INCOME_389,
PROC005167,APP02389,UP005853,00:15.5,16:01.0,Pass,Re-validation,HASH_ADDITIONAL_DOCUMENT_389,Previous validation expired
PROC005168,APP02390,UP005854,05:07.8,24:46.3,Pass,Initial,HASH_IDENTITY_390,
PROC005169,APP02390,UP005855,30:40.1,51:48.0,Pass,Re-validation,HASH_INCOME_390,System could not reuse prior result
PROC005170,APP02390,UP005856,05:55.2,27:12.9,Pass,Initial,HASH_ADDITIONAL_DOCUMENT_390,
PROC005171,APP02391,UP005857,54:39.2,05:55.0,Pass,Initial,HASH_IDENTITY_391,
PROC005172,APP02391,UP005858,03:32.2,17:27.4,Pass,Re-validation,HASH_INCOME_391,Previous validation expired
PROC005173,APP02391,UP005859,09:40.7,34:25.7,Pass,Re-validation,HASH_ADDITIONAL_DOCUMENT_391,Rule-triggered re-verification
PROC005174,APP02392,UP005860,05:20.7,20:23.2,Pass,Re-validation,HASH_IDENTITY_392,Previous validation expired
PROC005175,APP02392,UP005861,13:12.9,27:30.9,Pass,Initial,HASH_INCOME_392,
PROC005176,APP02392,UP005862,27:56.9,47:38.4,Pass,Initial,HASH_ADDITIONAL_DOCUMENT_392,
PROC005177,APP02393,UP005863,35:18.3,49:03.6,Pass,Initial,HASH_IDENTITY_393,
PROC005178,APP02393,UP005866,41:48.9,57:03.0,Pass,Re-validation,HASH_INCOME_393,Retry after failed upload
PROC005179,APP02393,UP005867,46:39.6,10:53.0,Pass,Re-validation,HASH_ADDITIONAL_DOCUMENT_393,Rule-triggered re-verification
PROC005180,APP02394,UP005868,34:03.9,46:07.6,Pass,Initial,HASH_IDENTITY_394,
PROC005181,APP02394,UP005869,37:15.6,53:38.4,Pass,Initial,HASH_INCOME_394,
PROC005182,APP02394,UP005870,06:58.5,37:22.8,Pass,Re-validation,HASH_ADDITIONAL_DOCUMENT_394,Previous validation expired
PROC005183,APP02395,UP005871,56:31.6,09:38.2,Pass,Re-validation,HASH_IDENTITY_395,System could not reuse prior result
PROC005184,APP02395,UP005872,01:56.6,18:10.3,Pass,Initial,HASH_INCOME_395,
PROC005185,APP02395,UP005874,19:02.3,45:05.9,Pass,Re-validation,HASH_ADDITIONAL_DOCUMENT_395,Retry after failed upload
PROC005186,APP02396,UP005877,26:22.3,42:02.1,Pass,Re-validation,HASH_IDENTITY_396,Retry after failed upload
PROC005187,APP02396,UP005878,24:29.5,39:21.2,Pass,Re-validation,HASH_INCOME_396,Previous validation expired
PROC005188,APP02396,UP005879,26:18.3,46:36.1,Pass,Initial,HASH_ADDITIONAL_DOCUMENT_396,
PROC005189,APP02397,UP005880,55:04.5,59:16.0,Pass,Initial,HASH_IDENTITY_397,
PROC005190,APP02397,UP005881,46:57.2,06:06.3,Pass,Initial,HASH_INCOME_397,
PROC005191,APP02397,UP005882,17:16.3,40:19.4,Pass,Initial,HASH_ADDITIONAL_DOCUMENT_397,
PROC005192,APP02398,UP005883,12:10.1,26:48.9,Pass,Initial,HASH_IDENTITY_398,
PROC005193,APP02398,UP005884,25:41.0,44:36.5,Pass,Initial,HASH_INCOME_398,
PROC005194,APP02398,UP005886,40:33.7,09:37.7,Pass,Re-validation,HASH_ADDITIONAL_DOCUMENT_398,Retry after failed upload
PROC005195,APP02399,UP005887,33:14.6,51:54.7,Pass,Initial,HASH_IDENTITY_399,
PROC005196,APP02399,UP005888,45:21.4,05:10.8,Pass,Initial,HASH_INCOME_399,
PROC005197,APP02399,UP005890,01:00.9,21:56.3,Pass,Re-validation,HASH_ADDITIONAL_DOCUMENT_399,Retry after failed upload
PROC005198,APP02400,UP005891,08:10.8,30:44.9,Pass,Re-validation,HASH_IDENTITY_400,System could not reuse prior result
PROC005199,APP02400,UP005892,06:28.0,22:43.9,Pass,Initial,HASH_INCOME_400,
PROC005200,APP02400,UP005893,24:31.4,43:30.7,Pass,Initial,HASH_ADDITIONAL_DOCUMENT_400,
PROC005201,APP02401,UP005894,38:47.8,49:59.9,Pass,Re-validation,HASH_IDENTITY_401,Previous validation expired
PROC005202,APP02401,UP005897,44:09.4,59:32.6,Pass,Re-validation,HASH_INCOME_401,Retry after failed upload
PROC005203,APP02401,UP005898,05:51.1,30:43.6,Pass,Initial,HASH_ADDITIONAL_DOCUMENT_401,
PROC005204,APP02402,UP005899,56:34.4,12:26.9,Pass,Re-validation,HASH_IDENTITY_402,System could not reuse prior result
PROC005205,APP02402,UP005900,35:54.5,54:55.4,Pass,Initial,HASH_INCOME_402,
PROC005206,APP02402,UP005901,53:30.0,15:29.6,Pass,Initial,HASH_ADDITIONAL_DOCUMENT_402,
PROC005207,APP02403,UP005902,44:06.0,55:01.6,Pass,Initial,HASH_IDENTITY_403,
PROC005208,APP02403,UP005903,44:19.7,03:02.6,Fail,Initial,HASH_INCOME_403,
PROC005209,APP02403,UP005904,03:41.7,31:21.8,Pass,Initial,HASH_ADDITIONAL_DOCUMENT_403,
PROC005210,APP02404,UP005905,47:47.0,04:31.1,Pass,Initial,HASH_IDENTITY_404,
PROC005211,APP02404,UP005906,51:50.1,09:24.0,Pass,Initial,HASH_INCOME_404,
PROC005212,APP02404,UP005907,58:27.2,27:28.3,Pass,Initial,HASH_ADDITIONAL_DOCUMENT_404,
PROC005213,APP02405,UP005910,54:53.9,14:17.9,Pass,Re-validation,HASH_IDENTITY_405,Retry after failed upload
PROC005214,APP02405,UP005911,49:30.5,57:46.0,Pass,Re-validation,HASH_INCOME_405,System could not reuse prior result
PROC005215,APP02405,UP005913,05:42.2,23:09.7,Pass,Re-validation,HASH_ADDITIONAL_DOCUMENT_405,Retry after failed upload
PROC005216,APP02406,UP005915,48:03.4,08:17.1,Pass,Re-validation,HASH_IDENTITY_406,Retry after failed upload
PROC005217,APP02406,UP005916,54:49.2,01:37.5,Pass,Initial,HASH_INCOME_406,
PROC005218,APP02406,UP005918,50:24.8,09:36.0,Pass,Re-validation,HASH_ADDITIONAL_DOCUMENT_406,Retry after failed upload
PROC005219,APP02407,UP005920,34:27.3,46:45.4,Pass,Re-validation,HASH_IDENTITY_407,Retry after failed upload
PROC005220,APP02407,UP005921,40:29.1,01:18.8,Pass,Re-validation,HASH_INCOME_407,Rule-triggered re-verification
PROC005221,APP02407,UP005923,59:45.3,22:50.7,Pass,Re-validation,HASH_ADDITIONAL_DOCUMENT_407,Retry after failed upload
PROC005222,APP02408,UP005924,19:26.0,35:38.4,Pass,Initial,HASH_IDENTITY_408,
PROC005223,APP02408,UP005925,21:57.0,34:28.0,Pass,Initial,HASH_INCOME_408,
PROC005224,APP02408,UP005926,17:42.0,41:14.4,Pass,Initial,HASH_ADDITIONAL_DOCUMENT_408,
PROC005225,APP02409,UP005927,49:43.3,04:29.5,Pass,Initial,HASH_IDENTITY_409,
PROC005226,APP02409,UP005928,05:22.3,23:13.4,Pass,Initial,HASH_INCOME_409,
PROC005227,APP02409,UP005931,02:50.6,23:32.8,Pass,Re-validation,HASH_ADDITIONAL_DOCUMENT_409,Retry after failed upload
PROC005228,APP02410,UP005932,26:36.9,42:21.4,Pass,Initial,HASH_IDENTITY_410,
PROC005229,APP02410,UP005933,25:13.8,38:06.5,Pass,Initial,HASH_INCOME_410,
PROC005230,APP02410,UP005934,34:44.7,57:30.6,Pass,Initial,HASH_ADDITIONAL_DOCUMENT_410,
PROC005231,APP02411,UP005935,17:44.1,36:36.8,Pass,Initial,HASH_IDENTITY_411,
PROC005232,APP02411,UP005937,25:34.2,37:50.9,Pass,Re-validation,HASH_INCOME_411,Retry after failed upload
PROC005233,APP02411,UP005938,49:33.5,07:49.6,Pass,Initial,HASH_ADDITIONAL_DOCUMENT_411,
PROC005234,APP02412,UP005939,39:45.8,54:23.2,Pass,Initial,HASH_IDENTITY_412,
PROC005235,APP02412,UP005940,44:53.2,00:23.0,Pass,Initial,HASH_INCOME_412,
PROC005236,APP02412,UP005941,13:26.6,34:02.2,Pass,Initial,HASH_ADDITIONAL_DOCUMENT_412,
PROC005237,APP02413,UP005942,23:35.2,35:16.7,Pass,Initial,HASH_IDENTITY_413,
PROC005238,APP02413,UP005943,22:04.5,38:15.4,Pass,Initial,HASH_INCOME_413,
PROC005239,APP02413,UP005944,48:55.9,05:16.2,Pass,Initial,HASH_ADDITIONAL_DOCUMENT_413,
PROC005240,APP02414,UP005945,43:08.8,58:28.1,Pass,Re-validation,HASH_IDENTITY_414,Rule-triggered re-verification
PROC005241,APP02414,UP005946,51:28.8,02:48.0,Pass,Initial,HASH_INCOME_414,
PROC005242,APP02414,UP005947,05:36.0,24:18.4,Pass,Initial,HASH_ADDITIONAL_DOCUMENT_414,
PROC005243,APP02415,UP005950,22:34.6,32:39.1,Pass,Re-validation,HASH_IDENTITY_415,Retry after failed upload
PROC005244,APP02415,UP005951,04:04.6,22:07.3,Pass,Initial,HASH_INCOME_415,
PROC005245,APP02415,UP005953,27:51.1,51:34.5,Fail,Re-validation,HASH_ADDITIONAL_DOCUMENT_415,Retry after failed upload
PROC005246,APP02416,UP005954,57:05.0,16:43.7,Pass,Initial,HASH_IDENTITY_416,
PROC005247,APP02416,UP005955,06:44.8,14:18.2,Pass,Initial,HASH_INCOME_416,
PROC005248,APP02416,UP005956,28:08.8,52:06.1,Pass,Initial,HASH_ADDITIONAL_DOCUMENT_416,
PROC005249,APP02417,UP005957,30:45.5,38:55.4,Pass,Initial,HASH_IDENTITY_417,
PROC005250,APP02417,UP005958,15:32.7,24:07.1,Pass,Re-validation,HASH_INCOME_417,System could not reuse prior result
PROC005251,APP02417,UP005959,36:19.0,52:33.7,Pass,Initial,HASH_ADDITIONAL_DOCUMENT_417,
PROC005252,APP02418,UP005960,25:42.9,54:15.5,Pass,Initial,HASH_IDENTITY_418,
PROC005253,APP02418,UP005963,48:53.1,05:17.3,Pass,Re-validation,HASH_INCOME_418,Retry after failed upload
PROC005254,APP02418,UP005964,48:19.5,17:08.2,Pass,Initial,HASH_ADDITIONAL_DOCUMENT_418,
PROC005255,APP02419,UP005965,36:02.6,56:21.0,Pass,Initial,HASH_IDENTITY_419,
PROC005256,APP02419,UP005966,26:56.7,45:29.2,Pass,Initial,HASH_INCOME_419,
PROC005257,APP02419,UP005968,37:48.7,00:46.4,Pass,Re-validation,HASH_ADDITIONAL_DOCUMENT_419,Retry after failed upload
PROC005258,APP02420,UP005971,53:09.1,07:46.1,Fail,Re-validation,HASH_IDENTITY_420,Retry after failed upload
PROC005259,APP02420,UP005972,54:33.2,06:33.6,Pass,Re-validation,HASH_INCOME_420,System could not reuse prior result
PROC005260,APP02420,UP005974,11:46.0,40:38.5,Pass,Re-validation,HASH_ADDITIONAL_DOCUMENT_420,Retry after failed upload
PROC005261,APP02421,UP005975,23:03.1,39:58.2,Pass,Re-validation,HASH_IDENTITY_421,Rule-triggered re-verification
PROC005262,APP02421,UP005976,37:44.7,50:59.3,Pass,Initial,HASH_INCOME_421,
PROC005263,APP02421,UP005977,49:44.2,12:08.0,Pass,Initial,HASH_ADDITIONAL_DOCUMENT_421,
PROC005264,APP02422,UP005978,18:01.4,32:34.8,Pass,Initial,HASH_IDENTITY_422,
PROC005265,APP02422,UP005980,22:00.8,27:25.6,Pass,Re-validation,HASH_INCOME_422,Retry after failed upload
PROC005266,APP02422,UP005981,35:37.2,58:51.2,Pass,Re-validation,HASH_ADDITIONAL_DOCUMENT_422,System could not reuse prior result
PROC005267,APP02423,UP005982,12:37.2,29:57.0,Pass,Initial,HASH_IDENTITY_423,
PROC005268,APP02423,UP005984,20:35.2,36:42.2,Pass,Re-validation,HASH_INCOME_423,Retry after failed upload
PROC005269,APP02423,UP005986,34:01.3,55:03.2,Pass,Re-validation,HASH_ADDITIONAL_DOCUMENT_423,Retry after failed upload
PROC005270,APP02424,UP005987,24:28.7,41:47.1,Pass,Re-validation,HASH_IDENTITY_424,System could not reuse prior result
PROC005271,APP02424,UP005988,49:16.4,00:47.8,Pass,Re-validation,HASH_INCOME_424,System could not reuse prior result
PROC005272,APP02424,UP005990,44:04.2,01:37.3,Pass,Re-validation,HASH_ADDITIONAL_DOCUMENT_424,Retry after failed upload
PROC005273,APP02425,UP005991,36:30.2,55:24.2,Pass,Initial,HASH_IDENTITY_425,
PROC005274,APP02425,UP005992,45:59.4,02:09.0,Fail,Initial,HASH_INCOME_425,
PROC005275,APP02425,UP005994,54:08.5,17:35.8,Pass,Re-validation,HASH_ADDITIONAL_DOCUMENT_425,Retry after failed upload
PROC005276,APP02426,UP005995,47:12.5,05:12.4,Pass,Initial,HASH_IDENTITY_426,
PROC005277,APP02426,UP005996,58:54.2,14:27.8,Pass,Initial,HASH_INCOME_426,
PROC005278,APP02426,UP005998,11:51.3,38:58.3,Fail,Re-validation,HASH_ADDITIONAL_DOCUMENT_426,Retry after failed upload
PROC005279,APP02427,UP005999,45:03.5,57:58.8,Fail,Re-validation,HASH_IDENTITY_427,Rule-triggered re-verification
PROC005280,APP02427,UP006000,02:54.8,13:23.5,Pass,Initial,HASH_INCOME_427,
PROC005281,APP02427,UP006001,07:12.1,31:43.8,Pass,Re-validation,HASH_ADDITIONAL_DOCUMENT_427,Previous validation expired
PROC005282,APP02428,UP006002,52:20.9,09:51.8,Pass,Initial,HASH_IDENTITY_428,
PROC005283,APP02428,UP006003,46:06.2,03:32.0,Pass,Initial,HASH_INCOME_428,
PROC005284,APP02428,UP006004,49:55.6,14:56.3,Pass,Initial,HASH_ADDITIONAL_DOCUMENT_428,
PROC005285,APP02429,UP006006,03:28.7,11:22.4,Pass,Re-validation,HASH_IDENTITY_429,Retry after failed upload
PROC005286,APP02429,UP006007,12:00.2,22:07.5,Pass,Initial,HASH_INCOME_429,
PROC005287,APP02429,UP006008,08:10.8,30:20.1,Pass,Initial,HASH_ADDITIONAL_DOCUMENT_429,
PROC005288,APP02430,UP006009,44:59.7,56:22.0,Pass,Initial,HASH_IDENTITY_430,
PROC005289,APP02430,UP006010,53:58.6,08:33.2,Fail,Initial,HASH_INCOME_430,
PROC005290,APP02430,UP006013,21:20.3,41:45.8,Pass,Re-validation,HASH_ADDITIONAL_DOCUMENT_430,Retry after failed upload
PROC005291,APP02431,UP006014,11:19.2,34:06.3,Pass,Initial,HASH_IDENTITY_431,
PROC005292,APP02431,UP006015,13:06.8,28:42.9,Pass,Initial,HASH_INCOME_431,
PROC005293,APP02431,UP006018,32:19.9,55:39.6,Pass,Re-validation,HASH_ADDITIONAL_DOCUMENT_431,Retry after failed upload
PROC005294,APP02432,UP006020,16:27.5,31:43.3,Pass,Re-validation,HASH_IDENTITY_432,Retry after failed upload
PROC005295,APP02432,UP006021,21:40.5,42:21.4,Pass,Re-validation,HASH_INCOME_432,System could not reuse prior result
PROC005296,APP02432,UP006022,23:47.0,42:57.3,Pass,Initial,HASH_ADDITIONAL_DOCUMENT_432,
PROC005297,APP02433,UP006023,00:43.3,17:33.7,Pass,Initial,HASH_IDENTITY_433,
PROC005298,APP02433,UP006024,11:53.3,24:35.1,Pass,Initial,HASH_INCOME_433,
PROC005299,APP02433,UP006025,25:50.8,47:01.7,Pass,Initial,HASH_ADDITIONAL_DOCUMENT_433,
PROC005300,APP02434,UP006026,41:35.0,59:32.7,Fail,Initial,HASH_IDENTITY_434,
PROC005301,APP02434,UP006027,33:35.8,48:13.9,Pass,Initial,HASH_INCOME_434,
PROC005302,APP02434,UP006030,44:21.7,07:03.4,Pass,Re-validation,HASH_ADDITIONAL_DOCUMENT_434,Retry after failed upload
PROC005303,APP02435,UP006031,33:11.4,49:51.9,Pass,Initial,HASH_IDENTITY_435,
PROC005304,APP02435,UP006032,20:49.0,38:10.8,Fail,Initial,HASH_INCOME_435,
PROC005305,APP02435,UP006033,25:38.6,56:52.2,Pass,Initial,HASH_ADDITIONAL_DOCUMENT_435,
PROC005306,APP02436,UP006034,52:03.6,06:58.3,Pass,Initial,HASH_IDENTITY_436,
PROC005307,APP02436,UP006035,55:13.1,06:36.2,Pass,Initial,HASH_INCOME_436,
PROC005308,APP02436,UP006037,28:27.6,49:54.7,Pass,Re-validation,HASH_ADDITIONAL_DOCUMENT_436,Retry after failed upload
PROC005309,APP02437,UP006038,46:12.8,06:10.8,Pass,Initial,HASH_IDENTITY_437,
PROC005310,APP02437,UP006039,47:40.5,11:03.7,Pass,Initial,HASH_INCOME_437,
PROC005311,APP02437,UP006040,00:44.3,27:07.5,Pass,Initial,HASH_ADDITIONAL_DOCUMENT_437,
PROC005312,APP02438,UP006041,53:29.5,11:45.6,Pass,Re-validation,HASH_IDENTITY_438,Rule-triggered re-verification
PROC005313,APP02438,UP006042,53:07.5,13:21.9,Pass,Initial,HASH_INCOME_438,
PROC005314,APP02438,UP006043,11:37.5,29:35.0,Pass,Initial,HASH_ADDITIONAL_DOCUMENT_438,
PROC005315,APP02439,UP006044,34:01.4,50:31.8,Pass,Initial,HASH_IDENTITY_439,
PROC005316,APP02439,UP006045,27:28.2,43:27.1,Pass,Initial,HASH_INCOME_439,
PROC005317,APP02439,UP006046,40:31.0,06:28.4,Pass,Initial,HASH_ADDITIONAL_DOCUMENT_439,
PROC005318,APP02440,UP006047,44:21.1,59:54.6,Pass,Initial,HASH_IDENTITY_440,
PROC005319,APP02440,UP006048,43:09.7,00:11.8,Pass,Initial,HASH_INCOME_440,
PROC005320,APP02440,UP006049,54:08.5,23:15.4,Pass,Initial,HASH_ADDITIONAL_DOCUMENT_440,
PROC005321,APP02441,UP006050,00:40.7,20:23.7,Pass,Re-validation,HASH_IDENTITY_441,System could not reuse prior result
PROC005322,APP02441,UP006051,15:08.6,27:38.4,Pass,Initial,HASH_INCOME_441,
PROC005323,APP02441,UP006053,29:31.4,52:44.3,Pass,Re-validation,HASH_ADDITIONAL_DOCUMENT_441,Retry after failed upload
PROC005324,APP02442,UP006056,11:17.0,25:28.9,Pass,Re-validation,HASH_IDENTITY_442,Retry after failed upload
PROC005325,APP02442,UP006057,34:19.8,53:22.6,Pass,Initial,HASH_INCOME_442,
PROC005326,APP02442,UP006058,42:51.4,06:37.0,Pass,Re-validation,HASH_ADDITIONAL_DOCUMENT_442,Rule-triggered re-verification
PROC005327,APP02443,UP006059,59:18.5,18:41.2,Fail,Initial,HASH_IDENTITY_443,
PROC005328,APP02443,UP006060,25:01.1,38:17.1,Pass,Initial,HASH_INCOME_443,
PROC005329,APP02443,UP006061,26:31.8,50:21.6,Pass,Initial,HASH_ADDITIONAL_DOCUMENT_443,
PROC005330,APP02444,UP006063,31:21.9,45:52.6,Fail,Re-validation,HASH_IDENTITY_444,Retry after failed upload
PROC005331,APP02444,UP006064,41:47.7,57:17.6,Fail,Initial,HASH_INCOME_444,
PROC005332,APP02444,UP006066,47:06.4,16:52.8,Pass,Re-validation,HASH_ADDITIONAL_DOCUMENT_444,Retry after failed upload
PROC005333,APP02445,UP006069,23:12.2,36:37.5,Pass,Re-validation,HASH_IDENTITY_445,Retry after failed upload
PROC005334,APP02445,UP006070,38:08.0,50:50.7,Pass,Initial,HASH_INCOME_445,
PROC005335,APP02445,UP006071,44:10.0,01:00.6,Fail,Initial,HASH_ADDITIONAL_DOCUMENT_445,
PROC005336,APP02446,UP006072,34:08.5,41:42.4,Pass,Initial,HASH_IDENTITY_446,
PROC005337,APP02446,UP006073,40:11.6,03:16.5,Pass,Initial,HASH_INCOME_446,
PROC005338,APP02446,UP006074,48:55.2,08:17.3,Pass,Initial,HASH_ADDITIONAL_DOCUMENT_446,
PROC005339,APP02447,UP006075,31:26.2,49:16.6,Pass,Initial,HASH_IDENTITY_447,
PROC005340,APP02447,UP006076,43:05.8,02:09.0,Pass,Initial,HASH_INCOME_447,
PROC005341,APP02447,UP006077,47:20.0,11:13.3,Pass,Initial,HASH_ADDITIONAL_DOCUMENT_447,
PROC005342,APP02448,UP006078,06:31.8,24:38.0,Pass,Initial,HASH_IDENTITY_448,
PROC005343,APP02448,UP006079,24:38.9,33:29.3,Pass,Re-validation,HASH_INCOME_448,Previous validation expired
PROC005344,APP02448,UP006080,25:12.0,47:45.1,Pass,Initial,HASH_ADDITIONAL_DOCUMENT_448,
PROC005345,APP02449,UP006081,53:31.0,11:10.4,Pass,Initial,HASH_IDENTITY_449,
PROC005346,APP02449,UP006082,58:55.9,08:09.1,Pass,Re-validation,HASH_INCOME_449,Rule-triggered re-verification
PROC005347,APP02449,UP006083,16:23.9,34:12.2,Pass,Initial,HASH_ADDITIONAL_DOCUMENT_449,
PROC005348,APP02450,UP006084,30:28.8,52:02.0,Pass,Initial,HASH_IDENTITY_450,
PROC005349,APP02450,UP006085,31:54.5,46:25.3,Pass,Re-validation,HASH_INCOME_450,Previous validation expired
PROC005350,APP02450,UP006086,54:01.6,13:41.4,Pass,Re-validation,HASH_ADDITIONAL_DOCUMENT_450,Rule-triggered re-verification
PROC005351,APP02451,UP006087,32:27.9,54:25.4,Pass,Initial,HASH_IDENTITY_451,
PROC005352,APP02451,UP006088,46:00.5,59:09.1,Pass,Initial,HASH_INCOME_451,
PROC005353,APP02451,UP006089,30:03.4,55:26.1,Pass,Initial,HASH_ADDITIONAL_DOCUMENT_451,
PROC005354,APP02452,UP006090,14:49.0,28:49.9,Pass,Initial,HASH_IDENTITY_452,
PROC005355,APP02452,UP006091,33:21.9,46:35.8,Pass,Initial,HASH_INCOME_452,
PROC005356,APP02452,UP006092,42:17.4,00:52.9,Pass,Initial,HASH_ADDITIONAL_DOCUMENT_452,
PROC005357,APP02453,UP006093,23:25.6,37:53.2,Pass,Initial,HASH_IDENTITY_453,
PROC005358,APP02453,UP006094,31:38.1,43:30.0,Pass,Initial,HASH_INCOME_453,
PROC005359,APP02453,UP006096,46:47.2,11:08.4,Pass,Re-validation,HASH_ADDITIONAL_DOCUMENT_453,Retry after failed upload
PROC005360,APP02454,UP006097,12:29.0,30:47.0,Pass,Initial,HASH_IDENTITY_454,
PROC005361,APP02454,UP006098,24:50.6,33:28.6,Fail,Initial,HASH_INCOME_454,
PROC005362,APP02454,UP006099,32:47.3,00:22.5,Pass,Re-validation,HASH_ADDITIONAL_DOCUMENT_454,Rule-triggered re-verification
PROC005363,APP02455,UP006100,15:45.8,36:55.2,Pass,Initial,HASH_IDENTITY_455,
PROC005364,APP02455,UP006101,26:35.0,37:07.5,Pass,Re-validation,HASH_INCOME_455,System could not reuse prior result
PROC005365,APP02455,UP006102,35:53.7,00:25.0,Pass,Re-validation,HASH_ADDITIONAL_DOCUMENT_455,Rule-triggered re-verification
PROC005366,APP02456,UP006105,11:44.7,30:56.3,Pass,Re-validation,HASH_IDENTITY_456,Retry after failed upload
PROC005367,APP02456,UP006108,20:56.3,34:12.3,Pass,Re-validation,HASH_INCOME_456,Retry after failed upload
PROC005368,APP02456,UP006109,28:20.7,47:03.9,Pass,Initial,HASH_ADDITIONAL_DOCUMENT_456,
PROC005369,APP02457,UP006110,33:22.4,54:26.7,Pass,Initial,HASH_IDENTITY_457,
PROC005370,APP02457,UP006111,41:43.4,01:35.9,Pass,Initial,HASH_INCOME_457,
PROC005371,APP02457,UP006112,45:26.4,10:01.9,Pass,Initial,HASH_ADDITIONAL_DOCUMENT_457,
PROC005372,APP02458,UP006113,52:26.6,09:12.4,Pass,Initial,HASH_IDENTITY_458,
PROC005373,APP02458,UP006114,51:21.6,09:00.7,Pass,Re-validation,HASH_INCOME_458,Previous validation expired
PROC005374,APP02458,UP006117,06:23.7,29:29.8,Pass,Re-validation,HASH_ADDITIONAL_DOCUMENT_458,Retry after failed upload
PROC005375,APP02459,UP006118,22:33.9,37:58.9,Pass,Initial,HASH_IDENTITY_459,
PROC005376,APP02459,UP006119,27:55.3,43:41.5,Pass,Initial,HASH_INCOME_459,
PROC005377,APP02459,UP006120,33:59.0,59:39.6,Pass,Re-validation,HASH_ADDITIONAL_DOCUMENT_459,Previous validation expired
PROC005378,APP02460,UP006121,27:45.2,37:16.5,Pass,Re-validation,HASH_IDENTITY_460,Previous validation expired
PROC005379,APP02460,UP006122,14:13.3,26:40.0,Pass,Initial,HASH_INCOME_460,
PROC005380,APP02460,UP006123,44:03.9,01:48.9,Pass,Initial,HASH_ADDITIONAL_DOCUMENT_460,
PROC005381,APP02461,UP006124,09:57.9,19:54.0,Pass,Initial,HASH_IDENTITY_461,
PROC005382,APP02461,UP006125,07:05.6,25:35.4,Pass,Initial,HASH_INCOME_461,
PROC005383,APP02461,UP006127,28:36.7,54:40.8,Pass,Re-validation,HASH_ADDITIONAL_DOCUMENT_461,Retry after failed upload
PROC005384,APP02462,UP006128,24:22.0,41:42.7,Pass,Initial,HASH_IDENTITY_462,
PROC005385,APP02462,UP006129,18:08.2,41:16.4,Pass,Initial,HASH_INCOME_462,
PROC005386,APP02462,UP006131,40:05.3,53:18.9,Fail,Re-validation,HASH_ADDITIONAL_DOCUMENT_462,Retry after failed upload
PROC005387,APP02463,UP006132,57:58.1,12:22.1,Pass,Initial,HASH_IDENTITY_463,
PROC005388,APP02463,UP006133,46:06.4,59:28.1,Pass,Initial,HASH_INCOME_463,
PROC005389,APP02463,UP006134,06:17.9,23:46.4,Pass,Re-validation,HASH_ADDITIONAL_DOCUMENT_463,Rule-triggered re-verification
PROC005390,APP02464,UP006135,14:24.6,31:00.7,Pass,Initial,HASH_IDENTITY_464,
PROC005391,APP02464,UP006137,29:40.2,47:01.4,Pass,Re-validation,HASH_INCOME_464,Retry after failed upload
PROC005392,APP02464,UP006138,35:05.9,54:02.5,Pass,Initial,HASH_ADDITIONAL_DOCUMENT_464,
PROC005393,APP02465,UP006139,50:35.9,05:52.0,Pass,Initial,HASH_IDENTITY_465,
PROC005394,APP02465,UP006140,56:33.9,14:30.1,Fail,Initial,HASH_INCOME_465,
PROC005395,APP02465,UP006141,02:41.3,27:14.2,Pass,Initial,HASH_ADDITIONAL_DOCUMENT_465,
PROC005396,APP02466,UP006142,24:38.9,47:08.9,Pass,Initial,HASH_IDENTITY_466,
PROC005397,APP02466,UP006143,36:29.4,52:26.7,Pass,Initial,HASH_INCOME_466,
PROC005398,APP02466,UP006146,57:32.3,18:45.3,Pass,Re-validation,HASH_ADDITIONAL_DOCUMENT_466,Retry after failed upload
PROC005399,APP02467,UP006147,09:05.1,25:15.7,Pass,Initial,HASH_IDENTITY_467,
PROC005400,APP02467,UP006148,25:28.7,41:45.2,Pass,Initial,HASH_INCOME_467,
PROC005401,APP02467,UP006149,34:06.1,04:50.8,Pass,Initial,HASH_ADDITIONAL_DOCUMENT_467,
PROC005402,APP02468,UP006150,24:03.3,35:21.4,Pass,Initial,HASH_IDENTITY_468,
PROC005403,APP02468,UP006151,15:41.1,27:35.2,Pass,Initial,HASH_INCOME_468,
PROC005404,APP02468,UP006152,25:29.2,53:51.3,Pass,Initial,HASH_ADDITIONAL_DOCUMENT_468,
PROC005405,APP02469,UP006154,54:17.0,09:57.3,Pass,Re-validation,HASH_IDENTITY_469,Retry after failed upload
PROC005406,APP02469,UP006155,00:56.1,16:46.6,Pass,Initial,HASH_INCOME_469,
PROC005407,APP02469,UP006156,20:53.4,48:37.0,Pass,Initial,HASH_ADDITIONAL_DOCUMENT_469,
PROC005408,APP02470,UP006159,17:49.4,28:12.4,Pass,Re-validation,HASH_IDENTITY_470,Retry after failed upload
PROC005409,APP02470,UP006160,21:28.9,31:55.9,Pass,Initial,HASH_INCOME_470,
PROC005410,APP02470,UP006161,27:50.5,52:18.1,Pass,Initial,HASH_ADDITIONAL_DOCUMENT_470,
PROC005411,APP02471,UP006162,51:47.7,08:42.3,Pass,Initial,HASH_IDENTITY_471,
PROC005412,APP02471,UP006164,06:34.4,27:20.3,Pass,Re-validation,HASH_INCOME_471,Retry after failed upload
PROC005413,APP02471,UP006165,20:20.4,46:05.2,Pass,Initial,HASH_ADDITIONAL_DOCUMENT_471,
PROC005414,APP02472,UP006166,10:48.6,23:13.2,Pass,Initial,HASH_IDENTITY_472,
PROC005415,APP02472,UP006168,12:57.8,29:58.3,Pass,Re-validation,HASH_INCOME_472,Retry after failed upload
PROC005416,APP02472,UP006169,34:58.6,50:20.5,Pass,Initial,HASH_ADDITIONAL_DOCUMENT_472,
PROC005417,APP02473,UP006170,46:19.0,00:55.4,Pass,Initial,HASH_IDENTITY_473,
PROC005418,APP02473,UP006171,34:32.6,48:44.9,Pass,Initial,HASH_INCOME_473,
PROC005419,APP02473,UP006172,38:07.0,07:51.2,Pass,Initial,HASH_ADDITIONAL_DOCUMENT_473,
PROC005420,APP02474,UP006174,38:41.8,48:53.8,Fail,Re-validation,HASH_IDENTITY_474,Retry after failed upload
PROC005421,APP02474,UP006175,36:28.1,49:55.6,Pass,Initial,HASH_INCOME_474,
PROC005422,APP02474,UP006176,57:24.2,23:30.1,Pass,Initial,HASH_ADDITIONAL_DOCUMENT_474,
PROC005423,APP02475,UP006177,50:13.1,06:26.6,Pass,Initial,HASH_IDENTITY_475,
PROC005424,APP02475,UP006178,11:53.8,24:02.3,Pass,Re-validation,HASH_INCOME_475,Previous validation expired
PROC005425,APP02475,UP006179,17:26.6,40:43.5,Pass,Initial,HASH_ADDITIONAL_DOCUMENT_475,
PROC005426,APP02476,UP006180,27:34.5,46:43.9,Pass,Initial,HASH_IDENTITY_476,
PROC005427,APP02476,UP006181,43:47.5,06:27.3,Pass,Initial,HASH_INCOME_476,
PROC005428,APP02476,UP006182,56:44.5,17:20.7,Pass,Initial,HASH_ADDITIONAL_DOCUMENT_476,
PROC005429,APP02477,UP006183,03:53.2,22:32.0,Pass,Initial,HASH_IDENTITY_477,
PROC005430,APP02477,UP006184,11:38.0,23:45.5,Pass,Initial,HASH_INCOME_477,
PROC005431,APP02477,UP006187,17:53.1,40:14.2,Pass,Re-validation,HASH_ADDITIONAL_DOCUMENT_477,Retry after failed upload
PROC005432,APP02478,UP006188,53:15.4,05:01.1,Pass,Initial,HASH_IDENTITY_478,
PROC005433,APP02478,UP006189,06:46.5,13:04.0,Pass,Initial,HASH_INCOME_478,
PROC005434,APP02478,UP006190,14:42.1,32:43.1,Pass,Initial,HASH_ADDITIONAL_DOCUMENT_478,
PROC005435,APP02479,UP006191,19:37.0,38:59.3,Pass,Initial,HASH_IDENTITY_479,
PROC005436,APP02479,UP006194,11:46.1,31:25.0,Pass,Re-validation,HASH_INCOME_479,Retry after failed upload
PROC005437,APP02479,UP006196,12:07.3,33:37.8,Pass,Re-validation,HASH_ADDITIONAL_DOCUMENT_479,Retry after failed upload
PROC005438,APP02480,UP006197,38:21.3,01:07.0,Pass,Initial,HASH_IDENTITY_480,
PROC005439,APP02480,UP006199,45:42.1,00:04.3,Pass,Re-validation,HASH_INCOME_480,Retry after failed upload
PROC005440,APP02480,UP006202,47:01.4,07:52.2,Pass,Re-validation,HASH_ADDITIONAL_DOCUMENT_480,Retry after failed upload
PROC005441,APP02481,UP006203,40:17.8,02:52.2,Pass,Initial,HASH_IDENTITY_481,
PROC005442,APP02481,UP006204,43:51.3,57:15.5,Pass,Re-validation,HASH_INCOME_481,System could not reuse prior result
PROC005443,APP02481,UP006205,59:24.1,16:24.8,Pass,Initial,HASH_ADDITIONAL_DOCUMENT_481,
PROC005444,APP02482,UP006206,24:03.8,31:25.1,Pass,Re-validation,HASH_IDENTITY_482,System could not reuse prior result
PROC005445,APP02482,UP006207,21:43.7,34:08.2,Pass,Initial,HASH_INCOME_482,
PROC005446,APP02482,UP006208,32:23.8,58:03.9,Pass,Initial,HASH_ADDITIONAL_DOCUMENT_482,
PROC005447,APP02483,UP006209,23:26.8,39:14.4,Pass,Re-validation,HASH_IDENTITY_483,Previous validation expired
PROC005448,APP02483,UP006210,29:44.4,54:22.4,Pass,Initial,HASH_INCOME_483,
PROC005449,APP02483,UP006211,48:14.0,16:37.1,Pass,Initial,HASH_ADDITIONAL_DOCUMENT_483,
PROC005450,APP02484,UP006212,57:17.3,14:33.1,Pass,Initial,HASH_IDENTITY_484,
PROC005451,APP02484,UP006213,10:16.5,24:37.0,Pass,Re-validation,HASH_INCOME_484,Previous validation expired
PROC005452,APP02484,UP006214,12:07.9,32:41.7,Pass,Initial,HASH_ADDITIONAL_DOCUMENT_484,
PROC005453,APP02485,UP006215,03:36.7,17:32.1,Pass,Initial,HASH_IDENTITY_485,
PROC005454,APP02485,UP006216,07:32.8,29:26.1,Pass,Re-validation,HASH_INCOME_485,Previous validation expired
PROC005455,APP02485,UP006217,32:15.2,55:25.0,Pass,Re-validation,HASH_ADDITIONAL_DOCUMENT_485,Rule-triggered re-verification
PROC005456,APP02486,UP006218,41:03.1,01:59.5,Pass,Initial,HASH_IDENTITY_486,
PROC005457,APP02486,UP006220,53:13.1,03:21.1,Pass,Re-validation,HASH_INCOME_486,Retry after failed upload
PROC005458,APP02486,UP006223,04:30.3,27:06.4,Pass,Re-validation,HASH_ADDITIONAL_DOCUMENT_486,Retry after failed upload
PROC005459,APP02487,UP006224,08:13.6,27:21.5,Pass,Initial,HASH_IDENTITY_487,
PROC005460,APP02487,UP006225,14:38.4,17:08.3,Pass,Initial,HASH_INCOME_487,
PROC005461,APP02487,UP006226,33:33.4,49:23.4,Pass,Initial,HASH_ADDITIONAL_DOCUMENT_487,
PROC005462,APP02488,UP006227,45:38.9,05:32.8,Pass,Re-validation,HASH_IDENTITY_488,System could not reuse prior result
PROC005463,APP02488,UP006228,51:30.1,07:19.3,Fail,Initial,HASH_INCOME_488,
PROC005464,APP02488,UP006229,57:38.1,20:28.7,Pass,Re-validation,HASH_ADDITIONAL_DOCUMENT_488,Previous validation expired
PROC005465,APP02489,UP006230,07:17.2,28:09.9,Pass,Initial,HASH_IDENTITY_489,
PROC005466,APP02489,UP006231,03:04.7,20:28.6,Pass,Initial,HASH_INCOME_489,
PROC005467,APP02489,UP006232,15:04.7,43:55.8,Pass,Initial,HASH_ADDITIONAL_DOCUMENT_489,
PROC005468,APP02490,UP006233,11:01.6,21:02.5,Pass,Initial,HASH_IDENTITY_490,
PROC005469,APP02490,UP006234,21:15.3,26:39.2,Pass,Initial,HASH_INCOME_490,
PROC005470,APP02490,UP006235,23:31.7,54:52.8,Pass,Initial,HASH_ADDITIONAL_DOCUMENT_490,
PROC005471,APP02491,UP006236,30:31.3,49:41.9,Pass,Initial,HASH_IDENTITY_491,
PROC005472,APP02491,UP006237,40:35.6,53:19.0,Pass,Re-validation,HASH_INCOME_491,Previous validation expired
PROC005473,APP02491,UP006238,49:30.4,12:21.9,Pass,Initial,HASH_ADDITIONAL_DOCUMENT_491,
PROC005474,APP02492,UP006239,42:04.1,00:04.3,Pass,Initial,HASH_IDENTITY_492,
PROC005475,APP02492,UP006240,04:14.4,20:15.4,Pass,Initial,HASH_INCOME_492,
PROC005476,APP02492,UP006241,01:19.9,23:52.0,Pass,Initial,HASH_ADDITIONAL_DOCUMENT_492,
PROC005477,APP02493,UP006242,55:42.7,13:34.3,Fail,Initial,HASH_IDENTITY_493,
PROC005478,APP02493,UP006243,08:14.6,29:57.8,Pass,Initial,HASH_INCOME_493,
PROC005479,APP02493,UP006244,00:06.0,21:22.9,Pass,Initial,HASH_ADDITIONAL_DOCUMENT_493,
PROC005480,APP02494,UP006246,38:33.9,00:04.7,Pass,Re-validation,HASH_IDENTITY_494,Retry after failed upload
PROC005481,APP02494,UP006248,59:13.4,07:59.0,Pass,Re-validation,HASH_INCOME_494,Retry after failed upload
PROC005482,APP02494,UP006249,59:44.4,26:23.9,Pass,Initial,HASH_ADDITIONAL_DOCUMENT_494,
PROC005483,APP02495,UP006250,57:52.3,08:15.3,Pass,Initial,HASH_IDENTITY_495,
PROC005484,APP02495,UP006251,50:27.0,07:46.2,Pass,Initial,HASH_INCOME_495,
PROC005485,APP02495,UP006253,18:30.9,37:30.7,Pass,Re-validation,HASH_ADDITIONAL_DOCUMENT_495,Retry after failed upload
PROC005486,APP02496,UP006254,00:15.2,15:16.4,Fail,Initial,HASH_IDENTITY_496,
PROC005487,APP02496,UP006256,04:10.8,21:05.5,Pass,Re-validation,HASH_INCOME_496,Retry after failed upload
PROC005488,APP02496,UP006257,17:34.4,42:03.3,Pass,Initial,HASH_ADDITIONAL_DOCUMENT_496,
PROC005489,APP02497,UP006258,18:04.8,39:34.8,Pass,Re-validation,HASH_IDENTITY_497,Previous validation expired
PROC005490,APP02497,UP006259,26:37.0,38:22.1,Pass,Initial,HASH_INCOME_497,
PROC005491,APP02497,UP006261,30:22.3,59:02.7,Pass,Re-validation,HASH_ADDITIONAL_DOCUMENT_497,Retry after failed upload
PROC005492,APP02498,UP006262,15:35.8,20:24.4,Pass,Re-validation,HASH_IDENTITY_498,System could not reuse prior result
PROC005493,APP02498,UP006263,20:07.5,34:26.1,Pass,Initial,HASH_INCOME_498,
PROC005494,APP02498,UP006265,39:21.1,06:27.1,Pass,Re-validation,HASH_ADDITIONAL_DOCUMENT_498,Retry after failed upload
PROC005495,APP02499,UP006266,29:38.8,47:57.1,Pass,Re-validation,HASH_IDENTITY_499,System could not reuse prior result
PROC005496,APP02499,UP006267,11:49.8,31:29.7,Pass,Initial,HASH_INCOME_499,
PROC005497,APP02499,UP006268,30:31.6,53:13.1,Fail,Initial,HASH_ADDITIONAL_DOCUMENT_499,
PROC005498,APP02500,UP006269,13:42.8,26:34.3,Pass,Initial,HASH_IDENTITY_500,
PROC005499,APP02500,UP006270,13:44.8,32:51.7,Pass,Initial,HASH_INCOME_500,
PROC005500,APP02500,UP006272,24:14.0,49:09.1,Pass,Re-validation,HASH_ADDITIONAL_DOCUMENT_500,Retry after failed upload
PROC005501,APP02501,UP006273,45:51.9,59:22.7,Pass,Initial,HASH_IDENTITY_501,
PROC005502,APP02501,UP006274,56:34.2,07:58.2,Pass,Re-validation,HASH_INCOME_501,Rule-triggered re-verification
PROC005503,APP02501,UP006277,13:02.5,35:58.7,Pass,Re-validation,HASH_ADDITIONAL_DOCUMENT_501,Retry after failed upload
PROC005504,APP02502,UP006278,29:24.2,45:50.4,Pass,Initial,HASH_IDENTITY_502,
PROC005505,APP02502,UP006279,32:39.6,43:36.4,Pass,Initial,HASH_INCOME_502,
PROC005506,APP02502,UP006280,58:11.5,20:19.4,Pass,Initial,HASH_ADDITIONAL_DOCUMENT_502,
PROC005507,APP02503,UP006281,42:47.4,01:45.7,Pass,Initial,HASH_IDENTITY_503,
PROC005508,APP02503,UP006282,49:24.9,02:04.3,Pass,Initial,HASH_INCOME_503,
PROC005509,APP02503,UP006283,06:58.4,31:08.7,Pass,Initial,HASH_ADDITIONAL_DOCUMENT_503,
PROC005510,APP02504,UP006284,33:49.3,45:53.5,Pass,Re-validation,HASH_IDENTITY_504,Rule-triggered re-verification
PROC005511,APP02504,UP006285,40:05.1,56:22.8,Pass,Initial,HASH_INCOME_504,
PROC005512,APP02504,UP006286,08:34.8,27:36.2,Pass,Initial,HASH_ADDITIONAL_DOCUMENT_504,
PROC005513,APP02505,UP006287,21:13.9,40:47.4,Pass,Re-validation,HASH_IDENTITY_505,Rule-triggered re-verification
PROC005514,APP02505,UP006288,24:19.0,36:42.5,Pass,Re-validation,HASH_INCOME_505,System could not reuse prior result
PROC005515,APP02505,UP006289,39:27.7,58:53.6,Pass,Initial,HASH_ADDITIONAL_DOCUMENT_505,
PROC005516,APP02506,UP006290,53:06.6,04:48.2,Fail,Initial,HASH_IDENTITY_506,
PROC005517,APP02506,UP006291,02:21.4,21:06.9,Pass,Initial,HASH_INCOME_506,
PROC005518,APP02506,UP006292,21:10.7,44:30.7,Pass,Initial,HASH_ADDITIONAL_DOCUMENT_506,
PROC005519,APP02507,UP006293,43:56.3,57:19.8,Pass,Re-validation,HASH_IDENTITY_507,System could not reuse prior result
PROC005520,APP02507,UP006296,01:52.4,18:36.7,Pass,Re-validation,HASH_INCOME_507,Retry after failed upload
PROC005521,APP02507,UP006297,15:57.3,39:56.2,Pass,Initial,HASH_ADDITIONAL_DOCUMENT_507,
PROC005522,APP02508,UP006298,16:19.1,32:16.4,Fail,Re-validation,HASH_IDENTITY_508,Previous validation expired
PROC005523,APP02508,UP006299,30:48.7,37:47.4,Pass,Initial,HASH_INCOME_508,
PROC005524,APP02508,UP006300,44:31.4,59:43.8,Pass,Initial,HASH_ADDITIONAL_DOCUMENT_508,
PROC005525,APP02509,UP006301,11:40.5,24:24.6,Pass,Initial,HASH_IDENTITY_509,
PROC005526,APP02509,UP006302,20:19.3,32:50.4,Pass,Initial,HASH_INCOME_509,
PROC005527,APP02509,UP006303,39:41.8,05:18.0,Fail,Initial,HASH_ADDITIONAL_DOCUMENT_509,
PROC005528,APP02510,UP006304,03:51.0,15:54.6,Pass,Initial,HASH_IDENTITY_510,
PROC005529,APP02510,UP006305,02:15.7,16:08.4,Pass,Re-validation,HASH_INCOME_510,System could not reuse prior result
PROC005530,APP02510,UP006306,16:14.9,45:32.9,Pass,Initial,HASH_ADDITIONAL_DOCUMENT_510,
PROC005531,APP02511,UP006307,01:44.3,15:36.2,Pass,Initial,HASH_IDENTITY_511,
PROC005532,APP02511,UP006308,14:57.7,34:01.0,Pass,Initial,HASH_INCOME_511,
PROC005533,APP02511,UP006309,23:41.0,44:49.2,Pass,Initial,HASH_ADDITIONAL_DOCUMENT_511,
PROC005534,APP02512,UP006310,07:52.8,22:07.1,Pass,Initial,HASH_IDENTITY_512,
PROC005535,APP02512,UP006312,19:12.3,32:38.1,Pass,Re-validation,HASH_INCOME_512,Retry after failed upload
PROC005536,APP02512,UP006313,14:12.8,38:08.7,Pass,Initial,HASH_ADDITIONAL_DOCUMENT_512,
PROC005537,APP02513,UP006314,26:42.8,36:41.7,Pass,Initial,HASH_IDENTITY_513,
PROC005538,APP02513,UP006315,35:58.9,53:04.2,Pass,Initial,HASH_INCOME_513,
PROC005539,APP02513,UP006316,40:15.1,58:22.5,Pass,Initial,HASH_ADDITIONAL_DOCUMENT_513,
PROC005540,APP02514,UP006317,58:17.8,08:31.1,Pass,Initial,HASH_IDENTITY_514,
PROC005541,APP02514,UP006318,47:18.3,00:34.8,Pass,Initial,HASH_INCOME_514,
PROC005542,APP02514,UP006319,01:45.2,25:31.9,Pass,Initial,HASH_ADDITIONAL_DOCUMENT_514,
PROC005543,APP02515,UP006320,48:08.7,06:09.5,Pass,Initial,HASH_IDENTITY_515,
PROC005544,APP02515,UP006321,47:21.6,04:56.7,Pass,Initial,HASH_INCOME_515,
PROC005545,APP02515,UP006323,47:24.1,16:02.2,Pass,Re-validation,HASH_ADDITIONAL_DOCUMENT_515,Retry after failed upload
PROC005546,APP02516,UP006324,14:45.5,33:32.2,Pass,Initial,HASH_IDENTITY_516,
PROC005547,APP02516,UP006327,13:45.3,31:28.4,Pass,Re-validation,HASH_INCOME_516,Retry after failed upload
PROC005548,APP02516,UP006328,05:29.2,20:36.2,Pass,Initial,HASH_ADDITIONAL_DOCUMENT_516,
PROC005549,APP02517,UP006329,38:11.5,53:55.6,Pass,Initial,HASH_IDENTITY_517,
PROC005550,APP02517,UP006330,49:25.9,04:51.3,Pass,Re-validation,HASH_INCOME_517,System could not reuse prior result
PROC005551,APP02517,UP006331,56:07.5,14:11.8,Pass,Initial,HASH_ADDITIONAL_DOCUMENT_517,
PROC005552,APP02518,UP006334,50:41.9,01:04.4,Pass,Re-validation,HASH_IDENTITY_518,Retry after failed upload
PROC005553,APP02518,UP006335,44:18.1,56:43.0,Pass,Re-validation,HASH_INCOME_518,Rule-triggered re-verification
PROC005554,APP02518,UP006336,12:36.6,38:11.7,Pass,Initial,HASH_ADDITIONAL_DOCUMENT_518,
PROC005555,APP02519,UP006338,54:56.9,07:38.2,Pass,Re-validation,HASH_IDENTITY_519,Retry after failed upload
PROC005556,APP02519,UP006339,09:10.9,30:28.5,Pass,Initial,HASH_INCOME_519,
PROC005557,APP02519,UP006341,04:40.9,28:49.0,Pass,Re-validation,HASH_ADDITIONAL_DOCUMENT_519,Retry after failed upload
PROC005558,APP02520,UP006342,47:14.8,01:13.9,Pass,Re-validation,HASH_IDENTITY_520,Previous validation expired
PROC005559,APP02520,UP006343,40:44.3,57:16.8,Pass,Initial,HASH_INCOME_520,
PROC005560,APP02520,UP006344,01:46.5,25:30.8,Fail,Re-validation,HASH_ADDITIONAL_DOCUMENT_520,Rule-triggered re-verification
PROC005561,APP02521,UP006345,59:41.9,18:41.8,Pass,Initial,HASH_IDENTITY_521,
PROC005562,APP02521,UP006346,06:20.8,20:07.3,Pass,Initial,HASH_INCOME_521,
PROC005563,APP02521,UP006347,24:10.4,43:04.4,Pass,Initial,HASH_ADDITIONAL_DOCUMENT_521,
PROC005564,APP02522,UP006348,55:44.5,04:51.2,Pass,Initial,HASH_IDENTITY_522,
PROC005565,APP02522,UP006349,39:38.9,58:50.3,Pass,Re-validation,HASH_INCOME_522,System could not reuse prior result
PROC005566,APP02522,UP006350,04:56.4,25:25.5,Pass,Re-validation,HASH_ADDITIONAL_DOCUMENT_522,Rule-triggered re-verification
PROC005567,APP02523,UP006352,56:32.4,14:54.4,Pass,Re-validation,HASH_IDENTITY_523,Retry after failed upload
PROC005568,APP02523,UP006353,02:53.3,23:15.6,Pass,Initial,HASH_INCOME_523,
PROC005569,APP02523,UP006354,05:08.9,25:46.0,Pass,Re-validation,HASH_ADDITIONAL_DOCUMENT_523,Rule-triggered re-verification
PROC005570,APP02524,UP006357,44:27.8,58:22.6,Pass,Re-validation,HASH_IDENTITY_524,Retry after failed upload
PROC005571,APP02524,UP006358,20:24.0,38:25.8,Pass,Initial,HASH_INCOME_524,
PROC005572,APP02524,UP006359,41:50.5,03:58.1,Pass,Initial,HASH_ADDITIONAL_DOCUMENT_524,
PROC005573,APP02525,UP006360,15:45.1,27:49.9,Fail,Initial,HASH_IDENTITY_525,
PROC005574,APP02525,UP006361,35:50.2,47:23.8,Pass,Initial,HASH_INCOME_525,
PROC005575,APP02525,UP006362,40:24.7,02:11.2,Pass,Initial,HASH_ADDITIONAL_DOCUMENT_525,
PROC005576,APP02526,UP006364,50:33.1,07:53.8,Pass,Re-validation,HASH_IDENTITY_526,Retry after failed upload
PROC005577,APP02526,UP006366,02:42.9,22:51.0,Pass,Re-validation,HASH_INCOME_526,Retry after failed upload
PROC005578,APP02526,UP006367,18:59.6,40:13.0,Pass,Initial,HASH_ADDITIONAL_DOCUMENT_526,
PROC005579,APP02527,UP006368,47:33.1,58:40.0,Pass,Initial,HASH_IDENTITY_527,
PROC005580,APP02527,UP006369,04:49.2,24:09.0,Pass,Initial,HASH_INCOME_527,
PROC005581,APP02527,UP006370,03:26.0,28:58.9,Fail,Re-validation,HASH_ADDITIONAL_DOCUMENT_527,Rule-triggered re-verification
PROC005582,APP02528,UP006371,35:55.8,57:09.8,Pass,Initial,HASH_IDENTITY_528,
PROC005583,APP02528,UP006372,35:41.0,42:52.7,Pass,Initial,HASH_INCOME_528,
PROC005584,APP02528,UP006373,39:31.7,58:36.1,Pass,Initial,HASH_ADDITIONAL_DOCUMENT_528,
PROC005585,APP02529,UP006375,33:33.1,42:44.3,Pass,Re-validation,HASH_IDENTITY_529,Retry after failed upload
PROC005586,APP02529,UP006376,38:35.6,59:37.7,Pass,Initial,HASH_INCOME_529,
PROC005587,APP02529,UP006377,57:53.3,26:37.2,Pass,Initial,HASH_ADDITIONAL_DOCUMENT_529,
PROC005588,APP02530,UP006378,24:52.5,32:45.3,Pass,Initial,HASH_IDENTITY_530,
PROC005589,APP02530,UP006381,45:15.3,50:48.2,Pass,Re-validation,HASH_INCOME_530,Retry after failed upload
PROC005590,APP02530,UP006383,57:41.4,18:33.2,Pass,Re-validation,HASH_ADDITIONAL_DOCUMENT_530,Retry after failed upload
PROC005591,APP02531,UP006384,02:22.7,04:20.2,Pass,Initial,HASH_IDENTITY_531,
PROC005592,APP02531,UP006385,25:27.9,37:54.3,Pass,Re-validation,HASH_INCOME_531,System could not reuse prior result
PROC005593,APP02531,UP006388,37:13.6,56:21.1,Pass,Re-validation,HASH_ADDITIONAL_DOCUMENT_531,Retry after failed upload
PROC005594,APP02532,UP006389,07:24.1,23:04.8,Pass,Initial,HASH_IDENTITY_532,
PROC005595,APP02532,UP006390,06:19.5,24:54.5,Pass,Initial,HASH_INCOME_532,
PROC005596,APP02532,UP006391,09:21.2,37:23.2,Fail,Initial,HASH_ADDITIONAL_DOCUMENT_532,
PROC005597,APP02533,UP006392,34:22.0,47:19.7,Pass,Re-validation,HASH_IDENTITY_533,System could not reuse prior result
PROC005598,APP02533,UP006393,52:14.3,10:26.6,Pass,Initial,HASH_INCOME_533,
PROC005599,APP02533,UP006394,01:30.2,28:31.3,Pass,Initial,HASH_ADDITIONAL_DOCUMENT_533,
PROC005600,APP02534,UP006395,50:19.7,05:43.0,Pass,Re-validation,HASH_IDENTITY_534,System could not reuse prior result
PROC005601,APP02534,UP006396,10:17.0,26:25.7,Pass,Re-validation,HASH_INCOME_534,Rule-triggered re-verification
PROC005602,APP02534,UP006397,16:49.7,46:37.8,Pass,Initial,HASH_ADDITIONAL_DOCUMENT_534,
PROC005603,APP02535,UP006398,23:04.6,41:31.6,Pass,Initial,HASH_IDENTITY_535,
PROC005604,APP02535,UP006400,14:58.1,29:46.2,Pass,Re-validation,HASH_INCOME_535,Retry after failed upload
PROC005605,APP02535,UP006401,37:24.5,57:06.2,Pass,Initial,HASH_ADDITIONAL_DOCUMENT_535,
PROC005606,APP02536,UP006402,00:45.9,13:37.5,Pass,Re-validation,HASH_IDENTITY_536,Rule-triggered re-verification
PROC005607,APP02536,UP006403,16:07.1,30:16.3,Pass,Initial,HASH_INCOME_536,
PROC005608,APP02536,UP006404,04:12.2,26:00.8,Pass,Initial,HASH_ADDITIONAL_DOCUMENT_536,
PROC005609,APP02537,UP006405,38:53.9,51:22.2,Pass,Initial,HASH_IDENTITY_537,
PROC005610,APP02537,UP006406,05:28.1,20:28.9,Pass,Initial,HASH_INCOME_537,
PROC005611,APP02537,UP006407,17:56.1,36:56.0,Pass,Initial,HASH_ADDITIONAL_DOCUMENT_537,
PROC005612,APP02538,UP006408,55:59.9,14:50.2,Pass,Initial,HASH_IDENTITY_538,
PROC005613,APP02538,UP006411,52:55.3,08:19.5,Pass,Re-validation,HASH_INCOME_538,Retry after failed upload
PROC005614,APP02538,UP006412,53:10.6,18:16.2,Pass,Re-validation,HASH_ADDITIONAL_DOCUMENT_538,Previous validation expired
PROC005615,APP02539,UP006413,05:19.4,12:03.3,Pass,Initial,HASH_IDENTITY_539,
PROC005616,APP02539,UP006415,07:12.2,18:26.7,Pass,Re-validation,HASH_INCOME_539,Retry after failed upload
PROC005617,APP02539,UP006416,08:32.3,29:24.9,Pass,Initial,HASH_ADDITIONAL_DOCUMENT_539,
PROC005618,APP02540,UP006419,36:43.7,51:55.8,Pass,Re-validation,HASH_IDENTITY_540,Retry after failed upload
PROC005619,APP02540,UP006420,01:56.1,16:58.7,Pass,Re-validation,HASH_INCOME_540,System could not reuse prior result
PROC005620,APP02540,UP006421,15:56.6,34:03.1,Pass,Initial,HASH_ADDITIONAL_DOCUMENT_540,
PROC005621,APP02541,UP006422,43:52.2,03:00.6,Pass,Initial,HASH_IDENTITY_541,
PROC005622,APP02541,UP006424,47:30.5,05:22.7,Pass,Re-validation,HASH_INCOME_541,Retry after failed upload
PROC005623,APP02541,UP006425,04:49.9,23:13.9,Pass,Initial,HASH_ADDITIONAL_DOCUMENT_541,
PROC005624,APP02542,UP006426,41:32.7,02:46.7,Pass,Re-validation,HASH_IDENTITY_542,Previous validation expired
PROC005625,APP02542,UP006427,39:54.4,01:07.2,Pass,Re-validation,HASH_INCOME_542,Rule-triggered re-verification
PROC005626,APP02542,UP006429,58:02.6,16:09.4,Pass,Re-validation,HASH_ADDITIONAL_DOCUMENT_542,Retry after failed upload
PROC005627,APP02543,UP006430,29:16.2,45:29.5,Pass,Initial,HASH_IDENTITY_543,
PROC005628,APP02543,UP006431,36:58.9,50:25.5,Fail,Initial,HASH_INCOME_543,
PROC005629,APP02543,UP006432,53:06.8,09:35.9,Pass,Initial,HASH_ADDITIONAL_DOCUMENT_543,
PROC005630,APP02544,UP006433,42:15.4,54:05.9,Pass,Re-validation,HASH_IDENTITY_544,System could not reuse prior result
PROC005631,APP02544,UP006435,51:51.4,06:25.7,Pass,Re-validation,HASH_INCOME_544,Retry after failed upload
PROC005632,APP02544,UP006436,54:09.6,14:18.4,Pass,Initial,HASH_ADDITIONAL_DOCUMENT_544,
PROC005633,APP02545,UP006437,41:47.4,00:02.1,Pass,Initial,HASH_IDENTITY_545,
PROC005634,APP02545,UP006440,33:43.2,36:04.8,Pass,Re-validation,HASH_INCOME_545,Retry after failed upload
PROC005635,APP02545,UP006441,45:01.9,05:20.1,Fail,Initial,HASH_ADDITIONAL_DOCUMENT_545,
PROC005636,APP02546,UP006442,11:36.5,26:04.0,Pass,Initial,HASH_IDENTITY_546,
PROC005637,APP02546,UP006443,22:16.8,35:30.1,Pass,Re-validation,HASH_INCOME_546,Previous validation expired
PROC005638,APP02546,UP006444,13:17.2,40:36.9,Pass,Initial,HASH_ADDITIONAL_DOCUMENT_546,
PROC005639,APP02547,UP006445,52:16.3,09:52.6,Pass,Re-validation,HASH_IDENTITY_547,Rule-triggered re-verification
PROC005640,APP02547,UP006446,56:19.9,16:18.8,Pass,Initial,HASH_INCOME_547,
PROC005641,APP02547,UP006447,23:59.8,48:53.0,Pass,Initial,HASH_ADDITIONAL_DOCUMENT_547,
PROC005642,APP02548,UP006449,45:46.0,55:29.8,Pass,Re-validation,HASH_IDENTITY_548,Retry after failed upload
PROC005643,APP02548,UP006450,50:07.7,05:48.3,Pass,Initial,HASH_INCOME_548,
PROC005644,APP02548,UP006451,54:53.5,20:22.6,Pass,Initial,HASH_ADDITIONAL_DOCUMENT_548,
PROC005645,APP02549,UP006452,57:54.2,17:41.9,Pass,Initial,HASH_IDENTITY_549,
PROC005646,APP02549,UP006453,11:25.6,23:12.0,Pass,Initial,HASH_INCOME_549,
PROC005647,APP02549,UP006454,48:42.1,11:26.9,Pass,Initial,HASH_ADDITIONAL_DOCUMENT_549,
PROC005648,APP02550,UP006455,43:43.8,02:06.0,Pass,Initial,HASH_IDENTITY_550,
PROC005649,APP02550,UP006456,42:06.6,56:13.4,Pass,Initial,HASH_INCOME_550,
PROC005650,APP02550,UP006457,00:53.3,24:49.2,Fail,Initial,HASH_ADDITIONAL_DOCUMENT_550,
PROC005651,APP02551,UP006458,20:01.1,28:42.0,Pass,Initial,HASH_IDENTITY_551,
PROC005652,APP02551,UP006459,33:24.3,50:04.5,Pass,Re-validation,HASH_INCOME_551,System could not reuse prior result
PROC005653,APP02551,UP006460,29:53.0,55:35.3,Pass,Initial,HASH_ADDITIONAL_DOCUMENT_551,
PROC005654,APP02552,UP006461,00:10.4,11:28.2,Pass,Re-validation,HASH_IDENTITY_552,Previous validation expired
PROC005655,APP02552,UP006462,59:59.5,06:29.4,Pass,Re-validation,HASH_INCOME_552,Rule-triggered re-verification
PROC005656,APP02552,UP006464,15:31.5,38:52.2,Pass,Re-validation,HASH_ADDITIONAL_DOCUMENT_552,Retry after failed upload
PROC005657,APP02553,UP006466,05:36.5,25:48.4,Pass,Re-validation,HASH_IDENTITY_553,Retry after failed upload
PROC005658,APP02553,UP006467,00:56.1,18:49.3,Pass,Initial,HASH_INCOME_553,
PROC005659,APP02553,UP006469,17:17.6,48:30.3,Pass,Re-validation,HASH_ADDITIONAL_DOCUMENT_553,Retry after failed upload
PROC005660,APP02554,UP006470,00:07.6,14:41.1,Pass,Initial,HASH_IDENTITY_554,
PROC005661,APP02554,UP006471,00:22.4,17:02.7,Pass,Initial,HASH_INCOME_554,
PROC005662,APP02554,UP006472,13:05.6,31:34.6,Pass,Initial,HASH_ADDITIONAL_DOCUMENT_554,
PROC005663,APP02555,UP006473,24:56.9,38:58.6,Pass,Initial,HASH_IDENTITY_555,
PROC005664,APP02555,UP006474,13:11.0,21:08.8,Pass,Initial,HASH_INCOME_555,
PROC005665,APP02555,UP006475,29:17.2,54:51.1,Pass,Initial,HASH_ADDITIONAL_DOCUMENT_555,
PROC005666,APP02556,UP006478,22:37.3,40:07.9,Pass,Re-validation,HASH_IDENTITY_556,Retry after failed upload
PROC005667,APP02556,UP006480,33:05.4,46:58.4,Pass,Re-validation,HASH_INCOME_556,Retry after failed upload
PROC005668,APP02556,UP006481,31:59.8,53:19.0,Pass,Initial,HASH_ADDITIONAL_DOCUMENT_556,
PROC005669,APP02557,UP006482,45:10.8,02:42.1,Pass,Initial,HASH_IDENTITY_557,
PROC005670,APP02557,UP006483,51:49.7,55:26.5,Pass,Initial,HASH_INCOME_557,
PROC005671,APP02557,UP006484,55:37.3,16:29.9,Pass,Initial,HASH_ADDITIONAL_DOCUMENT_557,
PROC005672,APP02558,UP006485,08:48.3,17:49.1,Pass,Initial,HASH_IDENTITY_558,
PROC005673,APP02558,UP006487,18:18.0,35:40.8,Pass,Re-validation,HASH_INCOME_558,Retry after failed upload
PROC005674,APP02558,UP006488,31:11.5,00:47.4,Pass,Re-validation,HASH_ADDITIONAL_DOCUMENT_558,Rule-triggered re-verification
PROC005675,APP02559,UP006489,26:11.6,40:21.6,Pass,Initial,HASH_IDENTITY_559,
PROC005676,APP02559,UP006490,31:30.9,47:21.1,Pass,Initial,HASH_INCOME_559,
PROC005677,APP02559,UP006492,45:39.9,11:52.0,Pass,Re-validation,HASH_ADDITIONAL_DOCUMENT_559,Retry after failed upload
PROC005678,APP02560,UP006493,58:39.0,12:19.6,Pass,Re-validation,HASH_IDENTITY_560,Rule-triggered re-verification
PROC005679,APP02560,UP006494,43:12.5,54:05.1,Pass,Initial,HASH_INCOME_560,
PROC005680,APP02560,UP006496,10:58.1,33:58.8,Pass,Re-validation,HASH_ADDITIONAL_DOCUMENT_560,Retry after failed upload
PROC005681,APP02561,UP006497,35:41.3,48:32.6,Pass,Initial,HASH_IDENTITY_561,
PROC005682,APP02561,UP006498,44:09.0,55:17.5,Fail,Initial,HASH_INCOME_561,
PROC005683,APP02561,UP006499,53:27.8,12:59.5,Pass,Initial,HASH_ADDITIONAL_DOCUMENT_561,
PROC005684,APP02562,UP006500,18:06.4,33:47.5,Pass,Initial,HASH_IDENTITY_562,
PROC005685,APP02562,UP006501,22:13.0,40:52.8,Pass,Re-validation,HASH_INCOME_562,System could not reuse prior result
PROC005686,APP02562,UP006504,40:01.0,11:36.1,Pass,Re-validation,HASH_ADDITIONAL_DOCUMENT_562,Retry after failed upload
PROC005687,APP02563,UP006506,43:34.7,58:51.3,Pass,Re-validation,HASH_IDENTITY_563,Retry after failed upload
PROC005688,APP02563,UP006507,54:40.1,10:16.5,Pass,Initial,HASH_INCOME_563,
PROC005689,APP02563,UP006508,05:32.6,27:14.5,Pass,Initial,HASH_ADDITIONAL_DOCUMENT_563,
PROC005690,APP02564,UP006509,06:28.8,20:18.2,Fail,Initial,HASH_IDENTITY_564,
PROC005691,APP02564,UP006510,22:25.7,40:40.4,Pass,Initial,HASH_INCOME_564,
PROC005692,APP02564,UP006513,27:15.3,50:16.1,Pass,Re-validation,HASH_ADDITIONAL_DOCUMENT_564,Retry after failed upload
PROC005693,APP02565,UP006514,29:46.5,42:32.5,Pass,Initial,HASH_IDENTITY_565,
PROC005694,APP02565,UP006516,32:20.5,39:13.5,Pass,Re-validation,HASH_INCOME_565,Retry after failed upload
PROC005695,APP02565,UP006517,32:08.4,52:49.8,Pass,Initial,HASH_ADDITIONAL_DOCUMENT_565,
PROC005696,APP02566,UP006518,15:18.0,28:47.0,Pass,Initial,HASH_IDENTITY_566,
PROC005697,APP02566,UP006519,26:16.1,39:21.9,Pass,Initial,HASH_INCOME_566,
PROC005698,APP02566,UP006521,44:00.2,02:54.8,Pass,Re-validation,HASH_ADDITIONAL_DOCUMENT_566,Retry after failed upload
PROC005699,APP02567,UP006522,25:39.8,39:24.0,Pass,Initial,HASH_IDENTITY_567,
PROC005700,APP02567,UP006523,43:57.5,57:02.4,Pass,Initial,HASH_INCOME_567,
PROC005701,APP02567,UP006524,24:24.9,51:13.9,Pass,Initial,HASH_ADDITIONAL_DOCUMENT_567,
PROC005702,APP02568,UP006525,42:19.2,57:34.6,Fail,Initial,HASH_IDENTITY_568,
PROC005703,APP02568,UP006526,46:08.6,56:06.0,Pass,Initial,HASH_INCOME_568,
PROC005704,APP02568,UP006529,06:03.0,35:52.1,Pass,Re-validation,HASH_ADDITIONAL_DOCUMENT_568,Retry after failed upload
PROC005705,APP02569,UP006530,21:59.5,34:21.1,Pass,Initial,HASH_IDENTITY_569,
PROC005706,APP02569,UP006531,31:42.1,49:57.3,Pass,Initial,HASH_INCOME_569,
PROC005707,APP02569,UP006532,34:50.9,51:36.6,Pass,Initial,HASH_ADDITIONAL_DOCUMENT_569,
PROC005708,APP02570,UP006533,09:41.0,21:34.4,Pass,Re-validation,HASH_IDENTITY_570,Previous validation expired
PROC005709,APP02570,UP006534,20:47.9,39:17.2,Pass,Initial,HASH_INCOME_570,
PROC005710,APP02570,UP006537,40:42.7,00:22.6,Pass,Re-validation,HASH_ADDITIONAL_DOCUMENT_570,Retry after failed upload
PROC005711,APP02571,UP006538,53:10.4,06:05.5,Pass,Initial,HASH_IDENTITY_571,
PROC005712,APP02571,UP006541,08:53.1,20:53.7,Pass,Re-validation,HASH_INCOME_571,Retry after failed upload
PROC005713,APP02571,UP006542,13:40.7,32:35.4,Pass,Initial,HASH_ADDITIONAL_DOCUMENT_571,
PROC005714,APP02572,UP006543,10:47.0,25:21.5,Pass,Initial,HASH_IDENTITY_572,
PROC005715,APP02572,UP006544,02:17.9,18:20.8,Pass,Initial,HASH_INCOME_572,
PROC005716,APP02572,UP006545,04:32.9,30:17.9,Pass,Initial,HASH_ADDITIONAL_DOCUMENT_572,
PROC005717,APP02573,UP006546,19:46.3,35:20.8,Pass,Initial,HASH_IDENTITY_573,
PROC005718,APP02573,UP006547,26:02.6,45:45.6,Pass,Initial,HASH_INCOME_573,
PROC005719,APP02573,UP006548,31:15.8,57:33.8,Pass,Initial,HASH_ADDITIONAL_DOCUMENT_573,
PROC005720,APP02574,UP006549,54:34.0,14:19.2,Pass,Re-validation,HASH_IDENTITY_574,Rule-triggered re-verification
PROC005721,APP02574,UP006551,57:49.9,08:14.1,Pass,Re-validation,HASH_INCOME_574,Retry after failed upload
PROC005722,APP02574,UP006552,11:41.9,38:55.6,Pass,Re-validation,HASH_ADDITIONAL_DOCUMENT_574,System could not reuse prior result
PROC005723,APP02575,UP006553,05:50.7,22:35.2,Pass,Initial,HASH_IDENTITY_575,
PROC005724,APP02575,UP006554,12:49.7,38:19.0,Pass,Initial,HASH_INCOME_575,
PROC005725,APP02575,UP006555,17:46.6,41:28.9,Pass,Initial,HASH_ADDITIONAL_DOCUMENT_575,
PROC005726,APP02576,UP006556,32:14.9,44:23.1,Pass,Initial,HASH_IDENTITY_576,
PROC005727,APP02576,UP006557,32:23.7,47:29.0,Pass,Initial,HASH_INCOME_576,
PROC005728,APP02576,UP006560,50:43.9,16:05.1,Pass,Re-validation,HASH_ADDITIONAL_DOCUMENT_576,Retry after failed upload
PROC005729,APP02577,UP006561,09:38.9,31:02.5,Pass,Initial,HASH_IDENTITY_577,
PROC005730,APP02577,UP006562,15:46.8,33:24.3,Pass,Re-validation,HASH_INCOME_577,Previous validation expired
PROC005731,APP02577,UP006563,29:52.1,53:24.5,Pass,Initial,HASH_ADDITIONAL_DOCUMENT_577,
PROC005732,APP02578,UP006564,53:40.1,10:34.7,Pass,Initial,HASH_IDENTITY_578,
PROC005733,APP02578,UP006565,07:49.9,21:37.8,Pass,Re-validation,HASH_INCOME_578,System could not reuse prior result
PROC005734,APP02578,UP006566,00:07.2,22:55.9,Pass,Initial,HASH_ADDITIONAL_DOCUMENT_578,
PROC005735,APP02579,UP006567,34:29.0,48:42.8,Pass,Re-validation,HASH_IDENTITY_579,Rule-triggered re-verification
PROC005736,APP02579,UP006568,38:36.6,58:41.2,Pass,Re-validation,HASH_INCOME_579,Previous validation expired
PROC005737,APP02579,UP006569,44:32.7,02:21.6,Pass,Re-validation,HASH_ADDITIONAL_DOCUMENT_579,Previous validation expired
PROC005738,APP02580,UP006570,38:49.9,53:16.7,Pass,Initial,HASH_IDENTITY_580,
PROC005739,APP02580,UP006571,44:55.1,00:36.2,Pass,Initial,HASH_INCOME_580,
PROC005740,APP02580,UP006572,57:59.0,24:38.8,Pass,Initial,HASH_ADDITIONAL_DOCUMENT_580,
PROC005741,APP02581,UP006573,22:47.1,39:24.1,Pass,Initial,HASH_IDENTITY_581,
PROC005742,APP02581,UP006574,47:25.3,06:31.2,Pass,Re-validation,HASH_INCOME_581,Rule-triggered re-verification
PROC005743,APP02581,UP006575,50:20.7,14:23.3,Pass,Re-validation,HASH_ADDITIONAL_DOCUMENT_581,Rule-triggered re-verification
PROC005744,APP02582,UP006576,56:32.3,09:40.1,Pass,Initial,HASH_IDENTITY_582,
PROC005745,APP02582,UP006577,03:40.8,23:14.7,Pass,Initial,HASH_INCOME_582,
PROC005746,APP02582,UP006578,23:09.4,48:05.2,Pass,Initial,HASH_ADDITIONAL_DOCUMENT_582,
PROC005747,APP02583,UP006579,46:12.7,04:07.7,Pass,Initial,HASH_IDENTITY_583,
PROC005748,APP02583,UP006581,50:38.7,02:43.0,Pass,Re-validation,HASH_INCOME_583,Retry after failed upload
PROC005749,APP02583,UP006582,04:02.9,24:01.5,Fail,Initial,HASH_ADDITIONAL_DOCUMENT_583,
PROC005750,APP02584,UP006584,14:15.3,30:41.1,Pass,Re-validation,HASH_IDENTITY_584,Retry after failed upload
PROC005751,APP02584,UP006585,40:43.1,54:27.5,Fail,Initial,HASH_INCOME_584,
PROC005752,APP02584,UP006586,47:13.7,07:42.9,Pass,Initial,HASH_ADDITIONAL_DOCUMENT_584,
PROC005753,APP02585,UP006587,01:37.9,19:58.0,Pass,Initial,HASH_IDENTITY_585,
PROC005754,APP02585,UP006588,58:13.3,15:26.7,Pass,Initial,HASH_INCOME_585,
PROC005755,APP02585,UP006591,13:19.0,30:09.6,Pass,Re-validation,HASH_ADDITIONAL_DOCUMENT_585,Retry after failed upload
PROC005756,APP02586,UP006592,37:07.4,50:34.6,Pass,Re-validation,HASH_IDENTITY_586,System could not reuse prior result
PROC005757,APP02586,UP006593,37:26.6,54:43.8,Pass,Initial,HASH_INCOME_586,
PROC005758,APP02586,UP006595,46:29.0,04:28.9,Pass,Re-validation,HASH_ADDITIONAL_DOCUMENT_586,Retry after failed upload
PROC005759,APP02587,UP006596,07:29.8,24:35.5,Pass,Initial,HASH_IDENTITY_587,
PROC005760,APP02587,UP006597,24:17.5,45:54.1,Pass,Initial,HASH_INCOME_587,
PROC005761,APP02587,UP006598,25:40.3,46:32.2,Pass,Initial,HASH_ADDITIONAL_DOCUMENT_587,
PROC005762,APP02588,UP006599,07:21.9,10:48.1,Pass,Initial,HASH_IDENTITY_588,
PROC005763,APP02588,UP006602,01:44.6,16:27.7,Pass,Re-validation,HASH_INCOME_588,Retry after failed upload
PROC005764,APP02588,UP006603,52:47.1,18:47.4,Pass,Initial,HASH_ADDITIONAL_DOCUMENT_588,
PROC005765,APP02589,UP006604,26:18.4,42:43.5,Pass,Initial,HASH_IDENTITY_589,
PROC005766,APP02589,UP006605,43:57.6,56:50.3,Pass,Initial,HASH_INCOME_589,
PROC005767,APP02589,UP006607,50:08.6,11:24.6,Pass,Re-validation,HASH_ADDITIONAL_DOCUMENT_589,Retry after failed upload
PROC005768,APP02590,UP006608,45:52.8,01:03.5,Pass,Initial,HASH_IDENTITY_590,
PROC005769,APP02590,UP006609,57:15.2,13:02.0,Pass,Initial,HASH_INCOME_590,
PROC005770,APP02590,UP006610,12:49.6,31:01.2,Fail,Initial,HASH_ADDITIONAL_DOCUMENT_590,
PROC005771,APP02591,UP006611,30:56.1,44:55.4,Pass,Initial,HASH_IDENTITY_591,
PROC005772,APP02591,UP006612,21:49.2,42:39.9,Pass,Initial,HASH_INCOME_591,
PROC005773,APP02591,UP006613,47:26.6,08:00.1,Pass,Re-validation,HASH_ADDITIONAL_DOCUMENT_591,System could not reuse prior result
PROC005774,APP02592,UP006614,16:06.4,29:08.0,Pass,Initial,HASH_IDENTITY_592,
PROC005775,APP02592,UP006615,19:45.7,28:46.0,Pass,Initial,HASH_INCOME_592,
PROC005776,APP02592,UP006617,43:59.8,09:03.8,Fail,Re-validation,HASH_ADDITIONAL_DOCUMENT_592,Retry after failed upload
PROC005777,APP02593,UP006620,45:40.2,11:23.3,Pass,Re-validation,HASH_IDENTITY_593,Retry after failed upload
PROC005778,APP02593,UP006621,53:21.2,07:30.9,Pass,Initial,HASH_INCOME_593,
PROC005779,APP02593,UP006624,06:27.7,24:29.7,Pass,Re-validation,HASH_ADDITIONAL_DOCUMENT_593,Retry after failed upload
PROC005780,APP02594,UP006626,23:33.4,36:33.4,Pass,Re-validation,HASH_IDENTITY_594,Retry after failed upload
PROC005781,APP02594,UP006627,24:48.1,37:14.2,Pass,Initial,HASH_INCOME_594,
PROC005782,APP02594,UP006628,44:32.4,06:07.3,Pass,Re-validation,HASH_ADDITIONAL_DOCUMENT_594,System could not reuse prior result
PROC005783,APP02595,UP006629,01:00.7,18:42.8,Pass,Initial,HASH_IDENTITY_595,
PROC005784,APP02595,UP006630,07:36.1,16:17.4,Pass,Initial,HASH_INCOME_595,
PROC005785,APP02595,UP006632,22:39.1,49:31.7,Pass,Re-validation,HASH_ADDITIONAL_DOCUMENT_595,Retry after failed upload
PROC005786,APP02596,UP006633,09:13.6,20:38.2,Pass,Initial,HASH_IDENTITY_596,
PROC005787,APP02596,UP006634,04:03.0,17:08.9,Pass,Re-validation,HASH_INCOME_596,Previous validation expired
PROC005788,APP02596,UP006636,21:26.0,55:06.5,Pass,Re-validation,HASH_ADDITIONAL_DOCUMENT_596,Retry after failed upload
PROC005789,APP02597,UP006639,20:44.3,30:55.3,Pass,Re-validation,HASH_IDENTITY_597,Retry after failed upload
PROC005790,APP02597,UP006640,19:12.8,31:31.7,Pass,Initial,HASH_INCOME_597,
PROC005791,APP02597,UP006641,22:29.3,38:41.2,Pass,Re-validation,HASH_ADDITIONAL_DOCUMENT_597,System could not reuse prior result
PROC005792,APP02598,UP006642,58:47.6,12:12.6,Pass,Initial,HASH_IDENTITY_598,
PROC005793,APP02598,UP006643,02:20.7,10:22.6,Pass,Initial,HASH_INCOME_598,
PROC005794,APP02598,UP006644,18:20.4,43:37.3,Pass,Initial,HASH_ADDITIONAL_DOCUMENT_598,
PROC005795,APP02599,UP006645,18:32.7,30:55.9,Pass,Initial,HASH_IDENTITY_599,
PROC005796,APP02599,UP006647,15:48.0,27:24.5,Pass,Re-validation,HASH_INCOME_599,Retry after failed upload
PROC005797,APP02599,UP006648,25:03.4,42:28.6,Pass,Re-validation,HASH_ADDITIONAL_DOCUMENT_599,Previous validation expired
PROC005798,APP02600,UP006649,40:29.6,57:20.6,Pass,Initial,HASH_IDENTITY_600,
PROC005799,APP02600,UP006650,56:32.0,18:37.9,Pass,Initial,HASH_INCOME_600,
PROC005800,APP02600,UP006653,04:47.9,34:37.4,Pass,Re-validation,HASH_ADDITIONAL_DOCUMENT_600,Retry after failed upload
PROC005801,APP02601,UP006654,29:14.0,46:24.1,Pass,Initial,HASH_IDENTITY_601,
PROC005802,APP02601,UP006655,26:51.9,37:47.6,Pass,Initial,HASH_INCOME_601,
PROC005803,APP02601,UP006658,33:17.8,53:41.6,Pass,Re-validation,HASH_ADDITIONAL_DOCUMENT_601,Retry after failed upload
PROC005804,APP02602,UP006659,11:04.5,16:34.8,Pass,Initial,HASH_IDENTITY_602,
PROC005805,APP02602,UP006660,23:10.3,49:59.1,Pass,Re-validation,HASH_INCOME_602,System could not reuse prior result
PROC005806,APP02602,UP006662,35:25.3,00:18.7,Pass,Re-validation,HASH_ADDITIONAL_DOCUMENT_602,Retry after failed upload
PROC005807,APP02603,UP006663,28:46.2,34:35.4,Pass,Initial,HASH_IDENTITY_603,
PROC005808,APP02603,UP006664,56:00.3,13:12.9,Pass,Initial,HASH_INCOME_603,
PROC005809,APP02603,UP006665,53:14.3,20:15.9,Pass,Initial,HASH_ADDITIONAL_DOCUMENT_603,
PROC005810,APP02604,UP006667,19:55.4,37:16.6,Fail,Re-validation,HASH_IDENTITY_604,Retry after failed upload
PROC005811,APP02604,UP006669,19:08.2,29:53.0,Pass,Re-validation,HASH_INCOME_604,Retry after failed upload
PROC005812,APP02604,UP006670,33:07.4,53:50.7,Pass,Initial,HASH_ADDITIONAL_DOCUMENT_604,
PROC005813,APP02605,UP006671,51:31.1,05:59.5,Pass,Initial,HASH_IDENTITY_605,
PROC005814,APP02605,UP006672,39:30.2,56:00.4,Pass,Initial,HASH_INCOME_605,
PROC005815,APP02605,UP006675,13:05.0,46:49.8,Pass,Re-validation,HASH_ADDITIONAL_DOCUMENT_605,Retry after failed upload
PROC005816,APP02606,UP006676,37:35.0,52:23.5,Pass,Re-validation,HASH_IDENTITY_606,Previous validation expired
PROC005817,APP02606,UP006679,35:21.4,51:24.7,Pass,Re-validation,HASH_INCOME_606,Retry after failed upload
PROC005818,APP02606,UP006681,53:26.2,17:52.6,Pass,Re-validation,HASH_ADDITIONAL_DOCUMENT_606,Retry after failed upload
PROC005819,APP02607,UP006682,19:43.9,42:15.4,Pass,Initial,HASH_IDENTITY_607,
PROC005820,APP02607,UP006683,26:08.5,41:42.4,Pass,Initial,HASH_INCOME_607,
PROC005821,APP02607,UP006686,34:06.5,00:09.2,Pass,Re-validation,HASH_ADDITIONAL_DOCUMENT_607,Retry after failed upload
PROC005822,APP02608,UP006687,59:03.4,07:38.4,Pass,Initial,HASH_IDENTITY_608,
PROC005823,APP02608,UP006688,05:43.3,22:05.1,Pass,Re-validation,HASH_INCOME_608,Previous validation expired
PROC005824,APP02608,UP006689,10:40.6,36:22.3,Pass,Initial,HASH_ADDITIONAL_DOCUMENT_608,
PROC005825,APP02609,UP006690,27:11.7,37:23.5,Pass,Initial,HASH_IDENTITY_609,
PROC005826,APP02609,UP006691,12:42.1,31:21.6,Pass,Initial,HASH_INCOME_609,
PROC005827,APP02609,UP006693,19:43.5,42:39.2,Pass,Re-validation,HASH_ADDITIONAL_DOCUMENT_609,Retry after failed upload
PROC005828,APP02610,UP006694,36:05.9,48:50.5,Pass,Initial,HASH_IDENTITY_610,
PROC005829,APP02610,UP006695,29:13.9,45:21.2,Pass,Initial,HASH_INCOME_610,
PROC005830,APP02610,UP006696,28:32.1,54:32.4,Pass,Initial,HASH_ADDITIONAL_DOCUMENT_610,
PROC005831,APP02611,UP006697,25:22.9,41:24.8,Pass,Initial,HASH_IDENTITY_611,
PROC005832,APP02611,UP006698,37:49.9,53:04.2,Pass,Initial,HASH_INCOME_611,
PROC005833,APP02611,UP006699,53:17.0,14:18.7,Pass,Initial,HASH_ADDITIONAL_DOCUMENT_611,
PROC005834,APP02612,UP006700,36:44.8,47:18.7,Pass,Initial,HASH_IDENTITY_612,
PROC005835,APP02612,UP006701,41:04.5,55:17.2,Pass,Initial,HASH_INCOME_612,
PROC005836,APP02612,UP006702,01:24.8,24:27.4,Pass,Initial,HASH_ADDITIONAL_DOCUMENT_612,
PROC005837,APP02613,UP006704,57:31.2,11:29.8,Pass,Re-validation,HASH_IDENTITY_613,Retry after failed upload
PROC005838,APP02613,UP006706,06:30.8,24:13.5,Pass,Re-validation,HASH_INCOME_613,Retry after failed upload
PROC005839,APP02613,UP006707,22:56.0,40:42.1,Pass,Initial,HASH_ADDITIONAL_DOCUMENT_613,
PROC005840,APP02614,UP006709,48:08.6,02:15.1,Pass,Re-validation,HASH_IDENTITY_614,Retry after failed upload
PROC005841,APP02614,UP006710,49:09.0,06:35.5,Pass,Initial,HASH_INCOME_614,
PROC005842,APP02614,UP006711,58:18.5,17:05.3,Pass,Re-validation,HASH_ADDITIONAL_DOCUMENT_614,System could not reuse prior result
PROC005843,APP02615,UP006712,55:57.2,08:15.8,Pass,Initial,HASH_IDENTITY_615,
PROC005844,APP02615,UP006713,00:39.7,19:21.4,Pass,Re-validation,HASH_INCOME_615,System could not reuse prior result
PROC005845,APP02615,UP006714,09:57.3,41:27.2,Pass,Initial,HASH_ADDITIONAL_DOCUMENT_615,
PROC005846,APP02616,UP006715,48:09.7,01:00.8,Pass,Initial,HASH_IDENTITY_616,
PROC005847,APP02616,UP006716,54:44.3,08:16.9,Pass,Initial,HASH_INCOME_616,
PROC005848,APP02616,UP006717,14:46.6,34:16.5,Pass,Initial,HASH_ADDITIONAL_DOCUMENT_616,
PROC005849,APP02617,UP006718,57:25.6,13:52.4,Pass,Initial,HASH_IDENTITY_617,
PROC005850,APP02617,UP006719,09:19.7,25:13.8,Pass,Initial,HASH_INCOME_617,
PROC005851,APP02617,UP006721,19:19.4,43:42.4,Pass,Re-validation,HASH_ADDITIONAL_DOCUMENT_617,Retry after failed upload
PROC005852,APP02618,UP006723,48:13.9,07:54.7,Fail,Re-validation,HASH_IDENTITY_618,Retry after failed upload
PROC005853,APP02618,UP006724,58:45.3,08:35.5,Fail,Re-validation,HASH_INCOME_618,System could not reuse prior result
PROC005854,APP02618,UP006725,12:31.5,39:47.5,Pass,Re-validation,HASH_ADDITIONAL_DOCUMENT_618,Rule-triggered re-verification
PROC005855,APP02619,UP006728,44:27.5,56:35.3,Pass,Re-validation,HASH_IDENTITY_619,Retry after failed upload
PROC005856,APP02619,UP006729,31:31.7,46:13.6,Fail,Initial,HASH_INCOME_619,
PROC005857,APP02619,UP006730,52:54.2,19:30.4,Pass,Initial,HASH_ADDITIONAL_DOCUMENT_619,
PROC005858,APP02620,UP006732,14:42.7,35:07.3,Pass,Re-validation,HASH_IDENTITY_620,Retry after failed upload
PROC005859,APP02620,UP006733,25:34.0,39:57.7,Pass,Re-validation,HASH_INCOME_620,System could not reuse prior result
PROC005860,APP02620,UP006734,26:06.8,48:33.2,Pass,Re-validation,HASH_ADDITIONAL_DOCUMENT_620,Previous validation expired
PROC005861,APP02621,UP006735,17:36.6,35:01.9,Pass,Re-validation,HASH_IDENTITY_621,Rule-triggered re-verification
PROC005862,APP02621,UP006736,21:22.6,35:43.6,Pass,Initial,HASH_INCOME_621,
PROC005863,APP02621,UP006737,26:12.5,43:30.4,Pass,Initial,HASH_ADDITIONAL_DOCUMENT_621,
PROC005864,APP02622,UP006738,35:08.6,51:01.6,Pass,Re-validation,HASH_IDENTITY_622,Rule-triggered re-verification
PROC005865,APP02622,UP006739,49:41.4,09:22.4,Pass,Initial,HASH_INCOME_622,
PROC005866,APP02622,UP006740,02:46.0,20:46.8,Pass,Re-validation,HASH_ADDITIONAL_DOCUMENT_622,Rule-triggered re-verification
PROC005867,APP02623,UP006742,10:33.3,27:14.0,Pass,Re-validation,HASH_IDENTITY_623,Retry after failed upload
PROC005868,APP02623,UP006744,13:05.8,30:53.5,Pass,Re-validation,HASH_INCOME_623,Retry after failed upload
PROC005869,APP02623,UP006745,32:35.3,57:00.4,Pass,Initial,HASH_ADDITIONAL_DOCUMENT_623,
PROC005870,APP02624,UP006746,38:55.6,54:19.7,Fail,Initial,HASH_IDENTITY_624,
PROC005871,APP02624,UP006747,32:52.9,48:19.9,Pass,Initial,HASH_INCOME_624,
PROC005872,APP02624,UP006750,35:37.8,06:23.8,Pass,Re-validation,HASH_ADDITIONAL_DOCUMENT_624,Retry after failed upload
PROC005873,APP02625,UP006751,53:44.9,10:33.5,Pass,Initial,HASH_IDENTITY_625,
PROC005874,APP02625,UP006752,58:48.5,14:42.4,Pass,Initial,HASH_INCOME_625,
PROC005875,APP02625,UP006754,04:08.4,30:19.3,Pass,Re-validation,HASH_ADDITIONAL_DOCUMENT_625,Retry after failed upload
PROC005876,APP02626,UP006755,19:28.6,31:16.9,Pass,Re-validation,HASH_IDENTITY_626,Rule-triggered re-verification
PROC005877,APP02626,UP006757,21:34.5,33:24.6,Pass,Re-validation,HASH_INCOME_626,Retry after failed upload
PROC005878,APP02626,UP006758,26:54.0,50:13.7,Pass,Re-validation,HASH_ADDITIONAL_DOCUMENT_626,System could not reuse prior result
PROC005879,APP02627,UP006759,51:16.7,11:18.8,Pass,Initial,HASH_IDENTITY_627,
PROC005880,APP02627,UP006760,57:36.3,19:49.0,Pass,Initial,HASH_INCOME_627,
PROC005881,APP02627,UP006761,04:05.2,37:16.6,Pass,Initial,HASH_ADDITIONAL_DOCUMENT_627,
PROC005882,APP02628,UP006762,54:44.0,11:03.9,Pass,Initial,HASH_IDENTITY_628,
PROC005883,APP02628,UP006763,34:07.6,46:14.3,Pass,Initial,HASH_INCOME_628,
PROC005884,APP02628,UP006764,06:50.6,19:22.1,Pass,Initial,HASH_ADDITIONAL_DOCUMENT_628,
PROC005885,APP02629,UP006766,42:58.2,01:42.4,Pass,Re-validation,HASH_IDENTITY_629,Retry after failed upload
PROC005886,APP02629,UP006767,54:24.7,06:38.7,Pass,Initial,HASH_INCOME_629,
PROC005887,APP02629,UP006768,53:02.5,12:49.8,Pass,Initial,HASH_ADDITIONAL_DOCUMENT_629,
PROC005888,APP02630,UP006769,27:51.1,45:33.2,Pass,Initial,HASH_IDENTITY_630,
PROC005889,APP02630,UP006770,32:25.2,49:57.2,Pass,Re-validation,HASH_INCOME_630,Previous validation expired
PROC005890,APP02630,UP006772,46:03.7,09:00.1,Pass,Re-validation,HASH_ADDITIONAL_DOCUMENT_630,Retry after failed upload
PROC005891,APP02631,UP006774,45:48.8,58:17.7,Pass,Re-validation,HASH_IDENTITY_631,Retry after failed upload
PROC005892,APP02631,UP006776,59:47.0,12:44.8,Pass,Re-validation,HASH_INCOME_631,Retry after failed upload
PROC005893,APP02631,UP006777,57:40.6,29:42.6,Pass,Initial,HASH_ADDITIONAL_DOCUMENT_631,
PROC005894,APP02632,UP006778,19:31.2,30:47.2,Pass,Initial,HASH_IDENTITY_632,
PROC005895,APP02632,UP006779,50:48.2,09:27.8,Pass,Re-validation,HASH_INCOME_632,System could not reuse prior result
PROC005896,APP02632,UP006782,46:21.0,08:04.4,Pass,Re-validation,HASH_ADDITIONAL_DOCUMENT_632,Retry after failed upload
PROC005897,APP02633,UP006783,06:34.4,20:00.1,Pass,Initial,HASH_IDENTITY_633,
PROC005898,APP02633,UP006784,05:01.5,20:09.3,Pass,Initial,HASH_INCOME_633,
PROC005899,APP02633,UP006785,41:24.8,01:23.0,Pass,Initial,HASH_ADDITIONAL_DOCUMENT_633,
PROC005900,APP02634,UP006786,09:10.5,20:14.0,Pass,Initial,HASH_IDENTITY_634,
PROC005901,APP02634,UP006787,12:55.6,25:09.3,Pass,Re-validation,HASH_INCOME_634,Rule-triggered re-verification
PROC005902,APP02634,UP006788,17:02.3,40:14.9,Pass,Initial,HASH_ADDITIONAL_DOCUMENT_634,
PROC005903,APP02635,UP006789,36:40.5,46:33.0,Pass,Re-validation,HASH_IDENTITY_635,Rule-triggered re-verification
PROC005904,APP02635,UP006790,58:13.3,10:18.6,Pass,Initial,HASH_INCOME_635,
PROC005905,APP02635,UP006791,07:16.8,38:05.5,Pass,Initial,HASH_ADDITIONAL_DOCUMENT_635,
PROC005906,APP02636,UP006794,47:01.1,01:08.2,Pass,Re-validation,HASH_IDENTITY_636,Retry after failed upload
PROC005907,APP02636,UP006795,07:07.2,24:44.0,Pass,Re-validation,HASH_INCOME_636,System could not reuse prior result
PROC005908,APP02636,UP006796,05:52.7,36:23.4,Pass,Re-validation,HASH_ADDITIONAL_DOCUMENT_636,System could not reuse prior result
PROC005909,APP02637,UP006797,13:29.9,26:43.2,Pass,Initial,HASH_IDENTITY_637,
PROC005910,APP02637,UP006798,16:53.2,33:51.1,Pass,Initial,HASH_INCOME_637,
PROC005911,APP02637,UP006799,22:43.3,47:04.5,Pass,Initial,HASH_ADDITIONAL_DOCUMENT_637,
PROC005912,APP02638,UP006800,23:09.1,38:43.6,Pass,Initial,HASH_IDENTITY_638,
PROC005913,APP02638,UP006801,29:29.3,39:09.2,Pass,Re-validation,HASH_INCOME_638,Previous validation expired
PROC005914,APP02638,UP006803,47:10.5,17:00.2,Fail,Re-validation,HASH_ADDITIONAL_DOCUMENT_638,Retry after failed upload
PROC005915,APP02639,UP006804,03:25.5,18:51.7,Pass,Re-validation,HASH_IDENTITY_639,Previous validation expired
PROC005916,APP02639,UP006805,16:33.3,27:38.9,Pass,Initial,HASH_INCOME_639,
PROC005917,APP02639,UP006806,35:04.4,51:51.1,Pass,Initial,HASH_ADDITIONAL_DOCUMENT_639,
PROC005918,APP02640,UP006808,44:03.9,58:35.4,Pass,Re-validation,HASH_IDENTITY_640,Retry after failed upload
PROC005919,APP02640,UP006809,36:28.0,52:01.1,Pass,Initial,HASH_INCOME_640,
PROC005920,APP02640,UP006812,55:44.3,18:57.2,Pass,Re-validation,HASH_ADDITIONAL_DOCUMENT_640,Retry after failed upload
PROC005921,APP02641,UP006813,10:46.0,25:18.1,Pass,Initial,HASH_IDENTITY_641,
PROC005922,APP02641,UP006814,03:23.7,17:58.1,Fail,Initial,HASH_INCOME_641,
PROC005923,APP02641,UP006815,33:14.2,54:23.3,Pass,Initial,HASH_ADDITIONAL_DOCUMENT_641,
PROC005924,APP02642,UP006816,39:51.0,52:38.5,Pass,Initial,HASH_IDENTITY_642,
PROC005925,APP02642,UP006817,31:26.1,42:29.6,Pass,Initial,HASH_INCOME_642,
PROC005926,APP02642,UP006819,55:57.3,18:09.6,Pass,Re-validation,HASH_ADDITIONAL_DOCUMENT_642,Retry after failed upload
PROC005927,APP02643,UP006820,20:48.3,35:00.3,Pass,Initial,HASH_IDENTITY_643,
PROC005928,APP02643,UP006821,16:15.7,30:44.4,Pass,Initial,HASH_INCOME_643,
PROC005929,APP02643,UP006822,28:24.1,51:32.5,Pass,Re-validation,HASH_ADDITIONAL_DOCUMENT_643,Rule-triggered re-verification
PROC005930,APP02644,UP006823,02:54.9,19:07.9,Pass,Initial,HASH_IDENTITY_644,
PROC005931,APP02644,UP006824,09:39.0,27:04.4,Pass,Initial,HASH_INCOME_644,
PROC005932,APP02644,UP006825,13:44.8,35:53.2,Pass,Initial,HASH_ADDITIONAL_DOCUMENT_644,
PROC005933,APP02645,UP006826,08:58.9,30:23.1,Pass,Initial,HASH_IDENTITY_645,
PROC005934,APP02645,UP006827,14:45.4,28:31.0,Fail,Initial,HASH_INCOME_645,
PROC005935,APP02645,UP006828,15:15.4,37:32.8,Pass,Initial,HASH_ADDITIONAL_DOCUMENT_645,
PROC005936,APP02646,UP006829,52:18.9,07:31.4,Pass,Initial,HASH_IDENTITY_646,
PROC005937,APP02646,UP006832,05:41.9,22:55.6,Pass,Re-validation,HASH_INCOME_646,Retry after failed upload
PROC005938,APP02646,UP006833,24:44.3,54:04.0,Pass,Initial,HASH_ADDITIONAL_DOCUMENT_646,
PROC005939,APP02647,UP006834,10:23.2,30:51.5,Pass,Re-validation,HASH_IDENTITY_647,System could not reuse prior result
PROC005940,APP02647,UP006835,11:39.9,26:06.5,Fail,Initial,HASH_INCOME_647,
PROC005941,APP02647,UP006836,21:20.0,43:43.5,Pass,Initial,HASH_ADDITIONAL_DOCUMENT_647,
PROC005942,APP02648,UP006837,22:57.9,28:58.7,Pass,Initial,HASH_IDENTITY_648,
PROC005943,APP02648,UP006838,20:19.7,42:07.7,Pass,Initial,HASH_INCOME_648,
PROC005944,APP02648,UP006839,33:03.9,49:17.8,Pass,Initial,HASH_ADDITIONAL_DOCUMENT_648,
PROC005945,APP02649,UP006840,15:40.0,31:07.9,Pass,Initial,HASH_IDENTITY_649,
PROC005946,APP02649,UP006841,04:30.7,18:48.7,Pass,Initial,HASH_INCOME_649,
PROC005947,APP02649,UP006842,27:49.1,49:47.5,Pass,Re-validation,HASH_ADDITIONAL_DOCUMENT_649,Rule-triggered re-verification
PROC005948,APP02650,UP006844,20:59.5,33:24.0,Pass,Re-validation,HASH_IDENTITY_650,Retry after failed upload
PROC005949,APP02650,UP006845,29:58.4,40:44.0,Pass,Initial,HASH_INCOME_650,
PROC005950,APP02650,UP006846,40:06.7,07:29.4,Pass,Initial,HASH_ADDITIONAL_DOCUMENT_650,
PROC005951,APP02651,UP006847,01:52.3,09:01.9,Pass,Initial,HASH_IDENTITY_651,
PROC005952,APP02651,UP006848,08:20.0,24:27.7,Pass,Initial,HASH_INCOME_651,
PROC005953,APP02651,UP006849,15:05.1,36:12.9,Pass,Initial,HASH_ADDITIONAL_DOCUMENT_651,
PROC005954,APP02652,UP006850,25:42.6,45:06.1,Pass,Initial,HASH_IDENTITY_652,
PROC005955,APP02652,UP006851,49:57.2,05:23.2,Pass,Initial,HASH_INCOME_652,
PROC005956,APP02652,UP006852,51:21.1,15:28.1,Fail,Initial,HASH_ADDITIONAL_DOCUMENT_652,
PROC005957,APP02653,UP006853,11:35.2,34:02.9,Pass,Initial,HASH_IDENTITY_653,
PROC005958,APP02653,UP006854,15:06.9,22:32.0,Pass,Initial,HASH_INCOME_653,
PROC005959,APP02653,UP006855,28:13.4,50:41.2,Pass,Initial,HASH_ADDITIONAL_DOCUMENT_653,
PROC005960,APP02654,UP006856,35:49.9,53:15.0,Pass,Initial,HASH_IDENTITY_654,
PROC005961,APP02654,UP006857,37:25.7,00:36.8,Pass,Initial,HASH_INCOME_654,
PROC005962,APP02654,UP006858,01:32.9,32:21.7,Pass,Initial,HASH_ADDITIONAL_DOCUMENT_654,
PROC005963,APP02655,UP006859,29:54.2,48:07.0,Pass,Re-validation,HASH_IDENTITY_655,Rule-triggered re-verification
PROC005964,APP02655,UP006860,10:13.1,24:12.1,Pass,Initial,HASH_INCOME_655,
PROC005965,APP02655,UP006861,31:19.4,52:07.3,Pass,Initial,HASH_ADDITIONAL_DOCUMENT_655,
PROC005966,APP02656,UP006862,52:21.9,12:50.9,Pass,Initial,HASH_IDENTITY_656,
PROC005967,APP02656,UP006863,58:16.9,12:51.5,Pass,Initial,HASH_INCOME_656,
PROC005968,APP02656,UP006864,18:13.6,34:37.1,Pass,Initial,HASH_ADDITIONAL_DOCUMENT_656,
PROC005969,APP02657,UP006865,51:28.3,00:24.2,Pass,Re-validation,HASH_IDENTITY_657,Previous validation expired
PROC005970,APP02657,UP006867,47:08.8,01:00.5,Pass,Re-validation,HASH_INCOME_657,Retry after failed upload
PROC005971,APP02657,UP006870,16:42.5,34:59.1,Pass,Re-validation,HASH_ADDITIONAL_DOCUMENT_657,Retry after failed upload
PROC005972,APP02658,UP006871,11:43.6,29:37.2,Pass,Initial,HASH_IDENTITY_658,
PROC005973,APP02658,UP006872,36:32.2,48:58.2,Pass,Initial,HASH_INCOME_658,
PROC005974,APP02658,UP006873,37:57.3,05:20.9,Pass,Initial,HASH_ADDITIONAL_DOCUMENT_658,
PROC005975,APP02659,UP006875,45:54.8,59:19.8,Pass,Re-validation,HASH_IDENTITY_659,Retry after failed upload
PROC005976,APP02659,UP006876,59:55.3,13:47.9,Pass,Initial,HASH_INCOME_659,
PROC005977,APP02659,UP006877,18:04.9,41:20.1,Pass,Re-validation,HASH_ADDITIONAL_DOCUMENT_659,Rule-triggered re-verification
PROC005978,APP02660,UP006879,45:57.8,01:53.2,Pass,Re-validation,HASH_IDENTITY_660,Retry after failed upload
PROC005979,APP02660,UP006880,44:28.9,03:36.4,Pass,Initial,HASH_INCOME_660,
PROC005980,APP02660,UP006881,05:08.0,28:35.0,Pass,Initial,HASH_ADDITIONAL_DOCUMENT_660,
PROC005981,APP02661,UP006882,31:25.4,38:14.0,Pass,Re-validation,HASH_IDENTITY_661,Previous validation expired
PROC005982,APP02661,UP006883,36:45.8,51:32.7,Pass,Initial,HASH_INCOME_661,
PROC005983,APP02661,UP006886,48:46.3,20:37.7,Pass,Re-validation,HASH_ADDITIONAL_DOCUMENT_661,Retry after failed upload
PROC005984,APP02662,UP006887,51:33.6,09:49.7,Pass,Re-validation,HASH_IDENTITY_662,Previous validation expired
PROC005985,APP02662,UP006888,49:48.0,05:32.4,Pass,Initial,HASH_INCOME_662,
PROC005986,APP02662,UP006889,59:19.9,15:43.7,Pass,Initial,HASH_ADDITIONAL_DOCUMENT_662,
PROC005987,APP02663,UP006890,09:38.7,18:59.1,Pass,Initial,HASH_IDENTITY_663,
PROC005988,APP02663,UP006891,08:49.8,24:04.9,Pass,Initial,HASH_INCOME_663,
PROC005989,APP02663,UP006892,27:05.4,44:49.7,Pass,Re-validation,HASH_ADDITIONAL_DOCUMENT_663,System could not reuse prior result
PROC005990,APP02664,UP006893,27:33.8,39:53.6,Pass,Initial,HASH_IDENTITY_664,
PROC005991,APP02664,UP006894,28:32.9,38:41.6,Pass,Initial,HASH_INCOME_664,
PROC005992,APP02664,UP006895,35:16.8,01:08.4,Pass,Initial,HASH_ADDITIONAL_DOCUMENT_664,
PROC005993,APP02665,UP006896,58:14.9,14:42.2,Pass,Initial,HASH_IDENTITY_665,
PROC005994,APP02665,UP006897,04:22.1,18:08.0,Pass,Initial,HASH_INCOME_665,
PROC005995,APP02665,UP006898,12:33.7,34:18.0,Pass,Initial,HASH_ADDITIONAL_DOCUMENT_665,
PROC005996,APP02666,UP006899,24:45.5,39:00.7,Fail,Initial,HASH_IDENTITY_666,
PROC005997,APP02666,UP006900,33:48.2,43:40.5,Pass,Initial,HASH_INCOME_666,
PROC005998,APP02666,UP006901,38:08.3,05:23.5,Pass,Initial,HASH_ADDITIONAL_DOCUMENT_666,
PROC005999,APP02667,UP006902,41:06.9,57:59.7,Pass,Re-validation,HASH_IDENTITY_667,Rule-triggered re-verification
PROC006000,APP02667,UP006903,51:52.2,10:26.2,Pass,Initial,HASH_INCOME_667,
PROC006001,APP02667,UP006904,55:12.2,18:57.6,Pass,Initial,HASH_ADDITIONAL_DOCUMENT_667,
PROC006002,APP02668,UP006905,21:42.0,30:42.2,Pass,Initial,HASH_IDENTITY_668,
PROC006003,APP02668,UP006907,52:24.8,59:19.8,Pass,Re-validation,HASH_INCOME_668,Retry after failed upload
PROC006004,APP02668,UP006908,56:49.2,24:41.1,Pass,Re-validation,HASH_ADDITIONAL_DOCUMENT_668,Previous validation expired
PROC006005,APP02669,UP006909,01:32.9,14:58.3,Pass,Initial,HASH_IDENTITY_669,
PROC006006,APP02669,UP006910,58:43.7,14:10.2,Pass,Initial,HASH_INCOME_669,
PROC006007,APP02669,UP006911,04:53.7,27:57.9,Pass,Re-validation,HASH_ADDITIONAL_DOCUMENT_669,System could not reuse prior result
PROC006008,APP02670,UP006912,43:28.5,56:34.8,Pass,Initial,HASH_IDENTITY_670,
PROC006009,APP02670,UP006913,47:18.2,07:55.5,Pass,Initial,HASH_INCOME_670,
PROC006010,APP02670,UP006914,53:24.0,15:26.1,Pass,Initial,HASH_ADDITIONAL_DOCUMENT_670,
PROC006011,APP02671,UP006915,57:01.6,20:58.8,Pass,Initial,HASH_IDENTITY_671,
PROC006012,APP02671,UP006916,12:41.3,34:29.2,Pass,Re-validation,HASH_INCOME_671,System could not reuse prior result
PROC006013,APP02671,UP006919,06:48.0,28:32.6,Pass,Re-validation,HASH_ADDITIONAL_DOCUMENT_671,Retry after failed upload
PROC006014,APP02672,UP006921,38:58.3,51:37.0,Pass,Re-validation,HASH_IDENTITY_672,Retry after failed upload
PROC006015,APP02672,UP006922,54:05.8,08:11.7,Pass,Initial,HASH_INCOME_672,
PROC006016,APP02672,UP006923,48:31.7,14:57.7,Pass,Initial,HASH_ADDITIONAL_DOCUMENT_672,
PROC006017,APP02673,UP006924,44:55.4,09:54.9,Pass,Initial,HASH_IDENTITY_673,
PROC006018,APP02673,UP006925,41:33.9,58:51.5,Pass,Initial,HASH_INCOME_673,
PROC006019,APP02673,UP006926,21:42.0,50:32.2,Pass,Initial,HASH_ADDITIONAL_DOCUMENT_673,
PROC006020,APP02674,UP006927,12:45.3,24:56.5,Pass,Initial,HASH_IDENTITY_674,
PROC006021,APP02674,UP006928,11:22.7,23:25.3,Pass,Initial,HASH_INCOME_674,
PROC006022,APP02674,UP006929,16:51.0,43:20.6,Pass,Re-validation,HASH_ADDITIONAL_DOCUMENT_674,Previous validation expired
PROC006023,APP02675,UP006930,35:31.4,42:01.6,Pass,Re-validation,HASH_IDENTITY_675,Previous validation expired
PROC006024,APP02675,UP006931,38:16.3,47:01.8,Pass,Initial,HASH_INCOME_675,
PROC006025,APP02675,UP006932,55:04.4,11:31.6,Pass,Initial,HASH_ADDITIONAL_DOCUMENT_675,
PROC006026,APP02676,UP006933,47:46.4,00:10.4,Pass,Initial,HASH_IDENTITY_676,
PROC006027,APP02676,UP006934,44:43.5,02:47.2,Pass,Initial,HASH_INCOME_676,
PROC006028,APP02676,UP006935,45:03.2,12:29.8,Pass,Initial,HASH_ADDITIONAL_DOCUMENT_676,
PROC006029,APP02677,UP006936,32:17.9,48:08.5,Pass,Initial,HASH_IDENTITY_677,
PROC006030,APP02677,UP006937,30:42.3,55:16.9,Pass,Initial,HASH_INCOME_677,
PROC006031,APP02677,UP006940,50:29.0,13:26.8,Pass,Re-validation,HASH_ADDITIONAL_DOCUMENT_677,Retry after failed upload
PROC006032,APP02678,UP006941,52:45.9,13:47.9,Pass,Initial,HASH_IDENTITY_678,
PROC006033,APP02678,UP006942,58:33.8,08:52.2,Pass,Re-validation,HASH_INCOME_678,Previous validation expired
PROC006034,APP02678,UP006944,05:15.8,29:20.1,Pass,Re-validation,HASH_ADDITIONAL_DOCUMENT_678,Retry after failed upload
PROC006035,APP02679,UP006945,57:41.8,11:27.8,Pass,Initial,HASH_IDENTITY_679,
PROC006036,APP02679,UP006946,06:18.7,15:38.8,Pass,Initial,HASH_INCOME_679,
PROC006037,APP02679,UP006947,29:13.5,04:27.2,Pass,Re-validation,HASH_ADDITIONAL_DOCUMENT_679,Rule-triggered re-verification
PROC006038,APP02680,UP006948,07:52.2,22:49.0,Pass,Initial,HASH_IDENTITY_680,
PROC006039,APP02680,UP006949,20:55.6,47:33.0,Pass,Initial,HASH_INCOME_680,
PROC006040,APP02680,UP006951,43:20.4,06:14.0,Pass,Re-validation,HASH_ADDITIONAL_DOCUMENT_680,Retry after failed upload
PROC006041,APP02681,UP006952,41:41.3,04:03.7,Pass,Initial,HASH_IDENTITY_681,
PROC006042,APP02681,UP006953,39:37.2,49:40.1,Pass,Initial,HASH_INCOME_681,
PROC006043,APP02681,UP006955,51:44.6,17:40.7,Pass,Re-validation,HASH_ADDITIONAL_DOCUMENT_681,Retry after failed upload
PROC006044,APP02682,UP006956,34:53.9,46:00.2,Pass,Initial,HASH_IDENTITY_682,
PROC006045,APP02682,UP006957,46:18.9,02:47.6,Pass,Re-validation,HASH_INCOME_682,Previous validation expired
PROC006046,APP02682,UP006958,12:02.4,34:27.9,Pass,Initial,HASH_ADDITIONAL_DOCUMENT_682,
PROC006047,APP02683,UP006959,24:42.3,39:09.6,Pass,Re-validation,HASH_IDENTITY_683,Rule-triggered re-verification
PROC006048,APP02683,UP006960,28:13.3,42:26.4,Pass,Initial,HASH_INCOME_683,
PROC006049,APP02683,UP006961,35:30.4,05:08.8,Fail,Initial,HASH_ADDITIONAL_DOCUMENT_683,
PROC006050,APP02684,UP006962,26:17.0,35:09.9,Pass,Initial,HASH_IDENTITY_684,
PROC006051,APP02684,UP006963,31:28.4,54:18.4,Pass,Re-validation,HASH_INCOME_684,Previous validation expired
PROC006052,APP02684,UP006964,54:40.5,17:51.3,Pass,Initial,HASH_ADDITIONAL_DOCUMENT_684,
PROC006053,APP02685,UP006966,39:14.5,56:59.0,Pass,Re-validation,HASH_IDENTITY_685,Retry after failed upload
PROC006054,APP02685,UP006967,39:44.3,53:33.8,Pass,Initial,HASH_INCOME_685,
PROC006055,APP02685,UP006968,58:18.1,25:03.4,Pass,Re-validation,HASH_ADDITIONAL_DOCUMENT_685,Previous validation expired
PROC006056,APP02686,UP006969,30:11.3,52:37.0,Pass,Initial,HASH_IDENTITY_686,
PROC006057,APP02686,UP006970,44:35.5,59:31.0,Pass,Re-validation,HASH_INCOME_686,System could not reuse prior result
PROC006058,APP02686,UP006971,04:23.5,38:46.4,Pass,Re-validation,HASH_ADDITIONAL_DOCUMENT_686,System could not reuse prior result
PROC006059,APP02687,UP006972,00:16.2,15:31.9,Pass,Re-validation,HASH_IDENTITY_687,Rule-triggered re-verification
PROC006060,APP02687,UP006973,18:24.0,20:58.0,Pass,Initial,HASH_INCOME_687,
PROC006061,APP02687,UP006974,23:02.1,50:01.8,Pass,Re-validation,HASH_ADDITIONAL_DOCUMENT_687,Previous validation expired
PROC006062,APP02688,UP006975,52:52.1,04:35.7,Pass,Initial,HASH_IDENTITY_688,
PROC006063,APP02688,UP006976,04:16.5,14:45.9,Fail,Initial,HASH_INCOME_688,
PROC006064,APP02688,UP006977,19:04.2,39:45.0,Pass,Initial,HASH_ADDITIONAL_DOCUMENT_688,
PROC006065,APP02689,UP006979,01:55.8,10:45.1,Fail,Re-validation,HASH_IDENTITY_689,Retry after failed upload
PROC006066,APP02689,UP006980,02:44.9,19:03.5,Fail,Initial,HASH_INCOME_689,
PROC006067,APP02689,UP006981,03:27.3,20:07.3,Pass,Re-validation,HASH_ADDITIONAL_DOCUMENT_689,Rule-triggered re-verification
PROC006068,APP02690,UP006982,25:26.4,41:18.5,Fail,Initial,HASH_IDENTITY_690,
PROC006069,APP02690,UP006983,15:36.7,34:34.4,Pass,Initial,HASH_INCOME_690,
PROC006070,APP02690,UP006984,45:19.3,05:56.9,Pass,Re-validation,HASH_ADDITIONAL_DOCUMENT_690,Previous validation expired
PROC006071,APP02691,UP006985,59:35.7,11:03.5,Pass,Initial,HASH_IDENTITY_691,
PROC006072,APP02691,UP006986,57:31.6,06:54.6,Pass,Initial,HASH_INCOME_691,
PROC006073,APP02691,UP006987,13:59.9,41:01.2,Pass,Initial,HASH_ADDITIONAL_DOCUMENT_691,
PROC006074,APP02692,UP006988,16:42.8,31:22.7,Pass,Initial,HASH_IDENTITY_692,
PROC006075,APP02692,UP006991,00:07.3,11:15.6,Pass,Re-validation,HASH_INCOME_692,Retry after failed upload
PROC006076,APP02692,UP006992,12:53.3,36:25.4,Fail,Initial,HASH_ADDITIONAL_DOCUMENT_692,
PROC006077,APP02693,UP006993,51:28.8,02:31.5,Pass,Re-validation,HASH_IDENTITY_693,System could not reuse prior result
PROC006078,APP02693,UP006995,51:03.9,15:22.4,Pass,Re-validation,HASH_INCOME_693,Retry after failed upload
PROC006079,APP02693,UP006996,10:09.6,28:51.9,Pass,Re-validation,HASH_ADDITIONAL_DOCUMENT_693,Rule-triggered re-verification
PROC006080,APP02694,UP006997,11:14.8,31:20.5,Pass,Initial,HASH_IDENTITY_694,
PROC006081,APP02694,UP006998,59:59.0,18:55.2,Pass,Initial,HASH_INCOME_694,
PROC006082,APP02694,UP007000,29:03.5,55:40.6,Pass,Re-validation,HASH_ADDITIONAL_DOCUMENT_694,Retry after failed upload
PROC006083,APP02695,UP007001,09:05.6,32:08.3,Pass,Initial,HASH_IDENTITY_695,
PROC006084,APP02695,UP007002,09:17.5,28:30.1,Pass,Initial,HASH_INCOME_695,
PROC006085,APP02695,UP007004,29:29.4,44:21.7,Pass,Re-validation,HASH_ADDITIONAL_DOCUMENT_695,Retry after failed upload
PROC006086,APP02696,UP007006,15:21.1,27:30.9,Pass,Re-validation,HASH_IDENTITY_696,Retry after failed upload
PROC006087,APP02696,UP007007,19:38.1,26:18.3,Pass,Initial,HASH_INCOME_696,
PROC006088,APP02696,UP007008,31:19.7,59:38.8,Pass,Re-validation,HASH_ADDITIONAL_DOCUMENT_696,Rule-triggered re-verification
PROC006089,APP02697,UP007009,33:30.6,45:40.0,Pass,Initial,HASH_IDENTITY_697,
PROC006090,APP02697,UP007012,31:45.8,46:08.5,Pass,Re-validation,HASH_INCOME_697,Retry after failed upload
PROC006091,APP02697,UP007013,38:36.3,59:58.8,Pass,Initial,HASH_ADDITIONAL_DOCUMENT_697,
PROC006092,APP02698,UP007015,01:14.7,15:47.5,Pass,Re-validation,HASH_IDENTITY_698,Retry after failed upload
PROC006093,APP02698,UP007016,10:04.8,21:21.8,Pass,Initial,HASH_INCOME_698,
PROC006094,APP02698,UP007018,23:27.0,51:50.6,Pass,Re-validation,HASH_ADDITIONAL_DOCUMENT_698,Retry after failed upload
PROC006095,APP02699,UP007020,15:31.2,30:13.6,Pass,Re-validation,HASH_IDENTITY_699,Retry after failed upload
PROC006096,APP02699,UP007023,19:43.2,39:08.0,Fail,Re-validation,HASH_INCOME_699,Retry after failed upload
PROC006097,APP02699,UP007024,31:47.1,50:13.6,Pass,Re-validation,HASH_ADDITIONAL_DOCUMENT_699,System could not reuse prior result
PROC006098,APP02700,UP007025,38:46.7,52:12.1,Pass,Re-validation,HASH_IDENTITY_700,Previous validation expired
PROC006099,APP02700,UP007026,44:35.1,58:04.5,Pass,Re-validation,HASH_INCOME_700,Previous validation expired
PROC006100,APP02700,UP007027,47:43.2,07:58.2,Pass,Re-validation,HASH_ADDITIONAL_DOCUMENT_700,Previous validation expired
PROC006101,APP02701,UP007028,24:02.2,38:18.1,Pass,Initial,HASH_IDENTITY_701,
PROC006102,APP02701,UP007029,31:38.6,52:20.5,Pass,Initial,HASH_INCOME_701,
PROC006103,APP02701,UP007030,38:13.1,56:51.5,Pass,Initial,HASH_ADDITIONAL_DOCUMENT_701,
PROC006104,APP02702,UP007031,50:28.7,00:09.9,Pass,Re-validation,HASH_IDENTITY_702,System could not reuse prior result
PROC006105,APP02702,UP007032,57:08.8,08:18.5,Pass,Initial,HASH_INCOME_702,
PROC006106,APP02702,UP007033,16:58.6,34:39.3,Pass,Re-validation,HASH_ADDITIONAL_DOCUMENT_702,Rule-triggered re-verification
PROC006107,APP02703,UP007036,18:42.7,30:54.5,Pass,Re-validation,HASH_IDENTITY_703,Retry after failed upload
PROC006108,APP02703,UP007037,27:24.9,38:42.0,Pass,Initial,HASH_INCOME_703,
PROC006109,APP02703,UP007039,28:44.6,57:03.5,Pass,Re-validation,HASH_ADDITIONAL_DOCUMENT_703,Retry after failed upload
PROC006110,APP02704,UP007040,29:03.9,40:24.1,Pass,Initial,HASH_IDENTITY_704,
PROC006111,APP02704,UP007041,38:02.8,49:56.7,Fail,Initial,HASH_INCOME_704,
PROC006112,APP02704,UP007042,58:28.1,16:42.4,Pass,Re-validation,HASH_ADDITIONAL_DOCUMENT_704,System could not reuse prior result
PROC006113,APP02705,UP007043,43:40.8,53:49.2,Pass,Initial,HASH_IDENTITY_705,
PROC006114,APP02705,UP007044,48:51.4,04:12.1,Pass,Re-validation,HASH_INCOME_705,Rule-triggered re-verification
PROC006115,APP02705,UP007045,13:43.8,38:50.8,Pass,Initial,HASH_ADDITIONAL_DOCUMENT_705,
PROC006116,APP02706,UP007046,16:31.2,30:56.0,Pass,Initial,HASH_IDENTITY_706,
PROC006117,APP02706,UP007047,04:12.0,14:36.7,Pass,Initial,HASH_INCOME_706,
PROC006118,APP02706,UP007049,23:36.6,46:46.6,Pass,Re-validation,HASH_ADDITIONAL_DOCUMENT_706,Retry after failed upload
PROC006119,APP02707,UP007050,00:33.8,15:08.7,Pass,Initial,HASH_IDENTITY_707,
PROC006120,APP02707,UP007051,09:40.6,22:51.7,Fail,Initial,HASH_INCOME_707,
PROC006121,APP02707,UP007052,22:14.8,49:46.9,Pass,Initial,HASH_ADDITIONAL_DOCUMENT_707,
PROC006122,APP02708,UP007053,41:23.2,55:04.9,Pass,Initial,HASH_IDENTITY_708,
PROC006123,APP02708,UP007054,11:53.7,27:35.1,Pass,Re-validation,HASH_INCOME_708,Rule-triggered re-verification
PROC006124,APP02708,UP007056,22:15.7,49:34.6,Pass,Re-validation,HASH_ADDITIONAL_DOCUMENT_708,Retry after failed upload
PROC006125,APP02709,UP007057,44:16.2,04:51.8,Pass,Re-validation,HASH_IDENTITY_709,Previous validation expired
PROC006126,APP02709,UP007058,33:19.8,44:38.3,Pass,Initial,HASH_INCOME_709,
PROC006127,APP02709,UP007059,20:35.5,45:11.5,Pass,Initial,HASH_ADDITIONAL_DOCUMENT_709,
PROC006128,APP02710,UP007060,54:15.6,05:40.6,Pass,Initial,HASH_IDENTITY_710,
PROC006129,APP02710,UP007061,12:10.5,26:28.6,Pass,Initial,HASH_INCOME_710,
PROC006130,APP02710,UP007062,22:50.9,44:53.5,Pass,Initial,HASH_ADDITIONAL_DOCUMENT_710,
PROC006131,APP02711,UP007064,54:49.6,11:23.8,Pass,Re-validation,HASH_IDENTITY_711,Retry after failed upload
PROC006132,APP02711,UP007065,01:03.4,17:07.2,Pass,Initial,HASH_INCOME_711,
PROC006133,APP02711,UP007066,14:47.3,40:17.1,Pass,Initial,HASH_ADDITIONAL_DOCUMENT_711,
PROC006134,APP02712,UP007068,25:03.5,37:28.2,Pass,Re-validation,HASH_IDENTITY_712,Retry after failed upload
PROC006135,APP02712,UP007070,29:21.8,45:17.6,Fail,Re-validation,HASH_INCOME_712,Retry after failed upload
PROC006136,APP02712,UP007071,40:51.8,02:56.5,Pass,Initial,HASH_ADDITIONAL_DOCUMENT_712,
PROC006137,APP02713,UP007072,35:14.1,47:37.7,Pass,Initial,HASH_IDENTITY_713,
PROC006138,APP02713,UP007073,30:52.6,48:13.6,Pass,Re-validation,HASH_INCOME_713,System could not reuse prior result
PROC006139,APP02713,UP007074,50:32.9,10:56.7,Pass,Initial,HASH_ADDITIONAL_DOCUMENT_713,
PROC006140,APP02714,UP007075,50:13.3,06:23.1,Pass,Initial,HASH_IDENTITY_714,
PROC006141,APP02714,UP007076,49:08.9,04:24.5,Pass,Initial,HASH_INCOME_714,
PROC006142,APP02714,UP007077,07:29.2,29:37.6,Pass,Initial,HASH_ADDITIONAL_DOCUMENT_714,
PROC006143,APP02715,UP007078,54:57.1,09:38.0,Pass,Re-validation,HASH_IDENTITY_715,Previous validation expired
PROC006144,APP02715,UP007079,42:48.8,06:05.2,Pass,Initial,HASH_INCOME_715,
PROC006145,APP02715,UP007080,11:04.7,28:04.9,Pass,Initial,HASH_ADDITIONAL_DOCUMENT_715,
PROC006146,APP02716,UP007082,34:04.7,38:54.8,Pass,Re-validation,HASH_IDENTITY_716,Retry after failed upload
PROC006147,APP02716,UP007083,46:01.7,57:13.7,Pass,Initial,HASH_INCOME_716,
PROC006148,APP02716,UP007084,48:43.1,11:56.1,Pass,Initial,HASH_ADDITIONAL_DOCUMENT_716,
PROC006149,APP02717,UP007085,59:26.2,12:22.8,Pass,Initial,HASH_IDENTITY_717,
PROC006150,APP02717,UP007086,03:24.8,12:33.6,Pass,Initial,HASH_INCOME_717,
PROC006151,APP02717,UP007087,09:23.1,34:14.0,Pass,Re-validation,HASH_ADDITIONAL_DOCUMENT_717,Rule-triggered re-verification
PROC006152,APP02718,UP007088,49:50.2,03:41.9,Pass,Initial,HASH_IDENTITY_718,
PROC006153,APP02718,UP007089,43:36.4,55:27.5,Pass,Initial,HASH_INCOME_718,
PROC006154,APP02718,UP007090,57:46.1,22:24.1,Pass,Initial,HASH_ADDITIONAL_DOCUMENT_718,
PROC006155,APP02719,UP007091,24:11.4,42:54.5,Pass,Re-validation,HASH_IDENTITY_719,Previous validation expired
PROC006156,APP02719,UP007092,37:01.7,55:30.9,Pass,Re-validation,HASH_INCOME_719,System could not reuse prior result
PROC006157,APP02719,UP007093,54:06.3,10:28.1,Pass,Re-validation,HASH_ADDITIONAL_DOCUMENT_719,Rule-triggered re-verification
PROC006158,APP02720,UP007094,24:50.9,38:39.6,Pass,Re-validation,HASH_IDENTITY_720,Rule-triggered re-verification
PROC006159,APP02720,UP007095,10:26.1,29:44.8,Pass,Initial,HASH_INCOME_720,
PROC006160,APP02720,UP007096,28:52.8,55:01.4,Pass,Initial,HASH_ADDITIONAL_DOCUMENT_720,
PROC006161,APP02721,UP007097,05:29.7,23:26.6,Pass,Initial,HASH_IDENTITY_721,
PROC006162,APP02721,UP007098,08:21.0,28:38.5,Pass,Initial,HASH_INCOME_721,
PROC006163,APP02721,UP007099,13:33.4,46:56.5,Pass,Initial,HASH_ADDITIONAL_DOCUMENT_721,
PROC006164,APP02722,UP007100,00:34.4,22:16.2,Pass,Re-validation,HASH_IDENTITY_722,Rule-triggered re-verification
PROC006165,APP02722,UP007101,01:49.9,11:40.9,Pass,Initial,HASH_INCOME_722,
PROC006166,APP02722,UP007102,15:41.5,45:39.1,Pass,Re-validation,HASH_ADDITIONAL_DOCUMENT_722,Rule-triggered re-verification
PROC006167,APP02723,UP007103,43:54.6,04:35.7,Pass,Re-validation,HASH_IDENTITY_723,System could not reuse prior result
PROC006168,APP02723,UP007104,54:16.3,08:17.8,Pass,Re-validation,HASH_INCOME_723,System could not reuse prior result
PROC006169,APP02723,UP007105,55:17.1,20:11.8,Pass,Re-validation,HASH_ADDITIONAL_DOCUMENT_723,System could not reuse prior result
PROC006170,APP02724,UP007106,22:20.8,41:48.2,Pass,Re-validation,HASH_IDENTITY_724,Previous validation expired
PROC006171,APP02724,UP007107,26:49.3,38:29.7,Pass,Initial,HASH_INCOME_724,
PROC006172,APP02724,UP007108,45:09.5,07:44.5,Pass,Initial,HASH_ADDITIONAL_DOCUMENT_724,
PROC006173,APP02725,UP007109,30:57.8,50:01.5,Pass,Initial,HASH_IDENTITY_725,
PROC006174,APP02725,UP007110,34:40.1,56:17.5,Pass,Initial,HASH_INCOME_725,
PROC006175,APP02725,UP007111,48:22.2,11:46.6,Pass,Initial,HASH_ADDITIONAL_DOCUMENT_725,
PROC006176,APP02726,UP007112,42:20.1,57:19.6,Pass,Initial,HASH_IDENTITY_726,
PROC006177,APP02726,UP007113,46:54.7,01:57.6,Pass,Initial,HASH_INCOME_726,
PROC006178,APP02726,UP007114,56:00.7,26:18.3,Pass,Re-validation,HASH_ADDITIONAL_DOCUMENT_726,System could not reuse prior result
PROC006179,APP02727,UP007115,40:02.5,54:48.4,Pass,Initial,HASH_IDENTITY_727,
PROC006180,APP02727,UP007116,04:26.7,23:20.2,Pass,Initial,HASH_INCOME_727,
PROC006181,APP02727,UP007118,12:53.6,37:49.7,Pass,Re-validation,HASH_ADDITIONAL_DOCUMENT_727,Retry after failed upload
PROC006182,APP02728,UP007120,41:14.0,56:24.5,Pass,Re-validation,HASH_IDENTITY_728,Retry after failed upload
PROC006183,APP02728,UP007121,24:54.9,44:04.9,Pass,Initial,HASH_INCOME_728,
PROC006184,APP02728,UP007122,33:27.7,54:17.4,Pass,Initial,HASH_ADDITIONAL_DOCUMENT_728,
PROC006185,APP02729,UP007123,11:38.1,21:09.1,Pass,Initial,HASH_IDENTITY_729,
PROC006186,APP02729,UP007124,23:09.8,42:00.8,Fail,Initial,HASH_INCOME_729,
PROC006187,APP02729,UP007125,24:03.8,47:42.7,Pass,Initial,HASH_ADDITIONAL_DOCUMENT_729,
PROC006188,APP02730,UP007126,58:07.7,10:35.9,Pass,Initial,HASH_IDENTITY_730,
PROC006189,APP02730,UP007127,21:35.9,37:40.7,Pass,Initial,HASH_INCOME_730,
PROC006190,APP02730,UP007128,10:58.3,41:32.0,Pass,Initial,HASH_ADDITIONAL_DOCUMENT_730,
PROC006191,APP02731,UP007129,51:34.1,07:37.4,Pass,Initial,HASH_IDENTITY_731,
PROC006192,APP02731,UP007130,49:38.5,05:46.2,Pass,Initial,HASH_INCOME_731,
PROC006193,APP02731,UP007131,48:12.5,08:18.3,Pass,Re-validation,HASH_ADDITIONAL_DOCUMENT_731,Previous validation expired
PROC006194,APP02732,UP007132,40:33.6,53:21.8,Fail,Initial,HASH_IDENTITY_732,
PROC006195,APP02732,UP007133,51:59.9,04:52.3,Pass,Initial,HASH_INCOME_732,
PROC006196,APP02732,UP007134,50:47.3,12:31.7,Pass,Re-validation,HASH_ADDITIONAL_DOCUMENT_732,Previous validation expired
PROC006197,APP02733,UP007135,00:41.8,16:47.0,Pass,Initial,HASH_IDENTITY_733,
PROC006198,APP02733,UP007136,10:35.4,24:49.8,Pass,Initial,HASH_INCOME_733,
PROC006199,APP02733,UP007139,25:21.5,52:28.3,Pass,Re-validation,HASH_ADDITIONAL_DOCUMENT_733,Retry after failed upload
PROC006200,APP02734,UP007140,04:31.6,21:06.8,Pass,Re-validation,HASH_IDENTITY_734,Previous validation expired
PROC006201,APP02734,UP007141,04:22.5,13:02.2,Pass,Initial,HASH_INCOME_734,
PROC006202,APP02734,UP007142,34:06.2,54:02.7,Fail,Initial,HASH_ADDITIONAL_DOCUMENT_734,
PROC006203,APP02735,UP007143,48:54.0,07:40.6,Pass,Initial,HASH_IDENTITY_735,
PROC006204,APP02735,UP007144,35:57.9,53:35.6,Pass,Initial,HASH_INCOME_735,
PROC006205,APP02735,UP007145,07:36.8,28:18.6,Pass,Re-validation,HASH_ADDITIONAL_DOCUMENT_735,Rule-triggered re-verification
PROC006206,APP02736,UP007146,54:18.8,05:59.9,Pass,Initial,HASH_IDENTITY_736,
PROC006207,APP02736,UP007147,00:17.8,20:05.1,Pass,Initial,HASH_INCOME_736,
PROC006208,APP02736,UP007148,07:10.5,30:53.5,Pass,Initial,HASH_ADDITIONAL_DOCUMENT_736,
PROC006209,APP02737,UP007149,31:18.3,43:25.4,Pass,Initial,HASH_IDENTITY_737,
PROC006210,APP02737,UP007150,55:36.0,09:48.0,Pass,Re-validation,HASH_INCOME_737,Previous validation expired
PROC006211,APP02737,UP007151,52:26.9,13:01.8,Fail,Initial,HASH_ADDITIONAL_DOCUMENT_737,
PROC006212,APP02738,UP007152,37:45.1,49:39.6,Pass,Initial,HASH_IDENTITY_738,
PROC006213,APP02738,UP007154,37:07.4,53:43.6,Pass,Re-validation,HASH_INCOME_738,Retry after failed upload
PROC006214,APP02738,UP007156,54:51.0,22:19.9,Pass,Re-validation,HASH_ADDITIONAL_DOCUMENT_738,Retry after failed upload
PROC006215,APP02739,UP007157,06:49.9,24:22.7,Pass,Initial,HASH_IDENTITY_739,
PROC006216,APP02739,UP007158,59:37.3,09:26.6,Pass,Initial,HASH_INCOME_739,
PROC006217,APP02739,UP007159,10:38.7,38:34.6,Pass,Initial,HASH_ADDITIONAL_DOCUMENT_739,
PROC006218,APP02740,UP007160,07:57.0,25:32.9,Fail,Re-validation,HASH_IDENTITY_740,Rule-triggered re-verification
PROC006219,APP02740,UP007161,13:20.4,27:59.4,Pass,Initial,HASH_INCOME_740,
PROC006220,APP02740,UP007163,43:48.9,06:34.5,Pass,Re-validation,HASH_ADDITIONAL_DOCUMENT_740,Retry after failed upload
PROC006221,APP02741,UP007164,28:10.8,42:58.8,Pass,Initial,HASH_IDENTITY_741,
PROC006222,APP02741,UP007165,39:06.9,53:02.3,Pass,Initial,HASH_INCOME_741,
PROC006223,APP02741,UP007166,51:38.2,14:39.1,Pass,Initial,HASH_ADDITIONAL_DOCUMENT_741,
PROC006224,APP02742,UP007167,34:09.4,48:46.9,Pass,Initial,HASH_IDENTITY_742,
PROC006225,APP02742,UP007168,43:13.8,56:07.4,Pass,Initial,HASH_INCOME_742,
PROC006226,APP02742,UP007170,54:59.8,13:17.4,Fail,Re-validation,HASH_ADDITIONAL_DOCUMENT_742,Retry after failed upload
PROC006227,APP02743,UP007171,27:34.0,41:32.9,Pass,Initial,HASH_IDENTITY_743,
PROC006228,APP02743,UP007172,36:21.7,52:54.7,Pass,Initial,HASH_INCOME_743,
PROC006229,APP02743,UP007173,28:42.6,53:46.0,Pass,Initial,HASH_ADDITIONAL_DOCUMENT_743,
PROC006230,APP02744,UP007174,03:38.5,15:32.7,Pass,Re-validation,HASH_IDENTITY_744,System could not reuse prior result
PROC006231,APP02744,UP007175,02:04.4,12:31.0,Pass,Initial,HASH_INCOME_744,
PROC006232,APP02744,UP007176,19:13.5,48:11.1,Pass,Initial,HASH_ADDITIONAL_DOCUMENT_744,
PROC006233,APP02745,UP007177,22:18.6,35:18.9,Pass,Re-validation,HASH_IDENTITY_745,Rule-triggered re-verification
PROC006234,APP02745,UP007178,12:04.3,25:59.5,Fail,Re-validation,HASH_INCOME_745,Previous validation expired
PROC006235,APP02745,UP007179,26:53.9,53:23.2,Pass,Initial,HASH_ADDITIONAL_DOCUMENT_745,
PROC006236,APP02746,UP007180,16:06.5,31:45.8,Pass,Initial,HASH_IDENTITY_746,
PROC006237,APP02746,UP007181,28:00.6,44:07.5,Pass,Initial,HASH_INCOME_746,
PROC006238,APP02746,UP007183,52:29.5,11:57.6,Pass,Re-validation,HASH_ADDITIONAL_DOCUMENT_746,Retry after failed upload
PROC006239,APP02747,UP007185,40:36.9,59:11.7,Pass,Re-validation,HASH_IDENTITY_747,Retry after failed upload
PROC006240,APP02747,UP007188,49:16.5,05:45.9,Pass,Re-validation,HASH_INCOME_747,Retry after failed upload
PROC006241,APP02747,UP007189,52:58.4,14:46.1,Pass,Re-validation,HASH_ADDITIONAL_DOCUMENT_747,Rule-triggered re-verification
PROC006242,APP02748,UP007190,23:27.4,46:55.1,Pass,Re-validation,HASH_IDENTITY_748,Previous validation expired
PROC006243,APP02748,UP007191,17:18.5,33:28.3,Pass,Initial,HASH_INCOME_748,
PROC006244,APP02748,UP007192,39:47.4,02:32.2,Pass,Re-validation,HASH_ADDITIONAL_DOCUMENT_748,Previous validation expired
PROC006245,APP02749,UP007193,26:50.1,40:22.3,Pass,Initial,HASH_IDENTITY_749,
PROC006246,APP02749,UP007194,41:38.0,59:17.4,Pass,Initial,HASH_INCOME_749,
PROC006247,APP02749,UP007195,46:55.2,12:51.7,Pass,Initial,HASH_ADDITIONAL_DOCUMENT_749,
PROC006248,APP02750,UP007196,10:09.6,22:11.9,Pass,Initial,HASH_IDENTITY_750,
PROC006249,APP02750,UP007197,15:27.0,33:28.5,Pass,Initial,HASH_INCOME_750,
PROC006250,APP02750,UP007198,12:44.7,27:24.8,Pass,Initial,HASH_ADDITIONAL_DOCUMENT_750,
PROC006251,APP02751,UP007199,42:15.6,49:21.8,Fail,Initial,HASH_IDENTITY_751,
PROC006252,APP02751,UP007200,38:03.4,54:35.4,Pass,Initial,HASH_INCOME_751,
PROC006253,APP02751,UP007201,55:58.5,21:14.1,Pass,Re-validation,HASH_ADDITIONAL_DOCUMENT_751,Previous validation expired
PROC006254,APP02752,UP007203,15:33.5,30:30.5,Pass,Re-validation,HASH_IDENTITY_752,Retry after failed upload
PROC006255,APP02752,UP007204,32:54.7,44:33.3,Pass,Initial,HASH_INCOME_752,
PROC006256,APP02752,UP007205,36:53.4,58:56.1,Pass,Re-validation,HASH_ADDITIONAL_DOCUMENT_752,Previous validation expired
PROC006257,APP02753,UP007206,17:23.3,24:49.1,Pass,Initial,HASH_IDENTITY_753,
PROC006258,APP02753,UP007207,36:13.6,54:54.4,Pass,Initial,HASH_INCOME_753,
PROC006259,APP02753,UP007208,38:17.1,57:40.3,Pass,Initial,HASH_ADDITIONAL_DOCUMENT_753,
PROC006260,APP02754,UP007209,47:02.2,02:53.0,Pass,Re-validation,HASH_IDENTITY_754,Previous validation expired
PROC006261,APP02754,UP007210,01:09.3,10:46.6,Pass,Initial,HASH_INCOME_754,
PROC006262,APP02754,UP007212,59:16.4,16:43.1,Pass,Re-validation,HASH_ADDITIONAL_DOCUMENT_754,Retry after failed upload
PROC006263,APP02755,UP007214,30:37.5,40:59.6,Pass,Re-validation,HASH_IDENTITY_755,Retry after failed upload
PROC006264,APP02755,UP007215,45:19.5,53:54.7,Pass,Re-validation,HASH_INCOME_755,Rule-triggered re-verification
PROC006265,APP02755,UP007216,37:54.6,01:43.6,Pass,Initial,HASH_ADDITIONAL_DOCUMENT_755,
PROC006266,APP02756,UP007217,48:13.1,05:57.8,Pass,Initial,HASH_IDENTITY_756,
PROC006267,APP02756,UP007218,03:16.8,22:04.6,Pass,Re-validation,HASH_INCOME_756,Rule-triggered re-verification
PROC006268,APP02756,UP007220,02:31.5,26:26.7,Pass,Re-validation,HASH_ADDITIONAL_DOCUMENT_756,Retry after failed upload
PROC006269,APP02757,UP007221,52:38.9,08:58.4,Pass,Initial,HASH_IDENTITY_757,
PROC006270,APP02757,UP007222,58:52.6,20:31.2,Pass,Initial,HASH_INCOME_757,
PROC006271,APP02757,UP007223,05:17.7,27:19.0,Pass,Re-validation,HASH_ADDITIONAL_DOCUMENT_757,Rule-triggered re-verification
PROC006272,APP02758,UP007224,33:05.3,51:59.4,Pass,Initial,HASH_IDENTITY_758,
PROC006273,APP02758,UP007225,35:10.6,52:25.2,Pass,Re-validation,HASH_INCOME_758,Previous validation expired
PROC006274,APP02758,UP007226,26:40.1,51:59.8,Pass,Initial,HASH_ADDITIONAL_DOCUMENT_758,
PROC006275,APP02759,UP007227,43:12.9,00:22.5,Pass,Re-validation,HASH_IDENTITY_759,Rule-triggered re-verification
PROC006276,APP02759,UP007228,42:51.2,02:26.4,Pass,Initial,HASH_INCOME_759,
PROC006277,APP02759,UP007229,02:24.8,25:55.2,Pass,Initial,HASH_ADDITIONAL_DOCUMENT_759,
PROC006278,APP02760,UP007230,18:58.6,34:46.3,Pass,Initial,HASH_IDENTITY_760,
PROC006279,APP02760,UP007231,15:27.8,29:36.9,Pass,Initial,HASH_INCOME_760,
PROC006280,APP02760,UP007233,28:22.8,50:49.3,Pass,Re-validation,HASH_ADDITIONAL_DOCUMENT_760,Retry after failed upload
PROC006281,APP02761,UP007234,08:25.1,30:06.5,Pass,Initial,HASH_IDENTITY_761,
PROC006282,APP02761,UP007235,13:10.0,29:22.1,Pass,Initial,HASH_INCOME_761,
PROC006283,APP02761,UP007236,21:35.8,48:08.8,Pass,Re-validation,HASH_ADDITIONAL_DOCUMENT_761,System could not reuse prior result
PROC006284,APP02762,UP007237,14:26.6,33:43.5,Pass,Initial,HASH_IDENTITY_762,
PROC006285,APP02762,UP007238,21:56.7,35:28.4,Pass,Initial,HASH_INCOME_762,
PROC006286,APP02762,UP007239,36:26.5,00:35.9,Pass,Initial,HASH_ADDITIONAL_DOCUMENT_762,
PROC006287,APP02763,UP007240,14:49.1,30:30.9,Pass,Re-validation,HASH_IDENTITY_763,Previous validation expired
PROC006288,APP02763,UP007242,25:40.9,45:53.6,Pass,Re-validation,HASH_INCOME_763,Retry after failed upload
PROC006289,APP02763,UP007243,31:55.6,57:57.1,Pass,Initial,HASH_ADDITIONAL_DOCUMENT_763,
PROC006290,APP02764,UP007244,33:53.8,42:14.0,Pass,Initial,HASH_IDENTITY_764,
PROC006291,APP02764,UP007245,29:39.5,42:29.0,Pass,Initial,HASH_INCOME_764,
PROC006292,APP02764,UP007247,57:59.7,23:37.0,Pass,Re-validation,HASH_ADDITIONAL_DOCUMENT_764,Retry after failed upload
PROC006293,APP02765,UP007248,56:29.4,11:08.7,Pass,Re-validation,HASH_IDENTITY_765,Rule-triggered re-verification
PROC006294,APP02765,UP007249,51:27.5,09:09.5,Fail,Initial,HASH_INCOME_765,
PROC006295,APP02765,UP007250,04:45.7,20:46.1,Pass,Initial,HASH_ADDITIONAL_DOCUMENT_765,
PROC006296,APP02766,UP007251,19:51.4,31:47.1,Pass,Initial,HASH_IDENTITY_766,
PROC006297,APP02766,UP007252,11:56.9,23:44.0,Pass,Initial,HASH_INCOME_766,
PROC006298,APP02766,UP007253,32:24.9,51:33.3,Pass,Initial,HASH_ADDITIONAL_DOCUMENT_766,
PROC006299,APP02767,UP007254,54:09.5,05:45.1,Pass,Initial,HASH_IDENTITY_767,
PROC006300,APP02767,UP007257,45:58.7,54:24.2,Pass,Re-validation,HASH_INCOME_767,Retry after failed upload
PROC006301,APP02767,UP007258,56:33.6,14:34.1,Pass,Initial,HASH_ADDITIONAL_DOCUMENT_767,
PROC006302,APP02768,UP007259,37:42.1,47:20.6,Pass,Initial,HASH_IDENTITY_768,
PROC006303,APP02768,UP007260,47:44.4,00:15.6,Pass,Initial,HASH_INCOME_768,
PROC006304,APP02768,UP007261,10:14.7,41:09.8,Pass,Initial,HASH_ADDITIONAL_DOCUMENT_768,
PROC006305,APP02769,UP007262,05:17.8,16:54.4,Pass,Initial,HASH_IDENTITY_769,
PROC006306,APP02769,UP007263,01:27.6,12:14.8,Pass,Initial,HASH_INCOME_769,
PROC006307,APP02769,UP007264,04:03.9,23:17.2,Pass,Re-validation,HASH_ADDITIONAL_DOCUMENT_769,Rule-triggered re-verification
PROC006308,APP02770,UP007265,50:57.9,10:53.5,Pass,Initial,HASH_IDENTITY_770,
PROC006309,APP02770,UP007266,03:17.7,18:27.0,Pass,Initial,HASH_INCOME_770,
PROC006310,APP02770,UP007268,19:22.2,40:16.3,Pass,Re-validation,HASH_ADDITIONAL_DOCUMENT_770,Retry after failed upload
PROC006311,APP02771,UP007269,34:20.1,44:09.8,Pass,Initial,HASH_IDENTITY_771,
PROC006312,APP02771,UP007271,42:02.4,51:20.3,Pass,Re-validation,HASH_INCOME_771,Retry after failed upload
PROC006313,APP02771,UP007272,53:30.9,10:14.6,Pass,Initial,HASH_ADDITIONAL_DOCUMENT_771,
PROC006314,APP02772,UP007274,16:20.9,25:44.9,Pass,Re-validation,HASH_IDENTITY_772,Retry after failed upload
PROC006315,APP02772,UP007275,11:51.6,28:18.0,Pass,Initial,HASH_INCOME_772,
PROC006316,APP02772,UP007277,31:30.4,51:06.4,Pass,Re-validation,HASH_ADDITIONAL_DOCUMENT_772,Retry after failed upload
PROC006317,APP02773,UP007278,20:59.2,38:33.8,Pass,Re-validation,HASH_IDENTITY_773,Rule-triggered re-verification
PROC006318,APP02773,UP007279,25:29.8,39:58.4,Pass,Initial,HASH_INCOME_773,
PROC006319,APP02773,UP007281,42:25.6,03:36.4,Pass,Re-validation,HASH_ADDITIONAL_DOCUMENT_773,Retry after failed upload
PROC006320,APP02774,UP007282,11:59.7,27:28.3,Pass,Initial,HASH_IDENTITY_774,
PROC006321,APP02774,UP007283,18:25.1,28:39.4,Pass,Initial,HASH_INCOME_774,
PROC006322,APP02774,UP007286,36:19.4,58:05.7,Pass,Re-validation,HASH_ADDITIONAL_DOCUMENT_774,Retry after failed upload
PROC006323,APP02775,UP007287,49:07.5,00:08.6,Pass,Initial,HASH_IDENTITY_775,
PROC006324,APP02775,UP007288,45:56.5,57:26.3,Pass,Initial,HASH_INCOME_775,
PROC006325,APP02775,UP007289,08:15.9,29:15.5,Pass,Initial,HASH_ADDITIONAL_DOCUMENT_775,
PROC006326,APP02776,UP007290,22:21.5,38:02.7,Pass,Initial,HASH_IDENTITY_776,
PROC006327,APP02776,UP007292,20:34.3,40:20.1,Pass,Re-validation,HASH_INCOME_776,Retry after failed upload
PROC006328,APP02776,UP007294,48:07.1,11:26.6,Pass,Re-validation,HASH_ADDITIONAL_DOCUMENT_776,Retry after failed upload
PROC006329,APP02777,UP007295,51:37.5,11:04.7,Pass,Initial,HASH_IDENTITY_777,
PROC006330,APP02777,UP007296,11:54.2,26:44.3,Pass,Initial,HASH_INCOME_777,
PROC006331,APP02777,UP007297,23:59.5,50:04.5,Pass,Initial,HASH_ADDITIONAL_DOCUMENT_777,
PROC006332,APP02778,UP007298,56:45.3,12:13.0,Pass,Re-validation,HASH_IDENTITY_778,Rule-triggered re-verification
PROC006333,APP02778,UP007299,00:16.8,15:26.0,Pass,Re-validation,HASH_INCOME_778,Rule-triggered re-verification
PROC006334,APP02778,UP007300,09:54.1,33:53.9,Pass,Initial,HASH_ADDITIONAL_DOCUMENT_778,
PROC006335,APP02779,UP007301,38:46.7,57:12.7,Pass,Initial,HASH_IDENTITY_779,
PROC006336,APP02779,UP007302,57:17.4,21:19.8,Pass,Initial,HASH_INCOME_779,
PROC006337,APP02779,UP007303,59:14.1,22:39.0,Pass,Re-validation,HASH_ADDITIONAL_DOCUMENT_779,Rule-triggered re-verification
PROC006338,APP02780,UP007304,51:35.9,17:07.2,Pass,Initial,HASH_IDENTITY_780,
PROC006339,APP02780,UP007305,49:23.1,04:47.6,Pass,Initial,HASH_INCOME_780,
PROC006340,APP02780,UP007306,00:04.3,24:08.7,Pass,Initial,HASH_ADDITIONAL_DOCUMENT_780,
PROC006341,APP02781,UP007307,15:30.7,25:12.7,Pass,Initial,HASH_IDENTITY_781,
PROC006342,APP02781,UP007308,24:41.8,38:12.3,Pass,Initial,HASH_INCOME_781,
PROC006343,APP02781,UP007309,23:32.5,41:44.5,Pass,Initial,HASH_ADDITIONAL_DOCUMENT_781,
PROC006344,APP02782,UP007310,39:16.1,57:42.2,Pass,Initial,HASH_IDENTITY_782,
PROC006345,APP02782,UP007311,53:16.6,59:08.1,Pass,Initial,HASH_INCOME_782,
PROC006346,APP02782,UP007313,42:04.9,03:11.6,Pass,Re-validation,HASH_ADDITIONAL_DOCUMENT_782,Retry after failed upload
PROC006347,APP02783,UP007314,25:12.8,32:37.5,Pass,Re-validation,HASH_IDENTITY_783,Rule-triggered re-verification
PROC006348,APP02783,UP007315,17:16.5,28:59.1,Pass,Initial,HASH_INCOME_783,
PROC006349,APP02783,UP007317,37:58.8,58:21.8,Pass,Re-validation,HASH_ADDITIONAL_DOCUMENT_783,Retry after failed upload
PROC006350,APP02784,UP007320,21:42.9,38:28.5,Pass,Re-validation,HASH_IDENTITY_784,Retry after failed upload
PROC006351,APP02784,UP007321,34:11.2,43:07.6,Pass,Initial,HASH_INCOME_784,
PROC006352,APP02784,UP007322,36:03.7,01:32.4,Pass,Re-validation,HASH_ADDITIONAL_DOCUMENT_784,System could not reuse prior result
PROC006353,APP02785,UP007323,57:54.9,12:46.6,Pass,Initial,HASH_IDENTITY_785,
PROC006354,APP02785,UP007324,03:43.3,20:40.1,Pass,Initial,HASH_INCOME_785,
PROC006355,APP02785,UP007325,03:57.3,24:30.2,Fail,Initial,HASH_ADDITIONAL_DOCUMENT_785,
PROC006356,APP02786,UP007326,35:25.7,45:02.7,Pass,Initial,HASH_IDENTITY_786,
PROC006357,APP02786,UP007327,32:32.6,49:28.0,Pass,Re-validation,HASH_INCOME_786,System could not reuse prior result
PROC006358,APP02786,UP007328,47:14.6,09:13.7,Pass,Initial,HASH_ADDITIONAL_DOCUMENT_786,
PROC006359,APP02787,UP007329,05:40.6,17:48.3,Pass,Initial,HASH_IDENTITY_787,
PROC006360,APP02787,UP007330,23:56.6,35:18.2,Pass,Initial,HASH_INCOME_787,
PROC006361,APP02787,UP007332,21:28.9,41:30.3,Pass,Re-validation,HASH_ADDITIONAL_DOCUMENT_787,Retry after failed upload
PROC006362,APP02788,UP007333,17:17.2,31:22.9,Pass,Initial,HASH_IDENTITY_788,
PROC006363,APP02788,UP007334,21:04.4,27:52.6,Pass,Initial,HASH_INCOME_788,
PROC006364,APP02788,UP007336,36:33.8,58:00.7,Pass,Re-validation,HASH_ADDITIONAL_DOCUMENT_788,Retry after failed upload
PROC006365,APP02789,UP007337,21:11.5,36:40.9,Pass,Initial,HASH_IDENTITY_789,
PROC006366,APP02789,UP007338,29:56.8,42:42.8,Pass,Initial,HASH_INCOME_789,
PROC006367,APP02789,UP007339,27:27.0,46:47.1,Fail,Initial,HASH_ADDITIONAL_DOCUMENT_789,
PROC006368,APP02790,UP007340,06:17.1,22:53.3,Pass,Initial,HASH_IDENTITY_790,
PROC006369,APP02790,UP007341,19:21.9,33:25.0,Pass,Initial,HASH_INCOME_790,
PROC006370,APP02790,UP007342,19:47.2,43:39.5,Pass,Re-validation,HASH_ADDITIONAL_DOCUMENT_790,Previous validation expired
PROC006371,APP02791,UP007343,09:26.0,26:17.5,Pass,Initial,HASH_IDENTITY_791,
PROC006372,APP02791,UP007346,36:28.3,56:13.9,Pass,Re-validation,HASH_INCOME_791,Retry after failed upload
PROC006373,APP02791,UP007347,44:00.3,00:30.6,Pass,Initial,HASH_ADDITIONAL_DOCUMENT_791,
PROC006374,APP02792,UP007348,14:14.4,29:15.7,Fail,Initial,HASH_IDENTITY_792,
PROC006375,APP02792,UP007349,26:09.2,33:38.4,Pass,Initial,HASH_INCOME_792,
PROC006376,APP02792,UP007350,21:55.1,37:59.2,Pass,Initial,HASH_ADDITIONAL_DOCUMENT_792,
PROC006377,APP02793,UP007351,35:30.8,48:16.9,Pass,Initial,HASH_IDENTITY_793,
PROC006378,APP02793,UP007352,59:19.1,09:55.0,Pass,Initial,HASH_INCOME_793,
PROC006379,APP02793,UP007353,59:31.8,27:05.2,Pass,Initial,HASH_ADDITIONAL_DOCUMENT_793,
PROC006380,APP02794,UP007354,05:29.7,19:41.0,Pass,Initial,HASH_IDENTITY_794,
PROC006381,APP02794,UP007355,25:40.0,34:15.1,Pass,Initial,HASH_INCOME_794,
PROC006382,APP02794,UP007356,23:42.0,45:44.4,Pass,Initial,HASH_ADDITIONAL_DOCUMENT_794,
PROC006383,APP02795,UP007357,52:22.1,08:18.4,Fail,Initial,HASH_IDENTITY_795,
PROC006384,APP02795,UP007358,10:22.7,27:02.7,Pass,Re-validation,HASH_INCOME_795,Rule-triggered re-verification
PROC006385,APP02795,UP007359,29:38.8,54:35.9,Pass,Initial,HASH_ADDITIONAL_DOCUMENT_795,
PROC006386,APP02796,UP007360,20:21.3,33:57.2,Pass,Re-validation,HASH_IDENTITY_796,System could not reuse prior result
PROC006387,APP02796,UP007361,27:29.6,42:44.9,Pass,Initial,HASH_INCOME_796,
PROC006388,APP02796,UP007362,39:30.6,13:18.2,Pass,Re-validation,HASH_ADDITIONAL_DOCUMENT_796,System could not reuse prior result
PROC006389,APP02797,UP007363,25:16.0,39:29.5,Pass,Initial,HASH_IDENTITY_797,
PROC006390,APP02797,UP007364,22:52.1,32:03.9,Fail,Initial,HASH_INCOME_797,
PROC006391,APP02797,UP007366,40:58.6,04:12.0,Pass,Re-validation,HASH_ADDITIONAL_DOCUMENT_797,Retry after failed upload
PROC006392,APP02798,UP007367,26:21.8,43:42.7,Pass,Initial,HASH_IDENTITY_798,
PROC006393,APP02798,UP007368,38:24.0,52:47.7,Pass,Initial,HASH_INCOME_798,
PROC006394,APP02798,UP007369,41:28.7,07:30.3,Pass,Re-validation,HASH_ADDITIONAL_DOCUMENT_798,System could not reuse prior result
PROC006395,APP02799,UP007370,31:36.1,47:11.4,Pass,Initial,HASH_IDENTITY_799,
PROC006396,APP02799,UP007371,45:18.9,58:58.4,Pass,Re-validation,HASH_INCOME_799,Previous validation expired
PROC006397,APP02799,UP007372,52:10.1,12:03.2,Pass,Initial,HASH_ADDITIONAL_DOCUMENT_799,
PROC006398,APP02800,UP007374,15:41.3,28:54.9,Pass,Re-validation,HASH_IDENTITY_800,Retry after failed upload
PROC006399,APP02800,UP007375,26:47.4,42:03.5,Pass,Initial,HASH_INCOME_800,
PROC006400,APP02800,UP007376,33:01.2,57:34.0,Pass,Initial,HASH_ADDITIONAL_DOCUMENT_800,
PROC006401,APP02801,UP007377,59:03.1,20:54.6,Pass,Initial,HASH_IDENTITY_801,
PROC006402,APP02801,UP007378,10:26.4,34:30.6,Pass,Initial,HASH_INCOME_801,
PROC006403,APP02801,UP007379,25:29.4,49:02.5,Pass,Initial,HASH_ADDITIONAL_DOCUMENT_801,
PROC006404,APP02802,UP007382,08:42.1,25:04.8,Pass,Re-validation,HASH_IDENTITY_802,Retry after failed upload
PROC006405,APP02802,UP007383,25:14.8,33:00.1,Pass,Re-validation,HASH_INCOME_802,System could not reuse prior result
PROC006406,APP02802,UP007384,23:49.7,46:28.6,Pass,Re-validation,HASH_ADDITIONAL_DOCUMENT_802,System could not reuse prior result
PROC006407,APP02803,UP007385,40:41.9,58:21.6,Pass,Initial,HASH_IDENTITY_803,
PROC006408,APP02803,UP007386,46:10.9,06:47.4,Pass,Re-validation,HASH_INCOME_803,Previous validation expired
PROC006409,APP02803,UP007387,57:00.4,14:01.1,Pass,Initial,HASH_ADDITIONAL_DOCUMENT_803,
PROC006410,APP02804,UP007390,14:43.6,31:54.5,Pass,Re-validation,HASH_IDENTITY_804,Retry after failed upload
PROC006411,APP02804,UP007391,13:31.5,33:18.3,Pass,Initial,HASH_INCOME_804,
PROC006412,APP02804,UP007392,29:27.6,02:38.6,Pass,Initial,HASH_ADDITIONAL_DOCUMENT_804,
PROC006413,APP02805,UP007393,09:28.3,24:49.0,Pass,Initial,HASH_IDENTITY_805,
PROC006414,APP02805,UP007395,13:16.7,33:35.1,Pass,Re-validation,HASH_INCOME_805,Retry after failed upload
PROC006415,APP02805,UP007396,25:21.5,47:30.0,Pass,Re-validation,HASH_ADDITIONAL_DOCUMENT_805,System could not reuse prior result
PROC006416,APP02806,UP007397,29:39.5,47:19.7,Pass,Initial,HASH_IDENTITY_806,
PROC006417,APP02806,UP007398,29:51.4,39:52.3,Pass,Initial,HASH_INCOME_806,
PROC006418,APP02806,UP007399,27:02.3,40:16.8,Pass,Initial,HASH_ADDITIONAL_DOCUMENT_806,
PROC006419,APP02807,UP007400,01:56.4,15:17.5,Pass,Initial,HASH_IDENTITY_807,
PROC006420,APP02807,UP007401,16:19.2,28:33.9,Pass,Re-validation,HASH_INCOME_807,Rule-triggered re-verification
PROC006421,APP02807,UP007403,23:28.1,41:16.4,Pass,Re-validation,HASH_ADDITIONAL_DOCUMENT_807,Retry after failed upload
PROC006422,APP02808,UP007404,34:05.3,58:19.0,Pass,Initial,HASH_IDENTITY_808,
PROC006423,APP02808,UP007405,45:23.4,01:18.0,Pass,Initial,HASH_INCOME_808,
PROC006424,APP02808,UP007406,53:24.4,12:38.5,Pass,Initial,HASH_ADDITIONAL_DOCUMENT_808,
PROC006425,APP02809,UP007407,23:43.9,41:26.6,Pass,Initial,HASH_IDENTITY_809,
PROC006426,APP02809,UP007408,32:06.1,41:55.6,Pass,Initial,HASH_INCOME_809,
PROC006427,APP02809,UP007409,41:47.4,00:49.5,Pass,Initial,HASH_ADDITIONAL_DOCUMENT_809,
PROC006428,APP02810,UP007410,49:36.6,02:47.9,Pass,Initial,HASH_IDENTITY_810,
PROC006429,APP02810,UP007413,58:37.9,19:43.5,Pass,Re-validation,HASH_INCOME_810,Retry after failed upload
PROC006430,APP02810,UP007414,13:40.2,33:40.2,Pass,Initial,HASH_ADDITIONAL_DOCUMENT_810,
PROC006431,APP02811,UP007415,43:03.0,58:29.4,Pass,Re-validation,HASH_IDENTITY_811,Previous validation expired
PROC006432,APP02811,UP007416,52:44.9,58:10.9,Pass,Initial,HASH_INCOME_811,
PROC006433,APP02811,UP007417,59:51.0,18:37.8,Pass,Initial,HASH_ADDITIONAL_DOCUMENT_811,
PROC006434,APP02812,UP007419,50:10.9,05:10.8,Pass,Re-validation,HASH_IDENTITY_812,Retry after failed upload
PROC006435,APP02812,UP007420,52:07.0,11:26.9,Pass,Initial,HASH_INCOME_812,
PROC006436,APP02812,UP007421,09:18.5,30:16.5,Pass,Initial,HASH_ADDITIONAL_DOCUMENT_812,
PROC006437,APP02813,UP007422,34:36.3,57:34.1,Pass,Initial,HASH_IDENTITY_813,
PROC006438,APP02813,UP007423,25:26.0,38:47.8,Pass,Initial,HASH_INCOME_813,
PROC006439,APP02813,UP007424,44:18.7,08:08.9,Pass,Re-validation,HASH_ADDITIONAL_DOCUMENT_813,System could not reuse prior result
PROC006440,APP02814,UP007425,05:33.6,13:35.7,Pass,Initial,HASH_IDENTITY_814,
PROC006441,APP02814,UP007426,18:18.2,32:10.2,Pass,Initial,HASH_INCOME_814,
PROC006442,APP02814,UP007427,17:52.7,43:43.0,Pass,Initial,HASH_ADDITIONAL_DOCUMENT_814,
PROC006443,APP02815,UP007428,14:06.5,23:38.6,Pass,Initial,HASH_IDENTITY_815,
PROC006444,APP02815,UP007429,22:42.9,39:02.8,Pass,Re-validation,HASH_INCOME_815,Rule-triggered re-verification
PROC006445,APP02815,UP007431,18:17.4,43:02.4,Pass,Re-validation,HASH_ADDITIONAL_DOCUMENT_815,Retry after failed upload
PROC006446,APP02816,UP007432,59:19.7,10:56.4,Pass,Initial,HASH_IDENTITY_816,
PROC006447,APP02816,UP007434,18:07.1,32:18.7,Pass,Re-validation,HASH_INCOME_816,Retry after failed upload
PROC006448,APP02816,UP007435,15:23.5,30:25.6,Pass,Initial,HASH_ADDITIONAL_DOCUMENT_816,
PROC006449,APP02817,UP007436,30:57.7,44:24.5,Fail,Initial,HASH_IDENTITY_817,
PROC006450,APP02817,UP007437,27:15.1,46:40.9,Pass,Initial,HASH_INCOME_817,
PROC006451,APP02817,UP007438,40:32.0,04:22.0,Fail,Initial,HASH_ADDITIONAL_DOCUMENT_817,
PROC006452,APP02818,UP007439,47:35.9,04:24.6,Pass,Re-validation,HASH_IDENTITY_818,Rule-triggered re-verification
PROC006453,APP02818,UP007441,16:32.6,29:31.0,Pass,Re-validation,HASH_INCOME_818,Retry after failed upload
PROC006454,APP02818,UP007443,05:13.2,32:26.1,Pass,Re-validation,HASH_ADDITIONAL_DOCUMENT_818,Retry after failed upload
PROC006455,APP02819,UP007444,14:34.3,26:59.3,Fail,Initial,HASH_IDENTITY_819,
PROC006456,APP02819,UP007445,21:47.1,36:54.3,Pass,Initial,HASH_INCOME_819,
PROC006457,APP02819,UP007446,28:15.7,49:04.2,Pass,Re-validation,HASH_ADDITIONAL_DOCUMENT_819,Previous validation expired
PROC006458,APP02820,UP007447,04:33.5,23:01.2,Pass,Initial,HASH_IDENTITY_820,
PROC006459,APP02820,UP007448,07:38.8,25:35.1,Pass,Initial,HASH_INCOME_820,
PROC006460,APP02820,UP007450,45:59.6,07:50.2,Pass,Re-validation,HASH_ADDITIONAL_DOCUMENT_820,Retry after failed upload
PROC006461,APP02821,UP007451,56:21.8,11:49.0,Pass,Initial,HASH_IDENTITY_821,
PROC006462,APP02821,UP007453,24:49.7,38:36.1,Fail,Re-validation,HASH_INCOME_821,Retry after failed upload
PROC006463,APP02821,UP007455,38:27.6,00:55.5,Pass,Re-validation,HASH_ADDITIONAL_DOCUMENT_821,Retry after failed upload
PROC006464,APP02822,UP007457,20:00.5,33:10.2,Fail,Re-validation,HASH_IDENTITY_822,Retry after failed upload
PROC006465,APP02822,UP007458,26:25.1,45:40.5,Pass,Re-validation,HASH_INCOME_822,Rule-triggered re-verification
PROC006466,APP02822,UP007459,34:42.6,57:33.9,Pass,Initial,HASH_ADDITIONAL_DOCUMENT_822,
PROC006467,APP02823,UP007460,38:16.2,48:38.6,Pass,Initial,HASH_IDENTITY_823,
PROC006468,APP02823,UP007461,58:46.1,17:09.5,Pass,Initial,HASH_INCOME_823,
PROC006469,APP02823,UP007462,01:32.2,22:07.4,Pass,Initial,HASH_ADDITIONAL_DOCUMENT_823,
PROC006470,APP02824,UP007463,05:59.9,25:15.0,Pass,Initial,HASH_IDENTITY_824,
PROC006471,APP02824,UP007464,16:08.6,29:32.2,Pass,Re-validation,HASH_INCOME_824,Rule-triggered re-verification
PROC006472,APP02824,UP007465,19:44.7,43:09.8,Pass,Initial,HASH_ADDITIONAL_DOCUMENT_824,
PROC006473,APP02825,UP007466,33:08.2,44:40.4,Pass,Initial,HASH_IDENTITY_825,
PROC006474,APP02825,UP007467,44:15.0,02:49.8,Pass,Initial,HASH_INCOME_825,
PROC006475,APP02825,UP007469,06:10.3,31:47.9,Pass,Re-validation,HASH_ADDITIONAL_DOCUMENT_825,Retry after failed upload
PROC006476,APP02826,UP007470,55:33.6,13:21.1,Pass,Initial,HASH_IDENTITY_826,
PROC006477,APP02826,UP007471,03:06.7,14:27.7,Pass,Initial,HASH_INCOME_826,
PROC006478,APP02826,UP007473,11:20.9,26:56.5,Pass,Re-validation,HASH_ADDITIONAL_DOCUMENT_826,Retry after failed upload
PROC006479,APP02827,UP007474,32:24.7,47:59.7,Pass,Initial,HASH_IDENTITY_827,
PROC006480,APP02827,UP007475,34:48.1,46:13.1,Fail,Initial,HASH_INCOME_827,
PROC006481,APP02827,UP007476,41:34.1,03:41.4,Pass,Re-validation,HASH_ADDITIONAL_DOCUMENT_827,System could not reuse prior result
PROC006482,APP02828,UP007477,06:43.6,21:48.0,Pass,Initial,HASH_IDENTITY_828,
PROC006483,APP02828,UP007478,17:51.5,30:55.9,Pass,Re-validation,HASH_INCOME_828,System could not reuse prior result
PROC006484,APP02828,UP007479,27:46.7,57:51.8,Pass,Initial,HASH_ADDITIONAL_DOCUMENT_828,
PROC006485,APP02829,UP007480,17:32.8,27:18.6,Pass,Initial,HASH_IDENTITY_829,
PROC006486,APP02829,UP007482,07:23.5,29:55.7,Pass,Re-validation,HASH_INCOME_829,Retry after failed upload
PROC006487,APP02829,UP007483,16:57.0,41:12.1,Fail,Initial,HASH_ADDITIONAL_DOCUMENT_829,
PROC006488,APP02830,UP007484,32:12.9,45:57.1,Pass,Initial,HASH_IDENTITY_830,
PROC006489,APP02830,UP007486,42:41.0,00:02.4,Pass,Re-validation,HASH_INCOME_830,Retry after failed upload
PROC006490,APP02830,UP007487,49:04.4,11:41.8,Pass,Initial,HASH_ADDITIONAL_DOCUMENT_830,
PROC006491,APP02831,UP007488,45:59.7,01:42.2,Fail,Initial,HASH_IDENTITY_831,
PROC006492,APP02831,UP007491,32:20.2,51:40.1,Pass,Re-validation,HASH_INCOME_831,Retry after failed upload
PROC006493,APP02831,UP007492,44:04.8,10:30.7,Pass,Initial,HASH_ADDITIONAL_DOCUMENT_831,
PROC006494,APP02832,UP007493,06:19.5,24:38.0,Pass,Initial,HASH_IDENTITY_832,
PROC006495,APP02832,UP007494,22:12.2,27:02.6,Pass,Initial,HASH_INCOME_832,
PROC006496,APP02832,UP007495,14:33.5,34:55.3,Pass,Initial,HASH_ADDITIONAL_DOCUMENT_832,
PROC006497,APP02833,UP007496,30:52.1,40:21.5,Pass,Re-validation,HASH_IDENTITY_833,Previous validation expired
PROC006498,APP02833,UP007497,41:05.6,51:38.6,Pass,Initial,HASH_INCOME_833,
PROC006499,APP02833,UP007498,55:13.6,18:30.9,Pass,Re-validation,HASH_ADDITIONAL_DOCUMENT_833,Previous validation expired
PROC006500,APP02834,UP007499,56:45.1,14:20.6,Pass,Initial,HASH_IDENTITY_834,
PROC006501,APP02834,UP007502,46:27.6,08:01.2,Pass,Re-validation,HASH_INCOME_834,Retry after failed upload
PROC006502,APP02834,UP007503,00:35.6,19:37.3,Pass,Initial,HASH_ADDITIONAL_DOCUMENT_834,
PROC006503,APP02835,UP007504,50:14.4,08:46.2,Pass,Initial,HASH_IDENTITY_835,
PROC006504,APP02835,UP007505,04:35.2,20:11.3,Pass,Initial,HASH_INCOME_835,
PROC006505,APP02835,UP007507,13:55.3,34:42.9,Pass,Re-validation,HASH_ADDITIONAL_DOCUMENT_835,Retry after failed upload
PROC006506,APP02836,UP007508,56:42.4,12:13.2,Pass,Initial,HASH_IDENTITY_836,
PROC006507,APP02836,UP007509,46:51.1,06:09.5,Pass,Initial,HASH_INCOME_836,
PROC006508,APP02836,UP007511,22:05.6,38:04.8,Pass,Re-validation,HASH_ADDITIONAL_DOCUMENT_836,Retry after failed upload
PROC006509,APP02837,UP007513,06:39.4,21:20.0,Fail,Re-validation,HASH_IDENTITY_837,Retry after failed upload
PROC006510,APP02837,UP007514,03:52.0,17:55.9,Pass,Initial,HASH_INCOME_837,
PROC006511,APP02837,UP007515,20:40.0,42:53.5,Pass,Initial,HASH_ADDITIONAL_DOCUMENT_837,
PROC006512,APP02838,UP007516,52:32.7,08:02.2,Pass,Re-validation,HASH_IDENTITY_838,Rule-triggered re-verification
PROC006513,APP02838,UP007517,51:31.2,07:51.7,Pass,Initial,HASH_INCOME_838,
PROC006514,APP02838,UP007519,02:19.8,31:25.9,Pass,Re-validation,HASH_ADDITIONAL_DOCUMENT_838,Retry after failed upload
PROC006515,APP02839,UP007520,11:57.0,30:33.7,Pass,Initial,HASH_IDENTITY_839,
PROC006516,APP02839,UP007521,22:15.6,40:15.0,Pass,Initial,HASH_INCOME_839,
PROC006517,APP02839,UP007524,41:50.9,04:14.4,Pass,Re-validation,HASH_ADDITIONAL_DOCUMENT_839,Retry after failed upload
PROC006518,APP02840,UP007526,42:15.6,54:11.8,Pass,Re-validation,HASH_IDENTITY_840,Retry after failed upload
PROC006519,APP02840,UP007527,52:14.8,08:35.7,Pass,Re-validation,HASH_INCOME_840,System could not reuse prior result
PROC006520,APP02840,UP007528,01:52.4,22:29.3,Pass,Initial,HASH_ADDITIONAL_DOCUMENT_840,
PROC006521,APP02841,UP007529,33:15.2,46:41.0,Pass,Initial,HASH_IDENTITY_841,
PROC006522,APP02841,UP007530,47:59.5,56:10.2,Pass,Re-validation,HASH_INCOME_841,Rule-triggered re-verification
PROC006523,APP02841,UP007531,08:53.4,34:26.6,Pass,Initial,HASH_ADDITIONAL_DOCUMENT_841,
PROC006524,APP02842,UP007532,32:28.5,47:53.2,Pass,Initial,HASH_IDENTITY_842,
PROC006525,APP02842,UP007533,33:35.0,49:52.6,Pass,Re-validation,HASH_INCOME_842,System could not reuse prior result
PROC006526,APP02842,UP007534,35:51.3,02:13.5,Pass,Initial,HASH_ADDITIONAL_DOCUMENT_842,
PROC006527,APP02843,UP007535,47:34.9,09:09.8,Pass,Initial,HASH_IDENTITY_843,
PROC006528,APP02843,UP007537,45:59.1,00:07.3,Pass,Re-validation,HASH_INCOME_843,Retry after failed upload
PROC006529,APP02843,UP007538,02:16.3,20:46.6,Pass,Initial,HASH_ADDITIONAL_DOCUMENT_843,
PROC006530,APP02844,UP007539,52:45.3,07:50.8,Pass,Initial,HASH_IDENTITY_844,
PROC006531,APP02844,UP007540,55:13.4,05:42.7,Pass,Initial,HASH_INCOME_844,
PROC006532,APP02844,UP007541,10:59.4,41:07.6,Pass,Re-validation,HASH_ADDITIONAL_DOCUMENT_844,System could not reuse prior result
PROC006533,APP02845,UP007542,38:19.1,59:13.4,Pass,Initial,HASH_IDENTITY_845,
PROC006534,APP02845,UP007543,35:00.7,47:32.3,Pass,Re-validation,HASH_INCOME_845,Previous validation expired
PROC006535,APP02845,UP007544,47:35.2,07:15.7,Pass,Initial,HASH_ADDITIONAL_DOCUMENT_845,
PROC006536,APP02846,UP007545,52:28.7,08:51.6,Pass,Initial,HASH_IDENTITY_846,
PROC006537,APP02846,UP007547,55:25.5,02:12.3,Pass,Re-validation,HASH_INCOME_846,Retry after failed upload
PROC006538,APP02846,UP007548,16:58.6,30:37.7,Pass,Re-validation,HASH_ADDITIONAL_DOCUMENT_846,Rule-triggered re-verification
PROC006539,APP02847,UP007549,26:01.2,38:47.3,Pass,Initial,HASH_IDENTITY_847,
PROC006540,APP02847,UP007550,39:37.7,56:46.1,Pass,Re-validation,HASH_INCOME_847,Rule-triggered re-verification
PROC006541,APP02847,UP007552,35:55.2,00:43.1,Fail,Re-validation,HASH_ADDITIONAL_DOCUMENT_847,Retry after failed upload
PROC006542,APP02848,UP007553,30:36.2,54:35.3,Pass,Initial,HASH_IDENTITY_848,
PROC006543,APP02848,UP007554,39:15.5,50:21.0,Pass,Initial,HASH_INCOME_848,
PROC006544,APP02848,UP007556,48:32.9,15:27.3,Fail,Re-validation,HASH_ADDITIONAL_DOCUMENT_848,Retry after failed upload
PROC006545,APP02849,UP007557,40:17.5,02:23.3,Pass,Initial,HASH_IDENTITY_849,
PROC006546,APP02849,UP007558,42:53.3,56:22.1,Pass,Initial,HASH_INCOME_849,
PROC006547,APP02849,UP007559,02:46.0,29:17.9,Fail,Initial,HASH_ADDITIONAL_DOCUMENT_849,
PROC006548,APP02850,UP007560,10:16.3,25:04.0,Pass,Initial,HASH_IDENTITY_850,
PROC006549,APP02850,UP007561,17:44.3,35:24.3,Pass,Initial,HASH_INCOME_850,
PROC006550,APP02850,UP007562,33:36.3,03:54.3,Pass,Initial,HASH_ADDITIONAL_DOCUMENT_850,
PROC006551,APP02851,UP007563,26:41.3,45:14.8,Pass,Initial,HASH_IDENTITY_851,
PROC006552,APP02851,UP007564,26:31.4,33:34.8,Pass,Initial,HASH_INCOME_851,
PROC006553,APP02851,UP007565,49:25.7,02:59.9,Pass,Initial,HASH_ADDITIONAL_DOCUMENT_851,
PROC006554,APP02852,UP007566,38:53.4,56:35.7,Pass,Initial,HASH_IDENTITY_852,
PROC006555,APP02852,UP007567,44:09.4,58:24.5,Pass,Re-validation,HASH_INCOME_852,System could not reuse prior result
PROC006556,APP02852,UP007569,45:59.8,14:20.0,Pass,Re-validation,HASH_ADDITIONAL_DOCUMENT_852,Retry after failed upload
PROC006557,APP02853,UP007570,49:43.0,06:05.3,Pass,Initial,HASH_IDENTITY_853,
PROC006558,APP02853,UP007571,06:49.2,21:15.0,Pass,Initial,HASH_INCOME_853,
PROC006559,APP02853,UP007572,26:36.3,51:11.1,Pass,Initial,HASH_ADDITIONAL_DOCUMENT_853,
PROC006560,APP02854,UP007573,07:03.9,23:28.4,Pass,Re-validation,HASH_IDENTITY_854,Previous validation expired
PROC006561,APP02854,UP007574,19:55.3,30:15.1,Fail,Initial,HASH_INCOME_854,
PROC006562,APP02854,UP007576,27:11.1,47:13.7,Pass,Re-validation,HASH_ADDITIONAL_DOCUMENT_854,Retry after failed upload
PROC006563,APP02855,UP007577,54:56.8,05:49.9,Pass,Initial,HASH_IDENTITY_855,
PROC006564,APP02855,UP007578,19:42.8,35:24.4,Pass,Initial,HASH_INCOME_855,
PROC006565,APP02855,UP007579,19:32.2,52:36.6,Pass,Initial,HASH_ADDITIONAL_DOCUMENT_855,
PROC006566,APP02856,UP007580,16:57.5,25:25.7,Pass,Initial,HASH_IDENTITY_856,
PROC006567,APP02856,UP007581,27:17.9,48:10.7,Pass,Initial,HASH_INCOME_856,
PROC006568,APP02856,UP007583,24:44.3,49:03.3,Pass,Re-validation,HASH_ADDITIONAL_DOCUMENT_856,Retry after failed upload
PROC006569,APP02857,UP007585,13:21.6,24:19.6,Pass,Re-validation,HASH_IDENTITY_857,Retry after failed upload
PROC006570,APP02857,UP007586,29:06.3,41:49.2,Pass,Re-validation,HASH_INCOME_857,System could not reuse prior result
PROC006571,APP02857,UP007587,47:26.8,08:40.6,Pass,Initial,HASH_ADDITIONAL_DOCUMENT_857,
PROC006572,APP02858,UP007588,25:00.0,38:00.2,Pass,Re-validation,HASH_IDENTITY_858,System could not reuse prior result
PROC006573,APP02858,UP007589,18:20.2,30:09.8,Fail,Initial,HASH_INCOME_858,
PROC006574,APP02858,UP007592,19:31.3,42:22.8,Pass,Re-validation,HASH_ADDITIONAL_DOCUMENT_858,Retry after failed upload
PROC006575,APP02859,UP007593,42:43.8,53:20.3,Pass,Initial,HASH_IDENTITY_859,
PROC006576,APP02859,UP007594,46:24.1,56:22.8,Fail,Initial,HASH_INCOME_859,
PROC006577,APP02859,UP007595,03:49.5,24:03.6,Pass,Re-validation,HASH_ADDITIONAL_DOCUMENT_859,System could not reuse prior result
PROC006578,APP02860,UP007596,46:41.8,05:35.8,Pass,Re-validation,HASH_IDENTITY_860,System could not reuse prior result
PROC006579,APP02860,UP007597,56:17.3,04:44.7,Pass,Initial,HASH_INCOME_860,
PROC006580,APP02860,UP007598,12:53.7,36:35.9,Pass,Re-validation,HASH_ADDITIONAL_DOCUMENT_860,System could not reuse prior result
PROC006581,APP02861,UP007599,51:23.0,08:51.1,Pass,Initial,HASH_IDENTITY_861,
PROC006582,APP02861,UP007600,01:10.3,20:59.3,Pass,Initial,HASH_INCOME_861,
PROC006583,APP02861,UP007602,12:07.4,43:00.8,Pass,Re-validation,HASH_ADDITIONAL_DOCUMENT_861,Retry after failed upload
PROC006584,APP02862,UP007603,36:43.3,54:03.4,Pass,Initial,HASH_IDENTITY_862,
PROC006585,APP02862,UP007604,38:07.2,50:58.8,Pass,Initial,HASH_INCOME_862,
PROC006586,APP02862,UP007605,57:08.0,29:24.2,Pass,Initial,HASH_ADDITIONAL_DOCUMENT_862,
PROC006587,APP02863,UP007606,29:33.5,39:03.8,Fail,Re-validation,HASH_IDENTITY_863,System could not reuse prior result
PROC006588,APP02863,UP007607,35:59.4,48:10.5,Pass,Re-validation,HASH_INCOME_863,System could not reuse prior result
PROC006589,APP02863,UP007608,37:42.2,59:52.5,Pass,Initial,HASH_ADDITIONAL_DOCUMENT_863,
PROC006590,APP02864,UP007609,21:34.5,29:56.4,Pass,Initial,HASH_IDENTITY_864,
PROC006591,APP02864,UP007610,22:30.8,39:12.8,Pass,Re-validation,HASH_INCOME_864,Rule-triggered re-verification
PROC006592,APP02864,UP007613,30:30.6,51:06.6,Pass,Re-validation,HASH_ADDITIONAL_DOCUMENT_864,Retry after failed upload
PROC006593,APP02865,UP007614,03:06.8,22:11.2,Pass,Initial,HASH_IDENTITY_865,
PROC006594,APP02865,UP007616,05:29.8,19:06.2,Pass,Re-validation,HASH_INCOME_865,Retry after failed upload
PROC006595,APP02865,UP007617,25:46.1,49:40.4,Pass,Initial,HASH_ADDITIONAL_DOCUMENT_865,
PROC006596,APP02866,UP007618,13:41.8,30:15.6,Pass,Initial,HASH_IDENTITY_866,
PROC006597,APP02866,UP007619,23:02.8,42:04.5,Pass,Initial,HASH_INCOME_866,
PROC006598,APP02866,UP007620,33:17.7,49:28.2,Pass,Initial,HASH_ADDITIONAL_DOCUMENT_866,
PROC006599,APP02867,UP007621,20:10.4,30:28.9,Pass,Initial,HASH_IDENTITY_867,
PROC006600,APP02867,UP007623,26:28.4,41:27.5,Pass,Re-validation,HASH_INCOME_867,Retry after failed upload
PROC006601,APP02867,UP007625,35:20.6,02:20.5,Pass,Re-validation,HASH_ADDITIONAL_DOCUMENT_867,Retry after failed upload
PROC006602,APP02868,UP007626,18:37.2,35:59.1,Pass,Re-validation,HASH_IDENTITY_868,System could not reuse prior result
PROC006603,APP02868,UP007627,29:24.9,46:01.6,Pass,Re-validation,HASH_INCOME_868,Rule-triggered re-verification
PROC006604,APP02868,UP007630,16:15.1,38:57.5,Pass,Re-validation,HASH_ADDITIONAL_DOCUMENT_868,Retry after failed upload
PROC006605,APP02869,UP007631,04:10.8,26:01.3,Pass,Initial,HASH_IDENTITY_869,
PROC006606,APP02869,UP007632,11:25.4,22:10.1,Pass,Re-validation,HASH_INCOME_869,Previous validation expired
PROC006607,APP02869,UP007634,26:29.6,54:19.8,Pass,Re-validation,HASH_ADDITIONAL_DOCUMENT_869,Retry after failed upload
PROC006608,APP02870,UP007635,01:45.1,16:01.2,Pass,Initial,HASH_IDENTITY_870,
PROC006609,APP02870,UP007636,09:07.9,27:41.5,Pass,Re-validation,HASH_INCOME_870,Rule-triggered re-verification
PROC006610,APP02870,UP007637,11:10.5,27:09.1,Pass,Initial,HASH_ADDITIONAL_DOCUMENT_870,
PROC006611,APP02871,UP007638,32:15.0,47:01.4,Fail,Initial,HASH_IDENTITY_871,
PROC006612,APP02871,UP007639,37:07.6,47:07.1,Pass,Initial,HASH_INCOME_871,
PROC006613,APP02871,UP007640,39:48.5,02:19.9,Pass,Initial,HASH_ADDITIONAL_DOCUMENT_871,
PROC006614,APP02872,UP007641,47:13.6,55:26.7,Pass,Initial,HASH_IDENTITY_872,
PROC006615,APP02872,UP007642,49:34.5,06:43.1,Pass,Initial,HASH_INCOME_872,
PROC006616,APP02872,UP007643,02:29.3,24:45.7,Pass,Initial,HASH_ADDITIONAL_DOCUMENT_872,
PROC006617,APP02873,UP007644,20:09.8,36:08.4,Pass,Initial,HASH_IDENTITY_873,
PROC006618,APP02873,UP007645,27:42.9,43:47.7,Pass,Initial,HASH_INCOME_873,
PROC006619,APP02873,UP007646,31:54.7,56:16.9,Pass,Initial,HASH_ADDITIONAL_DOCUMENT_873,
PROC006620,APP02874,UP007647,11:54.1,21:21.9,Pass,Initial,HASH_IDENTITY_874,
PROC006621,APP02874,UP007648,18:14.9,32:02.5,Pass,Re-validation,HASH_INCOME_874,Rule-triggered re-verification
PROC006622,APP02874,UP007650,26:23.5,52:57.2,Pass,Re-validation,HASH_ADDITIONAL_DOCUMENT_874,Retry after failed upload
PROC006623,APP02875,UP007651,34:55.5,55:08.2,Pass,Initial,HASH_IDENTITY_875,
PROC006624,APP02875,UP007652,33:54.2,41:44.0,Fail,Initial,HASH_INCOME_875,
PROC006625,APP02875,UP007653,43:01.0,05:37.4,Pass,Initial,HASH_ADDITIONAL_DOCUMENT_875,
PROC006626,APP02876,UP007654,13:05.7,28:54.0,Pass,Initial,HASH_IDENTITY_876,
PROC006627,APP02876,UP007657,21:03.2,36:25.3,Pass,Re-validation,HASH_INCOME_876,Retry after failed upload
PROC006628,APP02876,UP007658,29:01.7,50:52.1,Pass,Initial,HASH_ADDITIONAL_DOCUMENT_876,
PROC006629,APP02877,UP007660,34:36.7,48:47.9,Pass,Re-validation,HASH_IDENTITY_877,Retry after failed upload
PROC006630,APP02877,UP007662,39:30.3,51:55.3,Pass,Re-validation,HASH_INCOME_877,Retry after failed upload
PROC006631,APP02877,UP007665,44:06.8,05:48.6,Pass,Re-validation,HASH_ADDITIONAL_DOCUMENT_877,Retry after failed upload
PROC006632,APP02878,UP007666,24:46.3,43:56.4,Pass,Initial,HASH_IDENTITY_878,
PROC006633,APP02878,UP007667,41:40.0,50:47.5,Pass,Initial,HASH_INCOME_878,
PROC006634,APP02878,UP007668,46:58.3,14:34.4,Fail,Initial,HASH_ADDITIONAL_DOCUMENT_878,
PROC006635,APP02879,UP007669,38:17.2,49:31.6,Pass,Re-validation,HASH_IDENTITY_879,Previous validation expired
PROC006636,APP02879,UP007670,37:24.9,48:33.0,Pass,Re-validation,HASH_INCOME_879,Previous validation expired
PROC006637,APP02879,UP007671,03:03.3,29:05.3,Pass,Initial,HASH_ADDITIONAL_DOCUMENT_879,
PROC006638,APP02880,UP007672,09:55.5,21:37.2,Pass,Initial,HASH_IDENTITY_880,
PROC006639,APP02880,UP007674,11:46.8,29:39.7,Pass,Re-validation,HASH_INCOME_880,Retry after failed upload
PROC006640,APP02880,UP007675,40:08.2,05:45.4,Pass,Initial,HASH_ADDITIONAL_DOCUMENT_880,
PROC006641,APP02881,UP007677,47:06.2,57:30.2,Pass,Re-validation,HASH_IDENTITY_881,Retry after failed upload
PROC006642,APP02881,UP007678,41:56.5,03:41.1,Pass,Initial,HASH_INCOME_881,
PROC006643,APP02881,UP007679,46:59.7,06:34.8,Pass,Initial,HASH_ADDITIONAL_DOCUMENT_881,
PROC006644,APP02882,UP007681,09:47.8,27:27.4,Pass,Re-validation,HASH_IDENTITY_882,Retry after failed upload
PROC006645,APP02882,UP007682,24:46.6,38:42.8,Pass,Re-validation,HASH_INCOME_882,Rule-triggered re-verification
PROC006646,APP02882,UP007683,29:48.0,46:20.3,Pass,Initial,HASH_ADDITIONAL_DOCUMENT_882,
PROC006647,APP02883,UP007686,50:36.2,10:27.2,Pass,Re-validation,HASH_IDENTITY_883,Retry after failed upload
PROC006648,APP02883,UP007687,59:27.4,15:50.0,Pass,Re-validation,HASH_INCOME_883,Rule-triggered re-verification
PROC006649,APP02883,UP007690,17:15.5,39:18.5,Fail,Re-validation,HASH_ADDITIONAL_DOCUMENT_883,Retry after failed upload
PROC006650,APP02884,UP007691,16:22.6,28:39.8,Pass,Initial,HASH_IDENTITY_884,
PROC006651,APP02884,UP007693,27:27.2,41:28.6,Pass,Re-validation,HASH_INCOME_884,Retry after failed upload
PROC006652,APP02884,UP007694,35:59.5,58:43.4,Pass,Re-validation,HASH_ADDITIONAL_DOCUMENT_884,Rule-triggered re-verification
PROC006653,APP02885,UP007695,44:17.8,59:23.2,Pass,Re-validation,HASH_IDENTITY_885,Previous validation expired
PROC006654,APP02885,UP007696,43:29.9,57:43.5,Pass,Re-validation,HASH_INCOME_885,Previous validation expired
PROC006655,APP02885,UP007697,58:47.9,18:31.2,Pass,Initial,HASH_ADDITIONAL_DOCUMENT_885,
PROC006656,APP02886,UP007698,25:57.9,49:54.5,Pass,Initial,HASH_IDENTITY_886,
PROC006657,APP02886,UP007699,28:35.9,47:25.8,Pass,Initial,HASH_INCOME_886,
PROC006658,APP02886,UP007700,40:44.7,07:01.0,Pass,Re-validation,HASH_ADDITIONAL_DOCUMENT_886,Rule-triggered re-verification
PROC006659,APP02887,UP007701,16:05.6,34:04.4,Pass,Initial,HASH_IDENTITY_887,
PROC006660,APP02887,UP007702,15:26.9,33:22.2,Pass,Initial,HASH_INCOME_887,
PROC006661,APP02887,UP007703,37:13.9,03:08.7,Pass,Re-validation,HASH_ADDITIONAL_DOCUMENT_887,Rule-triggered re-verification
PROC006662,APP02888,UP007705,45:10.7,57:33.1,Pass,Re-validation,HASH_IDENTITY_888,Retry after failed upload
PROC006663,APP02888,UP007707,34:11.4,49:13.3,Pass,Re-validation,HASH_INCOME_888,Retry after failed upload
PROC006664,APP02888,UP007708,08:12.4,31:22.7,Pass,Initial,HASH_ADDITIONAL_DOCUMENT_888,
PROC006665,APP02889,UP007709,53:33.8,12:13.5,Pass,Initial,HASH_IDENTITY_889,
PROC006666,APP02889,UP007710,58:25.1,16:32.8,Pass,Initial,HASH_INCOME_889,
PROC006667,APP02889,UP007711,11:00.8,30:51.7,Pass,Initial,HASH_ADDITIONAL_DOCUMENT_889,
PROC006668,APP02890,UP007712,11:42.7,31:57.9,Pass,Initial,HASH_IDENTITY_890,
PROC006669,APP02890,UP007713,20:18.0,43:30.1,Pass,Initial,HASH_INCOME_890,
PROC006670,APP02890,UP007714,27:04.6,48:12.3,Pass,Initial,HASH_ADDITIONAL_DOCUMENT_890,
PROC006671,APP02891,UP007715,53:19.4,11:36.5,Pass,Initial,HASH_IDENTITY_891,
PROC006672,APP02891,UP007718,00:09.9,08:51.5,Pass,Re-validation,HASH_INCOME_891,Retry after failed upload
PROC006673,APP02891,UP007719,15:24.7,41:10.0,Pass,Initial,HASH_ADDITIONAL_DOCUMENT_891,
PROC006674,APP02892,UP007720,53:05.4,07:01.3,Pass,Initial,HASH_IDENTITY_892,
PROC006675,APP02892,UP007721,26:41.3,48:59.6,Pass,Initial,HASH_INCOME_892,
PROC006676,APP02892,UP007723,10:03.2,37:08.7,Pass,Re-validation,HASH_ADDITIONAL_DOCUMENT_892,Retry after failed upload
PROC006677,APP02893,UP007724,50:14.3,06:09.1,Pass,Initial,HASH_IDENTITY_893,
PROC006678,APP02893,UP007725,49:12.6,02:06.5,Pass,Initial,HASH_INCOME_893,
PROC006679,APP02893,UP007726,11:04.2,38:39.7,Pass,Initial,HASH_ADDITIONAL_DOCUMENT_893,
PROC006680,APP02894,UP007727,20:03.8,38:41.2,Pass,Initial,HASH_IDENTITY_894,
PROC006681,APP02894,UP007728,12:13.3,25:22.9,Pass,Initial,HASH_INCOME_894,
PROC006682,APP02894,UP007729,27:05.8,50:57.9,Pass,Re-validation,HASH_ADDITIONAL_DOCUMENT_894,Previous validation expired
PROC006683,APP02895,UP007730,14:54.9,25:06.0,Pass,Initial,HASH_IDENTITY_895,
PROC006684,APP02895,UP007731,10:24.9,25:14.2,Pass,Initial,HASH_INCOME_895,
PROC006685,APP02895,UP007732,04:34.1,34:49.9,Pass,Initial,HASH_ADDITIONAL_DOCUMENT_895,
PROC006686,APP02896,UP007733,58:14.2,09:54.9,Pass,Re-validation,HASH_IDENTITY_896,Previous validation expired
PROC006687,APP02896,UP007734,56:56.7,17:50.9,Pass,Initial,HASH_INCOME_896,
PROC006688,APP02896,UP007735,15:46.1,45:13.8,Fail,Initial,HASH_ADDITIONAL_DOCUMENT_896,
PROC006689,APP02897,UP007736,58:07.0,05:11.4,Pass,Initial,HASH_IDENTITY_897,
PROC006690,APP02897,UP007737,58:45.2,13:06.6,Pass,Re-validation,HASH_INCOME_897,Previous validation expired
PROC006691,APP02897,UP007738,23:31.4,47:20.8,Pass,Initial,HASH_ADDITIONAL_DOCUMENT_897,
PROC006692,APP02898,UP007739,58:33.7,17:44.5,Pass,Initial,HASH_IDENTITY_898,
PROC006693,APP02898,UP007740,05:26.8,19:02.3,Pass,Initial,HASH_INCOME_898,
PROC006694,APP02898,UP007742,16:56.1,38:22.4,Pass,Re-validation,HASH_ADDITIONAL_DOCUMENT_898,Retry after failed upload
PROC006695,APP02899,UP007745,45:54.4,02:57.6,Pass,Re-validation,HASH_IDENTITY_899,Retry after failed upload
PROC006696,APP02899,UP007746,05:22.6,24:11.0,Pass,Initial,HASH_INCOME_899,
PROC006697,APP02899,UP007747,08:29.8,28:27.8,Fail,Initial,HASH_ADDITIONAL_DOCUMENT_899,
PROC006698,APP02900,UP007748,08:27.4,21:08.0,Pass,Initial,HASH_IDENTITY_900,
PROC006699,APP02900,UP007750,29:54.4,46:13.2,Pass,Re-validation,HASH_INCOME_900,Retry after failed upload
PROC006700,APP02900,UP007751,37:13.5,02:15.4,Pass,Re-validation,HASH_ADDITIONAL_DOCUMENT_900,Previous validation expired
PROC006701,APP02901,UP007752,50:21.9,08:47.1,Pass,Initial,HASH_IDENTITY_901,
PROC006702,APP02901,UP007753,15:23.5,31:16.5,Pass,Initial,HASH_INCOME_901,
PROC006703,APP02901,UP007754,18:56.2,35:21.6,Pass,Initial,HASH_ADDITIONAL_DOCUMENT_901,
PROC006704,APP02902,UP007755,34:01.1,52:29.0,Pass,Initial,HASH_IDENTITY_902,
PROC006705,APP02902,UP007756,41:05.4,51:24.1,Pass,Initial,HASH_INCOME_902,
PROC006706,APP02902,UP007757,38:01.1,58:22.3,Pass,Initial,HASH_ADDITIONAL_DOCUMENT_902,
PROC006707,APP02903,UP007758,58:05.9,12:34.7,Pass,Initial,HASH_IDENTITY_903,
PROC006708,APP02903,UP007759,44:37.3,54:10.0,Pass,Re-validation,HASH_INCOME_903,Previous validation expired
PROC006709,APP02903,UP007761,08:38.9,30:51.8,Pass,Re-validation,HASH_ADDITIONAL_DOCUMENT_903,Retry after failed upload
PROC006710,APP02904,UP007762,35:09.0,46:16.8,Fail,Re-validation,HASH_IDENTITY_904,Previous validation expired
PROC006711,APP02904,UP007763,32:09.5,45:59.7,Fail,Initial,HASH_INCOME_904,
PROC006712,APP02904,UP007766,04:17.9,31:59.1,Pass,Re-validation,HASH_ADDITIONAL_DOCUMENT_904,Retry after failed upload
PROC006713,APP02905,UP007767,19:21.4,34:30.5,Pass,Initial,HASH_IDENTITY_905,
PROC006714,APP02905,UP007768,36:22.5,45:17.6,Pass,Initial,HASH_INCOME_905,
PROC006715,APP02905,UP007769,32:42.3,00:56.1,Pass,Initial,HASH_ADDITIONAL_DOCUMENT_905,
PROC006716,APP02906,UP007770,53:54.0,06:53.5,Pass,Initial,HASH_IDENTITY_906,
PROC006717,APP02906,UP007771,56:24.8,06:17.0,Pass,Re-validation,HASH_INCOME_906,Previous validation expired
PROC006718,APP02906,UP007772,17:29.9,34:46.6,Pass,Initial,HASH_ADDITIONAL_DOCUMENT_906,
PROC006719,APP02907,UP007773,24:42.1,39:34.5,Pass,Initial,HASH_IDENTITY_907,
PROC006720,APP02907,UP007774,29:53.2,41:17.3,Fail,Initial,HASH_INCOME_907,
PROC006721,APP02907,UP007776,24:53.3,48:10.9,Pass,Re-validation,HASH_ADDITIONAL_DOCUMENT_907,Retry after failed upload
PROC006722,APP02908,UP007779,44:52.2,54:39.4,Pass,Re-validation,HASH_IDENTITY_908,Retry after failed upload
PROC006723,APP02908,UP007780,45:54.3,57:28.5,Pass,Re-validation,HASH_INCOME_908,Previous validation expired
PROC006724,APP02908,UP007782,01:32.2,23:13.3,Pass,Re-validation,HASH_ADDITIONAL_DOCUMENT_908,Retry after failed upload
PROC006725,APP02909,UP007783,02:19.6,13:30.2,Pass,Re-validation,HASH_IDENTITY_909,Previous validation expired
PROC006726,APP02909,UP007784,02:04.7,20:26.5,Pass,Initial,HASH_INCOME_909,
PROC006727,APP02909,UP007785,13:18.7,34:49.9,Pass,Initial,HASH_ADDITIONAL_DOCUMENT_909,
PROC006728,APP02910,UP007786,00:18.8,17:28.7,Pass,Initial,HASH_IDENTITY_910,
PROC006729,APP02910,UP007787,01:29.9,18:19.5,Pass,Initial,HASH_INCOME_910,
PROC006730,APP02910,UP007788,12:00.7,32:55.5,Fail,Initial,HASH_ADDITIONAL_DOCUMENT_910,
PROC006731,APP02911,UP007790,18:16.4,31:46.0,Pass,Re-validation,HASH_IDENTITY_911,Retry after failed upload
PROC006732,APP02911,UP007791,13:58.4,31:25.4,Pass,Initial,HASH_INCOME_911,
PROC006733,APP02911,UP007792,36:52.3,04:51.3,Pass,Initial,HASH_ADDITIONAL_DOCUMENT_911,
PROC006734,APP02912,UP007793,43:42.7,01:22.6,Pass,Initial,HASH_IDENTITY_912,
PROC006735,APP02912,UP007794,50:16.0,07:48.4,Pass,Re-validation,HASH_INCOME_912,System could not reuse prior result
PROC006736,APP02912,UP007795,06:57.6,36:07.8,Pass,Initial,HASH_ADDITIONAL_DOCUMENT_912,
PROC006737,APP02913,UP007796,14:43.1,26:13.5,Pass,Re-validation,HASH_IDENTITY_913,Previous validation expired
PROC006738,APP02913,UP007797,17:22.5,26:09.0,Pass,Initial,HASH_INCOME_913,
PROC006739,APP02913,UP007798,24:02.3,40:30.1,Fail,Re-validation,HASH_ADDITIONAL_DOCUMENT_913,Previous validation expired
PROC006740,APP02914,UP007799,57:24.8,17:52.5,Pass,Initial,HASH_IDENTITY_914,
PROC006741,APP02914,UP007800,14:56.7,37:56.4,Pass,Initial,HASH_INCOME_914,
PROC006742,APP02914,UP007801,40:19.8,03:36.6,Pass,Initial,HASH_ADDITIONAL_DOCUMENT_914,
PROC006743,APP02915,UP007802,55:03.3,14:15.0,Pass,Initial,HASH_IDENTITY_915,
PROC006744,APP02915,UP007804,06:07.6,19:28.7,Pass,Re-validation,HASH_INCOME_915,Retry after failed upload
PROC006745,APP02915,UP007806,19:37.4,46:55.4,Pass,Re-validation,HASH_ADDITIONAL_DOCUMENT_915,Retry after failed upload
PROC006746,APP02916,UP007807,06:03.9,22:31.1,Pass,Initial,HASH_IDENTITY_916,
PROC006747,APP02916,UP007808,20:49.7,33:51.4,Pass,Initial,HASH_INCOME_916,
PROC006748,APP02916,UP007809,28:51.9,50:15.9,Pass,Initial,HASH_ADDITIONAL_DOCUMENT_916,
PROC006749,APP02917,UP007810,21:57.9,32:12.0,Pass,Initial,HASH_IDENTITY_917,
PROC006750,APP02917,UP007813,35:11.2,51:15.7,Pass,Re-validation,HASH_INCOME_917,Retry after failed upload
PROC006751,APP02917,UP007814,21:14.5,41:46.0,Pass,Initial,HASH_ADDITIONAL_DOCUMENT_917,
PROC006752,APP02918,UP007815,25:28.9,47:57.0,Pass,Re-validation,HASH_IDENTITY_918,System could not reuse prior result
PROC006753,APP02918,UP007816,31:11.7,48:16.6,Pass,Initial,HASH_INCOME_918,
PROC006754,APP02918,UP007817,43:52.2,07:11.7,Pass,Initial,HASH_ADDITIONAL_DOCUMENT_918,
PROC006755,APP02919,UP007820,01:36.7,08:39.5,Pass,Re-validation,HASH_IDENTITY_919,Retry after failed upload
PROC006756,APP02919,UP007821,13:29.9,33:31.6,Pass,Initial,HASH_INCOME_919,
PROC006757,APP02919,UP007823,22:52.2,47:36.1,Pass,Re-validation,HASH_ADDITIONAL_DOCUMENT_919,Retry after failed upload
PROC006758,APP02920,UP007824,44:10.0,57:25.8,Pass,Initial,HASH_IDENTITY_920,
PROC006759,APP02920,UP007825,57:15.4,13:49.0,Pass,Re-validation,HASH_INCOME_920,Previous validation expired
PROC006760,APP02920,UP007826,12:30.6,30:36.4,Fail,Initial,HASH_ADDITIONAL_DOCUMENT_920,
PROC006761,APP02921,UP007827,58:25.4,13:33.5,Pass,Initial,HASH_IDENTITY_921,
PROC006762,APP02921,UP007828,53:27.9,07:01.1,Pass,Initial,HASH_INCOME_921,
PROC006763,APP02921,UP007829,08:15.2,32:39.3,Pass,Initial,HASH_ADDITIONAL_DOCUMENT_921,
PROC006764,APP02922,UP007830,46:52.7,55:36.1,Pass,Initial,HASH_IDENTITY_922,
PROC006765,APP02922,UP007831,47:16.4,09:34.8,Pass,Re-validation,HASH_INCOME_922,Rule-triggered re-verification
PROC006766,APP02922,UP007833,59:35.7,29:47.1,Pass,Re-validation,HASH_ADDITIONAL_DOCUMENT_922,Retry after failed upload
PROC006767,APP02923,UP007836,42:04.5,58:15.3,Pass,Re-validation,HASH_IDENTITY_923,Retry after failed upload
PROC006768,APP02923,UP007837,59:55.6,14:41.6,Pass,Initial,HASH_INCOME_923,
PROC006769,APP02923,UP007840,06:44.9,29:22.0,Pass,Re-validation,HASH_ADDITIONAL_DOCUMENT_923,Retry after failed upload
PROC006770,APP02924,UP007841,41:28.7,57:18.9,Pass,Initial,HASH_IDENTITY_924,
PROC006771,APP02924,UP007842,52:15.7,12:30.9,Pass,Initial,HASH_INCOME_924,
PROC006772,APP02924,UP007843,24:57.3,41:11.0,Pass,Initial,HASH_ADDITIONAL_DOCUMENT_924,
PROC006773,APP02925,UP007844,37:22.2,52:23.9,Pass,Initial,HASH_IDENTITY_925,
PROC006774,APP02925,UP007846,46:42.7,09:52.9,Pass,Re-validation,HASH_INCOME_925,Retry after failed upload
PROC006775,APP02925,UP007847,58:50.5,24:23.7,Pass,Re-validation,HASH_ADDITIONAL_DOCUMENT_925,Rule-triggered re-verification
PROC006776,APP02926,UP007848,03:57.5,22:34.2,Pass,Initial,HASH_IDENTITY_926,
PROC006777,APP02926,UP007849,14:08.6,29:45.9,Pass,Re-validation,HASH_INCOME_926,Previous validation expired
PROC006778,APP02926,UP007850,13:01.8,36:50.0,Pass,Initial,HASH_ADDITIONAL_DOCUMENT_926,
PROC006779,APP02927,UP007852,14:00.0,27:55.8,Pass,Re-validation,HASH_IDENTITY_927,Retry after failed upload
PROC006780,APP02927,UP007853,22:08.1,40:57.8,Pass,Initial,HASH_INCOME_927,
PROC006781,APP02927,UP007855,29:36.3,57:45.2,Pass,Re-validation,HASH_ADDITIONAL_DOCUMENT_927,Retry after failed upload
PROC006782,APP02928,UP007856,59:24.1,12:51.5,Pass,Initial,HASH_IDENTITY_928,
PROC006783,APP02928,UP007857,10:58.5,25:38.5,Pass,Initial,HASH_INCOME_928,
PROC006784,APP02928,UP007858,34:24.5,58:43.4,Pass,Initial,HASH_ADDITIONAL_DOCUMENT_928,
PROC006785,APP02929,UP007859,55:00.4,09:35.0,Pass,Initial,HASH_IDENTITY_929,
PROC006786,APP02929,UP007860,48:01.9,00:13.5,Pass,Initial,HASH_INCOME_929,
PROC006787,APP02929,UP007861,18:14.0,38:35.6,Pass,Initial,HASH_ADDITIONAL_DOCUMENT_929,
PROC006788,APP02930,UP007862,09:27.8,30:42.1,Pass,Re-validation,HASH_IDENTITY_930,Rule-triggered re-verification
PROC006789,APP02930,UP007863,08:31.2,27:35.1,Pass,Re-validation,HASH_INCOME_930,Rule-triggered re-verification
PROC006790,APP02930,UP007864,22:02.4,44:04.8,Pass,Initial,HASH_ADDITIONAL_DOCUMENT_930,
PROC006791,APP02931,UP007865,17:24.2,22:03.8,Fail,Initial,HASH_IDENTITY_931,
PROC006792,APP02931,UP007866,24:14.8,37:54.8,Pass,Re-validation,HASH_INCOME_931,System could not reuse prior result
PROC006793,APP02931,UP007867,32:45.5,54:01.9,Pass,Initial,HASH_ADDITIONAL_DOCUMENT_931,
PROC006794,APP02932,UP007868,35:30.5,44:56.3,Pass,Initial,HASH_IDENTITY_932,
PROC006795,APP02932,UP007870,37:47.2,50:28.6,Pass,Re-validation,HASH_INCOME_932,Retry after failed upload
PROC006796,APP02932,UP007871,55:12.8,20:50.7,Pass,Re-validation,HASH_ADDITIONAL_DOCUMENT_932,Previous validation expired
PROC006797,APP02933,UP007872,44:18.0,59:05.6,Pass,Initial,HASH_IDENTITY_933,
PROC006798,APP02933,UP007873,37:34.8,56:09.9,Fail,Initial,HASH_INCOME_933,
PROC006799,APP02933,UP007874,48:42.5,15:32.2,Pass,Initial,HASH_ADDITIONAL_DOCUMENT_933,
PROC006800,APP02934,UP007875,43:36.2,56:27.5,Pass,Initial,HASH_IDENTITY_934,
PROC006801,APP02934,UP007876,27:15.3,40:16.8,Pass,Initial,HASH_INCOME_934,
PROC006802,APP02934,UP007877,55:37.8,17:59.1,Pass,Initial,HASH_ADDITIONAL_DOCUMENT_934,
PROC006803,APP02935,UP007878,30:59.0,45:20.1,Pass,Initial,HASH_IDENTITY_935,
PROC006804,APP02935,UP007879,25:31.4,43:40.4,Pass,Initial,HASH_INCOME_935,
PROC006805,APP02935,UP007880,56:00.1,27:19.7,Pass,Initial,HASH_ADDITIONAL_DOCUMENT_935,
PROC006806,APP02936,UP007882,38:38.8,48:11.2,Pass,Re-validation,HASH_IDENTITY_936,Retry after failed upload
PROC006807,APP02936,UP007883,40:03.6,58:37.9,Pass,Initial,HASH_INCOME_936,
PROC006808,APP02936,UP007884,48:02.7,09:28.4,Pass,Re-validation,HASH_ADDITIONAL_DOCUMENT_936,Rule-triggered re-verification
PROC006809,APP02937,UP007885,57:31.9,01:49.1,Fail,Initial,HASH_IDENTITY_937,
PROC006810,APP02937,UP007888,03:01.2,10:24.0,Pass,Re-validation,HASH_INCOME_937,Retry after failed upload
PROC006811,APP02937,UP007889,04:56.8,31:04.4,Pass,Initial,HASH_ADDITIONAL_DOCUMENT_937,
PROC006812,APP02938,UP007892,57:30.2,11:32.9,Pass,Re-validation,HASH_IDENTITY_938,Retry after failed upload
PROC006813,APP02938,UP007893,54:00.6,11:05.0,Fail,Initial,HASH_INCOME_938,
PROC006814,APP02938,UP007894,09:34.5,29:55.8,Pass,Initial,HASH_ADDITIONAL_DOCUMENT_938,
PROC006815,APP02939,UP007895,57:49.4,17:18.8,Pass,Initial,HASH_IDENTITY_939,
PROC006816,APP02939,UP007896,01:04.0,22:57.9,Pass,Re-validation,HASH_INCOME_939,System could not reuse prior result
PROC006817,APP02939,UP007897,17:41.3,37:16.6,Pass,Initial,HASH_ADDITIONAL_DOCUMENT_939,
PROC006818,APP02940,UP007898,50:56.6,03:53.2,Pass,Initial,HASH_IDENTITY_940,
PROC006819,APP02940,UP007899,43:13.1,52:32.5,Pass,Re-validation,HASH_INCOME_940,System could not reuse prior result
PROC006820,APP02940,UP007900,03:30.2,30:04.7,Pass,Initial,HASH_ADDITIONAL_DOCUMENT_940,
PROC006821,APP02941,UP007901,57:06.9,12:55.4,Pass,Initial,HASH_IDENTITY_941,
PROC006822,APP02941,UP007902,52:37.3,12:24.8,Pass,Re-validation,HASH_INCOME_941,System could not reuse prior result
PROC006823,APP02941,UP007903,04:34.3,28:42.2,Pass,Re-validation,HASH_ADDITIONAL_DOCUMENT_941,System could not reuse prior result
PROC006824,APP02942,UP007904,45:29.7,56:53.4,Pass,Initial,HASH_IDENTITY_942,
PROC006825,APP02942,UP007907,50:44.4,04:26.5,Pass,Re-validation,HASH_INCOME_942,Retry after failed upload
PROC006826,APP02942,UP007908,13:31.0,30:28.9,Pass,Initial,HASH_ADDITIONAL_DOCUMENT_942,
PROC006827,APP02943,UP007909,30:01.7,43:46.9,Pass,Re-validation,HASH_IDENTITY_943,System could not reuse prior result
PROC006828,APP02943,UP007911,48:15.2,02:35.9,Pass,Re-validation,HASH_INCOME_943,Retry after failed upload
PROC006829,APP02943,UP007912,53:32.1,14:48.8,Pass,Initial,HASH_ADDITIONAL_DOCUMENT_943,
PROC006830,APP02944,UP007913,50:00.9,00:10.5,Pass,Initial,HASH_IDENTITY_944,
PROC006831,APP02944,UP007914,08:19.6,24:11.6,Pass,Initial,HASH_INCOME_944,
PROC006832,APP02944,UP007915,11:46.3,32:00.5,Pass,Re-validation,HASH_ADDITIONAL_DOCUMENT_944,System could not reuse prior result
PROC006833,APP02945,UP007916,23:35.0,34:35.1,Pass,Initial,HASH_IDENTITY_945,
PROC006834,APP02945,UP007918,18:35.4,39:59.5,Pass,Re-validation,HASH_INCOME_945,Retry after failed upload
PROC006835,APP02945,UP007919,28:42.7,49:31.5,Pass,Initial,HASH_ADDITIONAL_DOCUMENT_945,
PROC006836,APP02946,UP007920,32:19.2,52:06.7,Pass,Initial,HASH_IDENTITY_946,
PROC006837,APP02946,UP007921,55:09.0,10:58.5,Pass,Initial,HASH_INCOME_946,
PROC006838,APP02946,UP007922,55:35.8,12:55.4,Pass,Initial,HASH_ADDITIONAL_DOCUMENT_946,
PROC006839,APP02947,UP007924,35:48.3,50:36.3,Fail,Re-validation,HASH_IDENTITY_947,Retry after failed upload
PROC006840,APP02947,UP007925,37:32.7,54:50.8,Pass,Re-validation,HASH_INCOME_947,Previous validation expired
PROC006841,APP02947,UP007926,41:23.6,08:28.5,Pass,Initial,HASH_ADDITIONAL_DOCUMENT_947,
PROC006842,APP02948,UP007927,00:49.0,24:53.9,Pass,Initial,HASH_IDENTITY_948,
PROC006843,APP02948,UP007928,02:16.3,14:15.1,Pass,Initial,HASH_INCOME_948,
PROC006844,APP02948,UP007930,14:13.5,40:56.7,Pass,Re-validation,HASH_ADDITIONAL_DOCUMENT_948,Retry after failed upload
PROC006845,APP02949,UP007932,17:28.5,26:50.8,Pass,Re-validation,HASH_IDENTITY_949,Retry after failed upload
PROC006846,APP02949,UP007933,29:56.4,51:10.3,Pass,Re-validation,HASH_INCOME_949,Previous validation expired
PROC006847,APP02949,UP007934,42:21.2,10:11.6,Pass,Re-validation,HASH_ADDITIONAL_DOCUMENT_949,Rule-triggered re-verification
PROC006848,APP02950,UP007935,49:38.5,01:54.1,Pass,Re-validation,HASH_IDENTITY_950,Previous validation expired
PROC006849,APP02950,UP007936,42:09.6,59:48.3,Pass,Re-validation,HASH_INCOME_950,Rule-triggered re-verification
PROC006850,APP02950,UP007937,55:04.1,13:58.8,Pass,Initial,HASH_ADDITIONAL_DOCUMENT_950,
PROC006851,APP02951,UP007939,14:41.5,31:25.3,Pass,Re-validation,HASH_IDENTITY_951,Retry after failed upload
PROC006852,APP02951,UP007940,09:40.7,20:17.4,Pass,Initial,HASH_INCOME_951,
PROC006853,APP02951,UP007941,20:30.3,39:10.7,Pass,Initial,HASH_ADDITIONAL_DOCUMENT_951,
PROC006854,APP02952,UP007942,56:45.4,11:12.5,Pass,Initial,HASH_IDENTITY_952,
PROC006855,APP02952,UP007945,04:52.8,21:17.8,Pass,Re-validation,HASH_INCOME_952,Retry after failed upload
PROC006856,APP02952,UP007946,16:51.2,40:54.7,Pass,Initial,HASH_ADDITIONAL_DOCUMENT_952,
PROC006857,APP02953,UP007947,18:12.2,34:18.1,Pass,Initial,HASH_IDENTITY_953,
PROC006858,APP02953,UP007948,26:51.5,40:28.3,Pass,Initial,HASH_INCOME_953,
PROC006859,APP02953,UP007949,51:24.8,16:17.7,Pass,Initial,HASH_ADDITIONAL_DOCUMENT_953,
PROC006860,APP02954,UP007950,41:56.6,59:37.8,Pass,Initial,HASH_IDENTITY_954,
PROC006861,APP02954,UP007951,49:20.2,05:09.5,Pass,Re-validation,HASH_INCOME_954,Rule-triggered re-verification
PROC006862,APP02954,UP007952,08:06.9,31:26.3,Pass,Initial,HASH_ADDITIONAL_DOCUMENT_954,
PROC006863,APP02955,UP007953,10:27.2,24:13.3,Pass,Re-validation,HASH_IDENTITY_955,System could not reuse prior result
PROC006864,APP02955,UP007954,05:21.0,20:08.7,Pass,Initial,HASH_INCOME_955,
PROC006865,APP02955,UP007955,35:20.0,57:38.4,Pass,Re-validation,HASH_ADDITIONAL_DOCUMENT_955,Rule-triggered re-verification
PROC006866,APP02956,UP007956,28:33.3,46:25.4,Pass,Initial,HASH_IDENTITY_956,
PROC006867,APP02956,UP007958,38:49.3,57:30.2,Pass,Re-validation,HASH_INCOME_956,Retry after failed upload
PROC006868,APP02956,UP007961,51:28.6,22:03.4,Pass,Re-validation,HASH_ADDITIONAL_DOCUMENT_956,Retry after failed upload
PROC006869,APP02957,UP007962,16:46.8,30:39.2,Pass,Initial,HASH_IDENTITY_957,
PROC006870,APP02957,UP007963,27:07.9,46:49.9,Pass,Initial,HASH_INCOME_957,
PROC006871,APP02957,UP007964,18:57.7,50:32.9,Pass,Re-validation,HASH_ADDITIONAL_DOCUMENT_957,Rule-triggered re-verification
PROC006872,APP02958,UP007965,33:09.5,46:24.5,Pass,Re-validation,HASH_IDENTITY_958,Previous validation expired
PROC006873,APP02958,UP007968,43:57.7,55:56.3,Pass,Re-validation,HASH_INCOME_958,Retry after failed upload
PROC006874,APP02958,UP007970,42:43.9,03:37.2,Pass,Re-validation,HASH_ADDITIONAL_DOCUMENT_958,Retry after failed upload
PROC006875,APP02959,UP007971,26:14.4,42:46.1,Pass,Re-validation,HASH_IDENTITY_959,Previous validation expired
PROC006876,APP02959,UP007972,45:34.7,52:31.1,Fail,Initial,HASH_INCOME_959,
PROC006877,APP02959,UP007973,38:09.5,49:39.7,Pass,Initial,HASH_ADDITIONAL_DOCUMENT_959,
PROC006878,APP02960,UP007974,18:02.8,34:57.9,Pass,Re-validation,HASH_IDENTITY_960,System could not reuse prior result
PROC006879,APP02960,UP007975,16:33.4,35:23.8,Pass,Initial,HASH_INCOME_960,
PROC006880,APP02960,UP007977,35:29.5,01:15.4,Pass,Re-validation,HASH_ADDITIONAL_DOCUMENT_960,Retry after failed upload
PROC006881,APP02961,UP007978,47:17.3,00:18.0,Pass,Initial,HASH_IDENTITY_961,
PROC006882,APP02961,UP007979,52:27.2,10:07.2,Pass,Initial,HASH_INCOME_961,
PROC006883,APP02961,UP007980,01:37.8,19:55.3,Pass,Initial,HASH_ADDITIONAL_DOCUMENT_961,
PROC006884,APP02962,UP007981,41:29.4,53:56.0,Pass,Initial,HASH_IDENTITY_962,
PROC006885,APP02962,UP007982,55:58.0,15:21.9,Pass,Re-validation,HASH_INCOME_962,Rule-triggered re-verification
PROC006886,APP02962,UP007983,05:36.0,22:42.6,Pass,Initial,HASH_ADDITIONAL_DOCUMENT_962,
PROC006887,APP02963,UP007984,16:28.2,27:59.9,Pass,Initial,HASH_IDENTITY_963,
PROC006888,APP02963,UP007987,19:43.9,35:00.7,Pass,Re-validation,HASH_INCOME_963,Retry after failed upload
PROC006889,APP02963,UP007988,29:07.3,40:48.8,Pass,Re-validation,HASH_ADDITIONAL_DOCUMENT_963,System could not reuse prior result
PROC006890,APP02964,UP007989,17:46.9,30:37.4,Pass,Initial,HASH_IDENTITY_964,
PROC006891,APP02964,UP007990,21:44.2,43:37.0,Pass,Initial,HASH_INCOME_964,
PROC006892,APP02964,UP007992,38:22.4,00:34.1,Pass,Re-validation,HASH_ADDITIONAL_DOCUMENT_964,Retry after failed upload
PROC006893,APP02965,UP007993,39:07.5,45:13.4,Fail,Re-validation,HASH_IDENTITY_965,Rule-triggered re-verification
PROC006894,APP02965,UP007994,45:08.5,03:39.4,Pass,Initial,HASH_INCOME_965,
PROC006895,APP02965,UP007996,54:20.3,23:14.9,Pass,Re-validation,HASH_ADDITIONAL_DOCUMENT_965,Retry after failed upload
PROC006896,APP02966,UP007997,37:53.4,52:50.9,Pass,Re-validation,HASH_IDENTITY_966,Previous validation expired
PROC006897,APP02966,UP007998,52:47.2,05:47.2,Pass,Re-validation,HASH_INCOME_966,Previous validation expired
PROC006898,APP02966,UP007999,02:04.6,24:11.5,Fail,Initial,HASH_ADDITIONAL_DOCUMENT_966,
PROC006899,APP02967,UP008000,19:27.6,31:31.0,Pass,Initial,HASH_IDENTITY_967,
PROC006900,APP02967,UP008001,24:19.2,42:45.6,Pass,Re-validation,HASH_INCOME_967,Previous validation expired
PROC006901,APP02967,UP008002,32:48.1,52:06.3,Pass,Initial,HASH_ADDITIONAL_DOCUMENT_967,
PROC006902,APP02968,UP008004,59:16.6,15:14.8,Pass,Re-validation,HASH_IDENTITY_968,Retry after failed upload
PROC006903,APP02968,UP008006,53:48.2,10:16.2,Pass,Re-validation,HASH_INCOME_968,Retry after failed upload
PROC006904,APP02968,UP008007,06:06.9,32:26.4,Pass,Initial,HASH_ADDITIONAL_DOCUMENT_968,
PROC006905,APP02969,UP008009,20:03.1,40:42.5,Pass,Re-validation,HASH_IDENTITY_969,Retry after failed upload
PROC006906,APP02969,UP008010,27:04.2,36:29.5,Pass,Initial,HASH_INCOME_969,
PROC006907,APP02969,UP008011,43:41.7,02:52.9,Fail,Initial,HASH_ADDITIONAL_DOCUMENT_969,
PROC006908,APP02970,UP008012,58:13.0,12:56.4,Pass,Re-validation,HASH_IDENTITY_970,Previous validation expired
PROC006909,APP02970,UP008013,03:49.3,19:24.0,Pass,Initial,HASH_INCOME_970,
PROC006910,APP02970,UP008014,26:35.4,51:33.3,Pass,Initial,HASH_ADDITIONAL_DOCUMENT_970,
PROC006911,APP02971,UP008015,19:38.7,37:29.3,Pass,Initial,HASH_IDENTITY_971,
PROC006912,APP02971,UP008016,24:57.8,42:20.5,Fail,Initial,HASH_INCOME_971,
PROC006913,APP02971,UP008017,38:39.4,56:16.0,Pass,Re-validation,HASH_ADDITIONAL_DOCUMENT_971,System could not reuse prior result
PROC006914,APP02972,UP008018,04:53.4,21:24.4,Pass,Initial,HASH_IDENTITY_972,
PROC006915,APP02972,UP008019,58:15.5,13:19.2,Pass,Initial,HASH_INCOME_972,
PROC006916,APP02972,UP008020,19:49.1,45:22.0,Fail,Re-validation,HASH_ADDITIONAL_DOCUMENT_972,System could not reuse prior result
PROC006917,APP02973,UP008021,02:21.7,22:52.0,Pass,Initial,HASH_IDENTITY_973,
PROC006918,APP02973,UP008024,03:37.3,24:34.3,Pass,Re-validation,HASH_INCOME_973,Retry after failed upload
PROC006919,APP02973,UP008025,08:01.6,36:57.4,Pass,Initial,HASH_ADDITIONAL_DOCUMENT_973,
PROC006920,APP02974,UP008026,35:58.2,45:23.5,Pass,Initial,HASH_IDENTITY_974,
PROC006921,APP02974,UP008027,44:58.6,00:56.6,Pass,Re-validation,HASH_INCOME_974,Previous validation expired
PROC006922,APP02974,UP008028,50:50.6,22:07.6,Pass,Initial,HASH_ADDITIONAL_DOCUMENT_974,
PROC006923,APP02975,UP008029,35:48.2,45:15.6,Pass,Initial,HASH_IDENTITY_975,
PROC006924,APP02975,UP008030,46:24.3,01:09.8,Fail,Initial,HASH_INCOME_975,
PROC006925,APP02975,UP008031,49:40.5,08:25.0,Pass,Initial,HASH_ADDITIONAL_DOCUMENT_975,
PROC006926,APP02976,UP008032,49:06.0,07:27.5,Pass,Initial,HASH_IDENTITY_976,
PROC006927,APP02976,UP008033,55:43.3,12:14.8,Pass,Initial,HASH_INCOME_976,
PROC006928,APP02976,UP008034,00:25.2,18:19.0,Pass,Re-validation,HASH_ADDITIONAL_DOCUMENT_976,Previous validation expired
PROC006929,APP02977,UP008035,04:20.9,18:36.3,Fail,Re-validation,HASH_IDENTITY_977,System could not reuse prior result
PROC006930,APP02977,UP008036,10:13.9,26:10.3,Pass,Initial,HASH_INCOME_977,
PROC006931,APP02977,UP008037,14:51.4,39:59.1,Pass,Initial,HASH_ADDITIONAL_DOCUMENT_977,
PROC006932,APP02978,UP008039,37:34.4,54:53.4,Fail,Re-validation,HASH_IDENTITY_978,Retry after failed upload
PROC006933,APP02978,UP008040,47:11.2,07:05.1,Pass,Initial,HASH_INCOME_978,
PROC006934,APP02978,UP008041,01:49.3,20:56.7,Pass,Re-validation,HASH_ADDITIONAL_DOCUMENT_978,Previous validation expired
PROC006935,APP02979,UP008042,18:13.3,27:51.4,Pass,Re-validation,HASH_IDENTITY_979,Rule-triggered re-verification
PROC006936,APP02979,UP008043,23:01.5,34:43.4,Pass,Initial,HASH_INCOME_979,
PROC006937,APP02979,UP008044,36:47.9,53:28.3,Pass,Re-validation,HASH_ADDITIONAL_DOCUMENT_979,Previous validation expired
PROC006938,APP02980,UP008045,58:57.8,14:52.6,Pass,Initial,HASH_IDENTITY_980,
PROC006939,APP02980,UP008046,41:28.9,58:45.8,Pass,Re-validation,HASH_INCOME_980,Previous validation expired
PROC006940,APP02980,UP008047,59:04.7,18:22.4,Pass,Initial,HASH_ADDITIONAL_DOCUMENT_980,
PROC006941,APP02981,UP008048,07:46.6,24:06.5,Pass,Initial,HASH_IDENTITY_981,
PROC006942,APP02981,UP008049,26:14.3,41:28.4,Pass,Initial,HASH_INCOME_981,
PROC006943,APP02981,UP008050,11:16.7,28:22.8,Pass,Initial,HASH_ADDITIONAL_DOCUMENT_981,
PROC006944,APP02982,UP008051,46:55.1,56:37.3,Pass,Initial,HASH_IDENTITY_982,
PROC006945,APP02982,UP008052,43:31.8,58:35.8,Pass,Initial,HASH_INCOME_982,
PROC006946,APP02982,UP008054,50:29.3,17:43.2,Pass,Re-validation,HASH_ADDITIONAL_DOCUMENT_982,Retry after failed upload
PROC006947,APP02983,UP008055,22:57.9,38:30.4,Pass,Initial,HASH_IDENTITY_983,
PROC006948,APP02983,UP008058,26:21.2,50:06.5,Pass,Re-validation,HASH_INCOME_983,Retry after failed upload
PROC006949,APP02983,UP008059,46:06.3,06:22.1,Pass,Initial,HASH_ADDITIONAL_DOCUMENT_983,
PROC006950,APP02984,UP008062,31:16.5,49:51.7,Pass,Re-validation,HASH_IDENTITY_984,Retry after failed upload
PROC006951,APP02984,UP008063,32:11.2,47:38.2,Pass,Initial,HASH_INCOME_984,
PROC006952,APP02984,UP008064,50:07.2,15:13.5,Pass,Initial,HASH_ADDITIONAL_DOCUMENT_984,
PROC006953,APP02985,UP008065,02:03.7,18:41.5,Pass,Initial,HASH_IDENTITY_985,
PROC006954,APP02985,UP008066,18:52.1,35:26.4,Pass,Initial,HASH_INCOME_985,
PROC006955,APP02985,UP008067,20:45.0,38:42.5,Pass,Re-validation,HASH_ADDITIONAL_DOCUMENT_985,Previous validation expired
PROC006956,APP02986,UP008068,50:32.3,05:04.3,Pass,Initial,HASH_IDENTITY_986,
PROC006957,APP02986,UP008070,04:46.1,20:46.8,Pass,Re-validation,HASH_INCOME_986,Retry after failed upload
PROC006958,APP02986,UP008071,06:08.2,26:15.5,Pass,Initial,HASH_ADDITIONAL_DOCUMENT_986,
PROC006959,APP02987,UP008072,20:30.3,33:51.2,Pass,Initial,HASH_IDENTITY_987,
PROC006960,APP02987,UP008073,16:35.2,33:08.6,Pass,Initial,HASH_INCOME_987,
PROC006961,APP02987,UP008074,48:58.6,13:17.4,Pass,Initial,HASH_ADDITIONAL_DOCUMENT_987,
PROC006962,APP02988,UP008075,29:11.4,43:20.8,Pass,Initial,HASH_IDENTITY_988,
PROC006963,APP02988,UP008077,08:55.5,27:01.0,Pass,Re-validation,HASH_INCOME_988,Retry after failed upload
PROC006964,APP02988,UP008079,22:34.8,48:45.8,Pass,Re-validation,HASH_ADDITIONAL_DOCUMENT_988,Retry after failed upload
PROC006965,APP02989,UP008080,47:23.3,59:41.3,Pass,Initial,HASH_IDENTITY_989,
PROC006966,APP02989,UP008081,34:14.8,44:55.8,Pass,Re-validation,HASH_INCOME_989,System could not reuse prior result
PROC006967,APP02989,UP008082,47:47.7,15:32.8,Pass,Re-validation,HASH_ADDITIONAL_DOCUMENT_989,Rule-triggered re-verification
PROC006968,APP02990,UP008083,37:46.1,49:50.2,Pass,Initial,HASH_IDENTITY_990,
PROC006969,APP02990,UP008084,56:53.3,19:50.7,Pass,Initial,HASH_INCOME_990,
PROC006970,APP02990,UP008087,49:55.1,12:24.6,Pass,Re-validation,HASH_ADDITIONAL_DOCUMENT_990,Retry after failed upload
PROC006971,APP02991,UP008088,33:21.0,45:04.5,Pass,Initial,HASH_IDENTITY_991,
PROC006972,APP02991,UP008089,25:02.9,44:51.2,Pass,Re-validation,HASH_INCOME_991,Previous validation expired
PROC006973,APP02991,UP008091,53:20.0,15:49.3,Pass,Re-validation,HASH_ADDITIONAL_DOCUMENT_991,Retry after failed upload
PROC006974,APP02992,UP008093,57:03.3,13:03.5,Pass,Re-validation,HASH_IDENTITY_992,Retry after failed upload
PROC006975,APP02992,UP008094,00:19.5,16:54.5,Pass,Re-validation,HASH_INCOME_992,Rule-triggered re-verification
PROC006976,APP02992,UP008097,52:47.9,18:56.4,Pass,Re-validation,HASH_ADDITIONAL_DOCUMENT_992,Retry after failed upload
PROC006977,APP02993,UP008098,23:21.8,36:41.1,Pass,Re-validation,HASH_IDENTITY_993,Rule-triggered re-verification
PROC006978,APP02993,UP008099,25:20.8,42:56.9,Pass,Re-validation,HASH_INCOME_993,System could not reuse prior result
PROC006979,APP02993,UP008100,34:56.3,54:56.5,Pass,Initial,HASH_ADDITIONAL_DOCUMENT_993,
PROC006980,APP02994,UP008101,55:54.6,09:00.9,Pass,Initial,HASH_IDENTITY_994,
PROC006981,APP02994,UP008102,10:57.9,28:47.3,Pass,Initial,HASH_INCOME_994,
PROC006982,APP02994,UP008103,25:20.3,49:55.4,Pass,Re-validation,HASH_ADDITIONAL_DOCUMENT_994,Rule-triggered re-verification
PROC006983,APP02995,UP008104,26:06.1,41:32.6,Pass,Initial,HASH_IDENTITY_995,
PROC006984,APP02995,UP008107,28:36.9,46:28.4,Pass,Re-validation,HASH_INCOME_995,Retry after failed upload
PROC006985,APP02995,UP008108,49:31.5,12:57.2,Pass,Re-validation,HASH_ADDITIONAL_DOCUMENT_995,Previous validation expired
PROC006986,APP02996,UP008109,54:48.5,11:09.0,Pass,Initial,HASH_IDENTITY_996,
PROC006987,APP02996,UP008110,52:15.6,06:25.2,Pass,Initial,HASH_INCOME_996,
PROC006988,APP02996,UP008111,20:05.3,46:56.9,Pass,Re-validation,HASH_ADDITIONAL_DOCUMENT_996,Previous validation expired
PROC006989,APP02997,UP008112,53:49.5,09:03.0,Pass,Initial,HASH_IDENTITY_997,
PROC006990,APP02997,UP008113,51:19.5,12:49.8,Pass,Re-validation,HASH_INCOME_997,Rule-triggered re-verification
PROC006991,APP02997,UP008114,54:52.7,17:31.6,Pass,Re-validation,HASH_ADDITIONAL_DOCUMENT_997,Rule-triggered re-verification
PROC006992,APP02998,UP008115,06:56.8,23:05.3,Pass,Re-validation,HASH_IDENTITY_998,System could not reuse prior result
PROC006993,APP02998,UP008116,17:33.2,36:54.0,Pass,Initial,HASH_INCOME_998,
PROC006994,APP02998,UP008117,23:51.5,45:53.2,Pass,Re-validation,HASH_ADDITIONAL_DOCUMENT_998,Previous validation expired
PROC006995,APP02999,UP008118,51:59.3,01:58.6,Pass,Re-validation,HASH_IDENTITY_999,Previous validation expired
PROC006996,APP02999,UP008119,58:26.9,08:10.9,Pass,Initial,HASH_INCOME_999,
PROC006997,APP02999,UP008120,01:51.9,33:45.0,Pass,Initial,HASH_ADDITIONAL_DOCUMENT_999,
PROC006998,APP03000,UP008121,48:43.5,57:11.4,Pass,Initial,HASH_IDENTITY_000,
PROC006999,APP03000,UP008123,01:43.4,17:55.7,Pass,Re-validation,HASH_INCOME_000,Retry after failed upload
PROC007000,APP03000,UP008125,02:53.3,22:53.7,Pass,Re-validation,HASH_ADDITIONAL_DOCUMENT_000,Retry after failed upload
PROC007001,APP03001,UP008126,17:46.4,37:45.4,Pass,Re-validation,HASH_IDENTITY_001,System could not reuse prior result
PROC007002,APP03001,UP008127,22:54.0,31:10.2,Pass,Re-validation,HASH_INCOME_001,Previous validation expired
PROC007003,APP03001,UP008128,38:02.4,02:22.7,Pass,Initial,HASH_ADDITIONAL_DOCUMENT_001,
PROC007004,APP03002,UP008129,48:08.7,11:12.9,Pass,Initial,HASH_IDENTITY_002,
PROC007005,APP03002,UP008130,55:53.7,12:33.9,Pass,Initial,HASH_INCOME_002,
PROC007006,APP03002,UP008133,51:55.6,09:56.4,Pass,Re-validation,HASH_ADDITIONAL_DOCUMENT_002,Retry after failed upload
PROC007007,APP03003,UP008134,05:50.2,22:54.5,Pass,Initial,HASH_IDENTITY_003,
PROC007008,APP03003,UP008135,03:49.6,23:54.4,Pass,Initial,HASH_INCOME_003,
PROC007009,APP03003,UP008136,31:13.0,44:57.3,Pass,Initial,HASH_ADDITIONAL_DOCUMENT_003,
PROC007010,APP03004,UP008137,44:20.8,58:08.1,Pass,Initial,HASH_IDENTITY_004,
PROC007011,APP03004,UP008138,59:51.5,20:04.4,Pass,Initial,HASH_INCOME_004,
PROC007012,APP03004,UP008141,01:47.0,28:54.5,Pass,Re-validation,HASH_ADDITIONAL_DOCUMENT_004,Retry after failed upload
PROC007013,APP03005,UP008142,37:00.5,54:48.9,Pass,Initial,HASH_IDENTITY_005,
PROC007014,APP03005,UP008145,35:15.6,47:53.2,Pass,Re-validation,HASH_INCOME_005,Retry after failed upload
PROC007015,APP03005,UP008146,03:01.7,20:35.7,Pass,Initial,HASH_ADDITIONAL_DOCUMENT_005,
PROC007016,APP03006,UP008147,06:12.7,20:05.8,Pass,Initial,HASH_IDENTITY_006,
PROC007017,APP03006,UP008148,19:33.3,33:33.3,Pass,Re-validation,HASH_INCOME_006,Previous validation expired
PROC007018,APP03006,UP008149,14:16.6,44:22.8,Pass,Initial,HASH_ADDITIONAL_DOCUMENT_006,
PROC007019,APP03007,UP008150,27:13.3,42:30.9,Pass,Initial,HASH_IDENTITY_007,
PROC007020,APP03007,UP008151,42:28.6,59:30.1,Pass,Initial,HASH_INCOME_007,
PROC007021,APP03007,UP008152,49:59.3,14:47.3,Pass,Initial,HASH_ADDITIONAL_DOCUMENT_007,
PROC007022,APP03008,UP008153,36:26.2,49:38.9,Pass,Initial,HASH_IDENTITY_008,
PROC007023,APP03008,UP008154,04:20.7,27:46.2,Fail,Initial,HASH_INCOME_008,
PROC007024,APP03008,UP008156,47:47.4,15:55.8,Fail,Re-validation,HASH_ADDITIONAL_DOCUMENT_008,Retry after failed upload
PROC007025,APP03009,UP008157,09:08.4,22:29.2,Pass,Re-validation,HASH_IDENTITY_009,System could not reuse prior result
PROC007026,APP03009,UP008159,56:57.1,19:13.6,Pass,Re-validation,HASH_INCOME_009,Retry after failed upload
PROC007027,APP03009,UP008160,32:16.6,49:33.8,Pass,Initial,HASH_ADDITIONAL_DOCUMENT_009,
PROC007028,APP03010,UP008161,14:05.4,32:16.9,Pass,Initial,HASH_IDENTITY_010,
PROC007029,APP03010,UP008162,19:56.6,32:59.1,Pass,Initial,HASH_INCOME_010,
PROC007030,APP03010,UP008163,45:25.5,58:53.8,Pass,Initial,HASH_ADDITIONAL_DOCUMENT_010,
PROC007031,APP03011,UP008164,06:17.0,24:18.1,Fail,Initial,HASH_IDENTITY_011,
PROC007032,APP03011,UP008165,10:25.1,24:24.4,Pass,Initial,HASH_INCOME_011,
PROC007033,APP03011,UP008166,31:16.4,50:23.6,Pass,Initial,HASH_ADDITIONAL_DOCUMENT_011,
PROC007034,APP03012,UP008167,34:54.7,56:47.4,Pass,Initial,HASH_IDENTITY_012,
PROC007035,APP03012,UP008168,01:53.2,20:33.7,Pass,Initial,HASH_INCOME_012,
PROC007036,APP03012,UP008169,58:59.6,17:29.7,Fail,Initial,HASH_ADDITIONAL_DOCUMENT_012,
PROC007037,APP03013,UP008170,01:40.0,14:07.1,Pass,Initial,HASH_IDENTITY_013,
PROC007038,APP03013,UP008171,10:32.0,26:52.1,Pass,Initial,HASH_INCOME_013,
PROC007039,APP03013,UP008172,17:34.2,37:22.7,Pass,Initial,HASH_ADDITIONAL_DOCUMENT_013,
PROC007040,APP03014,UP008173,05:09.0,27:50.4,Pass,Initial,HASH_IDENTITY_014,
PROC007041,APP03014,UP008174,05:26.3,22:21.8,Pass,Initial,HASH_INCOME_014,
PROC007042,APP03014,UP008175,24:40.3,42:18.6,Pass,Initial,HASH_ADDITIONAL_DOCUMENT_014,
PROC007043,APP03015,UP008176,28:15.9,45:12.0,Pass,Initial,HASH_IDENTITY_015,
PROC007044,APP03015,UP008177,34:50.7,49:36.8,Pass,Initial,HASH_INCOME_015,
PROC007045,APP03015,UP008178,36:56.1,59:04.3,Pass,Initial,HASH_ADDITIONAL_DOCUMENT_015,
PROC007046,APP03016,UP008179,32:54.8,46:13.5,Pass,Initial,HASH_IDENTITY_016,
PROC007047,APP03016,UP008180,48:55.5,04:47.0,Pass,Initial,HASH_INCOME_016,
PROC007048,APP03016,UP008181,06:37.8,35:45.3,Pass,Initial,HASH_ADDITIONAL_DOCUMENT_016,
PROC007049,APP03017,UP008182,19:36.7,32:53.8,Pass,Initial,HASH_IDENTITY_017,
PROC007050,APP03017,UP008183,06:59.0,26:48.2,Pass,Re-validation,HASH_INCOME_017,System could not reuse prior result
PROC007051,APP03017,UP008184,27:13.5,55:27.1,Pass,Initial,HASH_ADDITIONAL_DOCUMENT_017,
PROC007052,APP03018,UP008186,50:48.8,05:40.6,Pass,Re-validation,HASH_IDENTITY_018,Retry after failed upload
PROC007053,APP03018,UP008187,13:00.5,28:31.8,Pass,Initial,HASH_INCOME_018,
PROC007054,APP03018,UP008190,37:24.9,02:30.3,Fail,Re-validation,HASH_ADDITIONAL_DOCUMENT_018,Retry after failed upload
PROC007055,APP03019,UP008191,23:19.4,42:51.1,Pass,Initial,HASH_IDENTITY_019,
PROC007056,APP03019,UP008192,15:04.7,19:58.3,Pass,Initial,HASH_INCOME_019,
PROC007057,APP03019,UP008195,31:24.6,49:40.0,Pass,Re-validation,HASH_ADDITIONAL_DOCUMENT_019,Retry after failed upload
PROC007058,APP03020,UP008196,43:31.3,59:08.2,Pass,Initial,HASH_IDENTITY_020,
PROC007059,APP03020,UP008197,16:35.9,27:50.3,Pass,Re-validation,HASH_INCOME_020,Rule-triggered re-verification
PROC007060,APP03020,UP008200,43:06.9,07:11.9,Pass,Re-validation,HASH_ADDITIONAL_DOCUMENT_020,Retry after failed upload
PROC007061,APP03021,UP008201,08:36.4,19:12.8,Pass,Initial,HASH_IDENTITY_021,
PROC007062,APP03021,UP008202,16:29.3,23:18.4,Pass,Re-validation,HASH_INCOME_021,Rule-triggered re-verification
PROC007063,APP03021,UP008203,34:09.8,05:33.7,Fail,Initial,HASH_ADDITIONAL_DOCUMENT_021,
PROC007064,APP03022,UP008204,27:44.3,45:26.7,Pass,Initial,HASH_IDENTITY_022,
PROC007065,APP03022,UP008205,32:14.2,50:40.9,Pass,Initial,HASH_INCOME_022,
PROC007066,APP03022,UP008206,53:23.6,15:54.8,Pass,Re-validation,HASH_ADDITIONAL_DOCUMENT_022,System could not reuse prior result
PROC007067,APP03023,UP008207,25:45.5,41:46.2,Pass,Re-validation,HASH_IDENTITY_023,System could not reuse prior result
PROC007068,APP03023,UP008209,40:51.6,44:54.8,Pass,Re-validation,HASH_INCOME_023,Retry after failed upload
PROC007069,APP03023,UP008210,40:40.1,15:16.6,Pass,Initial,HASH_ADDITIONAL_DOCUMENT_023,
PROC007070,APP03024,UP008211,48:28.9,06:23.3,Pass,Initial,HASH_IDENTITY_024,
PROC007071,APP03024,UP008212,40:44.4,57:00.3,Pass,Initial,HASH_INCOME_024,
PROC007072,APP03024,UP008213,47:54.5,10:15.1,Pass,Initial,HASH_ADDITIONAL_DOCUMENT_024,
PROC007073,APP03025,UP008214,04:12.0,15:37.1,Pass,Initial,HASH_IDENTITY_025,
PROC007074,APP03025,UP008217,03:02.6,15:03.6,Pass,Re-validation,HASH_INCOME_025,Retry after failed upload
PROC007075,APP03025,UP008218,25:26.0,45:44.7,Pass,Re-validation,HASH_ADDITIONAL_DOCUMENT_025,Previous validation expired
PROC007076,APP03026,UP008219,42:30.4,57:37.4,Pass,Initial,HASH_IDENTITY_026,
PROC007077,APP03026,UP008220,43:23.9,57:44.6,Pass,Initial,HASH_INCOME_026,
PROC007078,APP03026,UP008221,45:56.3,09:00.9,Pass,Initial,HASH_ADDITIONAL_DOCUMENT_026,
PROC007079,APP03027,UP008222,51:13.9,11:45.7,Pass,Initial,HASH_IDENTITY_027,
PROC007080,APP03027,UP008224,39:19.0,59:39.4,Pass,Re-validation,HASH_INCOME_027,Retry after failed upload
PROC007081,APP03027,UP008225,02:13.4,28:27.2,Pass,Initial,HASH_ADDITIONAL_DOCUMENT_027,
PROC007082,APP03028,UP008226,11:11.9,20:05.7,Pass,Initial,HASH_IDENTITY_028,
PROC007083,APP03028,UP008227,36:24.5,45:29.4,Pass,Initial,HASH_INCOME_028,
PROC007084,APP03028,UP008228,37:04.0,04:24.8,Pass,Initial,HASH_ADDITIONAL_DOCUMENT_028,
PROC007085,APP03029,UP008229,12:42.5,27:47.4,Pass,Initial,HASH_IDENTITY_029,
PROC007086,APP03029,UP008230,26:56.6,46:09.5,Pass,Initial,HASH_INCOME_029,
PROC007087,APP03029,UP008231,32:09.7,57:03.5,Pass,Initial,HASH_ADDITIONAL_DOCUMENT_029,
PROC007088,APP03030,UP008232,56:57.9,08:30.4,Pass,Initial,HASH_IDENTITY_030,
PROC007089,APP03030,UP008233,19:57.5,38:52.6,Pass,Initial,HASH_INCOME_030,
PROC007090,APP03030,UP008235,10:23.9,30:31.5,Pass,Re-validation,HASH_ADDITIONAL_DOCUMENT_030,Retry after failed upload
PROC007091,APP03031,UP008237,41:07.5,54:42.3,Pass,Re-validation,HASH_IDENTITY_031,Retry after failed upload
PROC007092,APP03031,UP008238,45:03.9,00:41.4,Pass,Initial,HASH_INCOME_031,
PROC007093,APP03031,UP008239,50:25.7,13:58.4,Pass,Initial,HASH_ADDITIONAL_DOCUMENT_031,
PROC007094,APP03032,UP008240,36:22.5,51:47.9,Pass,Initial,HASH_IDENTITY_032,
PROC007095,APP03032,UP008241,40:35.9,51:08.3,Pass,Initial,HASH_INCOME_032,
PROC007096,APP03032,UP008242,31:45.7,51:41.6,Pass,Re-validation,HASH_ADDITIONAL_DOCUMENT_032,Previous validation expired
PROC007097,APP03033,UP008243,18:19.6,34:28.8,Pass,Re-validation,HASH_IDENTITY_033,Rule-triggered re-verification
PROC007098,APP03033,UP008244,11:50.7,23:25.6,Pass,Initial,HASH_INCOME_033,
PROC007099,APP03033,UP008246,28:51.0,55:39.9,Pass,Re-validation,HASH_ADDITIONAL_DOCUMENT_033,Retry after failed upload
PROC007100,APP03034,UP008247,27:02.4,41:28.9,Pass,Initial,HASH_IDENTITY_034,
PROC007101,APP03034,UP008248,20:35.5,37:37.9,Pass,Initial,HASH_INCOME_034,
PROC007102,APP03034,UP008249,28:28.5,54:49.8,Pass,Initial,HASH_ADDITIONAL_DOCUMENT_034,
PROC007103,APP03035,UP008250,58:04.6,06:30.5,Pass,Initial,HASH_IDENTITY_035,
PROC007104,APP03035,UP008251,23:16.6,37:26.2,Pass,Re-validation,HASH_INCOME_035,System could not reuse prior result
PROC007105,APP03035,UP008252,44:59.5,07:57.8,Pass,Initial,HASH_ADDITIONAL_DOCUMENT_035,
PROC007106,APP03036,UP008253,11:17.3,27:00.3,Pass,Initial,HASH_IDENTITY_036,
PROC007107,APP03036,UP008254,59:40.6,10:43.3,Pass,Initial,HASH_INCOME_036,
PROC007108,APP03036,UP008256,13:12.5,35:18.2,Pass,Re-validation,HASH_ADDITIONAL_DOCUMENT_036,Retry after failed upload
PROC007109,APP03037,UP008257,03:24.9,26:54.0,Pass,Initial,HASH_IDENTITY_037,
PROC007110,APP03037,UP008258,21:51.8,39:22.4,Pass,Initial,HASH_INCOME_037,
PROC007111,APP03037,UP008260,38:19.5,06:59.5,Pass,Re-validation,HASH_ADDITIONAL_DOCUMENT_037,Retry after failed upload
PROC007112,APP03038,UP008261,20:49.7,34:55.2,Pass,Initial,HASH_IDENTITY_038,
PROC007113,APP03038,UP008262,38:43.3,58:45.8,Pass,Initial,HASH_INCOME_038,
PROC007114,APP03038,UP008263,42:21.3,02:42.8,Pass,Initial,HASH_ADDITIONAL_DOCUMENT_038,
PROC007115,APP03039,UP008264,09:02.4,25:13.7,Pass,Initial,HASH_IDENTITY_039,
PROC007116,APP03039,UP008265,15:39.2,33:42.1,Pass,Initial,HASH_INCOME_039,
PROC007117,APP03039,UP008266,24:10.7,42:46.5,Pass,Re-validation,HASH_ADDITIONAL_DOCUMENT_039,System could not reuse prior result
PROC007118,APP03040,UP008267,47:55.9,03:47.4,Pass,Re-validation,HASH_IDENTITY_040,Rule-triggered re-verification
PROC007119,APP03040,UP008269,32:22.2,46:10.0,Pass,Re-validation,HASH_INCOME_040,Retry after failed upload
PROC007120,APP03040,UP008270,46:04.7,12:56.7,Pass,Initial,HASH_ADDITIONAL_DOCUMENT_040,
PROC007121,APP03041,UP008271,08:53.2,23:42.9,Pass,Initial,HASH_IDENTITY_041,
PROC007122,APP03041,UP008272,16:44.2,30:34.0,Pass,Initial,HASH_INCOME_041,
PROC007123,APP03041,UP008274,22:48.5,47:47.7,Pass,Re-validation,HASH_ADDITIONAL_DOCUMENT_041,Retry after failed upload
PROC007124,APP03042,UP008275,05:58.1,19:33.6,Pass,Initial,HASH_IDENTITY_042,
PROC007125,APP03042,UP008276,16:16.0,25:53.0,Pass,Initial,HASH_INCOME_042,
PROC007126,APP03042,UP008278,25:06.4,43:57.6,Pass,Re-validation,HASH_ADDITIONAL_DOCUMENT_042,Retry after failed upload
PROC007127,APP03043,UP008280,07:50.9,28:09.8,Pass,Re-validation,HASH_IDENTITY_043,Retry after failed upload
PROC007128,APP03043,UP008281,07:28.5,22:30.5,Pass,Initial,HASH_INCOME_043,
PROC007129,APP03043,UP008282,16:10.3,34:50.6,Pass,Initial,HASH_ADDITIONAL_DOCUMENT_043,
PROC007130,APP03044,UP008283,13:39.9,21:33.7,Pass,Initial,HASH_IDENTITY_044,
PROC007131,APP03044,UP008284,11:37.0,25:55.9,Pass,Initial,HASH_INCOME_044,
PROC007132,APP03044,UP008285,21:40.3,53:44.7,Pass,Initial,HASH_ADDITIONAL_DOCUMENT_044,
PROC007133,APP03045,UP008286,57:09.9,10:17.0,Pass,Initial,HASH_IDENTITY_045,
PROC007134,APP03045,UP008289,11:57.2,32:05.2,Pass,Re-validation,HASH_INCOME_045,Retry after failed upload
PROC007135,APP03045,UP008290,28:34.3,47:29.9,Pass,Initial,HASH_ADDITIONAL_DOCUMENT_045,
PROC007136,APP03046,UP008291,17:14.6,32:38.9,Pass,Initial,HASH_IDENTITY_046,
PROC007137,APP03046,UP008292,21:18.2,26:58.7,Pass,Initial,HASH_INCOME_046,
PROC007138,APP03046,UP008293,26:08.4,46:44.4,Pass,Initial,HASH_ADDITIONAL_DOCUMENT_046,
PROC007139,APP03047,UP008294,15:28.3,31:00.5,Pass,Initial,HASH_IDENTITY_047,
PROC007140,APP03047,UP008295,25:59.9,28:50.2,Pass,Re-validation,HASH_INCOME_047,System could not reuse prior result
PROC007141,APP03047,UP008298,56:22.9,15:24.0,Pass,Re-validation,HASH_ADDITIONAL_DOCUMENT_047,Retry after failed upload
PROC007142,APP03048,UP008299,29:16.9,45:36.4,Pass,Initial,HASH_IDENTITY_048,
PROC007143,APP03048,UP008300,54:51.8,11:51.8,Pass,Initial,HASH_INCOME_048,
PROC007144,APP03048,UP008301,48:58.5,09:43.4,Pass,Re-validation,HASH_ADDITIONAL_DOCUMENT_048,System could not reuse prior result
PROC007145,APP03049,UP008302,50:20.9,58:54.4,Pass,Initial,HASH_IDENTITY_049,
PROC007146,APP03049,UP008303,07:27.7,24:57.5,Pass,Initial,HASH_INCOME_049,
PROC007147,APP03049,UP008305,14:49.3,37:51.2,Pass,Re-validation,HASH_ADDITIONAL_DOCUMENT_049,Retry after failed upload
PROC007148,APP03050,UP008306,15:26.5,29:12.8,Pass,Re-validation,HASH_IDENTITY_050,Previous validation expired
PROC007149,APP03050,UP008308,23:25.3,39:59.0,Pass,Re-validation,HASH_INCOME_050,Retry after failed upload
PROC007150,APP03050,UP008309,31:18.6,52:13.9,Pass,Initial,HASH_ADDITIONAL_DOCUMENT_050,
PROC007151,APP03051,UP008311,37:12.9,48:22.8,Pass,Re-validation,HASH_IDENTITY_051,Retry after failed upload
PROC007152,APP03051,UP008312,42:35.3,48:23.8,Pass,Re-validation,HASH_INCOME_051,Rule-triggered re-verification
PROC007153,APP03051,UP008313,44:56.2,01:38.1,Pass,Initial,HASH_ADDITIONAL_DOCUMENT_051,
PROC007154,APP03052,UP008314,17:17.4,31:08.3,Fail,Initial,HASH_IDENTITY_052,
PROC007155,APP03052,UP008316,20:39.4,33:56.9,Pass,Re-validation,HASH_INCOME_052,Retry after failed upload
PROC007156,APP03052,UP008317,46:25.2,13:06.6,Pass,Re-validation,HASH_ADDITIONAL_DOCUMENT_052,Previous validation expired
PROC007157,APP03053,UP008318,30:29.7,51:53.4,Pass,Initial,HASH_IDENTITY_053,
PROC007158,APP03053,UP008319,22:22.2,34:08.7,Pass,Initial,HASH_INCOME_053,
PROC007159,APP03053,UP008320,49:57.4,13:41.8,Pass,Initial,HASH_ADDITIONAL_DOCUMENT_053,
PROC007160,APP03054,UP008321,35:57.6,49:00.3,Pass,Initial,HASH_IDENTITY_054,
PROC007161,APP03054,UP008322,37:14.8,47:29.7,Pass,Initial,HASH_INCOME_054,
PROC007162,APP03054,UP008324,53:19.5,25:37.2,Pass,Re-validation,HASH_ADDITIONAL_DOCUMENT_054,Retry after failed upload
PROC007163,APP03055,UP008325,55:11.1,11:31.2,Pass,Initial,HASH_IDENTITY_055,
PROC007164,APP03055,UP008326,10:55.6,30:10.2,Pass,Initial,HASH_INCOME_055,
PROC007165,APP03055,UP008327,12:43.4,34:38.3,Pass,Initial,HASH_ADDITIONAL_DOCUMENT_055,
PROC007166,APP03056,UP008328,58:48.8,13:22.0,Pass,Initial,HASH_IDENTITY_056,
PROC007167,APP03056,UP008329,11:35.0,30:30.9,Pass,Initial,HASH_INCOME_056,
PROC007168,APP03056,UP008330,33:15.7,55:05.0,Pass,Initial,HASH_ADDITIONAL_DOCUMENT_056,
PROC007169,APP03057,UP008331,25:31.5,40:52.8,Pass,Initial,HASH_IDENTITY_057,
PROC007170,APP03057,UP008332,30:10.9,47:26.5,Pass,Initial,HASH_INCOME_057,
PROC007171,APP03057,UP008335,45:17.1,10:52.5,Fail,Re-validation,HASH_ADDITIONAL_DOCUMENT_057,Retry after failed upload
PROC007172,APP03058,UP008336,52:30.5,06:27.1,Pass,Re-validation,HASH_IDENTITY_058,Previous validation expired
PROC007173,APP03058,UP008337,47:35.1,05:21.4,Pass,Initial,HASH_INCOME_058,
PROC007174,APP03058,UP008340,12:13.7,31:43.1,Pass,Re-validation,HASH_ADDITIONAL_DOCUMENT_058,Retry after failed upload
PROC007175,APP03059,UP008341,23:13.1,35:25.3,Pass,Initial,HASH_IDENTITY_059,
PROC007176,APP03059,UP008343,35:32.5,43:30.6,Pass,Re-validation,HASH_INCOME_059,Retry after failed upload
PROC007177,APP03059,UP008344,50:00.7,10:46.7,Pass,Initial,HASH_ADDITIONAL_DOCUMENT_059,
PROC007178,APP03060,UP008345,14:50.5,33:49.3,Fail,Re-validation,HASH_IDENTITY_060,System could not reuse prior result
PROC007179,APP03060,UP008346,00:25.3,11:30.8,Pass,Initial,HASH_INCOME_060,
PROC007180,APP03060,UP008347,08:29.6,30:04.9,Pass,Re-validation,HASH_ADDITIONAL_DOCUMENT_060,Rule-triggered re-verification
PROC007181,APP03061,UP008348,24:46.2,40:32.8,Pass,Initial,HASH_IDENTITY_061,
PROC007182,APP03061,UP008350,41:25.1,57:24.7,Pass,Re-validation,HASH_INCOME_061,Retry after failed upload
PROC007183,APP03061,UP008351,51:41.8,15:33.5,Fail,Initial,HASH_ADDITIONAL_DOCUMENT_061,
PROC007184,APP03062,UP008352,45:12.9,54:01.2,Pass,Initial,HASH_IDENTITY_062,
PROC007185,APP03062,UP008355,45:03.8,02:41.4,Pass,Re-validation,HASH_INCOME_062,Retry after failed upload
PROC007186,APP03062,UP008356,57:06.7,17:15.6,Pass,Initial,HASH_ADDITIONAL_DOCUMENT_062,
PROC007187,APP03063,UP008357,35:53.2,54:29.9,Pass,Re-validation,HASH_IDENTITY_063,System could not reuse prior result
PROC007188,APP03063,UP008358,52:29.5,09:27.9,Pass,Initial,HASH_INCOME_063,
PROC007189,APP03063,UP008361,01:54.0,26:45.2,Pass,Re-validation,HASH_ADDITIONAL_DOCUMENT_063,Retry after failed upload
PROC007190,APP03064,UP008362,06:50.0,23:05.0,Pass,Initial,HASH_IDENTITY_064,
PROC007191,APP03064,UP008363,16:34.1,37:03.0,Pass,Initial,HASH_INCOME_064,
PROC007192,APP03064,UP008364,26:16.4,52:21.7,Pass,Initial,HASH_ADDITIONAL_DOCUMENT_064,
PROC007193,APP03065,UP008365,29:40.0,41:10.1,Pass,Initial,HASH_IDENTITY_065,
PROC007194,APP03065,UP008367,28:27.8,47:44.7,Pass,Re-validation,HASH_INCOME_065,Retry after failed upload
PROC007195,APP03065,UP008369,53:02.9,14:23.5,Pass,Re-validation,HASH_ADDITIONAL_DOCUMENT_065,Retry after failed upload
PROC007196,APP03066,UP008370,01:25.3,13:39.8,Pass,Initial,HASH_IDENTITY_066,
PROC007197,APP03066,UP008371,28:57.1,46:15.2,Pass,Initial,HASH_INCOME_066,
PROC007198,APP03066,UP008372,19:40.0,35:36.4,Pass,Initial,HASH_ADDITIONAL_DOCUMENT_066,
PROC007199,APP03067,UP008373,07:32.6,23:48.0,Pass,Re-validation,HASH_IDENTITY_067,Previous validation expired
PROC007200,APP03067,UP008374,25:17.4,41:19.0,Pass,Re-validation,HASH_INCOME_067,System could not reuse prior result
PROC007201,APP03067,UP008375,20:39.5,36:24.7,Pass,Initial,HASH_ADDITIONAL_DOCUMENT_067,
PROC007202,APP03068,UP008377,47:49.9,04:08.8,Pass,Re-validation,HASH_IDENTITY_068,Retry after failed upload
PROC007203,APP03068,UP008379,49:30.2,03:07.6,Pass,Re-validation,HASH_INCOME_068,Retry after failed upload
PROC007204,APP03068,UP008381,03:42.3,26:48.1,Pass,Re-validation,HASH_ADDITIONAL_DOCUMENT_068,Retry after failed upload
PROC007205,APP03069,UP008382,42:04.2,00:02.7,Pass,Initial,HASH_IDENTITY_069,
PROC007206,APP03069,UP008383,35:49.9,54:23.5,Pass,Initial,HASH_INCOME_069,
PROC007207,APP03069,UP008385,03:46.2,24:57.2,Pass,Re-validation,HASH_ADDITIONAL_DOCUMENT_069,Retry after failed upload
PROC007208,APP03070,UP008386,22:45.6,40:24.3,Pass,Initial,HASH_IDENTITY_070,
PROC007209,APP03070,UP008387,02:09.7,12:41.2,Pass,Initial,HASH_INCOME_070,
PROC007210,APP03070,UP008388,29:01.7,59:42.1,Pass,Initial,HASH_ADDITIONAL_DOCUMENT_070,
PROC007211,APP03071,UP008389,09:33.7,27:22.3,Pass,Re-validation,HASH_IDENTITY_071,Previous validation expired
PROC007212,APP03071,UP008390,26:47.1,40:55.8,Pass,Initial,HASH_INCOME_071,
PROC007213,APP03071,UP008391,28:42.5,49:15.2,Pass,Initial,HASH_ADDITIONAL_DOCUMENT_071,
PROC007214,APP03072,UP008392,55:34.5,06:01.9,Pass,Initial,HASH_IDENTITY_072,
PROC007215,APP03072,UP008393,49:20.6,10:11.9,Pass,Re-validation,HASH_INCOME_072,System could not reuse prior result
PROC007216,APP03072,UP008396,09:08.1,36:13.3,Pass,Re-validation,HASH_ADDITIONAL_DOCUMENT_072,Retry after failed upload
PROC007217,APP03073,UP008397,52:50.3,09:07.7,Pass,Initial,HASH_IDENTITY_073,
PROC007218,APP03073,UP008398,49:39.5,14:19.9,Pass,Initial,HASH_INCOME_073,
PROC007219,APP03073,UP008399,54:52.5,16:03.0,Fail,Initial,HASH_ADDITIONAL_DOCUMENT_073,
PROC007220,APP03074,UP008400,27:50.5,42:10.3,Pass,Initial,HASH_IDENTITY_074,
PROC007221,APP03074,UP008401,38:51.3,57:50.0,Pass,Initial,HASH_INCOME_074,
PROC007222,APP03074,UP008403,07:17.5,34:42.4,Pass,Re-validation,HASH_ADDITIONAL_DOCUMENT_074,Retry after failed upload
PROC007223,APP03075,UP008404,11:53.9,34:45.8,Pass,Initial,HASH_IDENTITY_075,
PROC007224,APP03075,UP008405,04:48.5,20:24.1,Pass,Re-validation,HASH_INCOME_075,System could not reuse prior result
PROC007225,APP03075,UP008407,10:51.3,46:08.8,Pass,Re-validation,HASH_ADDITIONAL_DOCUMENT_075,Retry after failed upload
PROC007226,APP03076,UP008408,35:19.1,52:12.9,Pass,Initial,HASH_IDENTITY_076,
PROC007227,APP03076,UP008409,58:26.0,09:37.5,Pass,Re-validation,HASH_INCOME_076,Rule-triggered re-verification
PROC007228,APP03076,UP008410,57:47.4,21:43.0,Pass,Initial,HASH_ADDITIONAL_DOCUMENT_076,
PROC007229,APP03077,UP008411,54:34.2,13:35.1,Pass,Initial,HASH_IDENTITY_077,
PROC007230,APP03077,UP008412,58:43.1,07:11.4,Pass,Initial,HASH_INCOME_077,
PROC007231,APP03077,UP008413,13:33.0,44:23.0,Pass,Initial,HASH_ADDITIONAL_DOCUMENT_077,
PROC007232,APP03078,UP008414,15:42.1,28:00.4,Pass,Re-validation,HASH_IDENTITY_078,System could not reuse prior result
PROC007233,APP03078,UP008415,25:00.8,34:58.9,Pass,Initial,HASH_INCOME_078,
PROC007234,APP03078,UP008418,50:00.8,08:32.1,Fail,Re-validation,HASH_ADDITIONAL_DOCUMENT_078,Retry after failed upload
PROC007235,APP03079,UP008419,23:45.3,36:06.6,Pass,Initial,HASH_IDENTITY_079,
PROC007236,APP03079,UP008420,28:03.0,39:04.0,Pass,Initial,HASH_INCOME_079,
PROC007237,APP03079,UP008421,47:46.6,16:14.7,Pass,Initial,HASH_ADDITIONAL_DOCUMENT_079,
PROC007238,APP03080,UP008422,36:00.3,47:12.9,Pass,Initial,HASH_IDENTITY_080,
PROC007239,APP03080,UP008423,52:30.7,04:05.1,Pass,Initial,HASH_INCOME_080,
PROC007240,APP03080,UP008424,50:53.2,10:31.1,Pass,Initial,HASH_ADDITIONAL_DOCUMENT_080,
PROC007241,APP03081,UP008425,21:51.8,36:09.6,Pass,Initial,HASH_IDENTITY_081,
PROC007242,APP03081,UP008426,18:09.3,34:12.8,Pass,Re-validation,HASH_INCOME_081,System could not reuse prior result
PROC007243,APP03081,UP008428,50:47.7,13:36.6,Pass,Re-validation,HASH_ADDITIONAL_DOCUMENT_081,Retry after failed upload
PROC007244,APP03082,UP008429,18:38.4,34:36.6,Pass,Initial,HASH_IDENTITY_082,
PROC007245,APP03082,UP008430,12:28.1,27:46.2,Pass,Initial,HASH_INCOME_082,
PROC007246,APP03082,UP008431,42:11.8,05:43.7,Pass,Re-validation,HASH_ADDITIONAL_DOCUMENT_082,System could not reuse prior result
PROC007247,APP03083,UP008432,51:26.1,08:06.2,Pass,Initial,HASH_IDENTITY_083,
PROC007248,APP03083,UP008433,07:06.7,18:56.2,Pass,Initial,HASH_INCOME_083,
PROC007249,APP03083,UP008434,07:48.5,28:20.8,Pass,Re-validation,HASH_ADDITIONAL_DOCUMENT_083,Rule-triggered re-verification
PROC007250,APP03084,UP008435,38:38.4,51:16.7,Pass,Initial,HASH_IDENTITY_084,
PROC007251,APP03084,UP008436,40:53.1,54:12.1,Pass,Re-validation,HASH_INCOME_084,System could not reuse prior result
PROC007252,APP03084,UP008437,08:23.8,29:20.9,Pass,Re-validation,HASH_ADDITIONAL_DOCUMENT_084,System could not reuse prior result
PROC007253,APP03085,UP008438,04:02.1,24:05.8,Pass,Re-validation,HASH_IDENTITY_085,System could not reuse prior result
PROC007254,APP03085,UP008439,11:29.2,26:51.7,Pass,Initial,HASH_INCOME_085,
PROC007255,APP03085,UP008441,18:21.7,38:49.8,Pass,Re-validation,HASH_ADDITIONAL_DOCUMENT_085,Retry after failed upload
PROC007256,APP03086,UP008442,06:56.1,22:03.7,Pass,Initial,HASH_IDENTITY_086,
PROC007257,APP03086,UP008444,32:45.6,47:37.6,Pass,Re-validation,HASH_INCOME_086,Retry after failed upload
PROC007258,APP03086,UP008446,30:33.5,56:05.6,Pass,Re-validation,HASH_ADDITIONAL_DOCUMENT_086,Retry after failed upload
PROC007259,APP03087,UP008447,27:14.8,40:03.3,Pass,Initial,HASH_IDENTITY_087,
PROC007260,APP03087,UP008449,51:34.4,04:48.3,Pass,Re-validation,HASH_INCOME_087,Retry after failed upload
PROC007261,APP03087,UP008450,57:02.4,19:36.5,Pass,Re-validation,HASH_ADDITIONAL_DOCUMENT_087,System could not reuse prior result
PROC007262,APP03088,UP008451,57:55.7,11:55.6,Fail,Initial,HASH_IDENTITY_088,
PROC007263,APP03088,UP008452,54:57.4,15:53.4,Pass,Initial,HASH_INCOME_088,
PROC007264,APP03088,UP008453,12:53.6,36:12.0,Pass,Initial,HASH_ADDITIONAL_DOCUMENT_088,
PROC007265,APP03089,UP008454,43:49.2,59:28.3,Pass,Initial,HASH_IDENTITY_089,
PROC007266,APP03089,UP008455,56:47.8,06:25.9,Pass,Re-validation,HASH_INCOME_089,Previous validation expired
PROC007267,APP03089,UP008456,10:58.1,37:22.1,Pass,Initial,HASH_ADDITIONAL_DOCUMENT_089,
PROC007268,APP03090,UP008457,43:20.3,54:18.6,Fail,Re-validation,HASH_IDENTITY_090,System could not reuse prior result
PROC007269,APP03090,UP008458,38:18.4,52:07.8,Pass,Initial,HASH_INCOME_090,
PROC007270,APP03090,UP008459,55:05.2,11:30.4,Pass,Initial,HASH_ADDITIONAL_DOCUMENT_090,
PROC007271,APP03091,UP008460,46:33.2,52:37.4,Pass,Initial,HASH_IDENTITY_091,
PROC007272,APP03091,UP008461,08:20.6,23:00.1,Pass,Initial,HASH_INCOME_091,
PROC007273,APP03091,UP008463,21:38.4,48:54.2,Pass,Re-validation,HASH_ADDITIONAL_DOCUMENT_091,Retry after failed upload
PROC007274,APP03092,UP008464,40:58.0,53:10.3,Pass,Re-validation,HASH_IDENTITY_092,System could not reuse prior result
PROC007275,APP03092,UP008465,35:05.3,56:58.3,Pass,Initial,HASH_INCOME_092,
PROC007276,APP03092,UP008466,40:54.3,58:34.7,Pass,Initial,HASH_ADDITIONAL_DOCUMENT_092,
PROC007277,APP03093,UP008467,44:13.7,56:14.0,Pass,Initial,HASH_IDENTITY_093,
PROC007278,APP03093,UP008468,01:02.5,17:34.7,Pass,Re-validation,HASH_INCOME_093,System could not reuse prior result
PROC007279,APP03093,UP008469,09:54.0,29:02.4,Pass,Re-validation,HASH_ADDITIONAL_DOCUMENT_093,System could not reuse prior result
PROC007280,APP03094,UP008470,28:05.0,46:34.6,Pass,Initial,HASH_IDENTITY_094,
PROC007281,APP03094,UP008471,37:31.6,47:59.5,Pass,Initial,HASH_INCOME_094,
PROC007282,APP03094,UP008472,43:26.4,58:08.5,Pass,Initial,HASH_ADDITIONAL_DOCUMENT_094,
PROC007283,APP03095,UP008473,28:07.1,39:05.5,Pass,Initial,HASH_IDENTITY_095,
PROC007284,APP03095,UP008474,31:36.4,43:04.3,Pass,Re-validation,HASH_INCOME_095,Rule-triggered re-verification
PROC007285,APP03095,UP008475,41:01.7,58:49.2,Pass,Initial,HASH_ADDITIONAL_DOCUMENT_095,
PROC007286,APP03096,UP008477,17:50.4,38:57.0,Pass,Re-validation,HASH_IDENTITY_096,Retry after failed upload
PROC007287,APP03096,UP008478,14:54.9,27:16.8,Fail,Initial,HASH_INCOME_096,
PROC007288,APP03096,UP008481,44:17.3,06:25.5,Pass,Re-validation,HASH_ADDITIONAL_DOCUMENT_096,Retry after failed upload
PROC007289,APP03097,UP008482,05:44.6,17:33.4,Pass,Initial,HASH_IDENTITY_097,
PROC007290,APP03097,UP008483,11:10.2,23:54.7,Pass,Initial,HASH_INCOME_097,
PROC007291,APP03097,UP008484,33:50.0,59:31.5,Pass,Re-validation,HASH_ADDITIONAL_DOCUMENT_097,System could not reuse prior result
PROC007292,APP03098,UP008485,29:41.5,41:18.5,Pass,Initial,HASH_IDENTITY_098,
PROC007293,APP03098,UP008486,38:58.4,00:04.9,Pass,Initial,HASH_INCOME_098,
PROC007294,APP03098,UP008487,43:09.3,59:02.6,Pass,Re-validation,HASH_ADDITIONAL_DOCUMENT_098,Previous validation expired
PROC007295,APP03099,UP008488,02:51.3,28:47.4,Pass,Re-validation,HASH_IDENTITY_099,System could not reuse prior result
PROC007296,APP03099,UP008489,00:24.6,15:32.0,Pass,Initial,HASH_INCOME_099,
PROC007297,APP03099,UP008490,14:25.8,36:43.1,Pass,Initial,HASH_ADDITIONAL_DOCUMENT_099,
PROC007298,APP03100,UP008491,22:46.8,44:50.0,Pass,Initial,HASH_IDENTITY_100,
PROC007299,APP03100,UP008492,47:05.3,03:13.4,Pass,Re-validation,HASH_INCOME_100,Previous validation expired
PROC007300,APP03100,UP008493,49:58.1,17:58.9,Pass,Initial,HASH_ADDITIONAL_DOCUMENT_100,
PROC007301,APP03101,UP008494,40:16.3,52:42.7,Pass,Initial,HASH_IDENTITY_101,
PROC007302,APP03101,UP008495,59:01.2,24:46.5,Pass,Initial,HASH_INCOME_101,
PROC007303,APP03101,UP008496,11:47.7,38:10.5,Fail,Initial,HASH_ADDITIONAL_DOCUMENT_101,
PROC007304,APP03102,UP008497,30:22.1,44:24.2,Pass,Initial,HASH_IDENTITY_102,
PROC007305,APP03102,UP008498,35:19.9,52:44.8,Pass,Initial,HASH_INCOME_102,
PROC007306,APP03102,UP008501,56:21.2,16:00.8,Pass,Re-validation,HASH_ADDITIONAL_DOCUMENT_102,Retry after failed upload
PROC007307,APP03103,UP008503,09:37.6,27:18.6,Pass,Re-validation,HASH_IDENTITY_103,Retry after failed upload
PROC007308,APP03103,UP008506,00:41.5,13:42.7,Pass,Re-validation,HASH_INCOME_103,Retry after failed upload
PROC007309,APP03103,UP008507,23:36.1,39:24.3,Pass,Re-validation,HASH_ADDITIONAL_DOCUMENT_103,Previous validation expired
PROC007310,APP03104,UP008508,14:20.6,29:22.7,Pass,Initial,HASH_IDENTITY_104,
PROC007311,APP03104,UP008509,14:38.4,39:20.3,Pass,Initial,HASH_INCOME_104,
PROC007312,APP03104,UP008510,31:46.2,51:31.0,Pass,Initial,HASH_ADDITIONAL_DOCUMENT_104,
PROC007313,APP03105,UP008511,33:52.5,52:43.4,Pass,Initial,HASH_IDENTITY_105,
PROC007314,APP03105,UP008512,50:17.8,08:09.7,Pass,Initial,HASH_INCOME_105,
PROC007315,APP03105,UP008515,50:54.5,14:34.3,Pass,Re-validation,HASH_ADDITIONAL_DOCUMENT_105,Retry after failed upload
PROC007316,APP03106,UP008516,38:01.0,52:57.8,Pass,Re-validation,HASH_IDENTITY_106,System could not reuse prior result
PROC007317,APP03106,UP008517,40:39.7,52:30.5,Pass,Initial,HASH_INCOME_106,
PROC007318,APP03106,UP008518,47:06.1,08:33.7,Pass,Initial,HASH_ADDITIONAL_DOCUMENT_106,
PROC007319,APP03107,UP008519,23:47.4,39:10.1,Pass,Re-validation,HASH_IDENTITY_107,Previous validation expired
PROC007320,APP03107,UP008520,34:07.1,51:26.1,Pass,Initial,HASH_INCOME_107,
PROC007321,APP03107,UP008521,07:16.8,25:50.6,Pass,Initial,HASH_ADDITIONAL_DOCUMENT_107,
PROC007322,APP03108,UP008522,27:19.5,40:21.1,Pass,Re-validation,HASH_IDENTITY_108,Previous validation expired
PROC007323,APP03108,UP008523,42:12.0,55:08.7,Pass,Initial,HASH_INCOME_108,
PROC007324,APP03108,UP008524,59:35.0,22:13.2,Pass,Initial,HASH_ADDITIONAL_DOCUMENT_108,
PROC007325,APP03109,UP008527,14:07.9,24:32.2,Pass,Re-validation,HASH_IDENTITY_109,Retry after failed upload
PROC007326,APP03109,UP008528,40:04.3,56:20.3,Pass,Initial,HASH_INCOME_109,
PROC007327,APP03109,UP008529,24:28.3,47:14.7,Pass,Initial,HASH_ADDITIONAL_DOCUMENT_109,
PROC007328,APP03110,UP008530,56:21.8,17:44.2,Pass,Initial,HASH_IDENTITY_110,
PROC007329,APP03110,UP008531,55:55.8,10:43.8,Pass,Initial,HASH_INCOME_110,
PROC007330,APP03110,UP008533,19:51.9,37:54.0,Pass,Re-validation,HASH_ADDITIONAL_DOCUMENT_110,Retry after failed upload
PROC007331,APP03111,UP008534,41:08.2,58:24.7,Pass,Initial,HASH_IDENTITY_111,
PROC007332,APP03111,UP008535,00:09.7,20:10.9,Pass,Re-validation,HASH_INCOME_111,System could not reuse prior result
PROC007333,APP03111,UP008536,04:00.8,30:21.9,Pass,Initial,HASH_ADDITIONAL_DOCUMENT_111,
PROC007334,APP03112,UP008537,56:36.1,07:19.7,Pass,Initial,HASH_IDENTITY_112,
PROC007335,APP03112,UP008538,52:42.5,05:19.0,Pass,Initial,HASH_INCOME_112,
PROC007336,APP03112,UP008539,54:27.7,17:01.3,Pass,Initial,HASH_ADDITIONAL_DOCUMENT_112,
PROC007337,APP03113,UP008540,03:00.1,21:57.4,Fail,Initial,HASH_IDENTITY_113,
PROC007338,APP03113,UP008541,10:12.5,27:15.2,Pass,Initial,HASH_INCOME_113,
PROC007339,APP03113,UP008542,27:41.4,53:27.3,Pass,Initial,HASH_ADDITIONAL_DOCUMENT_113,
PROC007340,APP03114,UP008545,49:37.7,04:56.4,Pass,Re-validation,HASH_IDENTITY_114,Retry after failed upload
PROC007341,APP03114,UP008546,01:22.7,11:39.5,Pass,Initial,HASH_INCOME_114,
PROC007342,APP03114,UP008548,01:28.9,23:57.9,Pass,Re-validation,HASH_ADDITIONAL_DOCUMENT_114,Retry after failed upload
PROC007343,APP03115,UP008549,24:27.6,32:25.9,Fail,Initial,HASH_IDENTITY_115,
PROC007344,APP03115,UP008550,24:38.4,44:55.5,Pass,Initial,HASH_INCOME_115,
PROC007345,APP03115,UP008551,48:30.0,13:57.2,Pass,Initial,HASH_ADDITIONAL_DOCUMENT_115,
PROC007346,APP03116,UP008552,46:33.0,05:12.9,Pass,Re-validation,HASH_IDENTITY_116,Previous validation expired
PROC007347,APP03116,UP008553,34:25.6,46:56.7,Pass,Re-validation,HASH_INCOME_116,Rule-triggered re-verification
PROC007348,APP03116,UP008555,54:24.5,22:58.5,Pass,Re-validation,HASH_ADDITIONAL_DOCUMENT_116,Retry after failed upload
PROC007349,APP03117,UP008558,31:40.0,43:54.6,Pass,Re-validation,HASH_IDENTITY_117,Retry after failed upload
PROC007350,APP03117,UP008559,40:14.7,54:35.5,Pass,Initial,HASH_INCOME_117,
PROC007351,APP03117,UP008561,38:48.9,06:01.5,Pass,Re-validation,HASH_ADDITIONAL_DOCUMENT_117,Retry after failed upload
PROC007352,APP03118,UP008562,09:18.6,29:44.4,Pass,Initial,HASH_IDENTITY_118,
PROC007353,APP03118,UP008563,13:15.5,24:52.6,Fail,Initial,HASH_INCOME_118,
PROC007354,APP03118,UP008564,12:52.3,40:00.3,Pass,Initial,HASH_ADDITIONAL_DOCUMENT_118,
PROC007355,APP03119,UP008565,38:03.2,50:22.8,Pass,Initial,HASH_IDENTITY_119,
PROC007356,APP03119,UP008566,27:50.7,40:54.0,Pass,Initial,HASH_INCOME_119,
PROC007357,APP03119,UP008567,04:45.7,25:08.4,Pass,Initial,HASH_ADDITIONAL_DOCUMENT_119,
PROC007358,APP03120,UP008568,47:48.7,02:24.9,Pass,Re-validation,HASH_IDENTITY_120,Previous validation expired
PROC007359,APP03120,UP008569,13:20.9,34:17.4,Pass,Initial,HASH_INCOME_120,
PROC007360,APP03120,UP008570,08:11.2,33:55.3,Pass,Initial,HASH_ADDITIONAL_DOCUMENT_120,
PROC007361,APP03121,UP008573,45:00.2,05:27.9,Pass,Re-validation,HASH_IDENTITY_121,Retry after failed upload
PROC007362,APP03121,UP008574,59:26.1,18:17.0,Pass,Re-validation,HASH_INCOME_121,Previous validation expired
PROC007363,APP03121,UP008575,13:35.4,39:48.3,Pass,Initial,HASH_ADDITIONAL_DOCUMENT_121,
PROC007364,APP03122,UP008576,09:47.3,28:10.3,Pass,Initial,HASH_IDENTITY_122,
PROC007365,APP03122,UP008577,06:44.7,25:24.6,Pass,Initial,HASH_INCOME_122,
PROC007366,APP03122,UP008578,21:49.6,43:17.4,Pass,Initial,HASH_ADDITIONAL_DOCUMENT_122,
PROC007367,APP03123,UP008580,17:53.4,32:56.3,Pass,Re-validation,HASH_IDENTITY_123,Retry after failed upload
PROC007368,APP03123,UP008581,13:18.0,26:58.1,Pass,Initial,HASH_INCOME_123,
PROC007369,APP03123,UP008584,37:28.2,04:07.5,Pass,Re-validation,HASH_ADDITIONAL_DOCUMENT_123,Retry after failed upload
PROC007370,APP03124,UP008585,40:15.2,52:51.9,Pass,Initial,HASH_IDENTITY_124,
PROC007371,APP03124,UP008586,55:14.4,11:04.8,Pass,Initial,HASH_INCOME_124,
PROC007372,APP03124,UP008587,59:16.7,22:39.0,Pass,Initial,HASH_ADDITIONAL_DOCUMENT_124,
PROC007373,APP03125,UP008588,23:03.5,42:22.9,Pass,Re-validation,HASH_IDENTITY_125,Rule-triggered re-verification
PROC007374,APP03125,UP008589,25:50.4,41:52.0,Pass,Re-validation,HASH_INCOME_125,System could not reuse prior result
PROC007375,APP03125,UP008591,41:44.2,03:20.9,Pass,Re-validation,HASH_ADDITIONAL_DOCUMENT_125,Retry after failed upload
PROC007376,APP03126,UP008592,26:50.4,37:57.1,Pass,Initial,HASH_IDENTITY_126,
PROC007377,APP03126,UP008593,29:55.5,39:56.6,Pass,Initial,HASH_INCOME_126,
PROC007378,APP03126,UP008595,56:50.5,21:40.5,Pass,Re-validation,HASH_ADDITIONAL_DOCUMENT_126,Retry after failed upload
PROC007379,APP03127,UP008596,13:35.6,35:57.7,Pass,Initial,HASH_IDENTITY_127,
PROC007380,APP03127,UP008597,17:40.6,28:38.7,Pass,Initial,HASH_INCOME_127,
PROC007381,APP03127,UP008598,38:45.8,02:00.1,Pass,Re-validation,HASH_ADDITIONAL_DOCUMENT_127,Rule-triggered re-verification
PROC007382,APP03128,UP008599,42:33.5,01:56.6,Pass,Initial,HASH_IDENTITY_128,
PROC007383,APP03128,UP008601,48:39.4,02:56.5,Pass,Re-validation,HASH_INCOME_128,Retry after failed upload
PROC007384,APP03128,UP008602,02:20.4,27:26.3,Pass,Initial,HASH_ADDITIONAL_DOCUMENT_128,
PROC007385,APP03129,UP008603,55:49.2,07:11.6,Pass,Initial,HASH_IDENTITY_129,
PROC007386,APP03129,UP008604,56:46.1,10:33.1,Fail,Initial,HASH_INCOME_129,
PROC007387,APP03129,UP008606,10:36.5,30:50.8,Pass,Re-validation,HASH_ADDITIONAL_DOCUMENT_129,Retry after failed upload
PROC007388,APP03130,UP008607,17:18.8,29:32.2,Pass,Re-validation,HASH_IDENTITY_130,Previous validation expired
PROC007389,APP03130,UP008608,21:12.8,35:41.4,Pass,Initial,HASH_INCOME_130,
PROC007390,APP03130,UP008609,45:41.7,06:15.5,Pass,Initial,HASH_ADDITIONAL_DOCUMENT_130,
PROC007391,APP03131,UP008611,47:50.0,12:32.0,Pass,Re-validation,HASH_IDENTITY_131,Retry after failed upload
PROC007392,APP03131,UP008612,50:48.2,58:49.1,Pass,Initial,HASH_INCOME_131,
PROC007393,APP03131,UP008613,05:25.7,28:11.7,Pass,Initial,HASH_ADDITIONAL_DOCUMENT_131,
PROC007394,APP03132,UP008615,15:51.9,31:42.2,Pass,Re-validation,HASH_IDENTITY_132,Retry after failed upload
PROC007395,APP03132,UP008616,33:08.9,50:19.5,Pass,Re-validation,HASH_INCOME_132,System could not reuse prior result
PROC007396,APP03132,UP008617,43:54.6,10:01.6,Pass,Initial,HASH_ADDITIONAL_DOCUMENT_132,
PROC007397,APP03133,UP008618,12:58.1,34:38.8,Pass,Initial,HASH_IDENTITY_133,
PROC007398,APP03133,UP008619,16:08.0,28:37.7,Pass,Re-validation,HASH_INCOME_133,Rule-triggered re-verification
PROC007399,APP03133,UP008621,33:36.5,49:41.8,Pass,Re-validation,HASH_ADDITIONAL_DOCUMENT_133,Retry after failed upload
PROC007400,APP03134,UP008622,58:45.2,14:42.2,Pass,Initial,HASH_IDENTITY_134,
PROC007401,APP03134,UP008623,05:58.8,23:37.9,Pass,Initial,HASH_INCOME_134,
PROC007402,APP03134,UP008624,05:47.0,35:04.7,Pass,Re-validation,HASH_ADDITIONAL_DOCUMENT_134,Previous validation expired
PROC007403,APP03135,UP008625,06:30.4,17:09.3,Pass,Re-validation,HASH_IDENTITY_135,Rule-triggered re-verification
PROC007404,APP03135,UP008628,05:37.2,20:33.0,Pass,Re-validation,HASH_INCOME_135,Retry after failed upload
PROC007405,APP03135,UP008630,15:16.5,37:23.7,Pass,Re-validation,HASH_ADDITIONAL_DOCUMENT_135,Retry after failed upload
PROC007406,APP03136,UP008631,04:32.7,17:09.3,Pass,Re-validation,HASH_IDENTITY_136,Rule-triggered re-verification
PROC007407,APP03136,UP008632,56:58.3,13:53.5,Pass,Re-validation,HASH_INCOME_136,System could not reuse prior result
PROC007408,APP03136,UP008633,19:42.5,43:31.1,Pass,Initial,HASH_ADDITIONAL_DOCUMENT_136,
PROC007409,APP03137,UP008634,31:26.3,47:55.0,Pass,Initial,HASH_IDENTITY_137,
PROC007410,APP03137,UP008635,35:10.5,50:24.8,Pass,Initial,HASH_INCOME_137,
PROC007411,APP03137,UP008636,51:44.8,12:08.0,Pass,Re-validation,HASH_ADDITIONAL_DOCUMENT_137,Previous validation expired
PROC007412,APP03138,UP008637,26:56.4,45:33.1,Fail,Initial,HASH_IDENTITY_138,
PROC007413,APP03138,UP008638,23:07.1,41:12.9,Pass,Initial,HASH_INCOME_138,
PROC007414,APP03138,UP008639,38:12.4,01:36.4,Pass,Initial,HASH_ADDITIONAL_DOCUMENT_138,
PROC007415,APP03139,UP008640,38:04.6,59:36.3,Pass,Initial,HASH_IDENTITY_139,
PROC007416,APP03139,UP008642,35:14.9,47:39.5,Pass,Re-validation,HASH_INCOME_139,Retry after failed upload
PROC007417,APP03139,UP008644,42:28.3,05:20.3,Pass,Re-validation,HASH_ADDITIONAL_DOCUMENT_139,Retry after failed upload
PROC007418,APP03140,UP008647,51:07.2,08:05.1,Pass,Re-validation,HASH_IDENTITY_140,Retry after failed upload
PROC007419,APP03140,UP008648,56:20.9,13:56.2,Pass,Initial,HASH_INCOME_140,
PROC007420,APP03140,UP008649,59:13.5,33:41.4,Fail,Initial,HASH_ADDITIONAL_DOCUMENT_140,
PROC007421,APP03141,UP008650,53:39.3,09:29.9,Pass,Initial,HASH_IDENTITY_141,
PROC007422,APP03141,UP008651,01:06.0,19:36.2,Pass,Initial,HASH_INCOME_141,
PROC007423,APP03141,UP008652,20:23.8,43:32.0,Pass,Initial,HASH_ADDITIONAL_DOCUMENT_141,
PROC007424,APP03142,UP008653,46:30.4,57:58.0,Pass,Initial,HASH_IDENTITY_142,
PROC007425,APP03142,UP008654,45:23.0,03:39.1,Pass,Re-validation,HASH_INCOME_142,Previous validation expired
PROC007426,APP03142,UP008655,47:11.0,19:16.7,Pass,Initial,HASH_ADDITIONAL_DOCUMENT_142,
PROC007427,APP03143,UP008656,30:14.0,42:58.8,Fail,Initial,HASH_IDENTITY_143,
PROC007428,APP03143,UP008657,35:50.4,53:46.0,Pass,Initial,HASH_INCOME_143,
PROC007429,APP03143,UP008658,35:11.7,59:25.8,Pass,Initial,HASH_ADDITIONAL_DOCUMENT_143,
PROC007430,APP03144,UP008659,29:16.7,46:07.7,Pass,Initial,HASH_IDENTITY_144,
PROC007431,APP03144,UP008660,34:03.3,47:30.7,Pass,Re-validation,HASH_INCOME_144,System could not reuse prior result
PROC007432,APP03144,UP008661,34:24.5,05:09.9,Pass,Re-validation,HASH_ADDITIONAL_DOCUMENT_144,Previous validation expired
PROC007433,APP03145,UP008662,32:47.1,52:07.0,Pass,Initial,HASH_IDENTITY_145,
PROC007434,APP03145,UP008663,48:10.1,09:12.4,Pass,Initial,HASH_INCOME_145,
PROC007435,APP03145,UP008664,07:29.5,33:34.2,Pass,Initial,HASH_ADDITIONAL_DOCUMENT_145,
PROC007436,APP03146,UP008665,13:01.1,24:23.3,Pass,Initial,HASH_IDENTITY_146,
PROC007437,APP03146,UP008668,16:46.4,22:10.0,Pass,Re-validation,HASH_INCOME_146,Retry after failed upload
PROC007438,APP03146,UP008669,22:01.1,36:37.1,Pass,Re-validation,HASH_ADDITIONAL_DOCUMENT_146,Previous validation expired
PROC007439,APP03147,UP008670,13:12.5,22:57.3,Pass,Re-validation,HASH_IDENTITY_147,System could not reuse prior result
PROC007440,APP03147,UP008671,16:41.0,26:57.4,Pass,Initial,HASH_INCOME_147,
PROC007441,APP03147,UP008672,09:57.5,33:53.7,Pass,Initial,HASH_ADDITIONAL_DOCUMENT_147,
PROC007442,APP03148,UP008673,56:46.9,18:23.5,Pass,Initial,HASH_IDENTITY_148,
PROC007443,APP03148,UP008674,54:03.9,05:32.4,Pass,Initial,HASH_INCOME_148,
PROC007444,APP03148,UP008675,11:54.4,40:35.4,Pass,Initial,HASH_ADDITIONAL_DOCUMENT_148,
PROC007445,APP03149,UP008676,24:55.2,47:20.7,Pass,Initial,HASH_IDENTITY_149,
PROC007446,APP03149,UP008677,22:29.2,38:55.4,Pass,Initial,HASH_INCOME_149,
PROC007447,APP03149,UP008678,33:03.5,55:26.7,Pass,Initial,HASH_ADDITIONAL_DOCUMENT_149,
PROC007448,APP03150,UP008679,35:37.1,47:27.3,Fail,Initial,HASH_IDENTITY_150,
PROC007449,APP03150,UP008680,41:06.2,56:14.5,Pass,Initial,HASH_INCOME_150,
PROC007450,APP03150,UP008681,51:15.6,10:28.3,Pass,Re-validation,HASH_ADDITIONAL_DOCUMENT_150,System could not reuse prior result
PROC007451,APP03151,UP008682,28:23.5,46:01.1,Pass,Initial,HASH_IDENTITY_151,
PROC007452,APP03151,UP008683,29:49.1,41:33.8,Pass,Initial,HASH_INCOME_151,
PROC007453,APP03151,UP008684,51:55.0,17:25.4,Pass,Re-validation,HASH_ADDITIONAL_DOCUMENT_151,Rule-triggered re-verification
PROC007454,APP03152,UP008686,32:19.1,50:32.4,Pass,Re-validation,HASH_IDENTITY_152,Retry after failed upload
PROC007455,APP03152,UP008687,37:10.4,51:15.5,Pass,Initial,HASH_INCOME_152,
PROC007456,APP03152,UP008688,02:30.3,21:44.8,Pass,Initial,HASH_ADDITIONAL_DOCUMENT_152,
PROC007457,APP03153,UP008689,36:36.4,53:26.0,Pass,Re-validation,HASH_IDENTITY_153,Rule-triggered re-verification
PROC007458,APP03153,UP008690,43:37.7,04:41.7,Pass,Initial,HASH_INCOME_153,
PROC007459,APP03153,UP008691,55:43.2,21:57.8,Pass,Re-validation,HASH_ADDITIONAL_DOCUMENT_153,Rule-triggered re-verification
PROC007460,APP03154,UP008692,52:09.7,11:35.9,Pass,Initial,HASH_IDENTITY_154,
PROC007461,APP03154,UP008693,57:29.3,19:07.2,Pass,Initial,HASH_INCOME_154,
PROC007462,APP03154,UP008695,13:11.5,38:05.5,Pass,Re-validation,HASH_ADDITIONAL_DOCUMENT_154,Retry after failed upload
PROC007463,APP03155,UP008696,08:15.0,27:52.9,Pass,Initial,HASH_IDENTITY_155,
PROC007464,APP03155,UP008697,04:55.5,21:49.3,Pass,Re-validation,HASH_INCOME_155,Rule-triggered re-verification
PROC007465,APP03155,UP008700,28:22.5,47:32.0,Pass,Re-validation,HASH_ADDITIONAL_DOCUMENT_155,Retry after failed upload
PROC007466,APP03156,UP008701,23:12.6,34:19.4,Pass,Re-validation,HASH_IDENTITY_156,System could not reuse prior result
PROC007467,APP03156,UP008702,26:32.9,42:27.2,Pass,Initial,HASH_INCOME_156,
PROC007468,APP03156,UP008705,35:09.5,57:41.3,Pass,Re-validation,HASH_ADDITIONAL_DOCUMENT_156,Retry after failed upload
PROC007469,APP03157,UP008706,07:25.0,22:21.9,Pass,Initial,HASH_IDENTITY_157,
PROC007470,APP03157,UP008707,10:08.8,25:03.5,Pass,Initial,HASH_INCOME_157,
PROC007471,APP03157,UP008709,20:52.7,35:09.9,Pass,Re-validation,HASH_ADDITIONAL_DOCUMENT_157,Retry after failed upload
PROC007472,APP03158,UP008710,35:05.9,52:22.4,Pass,Initial,HASH_IDENTITY_158,
PROC007473,APP03158,UP008711,32:29.2,50:25.5,Pass,Initial,HASH_INCOME_158,
PROC007474,APP03158,UP008712,58:42.5,17:08.8,Pass,Initial,HASH_ADDITIONAL_DOCUMENT_158,
PROC007475,APP03159,UP008713,34:08.1,50:29.3,Pass,Initial,HASH_IDENTITY_159,
PROC007476,APP03159,UP008714,40:45.2,56:29.9,Pass,Initial,HASH_INCOME_159,
PROC007477,APP03159,UP008716,04:43.6,26:55.1,Pass,Re-validation,HASH_ADDITIONAL_DOCUMENT_159,Retry after failed upload
PROC007478,APP03160,UP008717,16:10.7,28:04.4,Pass,Re-validation,HASH_IDENTITY_160,Previous validation expired
PROC007479,APP03160,UP008719,32:19.9,36:30.8,Pass,Re-validation,HASH_INCOME_160,Retry after failed upload
PROC007480,APP03160,UP008720,49:35.0,15:28.8,Pass,Initial,HASH_ADDITIONAL_DOCUMENT_160,
PROC007481,APP03161,UP008721,55:54.9,14:18.5,Pass,Initial,HASH_IDENTITY_161,
PROC007482,APP03161,UP008722,06:02.8,20:16.8,Pass,Initial,HASH_INCOME_161,
PROC007483,APP03161,UP008723,08:09.6,30:08.1,Pass,Initial,HASH_ADDITIONAL_DOCUMENT_161,
PROC007484,APP03162,UP008724,35:09.8,51:02.9,Pass,Initial,HASH_IDENTITY_162,
PROC007485,APP03162,UP008725,43:47.2,51:36.2,Pass,Initial,HASH_INCOME_162,
PROC007486,APP03162,UP008726,59:30.2,21:12.8,Pass,Initial,HASH_ADDITIONAL_DOCUMENT_162,
PROC007487,APP03163,UP008727,31:22.4,52:40.9,Pass,Initial,HASH_IDENTITY_163,
PROC007488,APP03163,UP008728,42:08.7,56:44.7,Pass,Initial,HASH_INCOME_163,
PROC007489,APP03163,UP008729,00:54.8,27:17.7,Pass,Initial,HASH_ADDITIONAL_DOCUMENT_163,
PROC007490,APP03164,UP008731,52:43.8,07:39.9,Pass,Re-validation,HASH_IDENTITY_164,Retry after failed upload
PROC007491,APP03164,UP008732,03:02.9,18:09.2,Pass,Initial,HASH_INCOME_164,
PROC007492,APP03164,UP008733,00:29.9,27:34.9,Pass,Initial,HASH_ADDITIONAL_DOCUMENT_164,
PROC007493,APP03165,UP008735,42:53.4,49:53.3,Pass,Re-validation,HASH_IDENTITY_165,Retry after failed upload
PROC007494,APP03165,UP008736,01:14.1,16:44.1,Pass,Initial,HASH_INCOME_165,
PROC007495,APP03165,UP008739,07:46.6,31:33.8,Pass,Re-validation,HASH_ADDITIONAL_DOCUMENT_165,Retry after failed upload
PROC007496,APP03166,UP008740,30:58.2,44:34.9,Pass,Initial,HASH_IDENTITY_166,
PROC007497,APP03166,UP008741,57:49.0,12:38.2,Pass,Initial,HASH_INCOME_166,
PROC007498,APP03166,UP008742,03:21.0,27:35.7,Pass,Initial,HASH_ADDITIONAL_DOCUMENT_166,
PROC007499,APP03167,UP008743,38:09.8,55:27.1,Pass,Initial,HASH_IDENTITY_167,
PROC007500,APP03167,UP008744,49:54.8,07:48.5,Pass,Re-validation,HASH_INCOME_167,Previous validation expired
PROC007501,APP03167,UP008745,58:00.7,20:14.2,Pass,Initial,HASH_ADDITIONAL_DOCUMENT_167,
PROC007502,APP03168,UP008746,31:47.9,50:15.0,Pass,Initial,HASH_IDENTITY_168,
PROC007503,APP03168,UP008749,33:23.9,46:19.7,Pass,Re-validation,HASH_INCOME_168,Retry after failed upload
PROC007504,APP03168,UP008750,46:39.5,10:57.6,Pass,Initial,HASH_ADDITIONAL_DOCUMENT_168,
PROC007505,APP03169,UP008752,44:32.5,00:26.5,Pass,Re-validation,HASH_IDENTITY_169,Retry after failed upload
PROC007506,APP03169,UP008753,13:31.9,39:33.8,Pass,Initial,HASH_INCOME_169,
PROC007507,APP03169,UP008755,19:47.6,43:09.5,Pass,Re-validation,HASH_ADDITIONAL_DOCUMENT_169,Retry after failed upload
PROC007508,APP03170,UP008756,04:53.5,16:09.5,Pass,Initial,HASH_IDENTITY_170,
PROC007509,APP03170,UP008757,14:44.4,26:03.7,Pass,Initial,HASH_INCOME_170,
PROC007510,APP03170,UP008760,22:51.9,43:20.7,Pass,Re-validation,HASH_ADDITIONAL_DOCUMENT_170,Retry after failed upload
PROC007511,APP03171,UP008761,22:45.2,35:36.0,Pass,Initial,HASH_IDENTITY_171,
PROC007512,APP03171,UP008763,39:51.9,54:12.5,Pass,Re-validation,HASH_INCOME_171,Retry after failed upload
PROC007513,APP03171,UP008766,27:31.0,47:49.8,Pass,Re-validation,HASH_ADDITIONAL_DOCUMENT_171,Retry after failed upload
PROC007514,APP03172,UP008767,26:15.3,44:17.7,Pass,Re-validation,HASH_IDENTITY_172,System could not reuse prior result
PROC007515,APP03172,UP008769,29:29.0,38:36.3,Pass,Re-validation,HASH_INCOME_172,Retry after failed upload
PROC007516,APP03172,UP008770,26:17.4,49:19.5,Pass,Initial,HASH_ADDITIONAL_DOCUMENT_172,
PROC007517,APP03173,UP008772,25:57.6,42:39.3,Pass,Re-validation,HASH_IDENTITY_173,Retry after failed upload
PROC007518,APP03173,UP008773,35:22.4,57:55.3,Pass,Initial,HASH_INCOME_173,
PROC007519,APP03173,UP008774,29:05.3,48:37.9,Pass,Initial,HASH_ADDITIONAL_DOCUMENT_173,
PROC007520,APP03174,UP008775,05:39.2,28:13.9,Pass,Initial,HASH_IDENTITY_174,
PROC007521,APP03174,UP008776,21:34.4,37:36.1,Pass,Initial,HASH_INCOME_174,
PROC007522,APP03174,UP008777,37:14.0,58:50.5,Pass,Initial,HASH_ADDITIONAL_DOCUMENT_174,
PROC007523,APP03175,UP008778,02:39.1,14:28.8,Pass,Re-validation,HASH_IDENTITY_175,Rule-triggered re-verification
PROC007524,APP03175,UP008779,59:03.9,14:05.1,Pass,Initial,HASH_INCOME_175,
PROC007525,APP03175,UP008780,13:57.0,33:28.6,Pass,Initial,HASH_ADDITIONAL_DOCUMENT_175,
PROC007526,APP03176,UP008781,37:30.5,49:43.1,Pass,Initial,HASH_IDENTITY_176,
PROC007527,APP03176,UP008782,39:23.2,58:07.2,Pass,Initial,HASH_INCOME_176,
PROC007528,APP03176,UP008785,06:34.4,28:45.3,Pass,Re-validation,HASH_ADDITIONAL_DOCUMENT_176,Retry after failed upload
PROC007529,APP03177,UP008786,02:24.0,17:21.4,Pass,Initial,HASH_IDENTITY_177,
PROC007530,APP03177,UP008787,11:32.9,26:58.9,Pass,Initial,HASH_INCOME_177,
PROC007531,APP03177,UP008788,12:41.5,33:07.3,Pass,Re-validation,HASH_ADDITIONAL_DOCUMENT_177,Previous validation expired
PROC007532,APP03178,UP008790,09:43.4,23:01.3,Pass,Re-validation,HASH_IDENTITY_178,Retry after failed upload
PROC007533,APP03178,UP008791,08:55.0,28:50.6,Pass,Re-validation,HASH_INCOME_178,System could not reuse prior result
PROC007534,APP03178,UP008792,41:09.9,00:20.0,Pass,Initial,HASH_ADDITIONAL_DOCUMENT_178,
PROC007535,APP03179,UP008793,53:40.9,05:54.6,Pass,Initial,HASH_IDENTITY_179,
PROC007536,APP03179,UP008794,49:02.7,01:40.9,Pass,Re-validation,HASH_INCOME_179,Rule-triggered re-verification
PROC007537,APP03179,UP008795,10:43.0,36:58.8,Pass,Re-validation,HASH_ADDITIONAL_DOCUMENT_179,Rule-triggered re-verification
PROC007538,APP03180,UP008796,19:50.8,35:11.3,Pass,Initial,HASH_IDENTITY_180,
PROC007539,APP03180,UP008797,19:37.4,27:25.6,Pass,Re-validation,HASH_INCOME_180,Rule-triggered re-verification
PROC007540,APP03180,UP008798,46:42.7,13:10.7,Pass,Initial,HASH_ADDITIONAL_DOCUMENT_180,
PROC007541,APP03181,UP008799,56:55.9,10:27.3,Pass,Re-validation,HASH_IDENTITY_181,Previous validation expired
PROC007542,APP03181,UP008802,59:44.6,11:18.5,Pass,Re-validation,HASH_INCOME_181,Retry after failed upload
PROC007543,APP03181,UP008803,14:26.0,36:32.9,Pass,Re-validation,HASH_ADDITIONAL_DOCUMENT_181,Rule-triggered re-verification
PROC007544,APP03182,UP008804,33:19.7,41:12.9,Pass,Initial,HASH_IDENTITY_182,
PROC007545,APP03182,UP008805,47:12.7,02:11.6,Pass,Re-validation,HASH_INCOME_182,System could not reuse prior result
PROC007546,APP03182,UP008808,51:26.7,14:43.0,Pass,Re-validation,HASH_ADDITIONAL_DOCUMENT_182,Retry after failed upload
PROC007547,APP03183,UP008809,12:06.7,20:24.9,Pass,Initial,HASH_IDENTITY_183,
PROC007548,APP03183,UP008810,09:54.9,30:31.1,Pass,Re-validation,HASH_INCOME_183,Previous validation expired
PROC007549,APP03183,UP008812,15:44.5,37:35.3,Fail,Re-validation,HASH_ADDITIONAL_DOCUMENT_183,Retry after failed upload
PROC007550,APP03184,UP008813,05:49.3,14:34.2,Fail,Initial,HASH_IDENTITY_184,
PROC007551,APP03184,UP008814,21:59.1,36:34.7,Pass,Initial,HASH_INCOME_184,
PROC007552,APP03184,UP008817,16:53.8,35:06.6,Pass,Re-validation,HASH_ADDITIONAL_DOCUMENT_184,Retry after failed upload
PROC007553,APP03185,UP008818,23:49.1,31:55.9,Pass,Initial,HASH_IDENTITY_185,
PROC007554,APP03185,UP008819,36:10.1,45:41.4,Pass,Initial,HASH_INCOME_185,
PROC007555,APP03185,UP008821,53:44.0,21:52.0,Pass,Re-validation,HASH_ADDITIONAL_DOCUMENT_185,Retry after failed upload
PROC007556,APP03186,UP008822,24:38.0,38:12.1,Pass,Initial,HASH_IDENTITY_186,
PROC007557,APP03186,UP008823,35:41.6,50:41.2,Pass,Initial,HASH_INCOME_186,
PROC007558,APP03186,UP008824,41:09.8,03:43.7,Pass,Initial,HASH_ADDITIONAL_DOCUMENT_186,
PROC007559,APP03187,UP008825,26:55.8,39:09.1,Pass,Initial,HASH_IDENTITY_187,
PROC007560,APP03187,UP008826,29:44.0,46:36.6,Pass,Initial,HASH_INCOME_187,
PROC007561,APP03187,UP008827,40:27.8,03:48.9,Pass,Re-validation,HASH_ADDITIONAL_DOCUMENT_187,Previous validation expired
PROC007562,APP03188,UP008828,16:30.7,26:56.5,Pass,Initial,HASH_IDENTITY_188,
PROC007563,APP03188,UP008830,25:33.3,41:48.5,Pass,Re-validation,HASH_INCOME_188,Retry after failed upload
PROC007564,APP03188,UP008832,39:31.6,02:23.0,Pass,Re-validation,HASH_ADDITIONAL_DOCUMENT_188,Retry after failed upload
PROC007565,APP03189,UP008833,49:13.0,00:13.2,Pass,Initial,HASH_IDENTITY_189,
PROC007566,APP03189,UP008834,44:58.5,57:53.3,Pass,Initial,HASH_INCOME_189,
PROC007567,APP03189,UP008835,53:22.2,14:11.0,Pass,Initial,HASH_ADDITIONAL_DOCUMENT_189,
PROC007568,APP03190,UP008836,39:46.6,54:47.6,Pass,Initial,HASH_IDENTITY_190,
PROC007569,APP03190,UP008837,32:11.3,46:13.0,Pass,Initial,HASH_INCOME_190,
PROC007570,APP03190,UP008838,55:30.5,20:50.1,Pass,Initial,HASH_ADDITIONAL_DOCUMENT_190,
PROC007571,APP03191,UP008839,20:55.4,35:17.6,Pass,Initial,HASH_IDENTITY_191,
PROC007572,APP03191,UP008840,25:18.2,43:26.0,Pass,Initial,HASH_INCOME_191,
PROC007573,APP03191,UP008841,45:07.5,08:13.3,Pass,Initial,HASH_ADDITIONAL_DOCUMENT_191,
PROC007574,APP03192,UP008842,07:48.9,17:39.4,Pass,Re-validation,HASH_IDENTITY_192,System could not reuse prior result
PROC007575,APP03192,UP008843,25:03.1,40:59.9,Pass,Initial,HASH_INCOME_192,
PROC007576,APP03192,UP008844,25:42.9,48:15.3,Pass,Re-validation,HASH_ADDITIONAL_DOCUMENT_192,System could not reuse prior result
PROC007577,APP03193,UP008845,06:18.4,25:08.3,Pass,Initial,HASH_IDENTITY_193,
PROC007578,APP03193,UP008846,24:17.9,39:26.7,Pass,Re-validation,HASH_INCOME_193,Previous validation expired
PROC007579,APP03193,UP008847,53:29.9,16:35.8,Pass,Initial,HASH_ADDITIONAL_DOCUMENT_193,
PROC007580,APP03194,UP008848,42:52.1,55:31.8,Pass,Initial,HASH_IDENTITY_194,
PROC007581,APP03194,UP008849,37:42.2,51:49.1,Pass,Initial,HASH_INCOME_194,
PROC007582,APP03194,UP008850,56:03.1,22:41.0,Pass,Initial,HASH_ADDITIONAL_DOCUMENT_194,
PROC007583,APP03195,UP008851,44:26.5,01:07.7,Pass,Initial,HASH_IDENTITY_195,
PROC007584,APP03195,UP008854,50:18.0,03:27.0,Pass,Re-validation,HASH_INCOME_195,Retry after failed upload
PROC007585,APP03195,UP008857,08:19.8,33:33.9,Pass,Re-validation,HASH_ADDITIONAL_DOCUMENT_195,Retry after failed upload
PROC007586,APP03196,UP008858,13:56.9,24:03.1,Pass,Initial,HASH_IDENTITY_196,
PROC007587,APP03196,UP008861,10:51.7,22:19.1,Pass,Re-validation,HASH_INCOME_196,Retry after failed upload
PROC007588,APP03196,UP008863,24:27.5,56:41.9,Pass,Re-validation,HASH_ADDITIONAL_DOCUMENT_196,Retry after failed upload
PROC007589,APP03197,UP008864,42:46.4,52:52.4,Fail,Re-validation,HASH_IDENTITY_197,Previous validation expired
PROC007590,APP03197,UP008865,45:16.1,59:11.8,Pass,Initial,HASH_INCOME_197,
PROC007591,APP03197,UP008866,44:22.0,02:20.1,Pass,Initial,HASH_ADDITIONAL_DOCUMENT_197,
PROC007592,APP03198,UP008867,08:28.6,20:53.9,Pass,Initial,HASH_IDENTITY_198,
PROC007593,APP03198,UP008868,29:59.6,44:10.7,Pass,Initial,HASH_INCOME_198,
PROC007594,APP03198,UP008869,31:17.7,55:40.9,Pass,Initial,HASH_ADDITIONAL_DOCUMENT_198,
PROC007595,APP03199,UP008870,14:34.3,28:40.2,Fail,Initial,HASH_IDENTITY_199,
PROC007596,APP03199,UP008871,45:08.0,07:05.7,Pass,Initial,HASH_INCOME_199,
PROC007597,APP03199,UP008872,47:46.5,07:35.1,Pass,Initial,HASH_ADDITIONAL_DOCUMENT_199,
PROC007598,APP03200,UP008873,38:45.0,57:49.6,Pass,Initial,HASH_IDENTITY_200,
PROC007599,APP03200,UP008874,32:02.9,49:31.8,Pass,Re-validation,HASH_INCOME_200,Rule-triggered re-verification
PROC007600,APP03200,UP008875,56:09.0,26:34.4,Pass,Initial,HASH_ADDITIONAL_DOCUMENT_200,
PROC007601,APP03201,UP008876,59:38.5,11:44.3,Pass,Re-validation,HASH_IDENTITY_201,System could not reuse prior result
PROC007602,APP03201,UP008877,58:21.6,05:15.1,Pass,Re-validation,HASH_INCOME_201,Previous validation expired
PROC007603,APP03201,UP008878,23:20.5,44:25.7,Pass,Initial,HASH_ADDITIONAL_DOCUMENT_201,
PROC007604,APP03202,UP008879,17:26.1,38:38.8,Pass,Re-validation,HASH_IDENTITY_202,Previous validation expired
PROC007605,APP03202,UP008880,03:47.7,19:27.2,Pass,Initial,HASH_INCOME_202,
PROC007606,APP03202,UP008881,24:56.0,49:07.2,Fail,Initial,HASH_ADDITIONAL_DOCUMENT_202,
PROC007607,APP03203,UP008882,57:58.1,15:21.2,Pass,Initial,HASH_IDENTITY_203,
PROC007608,APP03203,UP008884,04:08.2,21:43.8,Pass,Re-validation,HASH_INCOME_203,Retry after failed upload
PROC007609,APP03203,UP008885,29:37.6,52:54.3,Pass,Initial,HASH_ADDITIONAL_DOCUMENT_203,
PROC007610,APP03204,UP008887,32:30.1,49:33.9,Pass,Re-validation,HASH_IDENTITY_204,Retry after failed upload
PROC007611,APP03204,UP008888,33:13.6,47:11.6,Pass,Initial,HASH_INCOME_204,
PROC007612,APP03204,UP008889,49:41.1,05:46.0,Pass,Initial,HASH_ADDITIONAL_DOCUMENT_204,
PROC007613,APP03205,UP008890,23:23.7,38:42.8,Pass,Re-validation,HASH_IDENTITY_205,System could not reuse prior result
PROC007614,APP03205,UP008891,20:22.4,28:30.2,Pass,Re-validation,HASH_INCOME_205,Rule-triggered re-verification
PROC007615,APP03205,UP008894,48:13.0,18:52.2,Pass,Re-validation,HASH_ADDITIONAL_DOCUMENT_205,Retry after failed upload
PROC007616,APP03206,UP008896,53:34.2,13:07.9,Pass,Re-validation,HASH_IDENTITY_206,Retry after failed upload
PROC007617,APP03206,UP008897,54:11.5,16:30.2,Pass,Initial,HASH_INCOME_206,
PROC007618,APP03206,UP008898,08:09.0,39:15.6,Pass,Initial,HASH_ADDITIONAL_DOCUMENT_206,
PROC007619,APP03207,UP008899,28:16.9,42:36.2,Pass,Re-validation,HASH_IDENTITY_207,Previous validation expired
PROC007620,APP03207,UP008900,31:52.6,48:22.4,Pass,Initial,HASH_INCOME_207,
PROC007621,APP03207,UP008901,43:19.5,10:33.2,Pass,Initial,HASH_ADDITIONAL_DOCUMENT_207,
PROC007622,APP03208,UP008902,51:40.9,06:37.3,Pass,Re-validation,HASH_IDENTITY_208,System could not reuse prior result
PROC007623,APP03208,UP008903,01:56.8,14:49.9,Pass,Initial,HASH_INCOME_208,
PROC007624,APP03208,UP008904,54:19.9,28:04.4,Pass,Initial,HASH_ADDITIONAL_DOCUMENT_208,
PROC007625,APP03209,UP008905,52:47.5,07:09.6,Pass,Re-validation,HASH_IDENTITY_209,Rule-triggered re-verification
PROC007626,APP03209,UP008906,58:09.2,16:17.3,Pass,Initial,HASH_INCOME_209,
PROC007627,APP03209,UP008908,07:06.5,20:03.6,Pass,Re-validation,HASH_ADDITIONAL_DOCUMENT_209,Retry after failed upload
PROC007628,APP03210,UP008909,13:22.6,29:49.4,Fail,Initial,HASH_IDENTITY_210,
PROC007629,APP03210,UP008910,22:23.7,39:16.1,Pass,Re-validation,HASH_INCOME_210,Rule-triggered re-verification
PROC007630,APP03210,UP008911,24:51.5,46:22.1,Pass,Initial,HASH_ADDITIONAL_DOCUMENT_210,
PROC007631,APP03211,UP008912,48:34.9,01:05.7,Fail,Initial,HASH_IDENTITY_211,
PROC007632,APP03211,UP008913,50:21.0,58:14.9,Pass,Initial,HASH_INCOME_211,
PROC007633,APP03211,UP008914,59:45.2,19:20.3,Pass,Initial,HASH_ADDITIONAL_DOCUMENT_211,
PROC007634,APP03212,UP008915,19:30.2,39:07.5,Pass,Re-validation,HASH_IDENTITY_212,Rule-triggered re-verification
PROC007635,APP03212,UP008916,11:05.8,30:24.3,Pass,Re-validation,HASH_INCOME_212,Previous validation expired
PROC007636,APP03212,UP008917,37:42.6,02:20.8,Fail,Initial,HASH_ADDITIONAL_DOCUMENT_212,
PROC007637,APP03213,UP008918,43:39.1,56:54.8,Pass,Initial,HASH_IDENTITY_213,
PROC007638,APP03213,UP008920,40:34.7,54:13.2,Pass,Re-validation,HASH_INCOME_213,Retry after failed upload
PROC007639,APP03213,UP008921,07:49.7,27:26.1,Pass,Initial,HASH_ADDITIONAL_DOCUMENT_213,
PROC007640,APP03214,UP008922,52:12.9,19:06.8,Pass,Initial,HASH_IDENTITY_214,
PROC007641,APP03214,UP008923,03:58.1,27:32.6,Pass,Initial,HASH_INCOME_214,
PROC007642,APP03214,UP008924,14:03.6,32:18.8,Pass,Re-validation,HASH_ADDITIONAL_DOCUMENT_214,Rule-triggered re-verification
PROC007643,APP03215,UP008925,44:44.8,07:45.5,Pass,Initial,HASH_IDENTITY_215,
PROC007644,APP03215,UP008926,38:43.9,55:46.9,Pass,Initial,HASH_INCOME_215,
PROC007645,APP03215,UP008927,39:26.1,00:07.0,Pass,Re-validation,HASH_ADDITIONAL_DOCUMENT_215,Rule-triggered re-verification
PROC007646,APP03216,UP008928,32:27.6,52:58.0,Fail,Initial,HASH_IDENTITY_216,
PROC007647,APP03216,UP008929,53:12.4,15:50.8,Pass,Initial,HASH_INCOME_216,
PROC007648,APP03216,UP008930,03:48.0,19:01.9,Pass,Initial,HASH_ADDITIONAL_DOCUMENT_216,
PROC007649,APP03217,UP008931,41:50.3,53:28.7,Pass,Initial,HASH_IDENTITY_217,
PROC007650,APP03217,UP008932,43:53.2,01:58.6,Pass,Re-validation,HASH_INCOME_217,Previous validation expired
PROC007651,APP03217,UP008933,02:02.4,16:26.9,Pass,Re-validation,HASH_ADDITIONAL_DOCUMENT_217,Previous validation expired
PROC007652,APP03218,UP008934,24:29.4,37:15.8,Pass,Re-validation,HASH_IDENTITY_218,Rule-triggered re-verification
PROC007653,APP03218,UP008935,25:23.4,44:05.0,Pass,Initial,HASH_INCOME_218,
PROC007654,APP03218,UP008937,40:23.2,00:40.1,Pass,Re-validation,HASH_ADDITIONAL_DOCUMENT_218,Retry after failed upload
PROC007655,APP03219,UP008938,46:30.4,06:07.1,Fail,Re-validation,HASH_IDENTITY_219,Previous validation expired
PROC007656,APP03219,UP008939,56:52.3,09:13.4,Pass,Initial,HASH_INCOME_219,
PROC007657,APP03219,UP008940,00:53.5,18:28.5,Pass,Re-validation,HASH_ADDITIONAL_DOCUMENT_219,System could not reuse prior result
PROC007658,APP03220,UP008941,43:50.6,04:01.3,Pass,Re-validation,HASH_IDENTITY_220,Previous validation expired
PROC007659,APP03220,UP008942,44:17.2,58:33.6,Pass,Initial,HASH_INCOME_220,
PROC007660,APP03220,UP008943,40:41.7,07:07.9,Pass,Initial,HASH_ADDITIONAL_DOCUMENT_220,
PROC007661,APP03221,UP008945,43:57.4,02:25.1,Pass,Re-validation,HASH_IDENTITY_221,Retry after failed upload
PROC007662,APP03221,UP008946,48:48.2,00:00.6,Pass,Initial,HASH_INCOME_221,
PROC007663,APP03221,UP008947,51:24.7,16:18.9,Pass,Initial,HASH_ADDITIONAL_DOCUMENT_221,
PROC007664,APP03222,UP008948,13:32.8,31:25.5,Pass,Re-validation,HASH_IDENTITY_222,Rule-triggered re-verification
PROC007665,APP03222,UP008950,23:15.3,39:04.9,Pass,Re-validation,HASH_INCOME_222,Retry after failed upload
PROC007666,APP03222,UP008951,27:53.5,53:23.9,Pass,Initial,HASH_ADDITIONAL_DOCUMENT_222,
PROC007667,APP03223,UP008952,58:19.8,19:11.2,Pass,Initial,HASH_IDENTITY_223,
PROC007668,APP03223,UP008953,13:10.2,32:16.7,Pass,Initial,HASH_INCOME_223,
PROC007669,APP03223,UP008954,17:46.3,44:55.9,Pass,Initial,HASH_ADDITIONAL_DOCUMENT_223,
PROC007670,APP03224,UP008955,53:04.9,01:02.4,Pass,Initial,HASH_IDENTITY_224,
PROC007671,APP03224,UP008956,55:37.5,12:14.3,Pass,Initial,HASH_INCOME_224,
PROC007672,APP03224,UP008957,01:51.4,30:40.7,Fail,Re-validation,HASH_ADDITIONAL_DOCUMENT_224,System could not reuse prior result
PROC007673,APP03225,UP008958,09:32.8,19:55.3,Pass,Initial,HASH_IDENTITY_225,
PROC007674,APP03225,UP008961,13:49.6,30:57.7,Pass,Re-validation,HASH_INCOME_225,Retry after failed upload
PROC007675,APP03225,UP008962,18:37.4,33:55.9,Pass,Initial,HASH_ADDITIONAL_DOCUMENT_225,
PROC007676,APP03226,UP008963,11:12.3,29:55.9,Pass,Initial,HASH_IDENTITY_226,
PROC007677,APP03226,UP008964,03:32.3,25:18.1,Pass,Initial,HASH_INCOME_226,
PROC007678,APP03226,UP008965,27:13.7,50:45.4,Pass,Initial,HASH_ADDITIONAL_DOCUMENT_226,
PROC007679,APP03227,UP008966,52:46.3,10:15.4,Pass,Initial,HASH_IDENTITY_227,
PROC007680,APP03227,UP008968,49:09.2,03:39.4,Pass,Re-validation,HASH_INCOME_227,Retry after failed upload
PROC007681,APP03227,UP008969,57:29.0,12:20.8,Pass,Initial,HASH_ADDITIONAL_DOCUMENT_227,
PROC007682,APP03228,UP008970,52:44.2,02:44.0,Pass,Initial,HASH_IDENTITY_228,
PROC007683,APP03228,UP008971,00:09.7,21:34.8,Pass,Initial,HASH_INCOME_228,
PROC007684,APP03228,UP008972,10:22.1,25:38.7,Pass,Initial,HASH_ADDITIONAL_DOCUMENT_228,
PROC007685,APP03229,UP008974,36:31.8,51:34.1,Pass,Re-validation,HASH_IDENTITY_229,Retry after failed upload
PROC007686,APP03229,UP008977,41:03.3,52:24.2,Pass,Re-validation,HASH_INCOME_229,Retry after failed upload
PROC007687,APP03229,UP008978,53:17.7,25:49.7,Pass,Initial,HASH_ADDITIONAL_DOCUMENT_229,
PROC007688,APP03230,UP008979,27:31.8,46:20.1,Pass,Initial,HASH_IDENTITY_230,
PROC007689,APP03230,UP008980,45:42.6,03:56.7,Pass,Initial,HASH_INCOME_230,
PROC007690,APP03230,UP008983,58:06.4,19:44.6,Pass,Re-validation,HASH_ADDITIONAL_DOCUMENT_230,Retry after failed upload
PROC007691,APP03231,UP008985,22:53.7,44:39.2,Pass,Re-validation,HASH_IDENTITY_231,Retry after failed upload
PROC007692,APP03231,UP008986,16:19.5,30:44.9,Pass,Re-validation,HASH_INCOME_231,System could not reuse prior result
PROC007693,APP03231,UP008987,31:22.7,02:22.1,Pass,Initial,HASH_ADDITIONAL_DOCUMENT_231,
PROC007694,APP03232,UP008988,58:31.6,10:48.7,Pass,Initial,HASH_IDENTITY_232,
PROC007695,APP03232,UP008989,12:08.3,23:26.8,Pass,Re-validation,HASH_INCOME_232,System could not reuse prior result
PROC007696,APP03232,UP008992,29:27.9,54:41.7,Pass,Re-validation,HASH_ADDITIONAL_DOCUMENT_232,Retry after failed upload
PROC007697,APP03233,UP008993,09:14.4,20:57.8,Fail,Re-validation,HASH_IDENTITY_233,Previous validation expired
PROC007698,APP03233,UP008996,16:19.3,32:51.5,Fail,Re-validation,HASH_INCOME_233,Retry after failed upload
PROC007699,APP03233,UP008997,15:42.1,31:55.6,Pass,Initial,HASH_ADDITIONAL_DOCUMENT_233,
PROC007700,APP03234,UP008998,11:50.3,23:52.6,Pass,Initial,HASH_IDENTITY_234,
PROC007701,APP03234,UP008999,28:17.5,43:48.1,Pass,Initial,HASH_INCOME_234,
PROC007702,APP03234,UP009002,28:44.5,56:16.7,Pass,Re-validation,HASH_ADDITIONAL_DOCUMENT_234,Retry after failed upload
PROC007703,APP03235,UP009003,58:23.5,07:44.3,Pass,Re-validation,HASH_IDENTITY_235,Rule-triggered re-verification
PROC007704,APP03235,UP009004,06:59.1,22:24.4,Pass,Initial,HASH_INCOME_235,
PROC007705,APP03235,UP009005,27:33.0,45:19.2,Pass,Initial,HASH_ADDITIONAL_DOCUMENT_235,
PROC007706,APP03236,UP009006,15:39.9,37:15.1,Pass,Initial,HASH_IDENTITY_236,
PROC007707,APP03236,UP009008,24:34.3,39:57.5,Pass,Re-validation,HASH_INCOME_236,Retry after failed upload
PROC007708,APP03236,UP009010,32:40.2,04:21.2,Pass,Re-validation,HASH_ADDITIONAL_DOCUMENT_236,Retry after failed upload
PROC007709,APP03237,UP009011,47:51.1,03:20.3,Pass,Re-validation,HASH_IDENTITY_237,System could not reuse prior result
PROC007710,APP03237,UP009012,30:23.8,43:30.1,Fail,Initial,HASH_INCOME_237,
PROC007711,APP03237,UP009013,51:39.6,05:31.8,Pass,Re-validation,HASH_ADDITIONAL_DOCUMENT_237,Previous validation expired
PROC007712,APP03238,UP009014,48:52.9,03:32.2,Pass,Initial,HASH_IDENTITY_238,
PROC007713,APP03238,UP009015,59:36.7,15:04.2,Pass,Initial,HASH_INCOME_238,
PROC007714,APP03238,UP009016,11:27.2,33:11.7,Pass,Initial,HASH_ADDITIONAL_DOCUMENT_238,
PROC007715,APP03239,UP009017,20:48.9,35:53.5,Pass,Initial,HASH_IDENTITY_239,
PROC007716,APP03239,UP009020,08:14.0,18:23.7,Pass,Re-validation,HASH_INCOME_239,Retry after failed upload
PROC007717,APP03239,UP009021,25:38.4,48:33.5,Pass,Initial,HASH_ADDITIONAL_DOCUMENT_239,
PROC007718,APP03240,UP009023,40:58.0,48:49.5,Pass,Re-validation,HASH_IDENTITY_240,Retry after failed upload
PROC007719,APP03240,UP009024,38:36.4,49:00.1,Pass,Initial,HASH_INCOME_240,
PROC007720,APP03240,UP009025,55:16.2,13:40.5,Pass,Initial,HASH_ADDITIONAL_DOCUMENT_240,
PROC007721,APP03241,UP009026,35:19.1,51:20.2,Pass,Re-validation,HASH_IDENTITY_241,System could not reuse prior result
PROC007722,APP03241,UP009027,40:08.9,01:17.6,Pass,Re-validation,HASH_INCOME_241,Rule-triggered re-verification
PROC007723,APP03241,UP009028,00:39.6,22:03.2,Pass,Initial,HASH_ADDITIONAL_DOCUMENT_241,
PROC007724,APP03242,UP009029,54:58.6,14:14.3,Pass,Re-validation,HASH_IDENTITY_242,Rule-triggered re-verification
PROC007725,APP03242,UP009030,58:48.2,09:37.2,Pass,Initial,HASH_INCOME_242,
PROC007726,APP03242,UP009031,10:28.4,33:29.5,Pass,Initial,HASH_ADDITIONAL_DOCUMENT_242,
PROC007727,APP03243,UP009032,38:53.3,50:48.4,Pass,Re-validation,HASH_IDENTITY_243,System could not reuse prior result
PROC007728,APP03243,UP009033,51:38.1,04:51.7,Fail,Re-validation,HASH_INCOME_243,Previous validation expired
PROC007729,APP03243,UP009035,04:01.7,38:08.5,Pass,Re-validation,HASH_ADDITIONAL_DOCUMENT_243,Retry after failed upload
PROC007730,APP03244,UP009036,14:58.0,33:56.7,Pass,Re-validation,HASH_IDENTITY_244,System could not reuse prior result
PROC007731,APP03244,UP009037,21:44.9,38:42.6,Pass,Re-validation,HASH_INCOME_244,Rule-triggered re-verification
PROC007732,APP03244,UP009038,44:05.7,09:01.1,Pass,Re-validation,HASH_ADDITIONAL_DOCUMENT_244,Previous validation expired
PROC007733,APP03245,UP009039,34:55.6,47:39.3,Pass,Re-validation,HASH_IDENTITY_245,System could not reuse prior result
PROC007734,APP03245,UP009040,43:12.5,54:30.2,Fail,Re-validation,HASH_INCOME_245,Previous validation expired
PROC007735,APP03245,UP009041,51:52.6,15:49.0,Pass,Initial,HASH_ADDITIONAL_DOCUMENT_245,
PROC007736,APP03246,UP009042,38:05.8,59:17.7,Pass,Initial,HASH_IDENTITY_246,
PROC007737,APP03246,UP009043,46:07.5,01:43.0,Pass,Re-validation,HASH_INCOME_246,Previous validation expired
PROC007738,APP03246,UP009044,53:11.0,18:49.3,Pass,Initial,HASH_ADDITIONAL_DOCUMENT_246,
PROC007739,APP03247,UP009045,47:26.3,07:14.4,Pass,Initial,HASH_IDENTITY_247,
PROC007740,APP03247,UP009046,01:39.1,14:39.1,Pass,Initial,HASH_INCOME_247,
PROC007741,APP03247,UP009047,03:02.6,27:44.8,Pass,Initial,HASH_ADDITIONAL_DOCUMENT_247,
PROC007742,APP03248,UP009048,40:20.3,47:08.3,Pass,Initial,HASH_IDENTITY_248,
PROC007743,APP03248,UP009049,46:31.0,02:31.4,Pass,Re-validation,HASH_INCOME_248,Previous validation expired
PROC007744,APP03248,UP009052,44:42.6,01:03.8,Fail,Re-validation,HASH_ADDITIONAL_DOCUMENT_248,Retry after failed upload
PROC007745,APP03249,UP009053,55:27.6,11:03.8,Pass,Initial,HASH_IDENTITY_249,
PROC007746,APP03249,UP009054,56:40.5,12:08.4,Pass,Re-validation,HASH_INCOME_249,Previous validation expired
PROC007747,APP03249,UP009055,10:46.4,37:34.1,Pass,Initial,HASH_ADDITIONAL_DOCUMENT_249,
PROC007748,APP03250,UP009056,58:25.0,09:11.1,Pass,Initial,HASH_IDENTITY_250,
PROC007749,APP03250,UP009057,17:53.3,32:53.4,Pass,Initial,HASH_INCOME_250,
PROC007750,APP03250,UP009058,25:14.2,49:24.5,Pass,Initial,HASH_ADDITIONAL_DOCUMENT_250,
PROC007751,APP03251,UP009059,59:50.0,15:38.5,Pass,Initial,HASH_IDENTITY_251,
PROC007752,APP03251,UP009060,12:47.5,26:57.6,Pass,Initial,HASH_INCOME_251,
PROC007753,APP03251,UP009061,25:52.8,49:06.6,Fail,Initial,HASH_ADDITIONAL_DOCUMENT_251,
PROC007754,APP03252,UP009062,32:17.9,50:25.3,Pass,Initial,HASH_IDENTITY_252,
PROC007755,APP03252,UP009065,28:28.2,40:04.2,Pass,Re-validation,HASH_INCOME_252,Retry after failed upload
PROC007756,APP03252,UP009067,45:28.2,12:09.7,Pass,Re-validation,HASH_ADDITIONAL_DOCUMENT_252,Retry after failed upload
PROC007757,APP03253,UP009068,25:11.6,38:59.4,Pass,Re-validation,HASH_IDENTITY_253,System could not reuse prior result
PROC007758,APP03253,UP009069,29:08.2,49:18.5,Pass,Re-validation,HASH_INCOME_253,Rule-triggered re-verification
PROC007759,APP03253,UP009072,41:32.8,07:43.7,Pass,Re-validation,HASH_ADDITIONAL_DOCUMENT_253,Retry after failed upload
PROC007760,APP03254,UP009073,15:38.9,31:59.3,Pass,Re-validation,HASH_IDENTITY_254,Rule-triggered re-verification
PROC007761,APP03254,UP009074,09:49.3,22:39.7,Pass,Initial,HASH_INCOME_254,
PROC007762,APP03254,UP009075,04:37.3,27:38.7,Pass,Re-validation,HASH_ADDITIONAL_DOCUMENT_254,Rule-triggered re-verification
PROC007763,APP03255,UP009077,35:47.9,53:27.4,Pass,Re-validation,HASH_IDENTITY_255,Retry after failed upload
PROC007764,APP03255,UP009078,46:16.7,02:14.4,Pass,Initial,HASH_INCOME_255,
PROC007765,APP03255,UP009079,48:55.7,07:20.7,Pass,Initial,HASH_ADDITIONAL_DOCUMENT_255,
PROC007766,APP03256,UP009080,01:04.6,13:35.8,Pass,Initial,HASH_IDENTITY_256,
PROC007767,APP03256,UP009082,34:03.7,52:00.0,Pass,Re-validation,HASH_INCOME_256,Retry after failed upload
PROC007768,APP03256,UP009083,13:01.4,37:56.7,Pass,Initial,HASH_ADDITIONAL_DOCUMENT_256,
PROC007769,APP03257,UP009084,53:42.4,10:48.8,Pass,Initial,HASH_IDENTITY_257,
PROC007770,APP03257,UP009085,46:38.4,02:22.2,Pass,Initial,HASH_INCOME_257,
PROC007771,APP03257,UP009088,49:11.3,17:35.7,Pass,Re-validation,HASH_ADDITIONAL_DOCUMENT_257,Retry after failed upload
PROC007772,APP03258,UP009089,43:34.6,00:19.3,Pass,Initial,HASH_IDENTITY_258,
PROC007773,APP03258,UP009090,55:38.4,05:37.6,Pass,Initial,HASH_INCOME_258,
PROC007774,APP03258,UP009091,54:34.7,15:51.3,Pass,Initial,HASH_ADDITIONAL_DOCUMENT_258,
PROC007775,APP03259,UP009092,20:27.6,34:55.1,Pass,Initial,HASH_IDENTITY_259,
PROC007776,APP03259,UP009093,25:06.4,41:40.4,Pass,Re-validation,HASH_INCOME_259,System could not reuse prior result
PROC007777,APP03259,UP009094,31:01.9,02:57.8,Fail,Initial,HASH_ADDITIONAL_DOCUMENT_259,
PROC007778,APP03260,UP009095,16:36.9,33:48.9,Pass,Initial,HASH_IDENTITY_260,
PROC007779,APP03260,UP009096,16:15.1,35:23.7,Pass,Initial,HASH_INCOME_260,
PROC007780,APP03260,UP009099,31:23.3,58:08.8,Pass,Re-validation,HASH_ADDITIONAL_DOCUMENT_260,Retry after failed upload
PROC007781,APP03261,UP009100,36:17.5,50:17.6,Pass,Initial,HASH_IDENTITY_261,
PROC007782,APP03261,UP009101,39:32.2,55:26.3,Fail,Initial,HASH_INCOME_261,
PROC007783,APP03261,UP009102,03:15.5,24:41.9,Pass,Initial,HASH_ADDITIONAL_DOCUMENT_261,
PROC007784,APP03262,UP009104,58:52.1,07:12.3,Pass,Re-validation,HASH_IDENTITY_262,Retry after failed upload
PROC007785,APP03262,UP009105,08:23.0,22:44.9,Pass,Initial,HASH_INCOME_262,
PROC007786,APP03262,UP009106,18:33.5,40:25.5,Pass,Initial,HASH_ADDITIONAL_DOCUMENT_262,
PROC007787,APP03263,UP009107,08:38.3,16:27.8,Pass,Initial,HASH_IDENTITY_263,
PROC007788,APP03263,UP009108,21:23.7,32:35.0,Pass,Initial,HASH_INCOME_263,
PROC007789,APP03263,UP009109,27:01.2,49:02.5,Pass,Initial,HASH_ADDITIONAL_DOCUMENT_263,
PROC007790,APP03264,UP009110,41:29.0,56:43.2,Fail,Initial,HASH_IDENTITY_264,
PROC007791,APP03264,UP009111,45:34.8,01:57.8,Fail,Initial,HASH_INCOME_264,
PROC007792,APP03264,UP009113,56:14.0,20:31.7,Pass,Re-validation,HASH_ADDITIONAL_DOCUMENT_264,Retry after failed upload
PROC007793,APP03265,UP009114,53:46.9,09:11.1,Pass,Initial,HASH_IDENTITY_265,
PROC007794,APP03265,UP009115,08:48.7,23:01.3,Pass,Initial,HASH_INCOME_265,
PROC007795,APP03265,UP009116,12:32.8,36:57.9,Pass,Initial,HASH_ADDITIONAL_DOCUMENT_265,
PROC007796,APP03266,UP009117,56:39.8,05:43.5,Pass,Initial,HASH_IDENTITY_266,
PROC007797,APP03266,UP009118,03:40.3,13:41.7,Pass,Initial,HASH_INCOME_266,
PROC007798,APP03266,UP009119,15:09.5,39:07.9,Pass,Initial,HASH_ADDITIONAL_DOCUMENT_266,
PROC007799,APP03267,UP009120,03:11.0,17:40.5,Pass,Initial,HASH_IDENTITY_267,
PROC007800,APP03267,UP009121,10:45.0,21:00.6,Pass,Initial,HASH_INCOME_267,
PROC007801,APP03267,UP009124,15:46.4,39:16.1,Pass,Re-validation,HASH_ADDITIONAL_DOCUMENT_267,Retry after failed upload
PROC007802,APP03268,UP009125,52:56.3,00:27.2,Pass,Re-validation,HASH_IDENTITY_268,Rule-triggered re-verification
PROC007803,APP03268,UP009126,06:03.5,23:27.1,Pass,Re-validation,HASH_INCOME_268,Rule-triggered re-verification
PROC007804,APP03268,UP009127,09:57.8,33:14.2,Pass,Initial,HASH_ADDITIONAL_DOCUMENT_268,
PROC007805,APP03269,UP009129,45:30.5,56:36.1,Pass,Re-validation,HASH_IDENTITY_269,Retry after failed upload
PROC007806,APP03269,UP009130,48:45.3,01:09.5,Pass,Initial,HASH_INCOME_269,
PROC007807,APP03269,UP009133,02:25.3,35:14.7,Pass,Re-validation,HASH_ADDITIONAL_DOCUMENT_269,Retry after failed upload
PROC007808,APP03270,UP009136,20:28.5,34:06.3,Pass,Re-validation,HASH_IDENTITY_270,Retry after failed upload
PROC007809,APP03270,UP009137,16:11.0,28:48.6,Pass,Initial,HASH_INCOME_270,
PROC007810,APP03270,UP009138,38:09.6,05:10.6,Pass,Re-validation,HASH_ADDITIONAL_DOCUMENT_270,Rule-triggered re-verification
PROC007811,APP03271,UP009139,33:42.5,55:05.7,Fail,Initial,HASH_IDENTITY_271,
PROC007812,APP03271,UP009140,31:50.7,43:46.7,Pass,Initial,HASH_INCOME_271,
PROC007813,APP03271,UP009141,46:26.5,08:43.7,Pass,Initial,HASH_ADDITIONAL_DOCUMENT_271,
PROC007814,APP03272,UP009142,52:15.4,06:27.7,Pass,Initial,HASH_IDENTITY_272,
PROC007815,APP03272,UP009145,00:08.1,05:11.1,Pass,Re-validation,HASH_INCOME_272,Retry after failed upload
PROC007816,APP03272,UP009146,06:26.6,22:39.8,Pass,Initial,HASH_ADDITIONAL_DOCUMENT_272,
PROC007817,APP03273,UP009148,58:32.7,08:32.7,Pass,Re-validation,HASH_IDENTITY_273,Retry after failed upload
PROC007818,APP03273,UP009149,59:12.6,15:20.4,Pass,Initial,HASH_INCOME_273,
PROC007819,APP03273,UP009150,11:42.4,40:16.9,Fail,Initial,HASH_ADDITIONAL_DOCUMENT_273,
PROC007820,APP03274,UP009151,53:16.6,08:13.8,Pass,Re-validation,HASH_IDENTITY_274,Previous validation expired
PROC007821,APP03274,UP009152,47:08.2,00:11.1,Pass,Initial,HASH_INCOME_274,
PROC007822,APP03274,UP009153,57:16.3,22:23.2,Fail,Initial,HASH_ADDITIONAL_DOCUMENT_274,
PROC007823,APP03275,UP009154,18:13.2,25:17.7,Pass,Re-validation,HASH_IDENTITY_275,System could not reuse prior result
PROC007824,APP03275,UP009155,18:15.7,32:40.1,Pass,Initial,HASH_INCOME_275,
PROC007825,APP03275,UP009156,39:49.3,05:48.5,Pass,Initial,HASH_ADDITIONAL_DOCUMENT_275,
PROC007826,APP03276,UP009157,13:05.0,26:32.7,Pass,Re-validation,HASH_IDENTITY_276,System could not reuse prior result
PROC007827,APP03276,UP009158,04:52.8,20:51.9,Pass,Re-validation,HASH_INCOME_276,Previous validation expired
PROC007828,APP03276,UP009159,28:55.0,42:20.4,Pass,Initial,HASH_ADDITIONAL_DOCUMENT_276,
PROC007829,APP03277,UP009161,30:22.4,51:58.5,Pass,Re-validation,HASH_IDENTITY_277,Retry after failed upload
PROC007830,APP03277,UP009162,39:16.0,49:42.4,Pass,Initial,HASH_INCOME_277,
PROC007831,APP03277,UP009164,54:39.6,16:46.9,Pass,Re-validation,HASH_ADDITIONAL_DOCUMENT_277,Retry after failed upload
PROC007832,APP03278,UP009165,38:54.0,53:22.8,Pass,Re-validation,HASH_IDENTITY_278,Previous validation expired
PROC007833,APP03278,UP009166,38:30.1,48:50.4,Pass,Initial,HASH_INCOME_278,
PROC007834,APP03278,UP009167,50:21.4,18:00.0,Pass,Initial,HASH_ADDITIONAL_DOCUMENT_278,
PROC007835,APP03279,UP009168,25:25.4,46:12.8,Pass,Initial,HASH_IDENTITY_279,
PROC007836,APP03279,UP009169,16:28.6,33:09.8,Pass,Initial,HASH_INCOME_279,
PROC007837,APP03279,UP009170,45:13.8,05:41.8,Pass,Re-validation,HASH_ADDITIONAL_DOCUMENT_279,Previous validation expired
PROC007838,APP03280,UP009171,29:03.5,48:27.2,Pass,Initial,HASH_IDENTITY_280,
PROC007839,APP03280,UP009172,17:30.8,23:46.7,Pass,Initial,HASH_INCOME_280,
PROC007840,APP03280,UP009173,45:42.4,09:00.1,Pass,Initial,HASH_ADDITIONAL_DOCUMENT_280,
PROC007841,APP03281,UP009174,42:33.4,55:34.6,Pass,Re-validation,HASH_IDENTITY_281,Previous validation expired
PROC007842,APP03281,UP009175,53:31.9,05:10.8,Pass,Initial,HASH_INCOME_281,
PROC007843,APP03281,UP009177,56:01.2,20:22.4,Pass,Re-validation,HASH_ADDITIONAL_DOCUMENT_281,Retry after failed upload
PROC007844,APP03282,UP009178,19:19.8,32:02.8,Pass,Initial,HASH_IDENTITY_282,
PROC007845,APP03282,UP009179,27:16.1,42:37.2,Pass,Initial,HASH_INCOME_282,
PROC007846,APP03282,UP009180,45:26.8,12:25.4,Pass,Initial,HASH_ADDITIONAL_DOCUMENT_282,
PROC007847,APP03283,UP009181,36:44.4,50:18.1,Pass,Initial,HASH_IDENTITY_283,
PROC007848,APP03283,UP009184,54:31.7,03:01.1,Pass,Re-validation,HASH_INCOME_283,Retry after failed upload
PROC007849,APP03283,UP009187,05:31.8,28:16.0,Pass,Re-validation,HASH_ADDITIONAL_DOCUMENT_283,Retry after failed upload
PROC007850,APP03284,UP009188,08:25.2,19:26.6,Fail,Initial,HASH_IDENTITY_284,
PROC007851,APP03284,UP009189,22:38.6,42:45.6,Pass,Initial,HASH_INCOME_284,
PROC007852,APP03284,UP009190,30:56.6,50:56.9,Pass,Initial,HASH_ADDITIONAL_DOCUMENT_284,
PROC007853,APP03285,UP009191,02:20.5,18:38.9,Pass,Initial,HASH_IDENTITY_285,
PROC007854,APP03285,UP009192,13:59.8,28:24.3,Pass,Re-validation,HASH_INCOME_285,System could not reuse prior result
PROC007855,APP03285,UP009193,27:15.2,44:48.4,Pass,Initial,HASH_ADDITIONAL_DOCUMENT_285,
PROC007856,APP03286,UP009194,17:35.8,35:41.8,Pass,Initial,HASH_IDENTITY_286,
PROC007857,APP03286,UP009195,25:38.4,36:45.9,Pass,Initial,HASH_INCOME_286,
PROC007858,APP03286,UP009196,32:08.4,53:05.9,Pass,Initial,HASH_ADDITIONAL_DOCUMENT_286,
PROC007859,APP03287,UP009198,05:59.2,20:46.3,Pass,Re-validation,HASH_IDENTITY_287,Retry after failed upload
PROC007860,APP03287,UP009200,07:11.1,18:40.2,Pass,Re-validation,HASH_INCOME_287,Retry after failed upload
PROC007861,APP03287,UP009202,29:24.4,49:52.0,Pass,Re-validation,HASH_ADDITIONAL_DOCUMENT_287,Retry after failed upload
PROC007862,APP03288,UP009203,49:34.5,04:31.2,Pass,Initial,HASH_IDENTITY_288,
PROC007863,APP03288,UP009204,59:42.4,10:20.0,Pass,Initial,HASH_INCOME_288,
PROC007864,APP03288,UP009207,17:28.3,32:32.4,Pass,Re-validation,HASH_ADDITIONAL_DOCUMENT_288,Retry after failed upload
PROC007865,APP03289,UP009208,30:06.9,46:07.6,Pass,Re-validation,HASH_IDENTITY_289,Rule-triggered re-verification
PROC007866,APP03289,UP009209,45:49.8,59:35.6,Pass,Initial,HASH_INCOME_289,
PROC007867,APP03289,UP009211,58:52.3,24:26.7,Pass,Re-validation,HASH_ADDITIONAL_DOCUMENT_289,Retry after failed upload
PROC007868,APP03290,UP009212,37:40.1,51:44.8,Pass,Initial,HASH_IDENTITY_290,
PROC007869,APP03290,UP009213,28:58.8,44:28.3,Pass,Initial,HASH_INCOME_290,
PROC007870,APP03290,UP009215,54:54.3,21:41.5,Pass,Re-validation,HASH_ADDITIONAL_DOCUMENT_290,Retry after failed upload
PROC007871,APP03291,UP009218,02:22.5,12:34.1,Fail,Re-validation,HASH_IDENTITY_291,Retry after failed upload
PROC007872,APP03291,UP009219,03:33.7,16:01.9,Pass,Re-validation,HASH_INCOME_291,System could not reuse prior result
PROC007873,APP03291,UP009221,59:07.3,22:21.2,Pass,Re-validation,HASH_ADDITIONAL_DOCUMENT_291,Retry after failed upload
PROC007874,APP03292,UP009222,40:19.7,51:19.1,Pass,Re-validation,HASH_IDENTITY_292,Rule-triggered re-verification
PROC007875,APP03292,UP009223,37:09.0,49:34.3,Pass,Initial,HASH_INCOME_292,
PROC007876,APP03292,UP009224,43:46.7,10:27.3,Pass,Initial,HASH_ADDITIONAL_DOCUMENT_292,
PROC007877,APP03293,UP009225,45:36.5,53:25.5,Pass,Initial,HASH_IDENTITY_293,
PROC007878,APP03293,UP009226,19:35.6,34:05.2,Pass,Initial,HASH_INCOME_293,
PROC007879,APP03293,UP009227,00:04.2,26:58.4,Pass,Initial,HASH_ADDITIONAL_DOCUMENT_293,
PROC007880,APP03294,UP009229,50:58.7,07:02.6,Pass,Re-validation,HASH_IDENTITY_294,Retry after failed upload
PROC007881,APP03294,UP009230,48:07.3,03:31.2,Pass,Initial,HASH_INCOME_294,
PROC007882,APP03294,UP009231,08:04.3,30:17.5,Pass,Initial,HASH_ADDITIONAL_DOCUMENT_294,
PROC007883,APP03295,UP009234,06:46.5,22:08.2,Pass,Re-validation,HASH_IDENTITY_295,Retry after failed upload
PROC007884,APP03295,UP009235,07:31.0,27:25.3,Pass,Re-validation,HASH_INCOME_295,System could not reuse prior result
PROC007885,APP03295,UP009236,27:44.6,52:34.6,Fail,Re-validation,HASH_ADDITIONAL_DOCUMENT_295,Previous validation expired
PROC007886,APP03296,UP009238,08:00.3,25:02.2,Pass,Re-validation,HASH_IDENTITY_296,Retry after failed upload
PROC007887,APP03296,UP009239,21:30.2,44:55.8,Pass,Re-validation,HASH_INCOME_296,Previous validation expired
PROC007888,APP03296,UP009241,22:15.1,47:06.3,Pass,Re-validation,HASH_ADDITIONAL_DOCUMENT_296,Retry after failed upload
PROC007889,APP03297,UP009242,04:38.5,17:13.3,Pass,Initial,HASH_IDENTITY_297,
PROC007890,APP03297,UP009243,04:26.6,20:30.0,Pass,Initial,HASH_INCOME_297,
PROC007891,APP03297,UP009245,25:32.5,54:20.5,Pass,Re-validation,HASH_ADDITIONAL_DOCUMENT_297,Retry after failed upload
PROC007892,APP03298,UP009246,54:40.2,05:47.6,Pass,Initial,HASH_IDENTITY_298,
PROC007893,APP03298,UP009247,04:54.0,16:10.3,Pass,Initial,HASH_INCOME_298,
PROC007894,APP03298,UP009250,25:50.7,51:16.9,Pass,Re-validation,HASH_ADDITIONAL_DOCUMENT_298,Retry after failed upload
PROC007895,APP03299,UP009253,48:40.7,09:46.5,Pass,Re-validation,HASH_IDENTITY_299,Retry after failed upload
PROC007896,APP03299,UP009254,44:17.5,01:58.4,Fail,Initial,HASH_INCOME_299,
PROC007897,APP03299,UP009255,53:19.2,16:59.0,Pass,Re-validation,HASH_ADDITIONAL_DOCUMENT_299,Rule-triggered re-verification
PROC007898,APP03300,UP009256,34:28.3,38:41.3,Pass,Initial,HASH_IDENTITY_300,
PROC007899,APP03300,UP009258,53:58.0,06:52.8,Pass,Re-validation,HASH_INCOME_300,Retry after failed upload
PROC007900,APP03300,UP009259,53:40.2,18:36.7,Pass,Initial,HASH_ADDITIONAL_DOCUMENT_300,
PROC007901,APP03301,UP009260,36:40.7,54:22.1,Pass,Re-validation,HASH_IDENTITY_301,Rule-triggered re-verification
PROC007902,APP03301,UP009262,42:10.3,00:09.2,Pass,Re-validation,HASH_INCOME_301,Retry after failed upload
PROC007903,APP03301,UP009264,44:48.4,06:53.9,Pass,Re-validation,HASH_ADDITIONAL_DOCUMENT_301,Retry after failed upload
PROC007904,APP03302,UP009265,23:35.6,42:23.2,Pass,Initial,HASH_IDENTITY_302,
PROC007905,APP03302,UP009266,33:05.5,51:38.4,Pass,Initial,HASH_INCOME_302,
PROC007906,APP03302,UP009268,39:01.9,58:34.5,Pass,Re-validation,HASH_ADDITIONAL_DOCUMENT_302,Retry after failed upload
PROC007907,APP03303,UP009270,28:00.3,43:31.4,Pass,Re-validation,HASH_IDENTITY_303,Retry after failed upload
PROC007908,APP03303,UP009271,22:40.0,33:09.1,Pass,Initial,HASH_INCOME_303,
PROC007909,APP03303,UP009273,27:54.0,47:47.4,Pass,Re-validation,HASH_ADDITIONAL_DOCUMENT_303,Retry after failed upload
PROC007910,APP03304,UP009274,17:56.7,34:08.4,Pass,Re-validation,HASH_IDENTITY_304,Rule-triggered re-verification
PROC007911,APP03304,UP009275,17:30.3,28:55.8,Pass,Initial,HASH_INCOME_304,
PROC007912,APP03304,UP009277,28:40.7,52:20.0,Pass,Re-validation,HASH_ADDITIONAL_DOCUMENT_304,Retry after failed upload
PROC007913,APP03305,UP009278,25:20.0,37:16.4,Pass,Initial,HASH_IDENTITY_305,
PROC007914,APP03305,UP009279,26:16.5,44:33.0,Pass,Initial,HASH_INCOME_305,
PROC007915,APP03305,UP009280,36:05.5,56:46.9,Pass,Initial,HASH_ADDITIONAL_DOCUMENT_305,
PROC007916,APP03306,UP009283,39:31.8,51:16.5,Pass,Re-validation,HASH_IDENTITY_306,Retry after failed upload
PROC007917,APP03306,UP009284,52:08.1,00:27.1,Fail,Re-validation,HASH_INCOME_306,System could not reuse prior result
PROC007918,APP03306,UP009286,17:29.6,41:49.4,Pass,Re-validation,HASH_ADDITIONAL_DOCUMENT_306,Retry after failed upload
PROC007919,APP03307,UP009288,21:00.4,31:18.1,Pass,Re-validation,HASH_IDENTITY_307,Retry after failed upload
PROC007920,APP03307,UP009289,29:51.9,46:10.6,Pass,Initial,HASH_INCOME_307,
PROC007921,APP03307,UP009290,54:27.7,14:18.7,Pass,Initial,HASH_ADDITIONAL_DOCUMENT_307,
PROC007922,APP03308,UP009291,49:43.5,05:23.9,Pass,Initial,HASH_IDENTITY_308,
PROC007923,APP03308,UP009292,58:27.6,09:30.4,Pass,Initial,HASH_INCOME_308,
PROC007924,APP03308,UP009293,00:14.1,27:31.6,Pass,Initial,HASH_ADDITIONAL_DOCUMENT_308,
PROC007925,APP03309,UP009294,53:21.2,11:52.0,Pass,Initial,HASH_IDENTITY_309,
PROC007926,APP03309,UP009295,55:28.0,09:24.2,Pass,Initial,HASH_INCOME_309,
PROC007927,APP03309,UP009296,58:54.6,16:45.5,Pass,Initial,HASH_ADDITIONAL_DOCUMENT_309,
PROC007928,APP03310,UP009297,03:31.6,17:16.9,Pass,Re-validation,HASH_IDENTITY_310,Previous validation expired
PROC007929,APP03310,UP009298,12:27.5,26:25.0,Pass,Initial,HASH_INCOME_310,
PROC007930,APP03310,UP009299,08:18.9,41:00.0,Pass,Initial,HASH_ADDITIONAL_DOCUMENT_310,
PROC007931,APP03311,UP009300,57:44.4,21:35.6,Pass,Initial,HASH_IDENTITY_311,
PROC007932,APP03311,UP009301,53:03.9,11:33.9,Pass,Initial,HASH_INCOME_311,
PROC007933,APP03311,UP009302,56:02.1,20:01.3,Pass,Re-validation,HASH_ADDITIONAL_DOCUMENT_311,Rule-triggered re-verification
PROC007934,APP03312,UP009303,14:18.2,27:20.3,Pass,Re-validation,HASH_IDENTITY_312,Rule-triggered re-verification
PROC007935,APP03312,UP009304,27:25.4,48:18.1,Pass,Initial,HASH_INCOME_312,
PROC007936,APP03312,UP009305,37:31.1,59:49.7,Pass,Initial,HASH_ADDITIONAL_DOCUMENT_312,
PROC007937,APP03313,UP009308,22:25.4,41:55.9,Pass,Re-validation,HASH_IDENTITY_313,Retry after failed upload
PROC007938,APP03313,UP009310,28:26.5,45:35.8,Pass,Re-validation,HASH_INCOME_313,Retry after failed upload
PROC007939,APP03313,UP009311,20:43.5,46:06.5,Fail,Re-validation,HASH_ADDITIONAL_DOCUMENT_313,Previous validation expired
PROC007940,APP03314,UP009312,45:52.1,03:04.3,Pass,Initial,HASH_IDENTITY_314,
PROC007941,APP03314,UP009314,47:21.5,00:49.7,Pass,Re-validation,HASH_INCOME_314,Retry after failed upload
PROC007942,APP03314,UP009315,02:17.1,24:55.1,Pass,Initial,HASH_ADDITIONAL_DOCUMENT_314,
PROC007943,APP03315,UP009316,10:53.7,19:56.3,Pass,Initial,HASH_IDENTITY_315,
PROC007944,APP03315,UP009317,13:35.7,28:42.2,Pass,Re-validation,HASH_INCOME_315,System could not reuse prior result
PROC007945,APP03315,UP009319,22:55.0,42:44.4,Pass,Re-validation,HASH_ADDITIONAL_DOCUMENT_315,Retry after failed upload
PROC007946,APP03316,UP009320,15:24.4,22:23.0,Pass,Initial,HASH_IDENTITY_316,
PROC007947,APP03316,UP009321,30:52.5,43:34.8,Pass,Initial,HASH_INCOME_316,
PROC007948,APP03316,UP009322,41:18.5,04:05.5,Pass,Initial,HASH_ADDITIONAL_DOCUMENT_316,
PROC007949,APP03317,UP009323,56:20.7,02:44.6,Pass,Initial,HASH_IDENTITY_317,
PROC007950,APP03317,UP009324,50:40.1,01:56.6,Pass,Initial,HASH_INCOME_317,
PROC007951,APP03317,UP009325,07:34.6,30:32.8,Pass,Re-validation,HASH_ADDITIONAL_DOCUMENT_317,Previous validation expired
PROC007952,APP03318,UP009326,01:48.0,06:42.0,Pass,Initial,HASH_IDENTITY_318,
PROC007953,APP03318,UP009327,10:24.4,22:18.7,Pass,Re-validation,HASH_INCOME_318,Rule-triggered re-verification
PROC007954,APP03318,UP009329,20:39.4,41:39.6,Pass,Re-validation,HASH_ADDITIONAL_DOCUMENT_318,Retry after failed upload
PROC007955,APP03319,UP009330,39:48.2,54:38.5,Pass,Re-validation,HASH_IDENTITY_319,Previous validation expired
PROC007956,APP03319,UP009331,53:06.5,14:09.7,Pass,Initial,HASH_INCOME_319,
PROC007957,APP03319,UP009332,54:14.5,06:18.8,Pass,Initial,HASH_ADDITIONAL_DOCUMENT_319,
PROC007958,APP03320,UP009333,13:50.2,20:09.1,Fail,Re-validation,HASH_IDENTITY_320,Rule-triggered re-verification
PROC007959,APP03320,UP009335,26:08.4,40:36.3,Fail,Re-validation,HASH_INCOME_320,Retry after failed upload
PROC007960,APP03320,UP009336,33:38.8,58:53.0,Pass,Initial,HASH_ADDITIONAL_DOCUMENT_320,
PROC007961,APP03321,UP009337,08:45.2,29:16.6,Pass,Re-validation,HASH_IDENTITY_321,Previous validation expired
PROC007962,APP03321,UP009338,06:37.3,25:38.5,Pass,Initial,HASH_INCOME_321,
PROC007963,APP03321,UP009339,29:20.6,58:06.2,Pass,Initial,HASH_ADDITIONAL_DOCUMENT_321,
PROC007964,APP03322,UP009340,38:04.7,56:32.8,Pass,Initial,HASH_IDENTITY_322,
PROC007965,APP03322,UP009341,55:48.9,05:25.9,Pass,Initial,HASH_INCOME_322,
PROC007966,APP03322,UP009342,25:47.0,48:38.2,Pass,Initial,HASH_ADDITIONAL_DOCUMENT_322,
PROC007967,APP03323,UP009343,49:04.4,13:06.4,Pass,Initial,HASH_IDENTITY_323,
PROC007968,APP03323,UP009344,11:16.2,18:40.2,Pass,Initial,HASH_INCOME_323,
PROC007969,APP03323,UP009347,29:07.4,48:01.9,Pass,Re-validation,HASH_ADDITIONAL_DOCUMENT_323,Retry after failed upload
PROC007970,APP03324,UP009348,06:19.1,17:36.4,Pass,Initial,HASH_IDENTITY_324,
PROC007971,APP03324,UP009349,09:14.0,19:09.0,Pass,Initial,HASH_INCOME_324,
PROC007972,APP03324,UP009350,08:52.2,34:01.9,Pass,Initial,HASH_ADDITIONAL_DOCUMENT_324,
PROC007973,APP03325,UP009351,49:16.7,01:35.6,Pass,Initial,HASH_IDENTITY_325,
PROC007974,APP03325,UP009352,53:28.8,03:59.0,Pass,Initial,HASH_INCOME_325,
PROC007975,APP03325,UP009353,01:48.3,27:51.5,Pass,Initial,HASH_ADDITIONAL_DOCUMENT_325,
PROC007976,APP03326,UP009354,50:10.9,05:49.9,Pass,Initial,HASH_IDENTITY_326,
PROC007977,APP03326,UP009355,54:19.8,13:52.7,Pass,Re-validation,HASH_INCOME_326,Previous validation expired
PROC007978,APP03326,UP009356,25:53.3,42:26.2,Pass,Initial,HASH_ADDITIONAL_DOCUMENT_326,
PROC007979,APP03327,UP009357,33:41.8,44:38.2,Pass,Initial,HASH_IDENTITY_327,
PROC007980,APP03327,UP009358,26:00.8,36:40.5,Pass,Initial,HASH_INCOME_327,
PROC007981,APP03327,UP009361,45:32.5,06:43.0,Pass,Re-validation,HASH_ADDITIONAL_DOCUMENT_327,Retry after failed upload
PROC007982,APP03328,UP009362,35:00.5,51:56.1,Fail,Initial,HASH_IDENTITY_328,
PROC007983,APP03328,UP009363,36:39.1,59:05.3,Pass,Initial,HASH_INCOME_328,
PROC007984,APP03328,UP009364,50:27.0,09:34.4,Pass,Initial,HASH_ADDITIONAL_DOCUMENT_328,
PROC007985,APP03329,UP009365,54:48.0,12:12.7,Pass,Initial,HASH_IDENTITY_329,
PROC007986,APP03329,UP009367,38:00.1,53:26.9,Pass,Re-validation,HASH_INCOME_329,Retry after failed upload
PROC007987,APP03329,UP009369,50:36.5,10:56.5,Pass,Re-validation,HASH_ADDITIONAL_DOCUMENT_329,Retry after failed upload
PROC007988,APP03330,UP009370,36:18.9,55:24.9,Pass,Initial,HASH_IDENTITY_330,
PROC007989,APP03330,UP009371,38:38.4,53:27.7,Pass,Re-validation,HASH_INCOME_330,Previous validation expired
PROC007990,APP03330,UP009372,38:29.0,06:20.9,Fail,Initial,HASH_ADDITIONAL_DOCUMENT_330,
PROC007991,APP03331,UP009373,20:39.0,37:00.3,Pass,Initial,HASH_IDENTITY_331,
PROC007992,APP03331,UP009374,33:12.8,54:04.5,Pass,Initial,HASH_INCOME_331,
PROC007993,APP03331,UP009375,44:50.0,09:57.3,Pass,Initial,HASH_ADDITIONAL_DOCUMENT_331,
PROC007994,APP03332,UP009376,51:15.6,07:47.6,Pass,Initial,HASH_IDENTITY_332,
PROC007995,APP03332,UP009377,56:24.9,10:27.1,Pass,Initial,HASH_INCOME_332,
PROC007996,APP03332,UP009379,02:09.0,18:08.9,Pass,Re-validation,HASH_ADDITIONAL_DOCUMENT_332,Retry after failed upload
PROC007997,APP03333,UP009380,17:52.4,31:02.9,Pass,Initial,HASH_IDENTITY_333,
PROC007998,APP03333,UP009381,38:17.1,56:58.2,Pass,Initial,HASH_INCOME_333,
PROC007999,APP03333,UP009382,41:47.0,04:41.4,Pass,Re-validation,HASH_ADDITIONAL_DOCUMENT_333,System could not reuse prior result
PROC008000,APP03334,UP009383,52:46.7,04:58.2,Pass,Initial,HASH_IDENTITY_334,
PROC008001,APP03334,UP009384,10:42.6,19:38.4,Pass,Initial,HASH_INCOME_334,
PROC008002,APP03334,UP009385,33:50.7,59:20.9,Pass,Initial,HASH_ADDITIONAL_DOCUMENT_334,
PROC008003,APP03335,UP009386,32:25.9,42:06.8,Pass,Initial,HASH_IDENTITY_335,
PROC008004,APP03335,UP009387,52:11.3,08:19.5,Pass,Initial,HASH_INCOME_335,
PROC008005,APP03335,UP009388,50:47.7,18:28.6,Fail,Initial,HASH_ADDITIONAL_DOCUMENT_335,
PROC008006,APP03336,UP009390,21:23.7,43:37.2,Pass,Re-validation,HASH_IDENTITY_336,Retry after failed upload
PROC008007,APP03336,UP009391,31:52.1,55:25.4,Pass,Initial,HASH_INCOME_336,
PROC008008,APP03336,UP009392,44:46.9,06:31.2,Pass,Initial,HASH_ADDITIONAL_DOCUMENT_336,
PROC008009,APP03337,UP009393,18:15.1,36:13.3,Pass,Initial,HASH_IDENTITY_337,
PROC008010,APP03337,UP009395,09:56.6,20:06.1,Pass,Re-validation,HASH_INCOME_337,Retry after failed upload
PROC008011,APP03337,UP009398,23:56.7,41:02.1,Pass,Re-validation,HASH_ADDITIONAL_DOCUMENT_337,Retry after failed upload
PROC008012,APP03338,UP009399,14:41.7,31:09.3,Pass,Initial,HASH_IDENTITY_338,
PROC008013,APP03338,UP009400,10:46.3,33:00.8,Fail,Initial,HASH_INCOME_338,
PROC008014,APP03338,UP009401,33:27.3,56:29.2,Pass,Initial,HASH_ADDITIONAL_DOCUMENT_338,
PROC008015,APP03339,UP009402,27:36.1,39:36.1,Pass,Re-validation,HASH_IDENTITY_339,Rule-triggered re-verification
PROC008016,APP03339,UP009405,28:57.7,39:19.3,Pass,Re-validation,HASH_INCOME_339,Retry after failed upload
PROC008017,APP03339,UP009406,02:17.3,21:05.6,Fail,Initial,HASH_ADDITIONAL_DOCUMENT_339,
PROC008018,APP03340,UP009407,16:20.2,34:41.9,Pass,Initial,HASH_IDENTITY_340,
PROC008019,APP03340,UP009409,15:22.0,34:40.0,Pass,Re-validation,HASH_INCOME_340,Retry after failed upload
PROC008020,APP03340,UP009412,34:16.3,58:45.8,Pass,Re-validation,HASH_ADDITIONAL_DOCUMENT_340,Retry after failed upload
PROC008021,APP03341,UP009413,37:07.0,55:39.0,Pass,Initial,HASH_IDENTITY_341,
PROC008022,APP03341,UP009414,39:44.1,56:58.8,Pass,Initial,HASH_INCOME_341,
PROC008023,APP03341,UP009415,02:48.4,27:57.0,Pass,Initial,HASH_ADDITIONAL_DOCUMENT_341,
PROC008024,APP03342,UP009416,06:41.8,17:58.4,Pass,Initial,HASH_IDENTITY_342,
PROC008025,APP03342,UP009418,00:48.3,14:38.1,Pass,Re-validation,HASH_INCOME_342,Retry after failed upload
PROC008026,APP03342,UP009421,08:12.1,38:24.6,Pass,Re-validation,HASH_ADDITIONAL_DOCUMENT_342,Retry after failed upload
PROC008027,APP03343,UP009424,23:41.0,39:10.1,Pass,Re-validation,HASH_IDENTITY_343,Retry after failed upload
PROC008028,APP03343,UP009426,41:43.8,55:09.5,Fail,Re-validation,HASH_INCOME_343,Retry after failed upload
PROC008029,APP03343,UP009427,40:07.5,03:49.2,Pass,Initial,HASH_ADDITIONAL_DOCUMENT_343,
PROC008030,APP03344,UP009428,07:12.2,27:07.2,Pass,Initial,HASH_IDENTITY_344,
PROC008031,APP03344,UP009429,05:24.0,21:22.9,Pass,Initial,HASH_INCOME_344,
PROC008032,APP03344,UP009430,18:17.5,42:46.4,Pass,Initial,HASH_ADDITIONAL_DOCUMENT_344,
PROC008033,APP03345,UP009433,29:14.8,49:04.4,Pass,Re-validation,HASH_IDENTITY_345,Retry after failed upload
PROC008034,APP03345,UP009436,14:38.8,28:39.6,Pass,Re-validation,HASH_INCOME_345,Retry after failed upload
PROC008035,APP03345,UP009437,39:18.5,03:36.6,Pass,Initial,HASH_ADDITIONAL_DOCUMENT_345,
PROC008036,APP03346,UP009438,25:58.3,37:37.4,Pass,Initial,HASH_IDENTITY_346,
PROC008037,APP03346,UP009439,31:23.9,49:36.6,Pass,Initial,HASH_INCOME_346,
PROC008038,APP03346,UP009440,46:21.4,12:09.9,Pass,Re-validation,HASH_ADDITIONAL_DOCUMENT_346,Previous validation expired
PROC008039,APP03347,UP009443,11:40.6,27:31.3,Pass,Re-validation,HASH_IDENTITY_347,Retry after failed upload
PROC008040,APP03347,UP009444,18:28.7,34:16.7,Pass,Re-validation,HASH_INCOME_347,Previous validation expired
PROC008041,APP03347,UP009445,34:05.8,56:23.7,Pass,Initial,HASH_ADDITIONAL_DOCUMENT_347,
PROC008042,APP03348,UP009447,20:56.3,38:55.0,Pass,Re-validation,HASH_IDENTITY_348,Retry after failed upload
PROC008043,APP03348,UP009448,18:41.0,24:26.2,Pass,Initial,HASH_INCOME_348,
PROC008044,APP03348,UP009449,24:57.9,51:03.2,Pass,Re-validation,HASH_ADDITIONAL_DOCUMENT_348,Rule-triggered re-verification
PROC008045,APP03349,UP009450,39:32.4,00:23.9,Pass,Initial,HASH_IDENTITY_349,
PROC008046,APP03349,UP009451,52:40.9,08:18.7,Pass,Initial,HASH_INCOME_349,
PROC008047,APP03349,UP009452,05:31.9,27:03.2,Pass,Initial,HASH_ADDITIONAL_DOCUMENT_349,
PROC008048,APP03350,UP009454,48:44.2,06:35.9,Pass,Re-validation,HASH_IDENTITY_350,Retry after failed upload
PROC008049,APP03350,UP009455,05:51.8,15:21.3,Pass,Initial,HASH_INCOME_350,
PROC008050,APP03350,UP009456,58:53.9,14:38.7,Pass,Initial,HASH_ADDITIONAL_DOCUMENT_350,
PROC008051,APP03351,UP009457,41:40.4,54:55.7,Pass,Initial,HASH_IDENTITY_351,
PROC008052,APP03351,UP009458,56:33.1,09:28.1,Pass,Initial,HASH_INCOME_351,
PROC008053,APP03351,UP009459,06:39.2,27:24.8,Pass,Initial,HASH_ADDITIONAL_DOCUMENT_351,
PROC008054,APP03352,UP009461,14:57.0,22:59.9,Pass,Re-validation,HASH_IDENTITY_352,Retry after failed upload
PROC008055,APP03352,UP009462,16:07.7,32:47.6,Pass,Initial,HASH_INCOME_352,
PROC008056,APP03352,UP009463,18:02.3,41:55.9,Pass,Re-validation,HASH_ADDITIONAL_DOCUMENT_352,Previous validation expired
PROC008057,APP03353,UP009464,07:54.1,19:17.5,Pass,Initial,HASH_IDENTITY_353,
PROC008058,APP03353,UP009466,17:43.4,29:08.2,Pass,Re-validation,HASH_INCOME_353,Retry after failed upload
PROC008059,APP03353,UP009469,07:14.2,31:23.8,Pass,Re-validation,HASH_ADDITIONAL_DOCUMENT_353,Retry after failed upload
PROC008060,APP03354,UP009472,05:14.5,18:35.4,Pass,Re-validation,HASH_IDENTITY_354,Retry after failed upload
PROC008061,APP03354,UP009473,02:12.9,14:04.1,Pass,Re-validation,HASH_INCOME_354,Rule-triggered re-verification
PROC008062,APP03354,UP009474,18:07.3,45:16.9,Pass,Re-validation,HASH_ADDITIONAL_DOCUMENT_354,System could not reuse prior result
PROC008063,APP03355,UP009475,06:16.7,26:34.8,Pass,Initial,HASH_IDENTITY_355,
PROC008064,APP03355,UP009476,43:09.8,59:08.8,Pass,Initial,HASH_INCOME_355,
PROC008065,APP03355,UP009477,20:21.6,41:21.3,Pass,Re-validation,HASH_ADDITIONAL_DOCUMENT_355,System could not reuse prior result
PROC008066,APP03356,UP009478,15:27.2,30:28.8,Pass,Initial,HASH_IDENTITY_356,
PROC008067,APP03356,UP009479,30:29.0,48:41.9,Fail,Re-validation,HASH_INCOME_356,System could not reuse prior result
PROC008068,APP03356,UP009480,26:24.6,44:14.0,Pass,Initial,HASH_ADDITIONAL_DOCUMENT_356,
PROC008069,APP03357,UP009483,48:11.9,02:15.6,Pass,Re-validation,HASH_IDENTITY_357,Retry after failed upload
PROC008070,APP03357,UP009484,54:23.5,10:09.1,Pass,Initial,HASH_INCOME_357,
PROC008071,APP03357,UP009485,56:50.9,19:14.0,Pass,Initial,HASH_ADDITIONAL_DOCUMENT_357,
PROC008072,APP03358,UP009486,19:25.9,31:43.6,Pass,Initial,HASH_IDENTITY_358,
PROC008073,APP03358,UP009488,44:06.8,51:22.2,Pass,Re-validation,HASH_INCOME_358,Retry after failed upload
PROC008074,APP03358,UP009489,52:23.5,14:51.7,Pass,Re-validation,HASH_ADDITIONAL_DOCUMENT_358,Rule-triggered re-verification
PROC008075,APP03359,UP009490,46:48.0,51:11.4,Pass,Initial,HASH_IDENTITY_359,
PROC008076,APP03359,UP009491,59:09.4,05:36.0,Pass,Initial,HASH_INCOME_359,
PROC008077,APP03359,UP009492,56:06.1,17:53.8,Pass,Initial,HASH_ADDITIONAL_DOCUMENT_359,
PROC008078,APP03360,UP009493,45:48.5,07:13.9,Pass,Re-validation,HASH_IDENTITY_360,Previous validation expired
PROC008079,APP03360,UP009494,41:49.9,00:01.0,Pass,Initial,HASH_INCOME_360,
PROC008080,APP03360,UP009495,49:20.3,09:07.4,Pass,Initial,HASH_ADDITIONAL_DOCUMENT_360,
PROC008081,APP03361,UP009496,28:04.2,40:43.4,Pass,Re-validation,HASH_IDENTITY_361,Previous validation expired
PROC008082,APP03361,UP009497,35:23.6,52:26.4,Pass,Initial,HASH_INCOME_361,
PROC008083,APP03361,UP009499,53:02.7,12:12.5,Pass,Re-validation,HASH_ADDITIONAL_DOCUMENT_361,Retry after failed upload
PROC008084,APP03362,UP009500,49:34.2,05:14.9,Pass,Re-validation,HASH_IDENTITY_362,Rule-triggered re-verification
PROC008085,APP03362,UP009501,58:08.7,15:46.2,Pass,Initial,HASH_INCOME_362,
PROC008086,APP03362,UP009502,19:12.5,46:38.7,Pass,Re-validation,HASH_ADDITIONAL_DOCUMENT_362,Previous validation expired
PROC008087,APP03363,UP009503,32:14.8,52:33.0,Pass,Initial,HASH_IDENTITY_363,
PROC008088,APP03363,UP009504,35:09.5,55:12.6,Pass,Initial,HASH_INCOME_363,
PROC008089,APP03363,UP009505,45:00.0,55:58.7,Pass,Initial,HASH_ADDITIONAL_DOCUMENT_363,
PROC008090,APP03364,UP009507,01:04.1,18:01.2,Pass,Re-validation,HASH_IDENTITY_364,Retry after failed upload
PROC008091,APP03364,UP009508,57:42.9,17:26.1,Pass,Initial,HASH_INCOME_364,
PROC008092,APP03364,UP009509,23:02.9,52:55.4,Pass,Initial,HASH_ADDITIONAL_DOCUMENT_364,
PROC008093,APP03365,UP009510,50:00.8,13:40.1,Pass,Initial,HASH_IDENTITY_365,
PROC008094,APP03365,UP009511,58:49.0,15:12.8,Pass,Re-validation,HASH_INCOME_365,System could not reuse prior result
PROC008095,APP03365,UP009512,13:17.6,24:26.1,Pass,Initial,HASH_ADDITIONAL_DOCUMENT_365,
PROC008096,APP03366,UP009513,32:15.6,40:34.0,Pass,Initial,HASH_IDENTITY_366,
PROC008097,APP03366,UP009514,29:54.3,43:54.9,Pass,Initial,HASH_INCOME_366,
PROC008098,APP03366,UP009515,04:19.5,26:43.2,Pass,Initial,HASH_ADDITIONAL_DOCUMENT_366,
PROC008099,APP03367,UP009516,01:32.6,13:12.0,Pass,Initial,HASH_IDENTITY_367,
PROC008100,APP03367,UP009517,26:54.3,36:31.5,Pass,Initial,HASH_INCOME_367,
PROC008101,APP03367,UP009518,26:36.5,48:30.5,Pass,Re-validation,HASH_ADDITIONAL_DOCUMENT_367,System could not reuse prior result
PROC008102,APP03368,UP009519,50:44.0,08:14.7,Pass,Initial,HASH_IDENTITY_368,
PROC008103,APP03368,UP009520,05:29.9,11:57.6,Pass,Initial,HASH_INCOME_368,
PROC008104,APP03368,UP009521,59:17.7,18:21.4,Pass,Initial,HASH_ADDITIONAL_DOCUMENT_368,
PROC008105,APP03369,UP009522,07:44.8,26:06.3,Pass,Initial,HASH_IDENTITY_369,
PROC008106,APP03369,UP009523,31:09.7,43:04.1,Pass,Initial,HASH_INCOME_369,
PROC008107,APP03369,UP009526,35:52.3,02:38.4,Pass,Re-validation,HASH_ADDITIONAL_DOCUMENT_369,Retry after failed upload
PROC008108,APP03370,UP009527,26:38.1,40:07.8,Pass,Re-validation,HASH_IDENTITY_370,System could not reuse prior result
PROC008109,APP03370,UP009528,29:36.2,40:08.8,Pass,Re-validation,HASH_INCOME_370,System could not reuse prior result
PROC008110,APP03370,UP009529,37:07.8,59:38.6,Pass,Re-validation,HASH_ADDITIONAL_DOCUMENT_370,Rule-triggered re-verification
PROC008111,APP03371,UP009530,28:44.5,40:10.0,Pass,Initial,HASH_IDENTITY_371,
PROC008112,APP03371,UP009531,28:13.8,46:19.5,Pass,Initial,HASH_INCOME_371,
PROC008113,APP03371,UP009533,40:31.2,02:36.4,Pass,Re-validation,HASH_ADDITIONAL_DOCUMENT_371,Retry after failed upload
PROC008114,APP03372,UP009535,42:37.0,57:06.0,Pass,Re-validation,HASH_IDENTITY_372,Retry after failed upload
PROC008115,APP03372,UP009536,35:06.3,52:27.5,Pass,Initial,HASH_INCOME_372,
PROC008116,APP03372,UP009538,57:40.9,11:03.6,Pass,Re-validation,HASH_ADDITIONAL_DOCUMENT_372,Retry after failed upload
PROC008117,APP03373,UP009539,31:39.0,43:21.7,Pass,Initial,HASH_IDENTITY_373,
PROC008118,APP03373,UP009540,38:39.6,51:10.6,Pass,Re-validation,HASH_INCOME_373,Rule-triggered re-verification
PROC008119,APP03373,UP009541,44:26.1,06:03.4,Pass,Initial,HASH_ADDITIONAL_DOCUMENT_373,
PROC008120,APP03374,UP009542,06:06.4,24:38.4,Pass,Re-validation,HASH_IDENTITY_374,Previous validation expired
PROC008121,APP03374,UP009543,15:40.5,27:34.1,Pass,Re-validation,HASH_INCOME_374,System could not reuse prior result
PROC008122,APP03374,UP009544,15:05.5,34:21.8,Pass,Initial,HASH_ADDITIONAL_DOCUMENT_374,
PROC008123,APP03375,UP009545,57:06.3,12:49.3,Pass,Initial,HASH_IDENTITY_375,
PROC008124,APP03375,UP009546,53:55.9,06:28.3,Pass,Initial,HASH_INCOME_375,
PROC008125,APP03375,UP009547,14:12.8,35:23.1,Fail,Initial,HASH_ADDITIONAL_DOCUMENT_375,
PROC008126,APP03376,UP009550,49:23.6,02:16.8,Pass,Re-validation,HASH_IDENTITY_376,Retry after failed upload
PROC008127,APP03376,UP009553,51:30.7,11:56.8,Pass,Re-validation,HASH_INCOME_376,Retry after failed upload
PROC008128,APP03376,UP009555,25:37.8,49:17.0,Pass,Re-validation,HASH_ADDITIONAL_DOCUMENT_376,Retry after failed upload
PROC008129,APP03377,UP009556,03:39.8,21:52.7,Pass,Initial,HASH_IDENTITY_377,
PROC008130,APP03377,UP009557,55:25.0,09:53.6,Pass,Initial,HASH_INCOME_377,
PROC008131,APP03377,UP009558,22:35.8,44:50.4,Pass,Re-validation,HASH_ADDITIONAL_DOCUMENT_377,Previous validation expired
PROC008132,APP03378,UP009559,12:31.3,27:58.7,Pass,Initial,HASH_IDENTITY_378,
PROC008133,APP03378,UP009560,05:43.0,22:10.4,Pass,Initial,HASH_INCOME_378,
PROC008134,APP03378,UP009562,35:20.5,01:22.1,Pass,Re-validation,HASH_ADDITIONAL_DOCUMENT_378,Retry after failed upload
PROC008135,APP03379,UP009565,08:27.8,17:24.7,Pass,Re-validation,HASH_IDENTITY_379,Retry after failed upload
PROC008136,APP03379,UP009566,03:13.9,20:55.5,Pass,Initial,HASH_INCOME_379,
PROC008137,APP03379,UP009567,11:51.8,35:25.5,Pass,Initial,HASH_ADDITIONAL_DOCUMENT_379,
PROC008138,APP03380,UP009568,04:50.3,21:49.6,Fail,Initial,HASH_IDENTITY_380,
PROC008139,APP03380,UP009569,53:20.5,07:30.9,Pass,Re-validation,HASH_INCOME_380,Previous validation expired
PROC008140,APP03380,UP009570,07:36.9,27:16.7,Pass,Initial,HASH_ADDITIONAL_DOCUMENT_380,
PROC008141,APP03381,UP009571,21:15.6,39:19.1,Pass,Initial,HASH_IDENTITY_381,
PROC008142,APP03381,UP009573,15:57.8,32:59.4,Fail,Re-validation,HASH_INCOME_381,Retry after failed upload
PROC008143,APP03381,UP009575,38:34.3,57:05.8,Pass,Re-validation,HASH_ADDITIONAL_DOCUMENT_381,Retry after failed upload
PROC008144,APP03382,UP009576,46:30.3,59:22.1,Pass,Initial,HASH_IDENTITY_382,
PROC008145,APP03382,UP009578,06:26.5,22:45.5,Pass,Re-validation,HASH_INCOME_382,Retry after failed upload
PROC008146,APP03382,UP009579,19:30.5,42:38.6,Pass,Initial,HASH_ADDITIONAL_DOCUMENT_382,
PROC008147,APP03383,UP009580,37:47.4,51:01.4,Pass,Re-validation,HASH_IDENTITY_383,Rule-triggered re-verification
PROC008148,APP03383,UP009581,48:36.1,04:08.1,Pass,Initial,HASH_INCOME_383,
PROC008149,APP03383,UP009582,03:25.6,33:41.7,Pass,Initial,HASH_ADDITIONAL_DOCUMENT_383,
PROC008150,APP03384,UP009583,47:35.2,08:01.2,Pass,Initial,HASH_IDENTITY_384,
PROC008151,APP03384,UP009585,32:10.1,46:50.6,Pass,Re-validation,HASH_INCOME_384,Retry after failed upload
PROC008152,APP03384,UP009586,59:58.7,17:00.9,Fail,Re-validation,HASH_ADDITIONAL_DOCUMENT_384,System could not reuse prior result
PROC008153,APP03385,UP009587,16:27.9,24:44.9,Pass,Initial,HASH_IDENTITY_385,
PROC008154,APP03385,UP009590,14:24.9,25:58.1,Pass,Re-validation,HASH_INCOME_385,Retry after failed upload
PROC008155,APP03385,UP009591,21:57.9,42:31.0,Pass,Re-validation,HASH_ADDITIONAL_DOCUMENT_385,Rule-triggered re-verification
PROC008156,APP03386,UP009592,37:06.2,53:55.9,Pass,Initial,HASH_IDENTITY_386,
PROC008157,APP03386,UP009593,57:15.6,16:46.8,Pass,Re-validation,HASH_INCOME_386,System could not reuse prior result
PROC008158,APP03386,UP009594,48:24.5,12:43.0,Pass,Initial,HASH_ADDITIONAL_DOCUMENT_386,
PROC008159,APP03387,UP009595,58:38.3,11:15.8,Pass,Re-validation,HASH_IDENTITY_387,Rule-triggered re-verification
PROC008160,APP03387,UP009596,56:13.5,08:03.1,Pass,Re-validation,HASH_INCOME_387,System could not reuse prior result
PROC008161,APP03387,UP009597,10:28.9,34:13.5,Pass,Initial,HASH_ADDITIONAL_DOCUMENT_387,
PROC008162,APP03388,UP009599,25:08.7,41:58.4,Pass,Re-validation,HASH_IDENTITY_388,Retry after failed upload
PROC008163,APP03388,UP009601,27:57.2,47:08.8,Pass,Re-validation,HASH_INCOME_388,Retry after failed upload
PROC008164,APP03388,UP009603,46:43.8,11:20.0,Pass,Re-validation,HASH_ADDITIONAL_DOCUMENT_388,Retry after failed upload
PROC008165,APP03389,UP009604,26:51.7,40:11.3,Pass,Initial,HASH_IDENTITY_389,
PROC008166,APP03389,UP009605,36:54.5,52:20.3,Pass,Initial,HASH_INCOME_389,
PROC008167,APP03389,UP009608,38:03.7,50:49.7,Pass,Re-validation,HASH_ADDITIONAL_DOCUMENT_389,Retry after failed upload
PROC008168,APP03390,UP009609,51:49.4,15:00.8,Pass,Re-validation,HASH_IDENTITY_390,Previous validation expired
PROC008169,APP03390,UP009610,50:56.9,05:15.8,Pass,Initial,HASH_INCOME_390,
PROC008170,APP03390,UP009612,08:20.7,39:33.1,Pass,Re-validation,HASH_ADDITIONAL_DOCUMENT_390,Retry after failed upload
PROC008171,APP03391,UP009614,43:14.9,01:14.9,Fail,Re-validation,HASH_IDENTITY_391,Retry after failed upload
PROC008172,APP03391,UP009615,51:32.5,56:56.7,Pass,Re-validation,HASH_INCOME_391,System could not reuse prior result
PROC008173,APP03391,UP009616,59:14.1,29:30.4,Pass,Initial,HASH_ADDITIONAL_DOCUMENT_391,
PROC008174,APP03392,UP009617,13:41.3,25:56.3,Pass,Initial,HASH_IDENTITY_392,
PROC008175,APP03392,UP009618,24:34.1,44:43.1,Pass,Initial,HASH_INCOME_392,
PROC008176,APP03392,UP009619,26:13.4,56:57.2,Pass,Initial,HASH_ADDITIONAL_DOCUMENT_392,
PROC008177,APP03393,UP009620,45:58.4,00:09.3,Pass,Initial,HASH_IDENTITY_393,
PROC008178,APP03393,UP009621,44:43.9,04:36.0,Pass,Initial,HASH_INCOME_393,
PROC008179,APP03393,UP009622,54:08.4,10:01.3,Pass,Initial,HASH_ADDITIONAL_DOCUMENT_393,
PROC008180,APP03394,UP009623,54:15.3,02:56.9,Pass,Re-validation,HASH_IDENTITY_394,Previous validation expired
PROC008181,APP03394,UP009624,44:24.2,57:57.5,Pass,Initial,HASH_INCOME_394,
PROC008182,APP03394,UP009625,02:48.4,23:13.1,Pass,Initial,HASH_ADDITIONAL_DOCUMENT_394,
PROC008183,APP03395,UP009626,43:51.2,57:37.4,Pass,Initial,HASH_IDENTITY_395,
PROC008184,APP03395,UP009627,46:56.8,02:39.1,Pass,Initial,HASH_INCOME_395,
PROC008185,APP03395,UP009628,14:08.9,44:47.0,Pass,Initial,HASH_ADDITIONAL_DOCUMENT_395,
PROC008186,APP03396,UP009629,55:34.5,14:13.1,Pass,Initial,HASH_IDENTITY_396,
PROC008187,APP03396,UP009630,56:12.0,15:54.2,Pass,Re-validation,HASH_INCOME_396,Previous validation expired
PROC008188,APP03396,UP009632,55:54.0,19:57.5,Pass,Re-validation,HASH_ADDITIONAL_DOCUMENT_396,Retry after failed upload
PROC008189,APP03397,UP009633,23:13.3,42:34.9,Pass,Initial,HASH_IDENTITY_397,
PROC008190,APP03397,UP009634,33:37.1,55:11.0,Pass,Re-validation,HASH_INCOME_397,System could not reuse prior result
PROC008191,APP03397,UP009635,40:24.9,02:21.4,Pass,Re-validation,HASH_ADDITIONAL_DOCUMENT_397,System could not reuse prior result
PROC008192,APP03398,UP009637,24:36.9,37:32.9,Pass,Re-validation,HASH_IDENTITY_398,Retry after failed upload
PROC008193,APP03398,UP009638,35:28.5,52:25.9,Pass,Initial,HASH_INCOME_398,
PROC008194,APP03398,UP009639,53:01.7,11:44.9,Pass,Initial,HASH_ADDITIONAL_DOCUMENT_398,
PROC008195,APP03399,UP009640,09:08.5,28:52.6,Pass,Initial,HASH_IDENTITY_399,
PROC008196,APP03399,UP009641,04:10.9,24:14.7,Pass,Initial,HASH_INCOME_399,
PROC008197,APP03399,UP009643,10:10.2,38:58.3,Pass,Re-validation,HASH_ADDITIONAL_DOCUMENT_399,Retry after failed upload
PROC008198,APP03400,UP009644,51:19.0,06:48.4,Pass,Initial,HASH_IDENTITY_400,
PROC008199,APP03400,UP009645,36:37.2,49:25.9,Pass,Initial,HASH_INCOME_400,
PROC008200,APP03400,UP009646,32:23.8,57:22.5,Pass,Initial,HASH_ADDITIONAL_DOCUMENT_400,
PROC008201,APP03401,UP009647,42:28.1,58:36.4,Pass,Initial,HASH_IDENTITY_401,
PROC008202,APP03401,UP009648,53:22.7,05:46.3,Pass,Initial,HASH_INCOME_401,
PROC008203,APP03401,UP009649,03:35.8,23:52.4,Pass,Initial,HASH_ADDITIONAL_DOCUMENT_401,
PROC008204,APP03402,UP009650,53:38.6,17:14.2,Pass,Initial,HASH_IDENTITY_402,
PROC008205,APP03402,UP009651,45:50.4,00:27.6,Pass,Initial,HASH_INCOME_402,
PROC008206,APP03402,UP009652,46:46.7,12:14.9,Pass,Re-validation,HASH_ADDITIONAL_DOCUMENT_402,System could not reuse prior result
PROC008207,APP03403,UP009653,05:42.2,10:43.8,Pass,Re-validation,HASH_IDENTITY_403,Rule-triggered re-verification
PROC008208,APP03403,UP009654,07:13.7,24:09.1,Pass,Initial,HASH_INCOME_403,
PROC008209,APP03403,UP009657,19:40.6,37:46.3,Pass,Re-validation,HASH_ADDITIONAL_DOCUMENT_403,Retry after failed upload
PROC008210,APP03404,UP009658,02:08.0,17:32.1,Pass,Re-validation,HASH_IDENTITY_404,System could not reuse prior result
PROC008211,APP03404,UP009659,14:43.4,38:37.0,Pass,Initial,HASH_INCOME_404,
PROC008212,APP03404,UP009660,27:26.8,49:32.5,Pass,Initial,HASH_ADDITIONAL_DOCUMENT_404,
PROC008213,APP03405,UP009661,27:48.4,42:23.0,Pass,Re-validation,HASH_IDENTITY_405,Rule-triggered re-verification
PROC008214,APP03405,UP009662,25:59.8,40:53.6,Pass,Initial,HASH_INCOME_405,
PROC008215,APP03405,UP009663,41:59.6,02:03.5,Pass,Initial,HASH_ADDITIONAL_DOCUMENT_405,
PROC008216,APP03406,UP009665,13:58.1,32:46.5,Pass,Re-validation,HASH_IDENTITY_406,Retry after failed upload
PROC008217,APP03406,UP009666,19:01.2,36:48.1,Pass,Initial,HASH_INCOME_406,
PROC008218,APP03406,UP009667,15:04.3,38:40.1,Pass,Initial,HASH_ADDITIONAL_DOCUMENT_406,
PROC008219,APP03407,UP009668,36:18.6,53:23.5,Pass,Re-validation,HASH_IDENTITY_407,System could not reuse prior result
PROC008220,APP03407,UP009670,45:33.1,59:18.8,Pass,Re-validation,HASH_INCOME_407,Retry after failed upload
PROC008221,APP03407,UP009673,05:22.6,29:00.1,Pass,Re-validation,HASH_ADDITIONAL_DOCUMENT_407,Retry after failed upload
PROC008222,APP03408,UP009675,38:35.9,01:35.7,Pass,Re-validation,HASH_IDENTITY_408,Retry after failed upload
PROC008223,APP03408,UP009676,35:51.5,49:36.5,Pass,Initial,HASH_INCOME_408,
PROC008224,APP03408,UP009677,04:36.9,28:43.5,Pass,Re-validation,HASH_ADDITIONAL_DOCUMENT_408,System could not reuse prior result
PROC008225,APP03409,UP009679,39:13.9,55:27.0,Pass,Re-validation,HASH_IDENTITY_409,Retry after failed upload
PROC008226,APP03409,UP009680,44:11.7,52:26.3,Pass,Initial,HASH_INCOME_409,
PROC008227,APP03409,UP009681,58:30.3,30:26.5,Pass,Initial,HASH_ADDITIONAL_DOCUMENT_409,
PROC008228,APP03410,UP009682,51:21.3,12:02.5,Fail,Initial,HASH_IDENTITY_410,
PROC008229,APP03410,UP009683,43:58.0,04:56.0,Pass,Initial,HASH_INCOME_410,
PROC008230,APP03410,UP009684,45:57.7,16:22.4,Pass,Initial,HASH_ADDITIONAL_DOCUMENT_410,
PROC008231,APP03411,UP009685,25:11.8,52:13.8,Pass,Initial,HASH_IDENTITY_411,
PROC008232,APP03411,UP009686,36:05.9,52:50.2,Pass,Initial,HASH_INCOME_411,
PROC008233,APP03411,UP009687,45:29.2,05:42.9,Pass,Initial,HASH_ADDITIONAL_DOCUMENT_411,
PROC008234,APP03412,UP009688,37:41.9,47:46.0,Fail,Initial,HASH_IDENTITY_412,
PROC008235,APP03412,UP009690,52:30.8,07:42.5,Pass,Re-validation,HASH_INCOME_412,Retry after failed upload
PROC008236,APP03412,UP009692,56:22.9,21:40.9,Pass,Re-validation,HASH_ADDITIONAL_DOCUMENT_412,Retry after failed upload
PROC008237,APP03413,UP009693,37:31.5,51:40.5,Pass,Initial,HASH_IDENTITY_413,
PROC008238,APP03413,UP009694,51:32.9,09:00.2,Fail,Initial,HASH_INCOME_413,
PROC008239,APP03413,UP009696,03:00.3,28:42.5,Pass,Re-validation,HASH_ADDITIONAL_DOCUMENT_413,Retry after failed upload
PROC008240,APP03414,UP009698,56:31.6,13:49.7,Pass,Re-validation,HASH_IDENTITY_414,Retry after failed upload
PROC008241,APP03414,UP009699,57:30.5,19:32.6,Pass,Re-validation,HASH_INCOME_414,Previous validation expired
PROC008242,APP03414,UP009702,14:58.1,40:33.9,Pass,Re-validation,HASH_ADDITIONAL_DOCUMENT_414,Retry after failed upload
PROC008243,APP03415,UP009703,22:59.5,33:11.3,Pass,Initial,HASH_IDENTITY_415,
PROC008244,APP03415,UP009704,32:05.0,43:42.0,Pass,Initial,HASH_INCOME_415,
PROC008245,APP03415,UP009706,43:43.7,12:34.1,Pass,Re-validation,HASH_ADDITIONAL_DOCUMENT_415,Retry after failed upload
PROC008246,APP03416,UP009707,09:38.7,24:03.3,Pass,Initial,HASH_IDENTITY_416,
PROC008247,APP03416,UP009708,20:21.4,36:22.8,Pass,Initial,HASH_INCOME_416,
PROC008248,APP03416,UP009709,41:35.6,58:08.7,Pass,Initial,HASH_ADDITIONAL_DOCUMENT_416,
PROC008249,APP03417,UP009710,17:15.8,34:39.2,Pass,Initial,HASH_IDENTITY_417,
PROC008250,APP03417,UP009711,20:12.1,38:50.9,Pass,Initial,HASH_INCOME_417,
PROC008251,APP03417,UP009712,42:15.4,07:50.0,Pass,Initial,HASH_ADDITIONAL_DOCUMENT_417,
PROC008252,APP03418,UP009713,07:54.1,24:51.7,Pass,Initial,HASH_IDENTITY_418,
PROC008253,APP03418,UP009715,18:05.6,39:04.9,Pass,Re-validation,HASH_INCOME_418,Retry after failed upload
PROC008254,APP03418,UP009716,31:24.9,57:02.4,Pass,Re-validation,HASH_ADDITIONAL_DOCUMENT_418,System could not reuse prior result
PROC008255,APP03419,UP009717,05:59.6,19:49.7,Pass,Initial,HASH_IDENTITY_419,
PROC008256,APP03419,UP009718,11:22.1,21:18.4,Pass,Initial,HASH_INCOME_419,
PROC008257,APP03419,UP009720,18:45.0,39:01.5,Pass,Re-validation,HASH_ADDITIONAL_DOCUMENT_419,Retry after failed upload
PROC008258,APP03420,UP009721,43:54.9,01:47.4,Pass,Initial,HASH_IDENTITY_420,
PROC008259,APP03420,UP009722,58:26.4,16:28.1,Pass,Initial,HASH_INCOME_420,
PROC008260,APP03420,UP009723,01:08.6,23:03.7,Fail,Initial,HASH_ADDITIONAL_DOCUMENT_420,
PROC008261,APP03421,UP009724,13:04.2,27:08.9,Pass,Initial,HASH_IDENTITY_421,
PROC008262,APP03421,UP009725,01:32.5,18:25.8,Pass,Initial,HASH_INCOME_421,
PROC008263,APP03421,UP009726,18:19.6,40:49.2,Pass,Initial,HASH_ADDITIONAL_DOCUMENT_421,
PROC008264,APP03422,UP009727,01:58.9,13:58.7,Pass,Re-validation,HASH_IDENTITY_422,Rule-triggered re-verification
PROC008265,APP03422,UP009728,24:39.1,45:49.2,Pass,Initial,HASH_INCOME_422,
PROC008266,APP03422,UP009729,29:04.5,54:39.1,Pass,Initial,HASH_ADDITIONAL_DOCUMENT_422,
PROC008267,APP03423,UP009730,31:12.8,44:33.8,Pass,Initial,HASH_IDENTITY_423,
PROC008268,APP03423,UP009731,33:47.3,48:37.3,Pass,Re-validation,HASH_INCOME_423,System could not reuse prior result
PROC008269,APP03423,UP009734,52:51.3,15:05.7,Pass,Re-validation,HASH_ADDITIONAL_DOCUMENT_423,Retry after failed upload
PROC008270,APP03424,UP009735,44:28.5,59:54.8,Pass,Initial,HASH_IDENTITY_424,
PROC008271,APP03424,UP009736,51:37.6,04:47.6,Pass,Initial,HASH_INCOME_424,
PROC008272,APP03424,UP009739,53:36.6,13:37.7,Pass,Re-validation,HASH_ADDITIONAL_DOCUMENT_424,Retry after failed upload
PROC008273,APP03425,UP009740,36:49.2,55:11.6,Pass,Initial,HASH_IDENTITY_425,
PROC008274,APP03425,UP009741,27:30.9,44:43.1,Pass,Re-validation,HASH_INCOME_425,Previous validation expired
PROC008275,APP03425,UP009742,46:18.3,07:07.0,Pass,Re-validation,HASH_ADDITIONAL_DOCUMENT_425,Rule-triggered re-verification
PROC008276,APP03426,UP009745,14:06.0,35:21.6,Pass,Re-validation,HASH_IDENTITY_426,Retry after failed upload
PROC008277,APP03426,UP009746,16:35.0,39:09.3,Pass,Initial,HASH_INCOME_426,
PROC008278,APP03426,UP009747,37:38.0,03:24.3,Pass,Initial,HASH_ADDITIONAL_DOCUMENT_426,
PROC008279,APP03427,UP009749,45:42.3,01:04.8,Pass,Re-validation,HASH_IDENTITY_427,Retry after failed upload
PROC008280,APP03427,UP009750,36:41.0,56:12.3,Pass,Initial,HASH_INCOME_427,
PROC008281,APP03427,UP009752,56:46.5,22:54.4,Pass,Re-validation,HASH_ADDITIONAL_DOCUMENT_427,Retry after failed upload
PROC008282,APP03428,UP009753,30:58.7,41:09.0,Pass,Re-validation,HASH_IDENTITY_428,System could not reuse prior result
PROC008283,APP03428,UP009754,33:37.1,51:03.1,Pass,Re-validation,HASH_INCOME_428,Previous validation expired
PROC008284,APP03428,UP009755,58:32.0,13:49.8,Pass,Initial,HASH_ADDITIONAL_DOCUMENT_428,
PROC008285,APP03429,UP009756,43:19.0,52:06.7,Pass,Initial,HASH_IDENTITY_429,
PROC008286,APP03429,UP009757,37:11.9,51:11.5,Pass,Initial,HASH_INCOME_429,
PROC008287,APP03429,UP009758,52:41.1,18:13.6,Pass,Initial,HASH_ADDITIONAL_DOCUMENT_429,
PROC008288,APP03430,UP009759,52:22.5,01:11.4,Pass,Initial,HASH_IDENTITY_430,
PROC008289,APP03430,UP009760,49:23.1,05:49.8,Pass,Re-validation,HASH_INCOME_430,Rule-triggered re-verification
PROC008290,APP03430,UP009761,57:55.8,19:59.0,Pass,Re-validation,HASH_ADDITIONAL_DOCUMENT_430,Rule-triggered re-verification
PROC008291,APP03431,UP009762,29:31.5,48:06.6,Pass,Initial,HASH_IDENTITY_431,
PROC008292,APP03431,UP009763,43:08.7,03:04.3,Pass,Initial,HASH_INCOME_431,
PROC008293,APP03431,UP009766,52:59.8,15:18.8,Pass,Re-validation,HASH_ADDITIONAL_DOCUMENT_431,Retry after failed upload
PROC008294,APP03432,UP009767,29:35.7,46:10.9,Pass,Initial,HASH_IDENTITY_432,
PROC008295,APP03432,UP009768,39:24.1,55:08.8,Pass,Re-validation,HASH_INCOME_432,Rule-triggered re-verification
PROC008296,APP03432,UP009770,46:51.2,07:14.9,Pass,Re-validation,HASH_ADDITIONAL_DOCUMENT_432,Retry after failed upload
PROC008297,APP03433,UP009771,01:52.5,19:29.4,Pass,Initial,HASH_IDENTITY_433,
PROC008298,APP03433,UP009772,28:20.2,45:37.8,Pass,Re-validation,HASH_INCOME_433,Previous validation expired
PROC008299,APP03433,UP009774,22:18.1,48:11.6,Pass,Re-validation,HASH_ADDITIONAL_DOCUMENT_433,Retry after failed upload
PROC008300,APP03434,UP009776,42:13.7,55:58.3,Pass,Re-validation,HASH_IDENTITY_434,Retry after failed upload
PROC008301,APP03434,UP009777,50:25.8,04:48.7,Pass,Initial,HASH_INCOME_434,
PROC008302,APP03434,UP009778,14:47.7,30:15.4,Pass,Re-validation,HASH_ADDITIONAL_DOCUMENT_434,Previous validation expired
PROC008303,APP03435,UP009779,17:16.6,35:00.1,Pass,Initial,HASH_IDENTITY_435,
PROC008304,APP03435,UP009780,14:51.5,37:59.5,Pass,Initial,HASH_INCOME_435,
PROC008305,APP03435,UP009781,20:26.6,31:13.7,Pass,Initial,HASH_ADDITIONAL_DOCUMENT_435,
PROC008306,APP03436,UP009782,18:34.9,31:40.9,Pass,Initial,HASH_IDENTITY_436,
PROC008307,APP03436,UP009783,27:23.2,37:52.3,Pass,Re-validation,HASH_INCOME_436,Previous validation expired
PROC008308,APP03436,UP009785,29:52.8,52:39.0,Pass,Re-validation,HASH_ADDITIONAL_DOCUMENT_436,Retry after failed upload
PROC008309,APP03437,UP009786,34:31.9,48:02.1,Pass,Initial,HASH_IDENTITY_437,
PROC008310,APP03437,UP009787,44:47.2,56:33.7,Pass,Initial,HASH_INCOME_437,
PROC008311,APP03437,UP009788,53:43.0,19:39.7,Pass,Re-validation,HASH_ADDITIONAL_DOCUMENT_437,System could not reuse prior result
PROC008312,APP03438,UP009789,09:53.1,24:29.9,Pass,Initial,HASH_IDENTITY_438,
PROC008313,APP03438,UP009790,19:46.1,40:20.8,Pass,Initial,HASH_INCOME_438,
PROC008314,APP03438,UP009793,28:32.1,50:06.0,Pass,Re-validation,HASH_ADDITIONAL_DOCUMENT_438,Retry after failed upload
PROC008315,APP03439,UP009796,30:10.8,40:26.9,Pass,Re-validation,HASH_IDENTITY_439,Retry after failed upload
PROC008316,APP03439,UP009797,32:20.3,51:40.2,Pass,Re-validation,HASH_INCOME_439,Previous validation expired
PROC008317,APP03439,UP009798,43:12.2,07:51.9,Pass,Initial,HASH_ADDITIONAL_DOCUMENT_439,
PROC008318,APP03440,UP009799,10:04.9,31:24.6,Pass,Initial,HASH_IDENTITY_440,
PROC008319,APP03440,UP009800,18:53.7,32:15.5,Pass,Initial,HASH_INCOME_440,
PROC008320,APP03440,UP009801,29:30.3,54:29.8,Pass,Initial,HASH_ADDITIONAL_DOCUMENT_440,
PROC008321,APP03441,UP009802,19:06.5,30:37.4,Pass,Initial,HASH_IDENTITY_441,
PROC008322,APP03441,UP009803,18:13.2,39:42.9,Pass,Initial,HASH_INCOME_441,
PROC008323,APP03441,UP009804,42:08.3,03:23.2,Pass,Initial,HASH_ADDITIONAL_DOCUMENT_441,
PROC008324,APP03442,UP009805,56:10.6,06:53.7,Fail,Initial,HASH_IDENTITY_442,
PROC008325,APP03442,UP009807,59:29.0,20:42.9,Pass,Re-validation,HASH_INCOME_442,Retry after failed upload
PROC008326,APP03442,UP009808,59:58.4,23:51.5,Pass,Initial,HASH_ADDITIONAL_DOCUMENT_442,
PROC008327,APP03443,UP009809,22:39.1,40:09.9,Pass,Initial,HASH_IDENTITY_443,
PROC008328,APP03443,UP009810,17:21.9,29:56.9,Pass,Initial,HASH_INCOME_443,
PROC008329,APP03443,UP009811,33:54.7,53:25.0,Fail,Re-validation,HASH_ADDITIONAL_DOCUMENT_443,System could not reuse prior result
PROC008330,APP03444,UP009812,52:42.7,11:49.6,Pass,Initial,HASH_IDENTITY_444,
PROC008331,APP03444,UP009815,08:59.3,25:54.5,Pass,Re-validation,HASH_INCOME_444,Retry after failed upload
PROC008332,APP03444,UP009816,11:14.6,31:56.2,Pass,Initial,HASH_ADDITIONAL_DOCUMENT_444,
PROC008333,APP03445,UP009817,43:11.6,01:52.3,Pass,Re-validation,HASH_IDENTITY_445,Previous validation expired
PROC008334,APP03445,UP009818,23:38.7,34:32.4,Pass,Initial,HASH_INCOME_445,
PROC008335,APP03445,UP009819,00:37.2,27:51.4,Pass,Initial,HASH_ADDITIONAL_DOCUMENT_445,
PROC008336,APP03446,UP009821,57:51.6,15:11.3,Pass,Re-validation,HASH_IDENTITY_446,Retry after failed upload
PROC008337,APP03446,UP009822,12:26.7,28:52.7,Pass,Re-validation,HASH_INCOME_446,Previous validation expired
PROC008338,APP03446,UP009823,20:20.6,44:39.0,Pass,Initial,HASH_ADDITIONAL_DOCUMENT_446,
PROC008339,APP03447,UP009824,04:28.0,21:58.2,Pass,Initial,HASH_IDENTITY_447,
PROC008340,APP03447,UP009825,12:29.3,23:28.9,Pass,Re-validation,HASH_INCOME_447,System could not reuse prior result
PROC008341,APP03447,UP009826,21:55.9,37:17.5,Pass,Initial,HASH_ADDITIONAL_DOCUMENT_447,
PROC008342,APP03448,UP009827,52:28.4,05:21.7,Pass,Re-validation,HASH_IDENTITY_448,System could not reuse prior result
PROC008343,APP03448,UP009828,58:56.7,13:56.8,Pass,Initial,HASH_INCOME_448,
PROC008344,APP03448,UP009829,03:10.4,29:59.2,Pass,Initial,HASH_ADDITIONAL_DOCUMENT_448,
PROC008345,APP03449,UP009830,54:39.0,08:43.0,Pass,Re-validation,HASH_IDENTITY_449,Rule-triggered re-verification
PROC008346,APP03449,UP009831,45:08.4,52:02.2,Pass,Initial,HASH_INCOME_449,
PROC008347,APP03449,UP009832,15:41.3,34:35.6,Pass,Initial,HASH_ADDITIONAL_DOCUMENT_449,
PROC008348,APP03450,UP009833,06:34.9,24:30.9,Pass,Re-validation,HASH_IDENTITY_450,Rule-triggered re-verification
PROC008349,APP03450,UP009834,14:26.8,36:35.2,Pass,Initial,HASH_INCOME_450,
PROC008350,APP03450,UP009836,18:43.1,36:38.6,Pass,Re-validation,HASH_ADDITIONAL_DOCUMENT_450,Retry after failed upload
PROC008351,APP03451,UP009837,19:28.9,36:51.7,Pass,Initial,HASH_IDENTITY_451,
PROC008352,APP03451,UP009838,28:33.1,47:49.5,Pass,Initial,HASH_INCOME_451,
PROC008353,APP03451,UP009839,14:37.9,37:13.8,Pass,Initial,HASH_ADDITIONAL_DOCUMENT_451,
PROC008354,APP03452,UP009840,30:23.9,46:08.8,Pass,Initial,HASH_IDENTITY_452,
PROC008355,APP03452,UP009841,35:29.8,49:30.6,Fail,Re-validation,HASH_INCOME_452,Rule-triggered re-verification
PROC008356,APP03452,UP009844,53:22.1,19:10.7,Pass,Re-validation,HASH_ADDITIONAL_DOCUMENT_452,Retry after failed upload
PROC008357,APP03453,UP009845,21:28.5,38:44.0,Fail,Initial,HASH_IDENTITY_453,
PROC008358,APP03453,UP009846,33:12.6,39:51.1,Pass,Initial,HASH_INCOME_453,
PROC008359,APP03453,UP009847,32:31.0,53:52.4,Pass,Initial,HASH_ADDITIONAL_DOCUMENT_453,
PROC008360,APP03454,UP009848,00:31.6,17:34.1,Pass,Initial,HASH_IDENTITY_454,
PROC008361,APP03454,UP009850,58:27.2,13:23.1,Pass,Re-validation,HASH_INCOME_454,Retry after failed upload
PROC008362,APP03454,UP009851,19:10.5,37:15.0,Pass,Initial,HASH_ADDITIONAL_DOCUMENT_454,
PROC008363,APP03455,UP009852,03:55.6,20:27.4,Pass,Initial,HASH_IDENTITY_455,
PROC008364,APP03455,UP009853,22:47.9,37:37.9,Pass,Initial,HASH_INCOME_455,
PROC008365,APP03455,UP009854,36:16.5,08:23.7,Pass,Initial,HASH_ADDITIONAL_DOCUMENT_455,
PROC008366,APP03456,UP009855,10:18.0,27:53.6,Pass,Initial,HASH_IDENTITY_456,
PROC008367,APP03456,UP009856,03:23.6,20:42.8,Pass,Re-validation,HASH_INCOME_456,Rule-triggered re-verification
PROC008368,APP03456,UP009857,15:15.7,34:25.4,Pass,Initial,HASH_ADDITIONAL_DOCUMENT_456,
PROC008369,APP03457,UP009860,20:49.8,39:44.6,Pass,Re-validation,HASH_IDENTITY_457,Retry after failed upload
PROC008370,APP03457,UP009863,25:12.6,38:12.5,Pass,Re-validation,HASH_INCOME_457,Retry after failed upload
PROC008371,APP03457,UP009864,46:53.5,04:37.1,Pass,Initial,HASH_ADDITIONAL_DOCUMENT_457,
PROC008372,APP03458,UP009867,18:04.3,35:12.2,Pass,Re-validation,HASH_IDENTITY_458,Retry after failed upload
PROC008373,APP03458,UP009868,29:45.7,46:36.2,Pass,Initial,HASH_INCOME_458,
PROC008374,APP03458,UP009869,33:33.7,02:45.1,Pass,Initial,HASH_ADDITIONAL_DOCUMENT_458,
PROC008375,APP03459,UP009870,31:57.4,50:02.7,Pass,Initial,HASH_IDENTITY_459,
PROC008376,APP03459,UP009871,24:08.4,37:49.2,Pass,Initial,HASH_INCOME_459,
PROC008377,APP03459,UP009872,23:41.0,53:56.3,Pass,Initial,HASH_ADDITIONAL_DOCUMENT_459,
PROC008378,APP03460,UP009873,40:38.9,57:44.6,Pass,Re-validation,HASH_IDENTITY_460,System could not reuse prior result
PROC008379,APP03460,UP009874,36:10.7,49:33.6,Pass,Initial,HASH_INCOME_460,
PROC008380,APP03460,UP009875,52:42.8,17:42.4,Pass,Initial,HASH_ADDITIONAL_DOCUMENT_460,
PROC008381,APP03461,UP009876,44:25.6,03:01.7,Pass,Initial,HASH_IDENTITY_461,
PROC008382,APP03461,UP009878,46:24.8,57:55.7,Pass,Re-validation,HASH_INCOME_461,Retry after failed upload
PROC008383,APP03461,UP009879,08:47.1,25:52.2,Fail,Initial,HASH_ADDITIONAL_DOCUMENT_461,
PROC008384,APP03462,UP009880,13:22.0,27:12.8,Pass,Initial,HASH_IDENTITY_462,
PROC008385,APP03462,UP009881,27:55.8,40:47.2,Pass,Initial,HASH_INCOME_462,
PROC008386,APP03462,UP009883,32:15.1,06:33.1,Pass,Re-validation,HASH_ADDITIONAL_DOCUMENT_462,Retry after failed upload
PROC008387,APP03463,UP009884,13:29.3,26:02.2,Pass,Re-validation,HASH_IDENTITY_463,Previous validation expired
PROC008388,APP03463,UP009885,54:56.2,06:32.7,Pass,Initial,HASH_INCOME_463,
PROC008389,APP03463,UP009886,19:00.2,39:53.8,Pass,Initial,HASH_ADDITIONAL_DOCUMENT_463,
PROC008390,APP03464,UP009889,40:12.3,53:46.9,Pass,Re-validation,HASH_IDENTITY_464,Retry after failed upload
PROC008391,APP03464,UP009891,40:41.0,49:05.9,Pass,Re-validation,HASH_INCOME_464,Retry after failed upload
PROC008392,APP03464,UP009892,58:11.9,20:37.3,Pass,Initial,HASH_ADDITIONAL_DOCUMENT_464,
PROC008393,APP03465,UP009893,19:09.1,34:57.8,Pass,Initial,HASH_IDENTITY_465,
PROC008394,APP03465,UP009894,26:11.5,41:13.1,Pass,Initial,HASH_INCOME_465,
PROC008395,APP03465,UP009895,42:46.4,06:54.2,Pass,Initial,HASH_ADDITIONAL_DOCUMENT_465,
PROC008396,APP03466,UP009896,45:59.5,06:01.0,Pass,Initial,HASH_IDENTITY_466,
PROC008397,APP03466,UP009897,49:37.6,05:27.6,Pass,Initial,HASH_INCOME_466,
PROC008398,APP03466,UP009898,56:32.8,22:46.5,Pass,Initial,HASH_ADDITIONAL_DOCUMENT_466,
PROC008399,APP03467,UP009899,24:06.7,37:41.3,Pass,Initial,HASH_IDENTITY_467,
PROC008400,APP03467,UP009900,12:04.4,32:51.8,Pass,Re-validation,HASH_INCOME_467,Rule-triggered re-verification
PROC008401,APP03467,UP009902,40:08.8,02:27.6,Pass,Re-validation,HASH_ADDITIONAL_DOCUMENT_467,Retry after failed upload
PROC008402,APP03468,UP009903,34:43.1,44:40.0,Pass,Initial,HASH_IDENTITY_468,
PROC008403,APP03468,UP009905,32:00.7,41:55.8,Pass,Re-validation,HASH_INCOME_468,Retry after failed upload
PROC008404,APP03468,UP009906,59:40.5,24:16.0,Fail,Initial,HASH_ADDITIONAL_DOCUMENT_468,
PROC008405,APP03469,UP009907,04:56.6,20:03.3,Pass,Re-validation,HASH_IDENTITY_469,System could not reuse prior result
PROC008406,APP03469,UP009908,09:59.8,27:53.6,Pass,Initial,HASH_INCOME_469,
PROC008407,APP03469,UP009909,23:17.1,48:07.3,Pass,Initial,HASH_ADDITIONAL_DOCUMENT_469,
PROC008408,APP03470,UP009910,21:44.8,32:26.6,Fail,Initial,HASH_IDENTITY_470,
PROC008409,APP03470,UP009911,16:54.8,33:09.3,Pass,Initial,HASH_INCOME_470,
PROC008410,APP03470,UP009912,36:40.7,54:16.6,Pass,Initial,HASH_ADDITIONAL_DOCUMENT_470,
PROC008411,APP03471,UP009913,48:22.9,03:19.7,Pass,Initial,HASH_IDENTITY_471,
PROC008412,APP03471,UP009914,49:01.8,05:06.1,Pass,Initial,HASH_INCOME_471,
PROC008413,APP03471,UP009915,57:52.7,23:40.9,Pass,Re-validation,HASH_ADDITIONAL_DOCUMENT_471,Rule-triggered re-verification
PROC008414,APP03472,UP009916,41:57.2,46:14.6,Pass,Initial,HASH_IDENTITY_472,
PROC008415,APP03472,UP009917,47:17.2,50:47.2,Pass,Initial,HASH_INCOME_472,
PROC008416,APP03472,UP009918,13:30.9,33:20.7,Pass,Initial,HASH_ADDITIONAL_DOCUMENT_472,
PROC008417,APP03473,UP009919,08:51.4,29:46.5,Pass,Initial,HASH_IDENTITY_473,
PROC008418,APP03473,UP009920,10:24.4,28:56.7,Fail,Initial,HASH_INCOME_473,
PROC008419,APP03473,UP009921,12:06.2,34:16.4,Pass,Initial,HASH_ADDITIONAL_DOCUMENT_473,
PROC008420,APP03474,UP009922,12:42.5,26:48.1,Fail,Re-validation,HASH_IDENTITY_474,System could not reuse prior result
PROC008421,APP03474,UP009923,17:01.3,26:59.0,Pass,Initial,HASH_INCOME_474,
PROC008422,APP03474,UP009924,19:48.6,37:45.1,Pass,Initial,HASH_ADDITIONAL_DOCUMENT_474,
PROC008423,APP03475,UP009925,46:40.4,59:49.6,Pass,Initial,HASH_IDENTITY_475,
PROC008424,APP03475,UP009926,58:58.2,08:17.8,Pass,Re-validation,HASH_INCOME_475,System could not reuse prior result
PROC008425,APP03475,UP009927,05:52.5,25:15.3,Pass,Initial,HASH_ADDITIONAL_DOCUMENT_475,
PROC008426,APP03476,UP009928,12:48.7,28:02.8,Pass,Initial,HASH_IDENTITY_476,
PROC008427,APP03476,UP009931,26:31.1,47:17.0,Pass,Re-validation,HASH_INCOME_476,Retry after failed upload
PROC008428,APP03476,UP009932,29:20.8,55:12.6,Pass,Initial,HASH_ADDITIONAL_DOCUMENT_476,
PROC008429,APP03477,UP009933,14:22.0,28:42.6,Pass,Initial,HASH_IDENTITY_477,
PROC008430,APP03477,UP009936,32:10.8,44:32.6,Pass,Re-validation,HASH_INCOME_477,Retry after failed upload
PROC008431,APP03477,UP009937,29:34.5,52:42.7,Pass,Initial,HASH_ADDITIONAL_DOCUMENT_477,
PROC008432,APP03478,UP009938,38:50.8,51:31.7,Pass,Initial,HASH_IDENTITY_478,
PROC008433,APP03478,UP009939,55:53.8,09:23.8,Pass,Initial,HASH_INCOME_478,
PROC008434,APP03478,UP009942,59:59.2,17:55.9,Pass,Re-validation,HASH_ADDITIONAL_DOCUMENT_478,Retry after failed upload
PROC008435,APP03479,UP009943,58:41.4,07:53.4,Pass,Re-validation,HASH_IDENTITY_479,Previous validation expired
PROC008436,APP03479,UP009944,58:41.5,11:39.5,Pass,Initial,HASH_INCOME_479,
PROC008437,APP03479,UP009945,09:41.9,31:20.5,Pass,Initial,HASH_ADDITIONAL_DOCUMENT_479,
PROC008438,APP03480,UP009946,18:03.2,35:14.1,Pass,Initial,HASH_IDENTITY_480,
PROC008439,APP03480,UP009947,26:35.7,43:24.4,Pass,Initial,HASH_INCOME_480,
PROC008440,APP03480,UP009949,32:56.4,53:38.9,Pass,Re-validation,HASH_ADDITIONAL_DOCUMENT_480,Retry after failed upload
PROC008441,APP03481,UP009950,47:34.2,01:27.4,Pass,Re-validation,HASH_IDENTITY_481,Rule-triggered re-verification
PROC008442,APP03481,UP009951,07:42.1,22:24.7,Pass,Re-validation,HASH_INCOME_481,Previous validation expired
PROC008443,APP03481,UP009953,24:24.6,48:09.5,Pass,Re-validation,HASH_ADDITIONAL_DOCUMENT_481,Retry after failed upload
PROC008444,APP03482,UP009954,36:38.9,53:09.5,Pass,Re-validation,HASH_IDENTITY_482,Previous validation expired
PROC008445,APP03482,UP009955,36:50.9,53:53.1,Pass,Initial,HASH_INCOME_482,
PROC008446,APP03482,UP009956,55:33.4,22:37.2,Pass,Initial,HASH_ADDITIONAL_DOCUMENT_482,
PROC008447,APP03483,UP009957,29:43.0,46:05.7,Pass,Initial,HASH_IDENTITY_483,
PROC008448,APP03483,UP009959,20:13.6,37:40.9,Pass,Re-validation,HASH_INCOME_483,Retry after failed upload
PROC008449,APP03483,UP009960,30:01.2,56:00.5,Pass,Initial,HASH_ADDITIONAL_DOCUMENT_483,
PROC008450,APP03484,UP009962,47:36.0,00:46.4,Fail,Re-validation,HASH_IDENTITY_484,Retry after failed upload
PROC008451,APP03484,UP009963,31:48.3,48:32.5,Pass,Initial,HASH_INCOME_484,
PROC008452,APP03484,UP009964,48:11.3,09:30.9,Pass,Initial,HASH_ADDITIONAL_DOCUMENT_484,
PROC008453,APP03485,UP009965,17:12.2,24:50.2,Pass,Re-validation,HASH_IDENTITY_485,Rule-triggered re-verification
PROC008454,APP03485,UP009966,13:02.8,28:47.1,Pass,Initial,HASH_INCOME_485,
PROC008455,APP03485,UP009967,24:26.9,50:29.7,Pass,Initial,HASH_ADDITIONAL_DOCUMENT_485,
PROC008456,APP03486,UP009968,29:30.5,42:02.7,Pass,Initial,HASH_IDENTITY_486,
PROC008457,APP03486,UP009971,29:33.3,41:42.6,Pass,Re-validation,HASH_INCOME_486,Retry after failed upload
PROC008458,APP03486,UP009972,51:44.3,10:40.9,Pass,Initial,HASH_ADDITIONAL_DOCUMENT_486,
PROC008459,APP03487,UP009973,33:47.8,54:03.7,Pass,Initial,HASH_IDENTITY_487,
PROC008460,APP03487,UP009976,45:12.8,54:46.5,Pass,Re-validation,HASH_INCOME_487,Retry after failed upload
PROC008461,APP03487,UP009978,50:45.6,12:23.2,Pass,Re-validation,HASH_ADDITIONAL_DOCUMENT_487,Retry after failed upload
PROC008462,APP03488,UP009979,59:05.2,05:55.9,Pass,Initial,HASH_IDENTITY_488,
PROC008463,APP03488,UP009980,00:36.4,18:19.0,Pass,Initial,HASH_INCOME_488,
PROC008464,APP03488,UP009981,23:06.7,37:58.5,Pass,Initial,HASH_ADDITIONAL_DOCUMENT_488,
PROC008465,APP03489,UP009982,42:49.0,55:52.4,Pass,Initial,HASH_IDENTITY_489,
PROC008466,APP03489,UP009983,40:40.4,58:13.6,Pass,Initial,HASH_INCOME_489,
PROC008467,APP03489,UP009984,10:26.0,40:32.4,Pass,Re-validation,HASH_ADDITIONAL_DOCUMENT_489,System could not reuse prior result
PROC008468,APP03490,UP009986,36:24.9,54:09.7,Pass,Re-validation,HASH_IDENTITY_490,Retry after failed upload
PROC008469,APP03490,UP009987,36:29.4,52:37.4,Pass,Initial,HASH_INCOME_490,
PROC008470,APP03490,UP009990,41:33.5,04:41.7,Pass,Re-validation,HASH_ADDITIONAL_DOCUMENT_490,Retry after failed upload
PROC008471,APP03491,UP009991,48:30.3,05:54.8,Pass,Initial,HASH_IDENTITY_491,
PROC008472,APP03491,UP009992,58:59.6,07:33.3,Pass,Re-validation,HASH_INCOME_491,Rule-triggered re-verification
PROC008473,APP03491,UP009993,00:26.0,17:02.7,Pass,Re-validation,HASH_ADDITIONAL_DOCUMENT_491,Previous validation expired
PROC008474,APP03492,UP009995,12:47.1,31:04.5,Pass,Re-validation,HASH_IDENTITY_492,Retry after failed upload
PROC008475,APP03492,UP009996,29:13.7,38:46.0,Pass,Re-validation,HASH_INCOME_492,System could not reuse prior result
PROC008476,APP03492,UP009997,52:34.7,09:35.7,Pass,Initial,HASH_ADDITIONAL_DOCUMENT_492,
PROC008477,APP03493,UP009998,56:05.4,08:47.0,Pass,Initial,HASH_IDENTITY_493,
PROC008478,APP03493,UP009999,10:08.0,19:24.2,Pass,Initial,HASH_INCOME_493,
PROC008479,APP03493,UP010000,17:55.7,38:11.8,Pass,Initial,HASH_ADDITIONAL_DOCUMENT_493,
PROC008480,APP03494,UP010001,05:18.6,20:28.6,Pass,Initial,HASH_IDENTITY_494,
PROC008481,APP03494,UP010002,51:24.2,00:32.9,Pass,Initial,HASH_INCOME_494,
PROC008482,APP03494,UP010004,06:30.2,33:59.0,Pass,Re-validation,HASH_ADDITIONAL_DOCUMENT_494,Retry after failed upload
PROC008483,APP03495,UP010005,27:49.7,45:01.9,Pass,Initial,HASH_IDENTITY_495,
PROC008484,APP03495,UP010006,50:05.7,09:40.4,Pass,Initial,HASH_INCOME_495,
PROC008485,APP03495,UP010007,43:56.7,11:31.5,Pass,Re-validation,HASH_ADDITIONAL_DOCUMENT_495,System could not reuse prior result
PROC008486,APP03496,UP010008,21:28.9,36:52.6,Pass,Initial,HASH_IDENTITY_496,
PROC008487,APP03496,UP010009,13:44.5,34:14.1,Pass,Re-validation,HASH_INCOME_496,System could not reuse prior result
PROC008488,APP03496,UP010010,44:00.0,02:59.6,Pass,Initial,HASH_ADDITIONAL_DOCUMENT_496,
PROC008489,APP03497,UP010011,18:21.6,36:34.9,Pass,Initial,HASH_IDENTITY_497,
PROC008490,APP03497,UP010014,29:35.7,35:46.4,Pass,Re-validation,HASH_INCOME_497,Retry after failed upload
PROC008491,APP03497,UP010016,38:00.1,53:24.3,Pass,Re-validation,HASH_ADDITIONAL_DOCUMENT_497,Retry after failed upload
PROC008492,APP03498,UP010017,55:34.1,13:14.0,Pass,Initial,HASH_IDENTITY_498,
PROC008493,APP03498,UP010018,06:05.0,21:29.3,Pass,Initial,HASH_INCOME_498,
PROC008494,APP03498,UP010019,14:12.4,37:39.8,Pass,Initial,HASH_ADDITIONAL_DOCUMENT_498,
PROC008495,APP03499,UP010020,47:54.6,59:30.3,Pass,Initial,HASH_IDENTITY_499,
PROC008496,APP03499,UP010021,48:03.7,58:45.4,Pass,Initial,HASH_INCOME_499,
PROC008497,APP03499,UP010022,58:12.1,20:31.6,Pass,Re-validation,HASH_ADDITIONAL_DOCUMENT_499,Rule-triggered re-verification
PROC008498,APP03500,UP010023,58:31.6,15:18.7,Pass,Initial,HASH_IDENTITY_500,
PROC008499,APP03500,UP010024,06:27.7,22:59.7,Pass,Initial,HASH_INCOME_500,
PROC008500,APP03500,UP010025,20:31.4,45:10.7,Pass,Initial,HASH_ADDITIONAL_DOCUMENT_500,
PROC008501,APP03501,UP010026,18:08.5,23:54.9,Pass,Initial,HASH_IDENTITY_501,
PROC008502,APP03501,UP010028,30:18.9,46:09.6,Pass,Re-validation,HASH_INCOME_501,Retry after failed upload
PROC008503,APP03501,UP010030,38:48.0,59:59.7,Pass,Re-validation,HASH_ADDITIONAL_DOCUMENT_501,Retry after failed upload
PROC008504,APP03502,UP010032,43:37.4,00:06.8,Pass,Re-validation,HASH_IDENTITY_502,Retry after failed upload
PROC008505,APP03502,UP010033,47:08.4,05:18.7,Pass,Initial,HASH_INCOME_502,
PROC008506,APP03502,UP010034,02:51.8,27:07.2,Pass,Initial,HASH_ADDITIONAL_DOCUMENT_502,
PROC008507,APP03503,UP010036,19:27.6,32:22.3,Pass,Re-validation,HASH_IDENTITY_503,Retry after failed upload
PROC008508,APP03503,UP010037,25:32.6,42:29.1,Pass,Initial,HASH_INCOME_503,
PROC008509,APP03503,UP010038,42:40.8,01:27.0,Pass,Initial,HASH_ADDITIONAL_DOCUMENT_503,
PROC008510,APP03504,UP010040,02:37.8,16:15.9,Pass,Re-validation,HASH_IDENTITY_504,Retry after failed upload
PROC008511,APP03504,UP010041,09:26.9,18:35.2,Pass,Initial,HASH_INCOME_504,
PROC008512,APP03504,UP010042,15:39.6,41:05.0,Pass,Re-validation,HASH_ADDITIONAL_DOCUMENT_504,Previous validation expired
PROC008513,APP03505,UP010043,32:44.6,54:19.1,Pass,Initial,HASH_IDENTITY_505,
PROC008514,APP03505,UP010045,46:19.4,54:50.7,Pass,Re-validation,HASH_INCOME_505,Retry after failed upload
PROC008515,APP03505,UP010048,56:36.8,16:54.1,Pass,Re-validation,HASH_ADDITIONAL_DOCUMENT_505,Retry after failed upload
PROC008516,APP03506,UP010049,30:43.7,51:47.3,Pass,Initial,HASH_IDENTITY_506,
PROC008517,APP03506,UP010050,33:46.2,53:53.2,Pass,Initial,HASH_INCOME_506,
PROC008518,APP03506,UP010051,30:03.0,53:59.9,Pass,Initial,HASH_ADDITIONAL_DOCUMENT_506,
PROC008519,APP03507,UP010052,36:24.5,45:15.9,Fail,Re-validation,HASH_IDENTITY_507,System could not reuse prior result
PROC008520,APP03507,UP010053,37:08.5,54:48.2,Pass,Initial,HASH_INCOME_507,
PROC008521,APP03507,UP010054,54:16.1,18:26.2,Pass,Initial,HASH_ADDITIONAL_DOCUMENT_507,
PROC008522,APP03508,UP010055,58:06.2,23:59.7,Pass,Initial,HASH_IDENTITY_508,
PROC008523,APP03508,UP010056,02:01.2,16:10.0,Pass,Re-validation,HASH_INCOME_508,Previous validation expired
PROC008524,APP03508,UP010057,17:54.4,45:43.4,Pass,Initial,HASH_ADDITIONAL_DOCUMENT_508,
PROC008525,APP03509,UP010058,12:23.5,28:55.6,Pass,Initial,HASH_IDENTITY_509,
PROC008526,APP03509,UP010059,06:00.0,21:45.4,Pass,Initial,HASH_INCOME_509,
PROC008527,APP03509,UP010060,14:44.1,37:11.4,Pass,Initial,HASH_ADDITIONAL_DOCUMENT_509,
PROC008528,APP03510,UP010062,05:17.8,20:45.1,Pass,Re-validation,HASH_IDENTITY_510,Retry after failed upload
PROC008529,APP03510,UP010063,56:41.7,14:55.6,Pass,Initial,HASH_INCOME_510,
PROC008530,APP03510,UP010064,04:16.8,24:21.4,Pass,Initial,HASH_ADDITIONAL_DOCUMENT_510,
PROC008531,APP03511,UP010065,50:16.9,03:36.7,Pass,Initial,HASH_IDENTITY_511,
PROC008532,APP03511,UP010066,40:50.1,56:40.4,Pass,Initial,HASH_INCOME_511,
PROC008533,APP03511,UP010068,53:29.3,15:11.6,Pass,Re-validation,HASH_ADDITIONAL_DOCUMENT_511,Retry after failed upload
PROC008534,APP03512,UP010069,16:51.6,32:45.4,Pass,Initial,HASH_IDENTITY_512,
PROC008535,APP03512,UP010070,25:55.7,41:50.6,Pass,Initial,HASH_INCOME_512,
PROC008536,APP03512,UP010071,51:56.2,14:04.0,Fail,Re-validation,HASH_ADDITIONAL_DOCUMENT_512,Previous validation expired
PROC008537,APP03513,UP010072,24:08.4,43:33.5,Pass,Initial,HASH_IDENTITY_513,
PROC008538,APP03513,UP010073,40:15.9,54:00.1,Pass,Initial,HASH_INCOME_513,
PROC008539,APP03513,UP010074,44:31.2,04:04.1,Pass,Initial,HASH_ADDITIONAL_DOCUMENT_513,
PROC008540,APP03514,UP010075,09:20.5,20:53.4,Pass,Initial,HASH_IDENTITY_514,
PROC008541,APP03514,UP010078,15:15.1,29:23.1,Pass,Re-validation,HASH_INCOME_514,Retry after failed upload
PROC008542,APP03514,UP010079,11:58.6,32:38.9,Pass,Initial,HASH_ADDITIONAL_DOCUMENT_514,
PROC008543,APP03515,UP010081,12:43.1,31:56.9,Pass,Re-validation,HASH_IDENTITY_515,Retry after failed upload
PROC008544,APP03515,UP010082,13:37.6,30:40.1,Pass,Initial,HASH_INCOME_515,
PROC008545,APP03515,UP010083,34:51.1,00:34.8,Fail,Re-validation,HASH_ADDITIONAL_DOCUMENT_515,System could not reuse prior result
PROC008546,APP03516,UP010085,55:30.9,09:41.2,Pass,Re-validation,HASH_IDENTITY_516,Retry after failed upload
PROC008547,APP03516,UP010086,05:58.5,17:22.4,Pass,Initial,HASH_INCOME_516,
PROC008548,APP03516,UP010087,26:18.0,57:13.4,Pass,Initial,HASH_ADDITIONAL_DOCUMENT_516,
PROC008549,APP03517,UP010088,49:56.2,03:14.5,Pass,Initial,HASH_IDENTITY_517,
PROC008550,APP03517,UP010089,53:58.9,08:26.7,Pass,Initial,HASH_INCOME_517,
PROC008551,APP03517,UP010092,22:10.1,39:57.9,Pass,Re-validation,HASH_ADDITIONAL_DOCUMENT_517,Retry after failed upload
PROC008552,APP03518,UP010093,22:22.3,33:29.3,Pass,Initial,HASH_IDENTITY_518,
PROC008553,APP03518,UP010096,33:01.5,45:17.9,Pass,Re-validation,HASH_INCOME_518,Retry after failed upload
PROC008554,APP03518,UP010097,39:52.8,09:20.4,Fail,Re-validation,HASH_ADDITIONAL_DOCUMENT_518,Previous validation expired
PROC008555,APP03519,UP010098,31:56.5,52:37.7,Fail,Initial,HASH_IDENTITY_519,
PROC008556,APP03519,UP010099,24:30.4,33:26.4,Pass,Initial,HASH_INCOME_519,
PROC008557,APP03519,UP010100,48:50.5,14:17.8,Pass,Initial,HASH_ADDITIONAL_DOCUMENT_519,
PROC008558,APP03520,UP010101,07:02.4,23:54.7,Fail,Re-validation,HASH_IDENTITY_520,Previous validation expired
PROC008559,APP03520,UP010103,10:03.8,30:23.0,Pass,Re-validation,HASH_INCOME_520,Retry after failed upload
PROC008560,APP03520,UP010105,25:43.4,52:04.5,Pass,Re-validation,HASH_ADDITIONAL_DOCUMENT_520,Retry after failed upload
PROC008561,APP03521,UP010106,02:56.5,12:00.7,Pass,Re-validation,HASH_IDENTITY_521,Rule-triggered re-verification
PROC008562,APP03521,UP010107,07:37.6,18:18.2,Pass,Initial,HASH_INCOME_521,
PROC008563,APP03521,UP010108,18:22.5,41:02.2,Pass,Re-validation,HASH_ADDITIONAL_DOCUMENT_521,Previous validation expired
PROC008564,APP03522,UP010109,07:36.5,19:56.1,Pass,Initial,HASH_IDENTITY_522,
PROC008565,APP03522,UP010111,15:42.8,34:06.0,Pass,Re-validation,HASH_INCOME_522,Retry after failed upload
PROC008566,APP03522,UP010113,30:14.6,53:27.1,Pass,Re-validation,HASH_ADDITIONAL_DOCUMENT_522,Retry after failed upload
PROC008567,APP03523,UP010114,22:58.0,39:47.4,Pass,Initial,HASH_IDENTITY_523,
PROC008568,APP03523,UP010115,28:21.1,37:25.4,Pass,Re-validation,HASH_INCOME_523,System could not reuse prior result
PROC008569,APP03523,UP010116,40:11.9,02:18.1,Pass,Initial,HASH_ADDITIONAL_DOCUMENT_523,
PROC008570,APP03524,UP010117,31:35.7,42:09.3,Pass,Initial,HASH_IDENTITY_524,
PROC008571,APP03524,UP010118,25:04.5,39:32.4,Pass,Initial,HASH_INCOME_524,
PROC008572,APP03524,UP010119,42:41.8,59:00.8,Pass,Initial,HASH_ADDITIONAL_DOCUMENT_524,
PROC008573,APP03525,UP010122,58:04.8,13:19.3,Pass,Re-validation,HASH_IDENTITY_525,Retry after failed upload
PROC008574,APP03525,UP010123,23:02.7,42:18.9,Fail,Re-validation,HASH_INCOME_525,Previous validation expired
PROC008575,APP03525,UP010124,37:12.3,04:35.6,Pass,Initial,HASH_ADDITIONAL_DOCUMENT_525,
PROC008576,APP03526,UP010125,02:50.8,14:41.8,Pass,Initial,HASH_IDENTITY_526,
PROC008577,APP03526,UP010126,10:15.8,21:03.1,Pass,Initial,HASH_INCOME_526,
PROC008578,APP03526,UP010127,16:25.3,45:55.1,Pass,Initial,HASH_ADDITIONAL_DOCUMENT_526,
PROC008579,APP03527,UP010128,31:47.5,50:03.9,Pass,Re-validation,HASH_IDENTITY_527,Previous validation expired
PROC008580,APP03527,UP010129,34:06.4,52:45.8,Pass,Initial,HASH_INCOME_527,
PROC008581,APP03527,UP010130,44:37.8,08:37.6,Pass,Re-validation,HASH_ADDITIONAL_DOCUMENT_527,Rule-triggered re-verification
PROC008582,APP03528,UP010131,29:32.9,53:01.9,Pass,Initial,HASH_IDENTITY_528,
PROC008583,APP03528,UP010132,30:12.3,42:51.7,Pass,Initial,HASH_INCOME_528,
PROC008584,APP03528,UP010133,03:13.9,27:41.5,Pass,Initial,HASH_ADDITIONAL_DOCUMENT_528,
PROC008585,APP03529,UP010135,42:53.1,57:13.7,Pass,Re-validation,HASH_IDENTITY_529,Retry after failed upload
PROC008586,APP03529,UP010136,27:53.8,46:03.5,Pass,Initial,HASH_INCOME_529,
PROC008587,APP03529,UP010137,43:34.5,01:33.4,Pass,Re-validation,HASH_ADDITIONAL_DOCUMENT_529,System could not reuse prior result
PROC008588,APP03530,UP010138,25:47.0,35:08.1,Pass,Initial,HASH_IDENTITY_530,
PROC008589,APP03530,UP010139,40:13.8,56:53.1,Pass,Initial,HASH_INCOME_530,
PROC008590,APP03530,UP010140,29:56.7,54:24.7,Pass,Initial,HASH_ADDITIONAL_DOCUMENT_530,
PROC008591,APP03531,UP010141,46:23.2,58:10.4,Pass,Initial,HASH_IDENTITY_531,
PROC008592,APP03531,UP010142,09:41.3,28:46.5,Pass,Re-validation,HASH_INCOME_531,System could not reuse prior result
PROC008593,APP03531,UP010144,07:04.5,24:28.5,Pass,Re-validation,HASH_ADDITIONAL_DOCUMENT_531,Retry after failed upload
PROC008594,APP03532,UP010145,45:55.1,00:43.7,Pass,Initial,HASH_IDENTITY_532,
PROC008595,APP03532,UP010146,41:27.5,55:48.3,Pass,Initial,HASH_INCOME_532,
PROC008596,APP03532,UP010148,54:21.8,11:54.7,Pass,Re-validation,HASH_ADDITIONAL_DOCUMENT_532,Retry after failed upload
PROC008597,APP03533,UP010149,56:19.8,14:08.9,Pass,Initial,HASH_IDENTITY_533,
PROC008598,APP03533,UP010150,03:07.1,14:32.5,Pass,Initial,HASH_INCOME_533,
PROC008599,APP03533,UP010151,13:15.5,33:27.5,Pass,Initial,HASH_ADDITIONAL_DOCUMENT_533,
PROC008600,APP03534,UP010152,57:51.9,15:17.4,Pass,Initial,HASH_IDENTITY_534,
PROC008601,APP03534,UP010153,00:48.4,20:55.3,Pass,Initial,HASH_INCOME_534,
PROC008602,APP03534,UP010154,01:11.1,27:11.9,Pass,Re-validation,HASH_ADDITIONAL_DOCUMENT_534,System could not reuse prior result
PROC008603,APP03535,UP010155,17:28.4,31:48.7,Pass,Initial,HASH_IDENTITY_535,
PROC008604,APP03535,UP010156,05:58.2,26:17.8,Pass,Initial,HASH_INCOME_535,
PROC008605,APP03535,UP010157,28:15.2,52:05.2,Pass,Initial,HASH_ADDITIONAL_DOCUMENT_535,
PROC008606,APP03536,UP010158,30:08.0,44:08.6,Pass,Initial,HASH_IDENTITY_536,
PROC008607,APP03536,UP010159,43:12.6,53:41.3,Pass,Initial,HASH_INCOME_536,
PROC008608,APP03536,UP010160,55:52.6,13:02.4,Pass,Re-validation,HASH_ADDITIONAL_DOCUMENT_536,System could not reuse prior result
PROC008609,APP03537,UP010162,33:00.7,48:41.9,Pass,Re-validation,HASH_IDENTITY_537,Retry after failed upload
PROC008610,APP03537,UP010163,43:08.1,55:37.6,Pass,Re-validation,HASH_INCOME_537,Rule-triggered re-verification
PROC008611,APP03537,UP010164,57:14.7,16:42.1,Pass,Initial,HASH_ADDITIONAL_DOCUMENT_537,
PROC008612,APP03538,UP010167,29:49.1,44:40.5,Pass,Re-validation,HASH_IDENTITY_538,Retry after failed upload
PROC008613,APP03538,UP010168,33:57.0,53:51.4,Fail,Initial,HASH_INCOME_538,
PROC008614,APP03538,UP010171,51:53.0,15:20.8,Pass,Re-validation,HASH_ADDITIONAL_DOCUMENT_538,Retry after failed upload
PROC008615,APP03539,UP010172,25:57.1,42:47.7,Pass,Initial,HASH_IDENTITY_539,
PROC008616,APP03539,UP010173,39:23.8,01:32.8,Pass,Initial,HASH_INCOME_539,
PROC008617,APP03539,UP010174,54:26.6,20:44.0,Fail,Initial,HASH_ADDITIONAL_DOCUMENT_539,
PROC008618,APP03540,UP010175,16:46.8,29:32.3,Fail,Re-validation,HASH_IDENTITY_540,Previous validation expired
PROC008619,APP03540,UP010176,07:36.5,25:28.4,Pass,Initial,HASH_INCOME_540,
PROC008620,APP03540,UP010177,17:59.5,44:59.9,Pass,Initial,HASH_ADDITIONAL_DOCUMENT_540,
PROC008621,APP03541,UP010178,56:33.6,11:25.6,Pass,Initial,HASH_IDENTITY_541,
PROC008622,APP03541,UP010179,10:49.3,22:55.6,Pass,Re-validation,HASH_INCOME_541,Rule-triggered re-verification
PROC008623,APP03541,UP010181,16:05.5,38:20.8,Fail,Re-validation,HASH_ADDITIONAL_DOCUMENT_541,Retry after failed upload
PROC008624,APP03542,UP010182,14:37.6,27:06.4,Fail,Initial,HASH_IDENTITY_542,
PROC008625,APP03542,UP010183,36:26.2,48:53.2,Pass,Initial,HASH_INCOME_542,
PROC008626,APP03542,UP010186,41:17.5,03:41.6,Fail,Re-validation,HASH_ADDITIONAL_DOCUMENT_542,Retry after failed upload
PROC008627,APP03543,UP010187,24:40.3,42:23.0,Pass,Initial,HASH_IDENTITY_543,
PROC008628,APP03543,UP010188,33:54.1,48:20.0,Pass,Initial,HASH_INCOME_543,
PROC008629,APP03543,UP010189,22:45.3,50:59.4,Pass,Initial,HASH_ADDITIONAL_DOCUMENT_543,
PROC008630,APP03544,UP010190,45:53.2,55:36.4,Pass,Re-validation,HASH_IDENTITY_544,System could not reuse prior result
PROC008631,APP03544,UP010191,42:41.8,00:20.4,Pass,Initial,HASH_INCOME_544,
PROC008632,APP03544,UP010193,51:18.6,10:02.3,Pass,Re-validation,HASH_ADDITIONAL_DOCUMENT_544,Retry after failed upload
PROC008633,APP03545,UP010194,03:17.4,19:47.1,Pass,Re-validation,HASH_IDENTITY_545,Rule-triggered re-verification
PROC008634,APP03545,UP010195,54:33.8,02:26.3,Pass,Initial,HASH_INCOME_545,
PROC008635,APP03545,UP010197,01:20.2,20:52.9,Pass,Re-validation,HASH_ADDITIONAL_DOCUMENT_545,Retry after failed upload
PROC008636,APP03546,UP010198,32:57.6,45:30.0,Pass,Initial,HASH_IDENTITY_546,
PROC008637,APP03546,UP010199,41:37.3,57:35.7,Pass,Initial,HASH_INCOME_546,
PROC008638,APP03546,UP010201,53:54.3,13:07.3,Pass,Re-validation,HASH_ADDITIONAL_DOCUMENT_546,Retry after failed upload
PROC008639,APP03547,UP010202,05:22.3,15:33.4,Pass,Initial,HASH_IDENTITY_547,
PROC008640,APP03547,UP010203,53:25.0,05:08.4,Pass,Initial,HASH_INCOME_547,
PROC008641,APP03547,UP010204,03:39.8,21:31.9,Fail,Initial,HASH_ADDITIONAL_DOCUMENT_547,
PROC008642,APP03548,UP010205,00:38.7,20:05.3,Pass,Initial,HASH_IDENTITY_548,
PROC008643,APP03548,UP010206,15:10.8,31:22.1,Pass,Initial,HASH_INCOME_548,
PROC008644,APP03548,UP010207,26:15.4,49:53.8,Pass,Re-validation,HASH_ADDITIONAL_DOCUMENT_548,Rule-triggered re-verification
PROC008645,APP03549,UP010208,16:58.3,31:11.3,Pass,Initial,HASH_IDENTITY_549,
PROC008646,APP03549,UP010209,27:30.6,39:55.0,Pass,Initial,HASH_INCOME_549,
PROC008647,APP03549,UP010210,39:10.3,59:46.8,Pass,Initial,HASH_ADDITIONAL_DOCUMENT_549,
PROC008648,APP03550,UP010212,08:16.3,30:12.0,Pass,Re-validation,HASH_IDENTITY_550,Retry after failed upload
PROC008649,APP03550,UP010213,00:34.2,11:48.5,Pass,Initial,HASH_INCOME_550,
PROC008650,APP03550,UP010214,00:02.3,30:26.3,Pass,Initial,HASH_ADDITIONAL_DOCUMENT_550,
PROC008651,APP03551,UP010215,40:56.4,47:51.0,Pass,Initial,HASH_IDENTITY_551,
PROC008652,APP03551,UP010217,36:51.8,55:05.1,Pass,Re-validation,HASH_INCOME_551,Retry after failed upload
PROC008653,APP03551,UP010219,00:58.9,23:03.1,Pass,Re-validation,HASH_ADDITIONAL_DOCUMENT_551,Retry after failed upload
PROC008654,APP03552,UP010220,30:44.0,46:11.5,Pass,Re-validation,HASH_IDENTITY_552,Rule-triggered re-verification
PROC008655,APP03552,UP010221,50:12.0,59:16.7,Pass,Initial,HASH_INCOME_552,
PROC008656,APP03552,UP010222,57:27.0,18:02.8,Pass,Re-validation,HASH_ADDITIONAL_DOCUMENT_552,Previous validation expired
PROC008657,APP03553,UP010223,17:25.3,38:07.7,Pass,Initial,HASH_IDENTITY_553,
PROC008658,APP03553,UP010224,26:34.5,39:47.1,Pass,Re-validation,HASH_INCOME_553,System could not reuse prior result
PROC008659,APP03553,UP010226,36:27.5,02:26.4,Pass,Re-validation,HASH_ADDITIONAL_DOCUMENT_553,Retry after failed upload
PROC008660,APP03554,UP010227,07:45.1,24:47.8,Pass,Re-validation,HASH_IDENTITY_554,System could not reuse prior result
PROC008661,APP03554,UP010228,27:00.3,36:55.0,Pass,Initial,HASH_INCOME_554,
PROC008662,APP03554,UP010230,34:34.3,04:46.1,Pass,Re-validation,HASH_ADDITIONAL_DOCUMENT_554,Retry after failed upload
PROC008663,APP03555,UP010232,58:59.9,14:57.7,Pass,Re-validation,HASH_IDENTITY_555,Retry after failed upload
PROC008664,APP03555,UP010233,04:28.3,11:19.1,Pass,Initial,HASH_INCOME_555,
PROC008665,APP03555,UP010234,12:23.2,33:47.2,Pass,Initial,HASH_ADDITIONAL_DOCUMENT_555,
PROC008666,APP03556,UP010236,56:27.4,13:58.2,Pass,Re-validation,HASH_IDENTITY_556,Retry after failed upload
PROC008667,APP03556,UP010237,51:30.0,09:57.0,Pass,Re-validation,HASH_INCOME_556,Rule-triggered re-verification
PROC008668,APP03556,UP010238,01:15.5,19:14.4,Pass,Initial,HASH_ADDITIONAL_DOCUMENT_556,
PROC008669,APP03557,UP010239,05:53.5,17:14.1,Pass,Initial,HASH_IDENTITY_557,
PROC008670,APP03557,UP010240,14:23.4,26:00.7,Pass,Initial,HASH_INCOME_557,
PROC008671,APP03557,UP010241,15:47.4,38:21.2,Pass,Initial,HASH_ADDITIONAL_DOCUMENT_557,
PROC008672,APP03558,UP010242,28:35.0,46:24.5,Pass,Initial,HASH_IDENTITY_558,
PROC008673,APP03558,UP010243,44:51.1,00:49.8,Pass,Initial,HASH_INCOME_558,
PROC008674,APP03558,UP010244,00:01.1,21:21.5,Pass,Initial,HASH_ADDITIONAL_DOCUMENT_558,
PROC008675,APP03559,UP010245,02:29.8,14:00.1,Pass,Initial,HASH_IDENTITY_559,
PROC008676,APP03559,UP010246,10:46.2,27:36.4,Pass,Initial,HASH_INCOME_559,
PROC008677,APP03559,UP010247,24:55.0,44:35.7,Pass,Initial,HASH_ADDITIONAL_DOCUMENT_559,
PROC008678,APP03560,UP010249,36:19.8,45:44.7,Pass,Re-validation,HASH_IDENTITY_560,Retry after failed upload
PROC008679,APP03560,UP010250,36:15.2,52:18.0,Pass,Initial,HASH_INCOME_560,
PROC008680,APP03560,UP010251,55:55.0,20:58.3,Pass,Initial,HASH_ADDITIONAL_DOCUMENT_560,
PROC008681,APP03561,UP010252,36:14.3,54:05.2,Fail,Initial,HASH_IDENTITY_561,
PROC008682,APP03561,UP010253,41:03.8,54:51.8,Pass,Initial,HASH_INCOME_561,
PROC008683,APP03561,UP010255,50:47.8,17:00.4,Pass,Re-validation,HASH_ADDITIONAL_DOCUMENT_561,Retry after failed upload
PROC008684,APP03562,UP010256,06:53.1,17:46.3,Pass,Initial,HASH_IDENTITY_562,
PROC008685,APP03562,UP010257,10:40.4,27:15.8,Pass,Initial,HASH_INCOME_562,
PROC008686,APP03562,UP010259,15:18.3,37:44.4,Pass,Re-validation,HASH_ADDITIONAL_DOCUMENT_562,Retry after failed upload
PROC008687,APP03563,UP010260,45:07.8,59:30.6,Pass,Initial,HASH_IDENTITY_563,
PROC008688,APP03563,UP010261,47:45.4,04:37.7,Pass,Initial,HASH_INCOME_563,
PROC008689,APP03563,UP010262,03:16.4,21:23.3,Pass,Initial,HASH_ADDITIONAL_DOCUMENT_563,
PROC008690,APP03564,UP010263,52:53.6,07:41.2,Pass,Initial,HASH_IDENTITY_564,
PROC008691,APP03564,UP010264,06:34.7,25:54.9,Pass,Initial,HASH_INCOME_564,
PROC008692,APP03564,UP010265,07:17.4,28:30.7,Pass,Re-validation,HASH_ADDITIONAL_DOCUMENT_564,Previous validation expired
PROC008693,APP03565,UP010266,28:05.4,32:57.2,Pass,Initial,HASH_IDENTITY_565,
PROC008694,APP03565,UP010267,20:32.8,36:27.5,Pass,Initial,HASH_INCOME_565,
PROC008695,APP03565,UP010269,32:51.7,57:30.4,Pass,Re-validation,HASH_ADDITIONAL_DOCUMENT_565,Retry after failed upload
PROC008696,APP03566,UP010270,02:56.5,14:12.3,Pass,Initial,HASH_IDENTITY_566,
PROC008697,APP03566,UP010272,12:21.5,33:34.6,Pass,Re-validation,HASH_INCOME_566,Retry after failed upload
PROC008698,APP03566,UP010274,29:15.4,52:19.1,Pass,Re-validation,HASH_ADDITIONAL_DOCUMENT_566,Retry after failed upload
PROC008699,APP03567,UP010275,40:55.8,54:12.1,Fail,Initial,HASH_IDENTITY_567,
PROC008700,APP03567,UP010277,44:46.7,56:26.1,Pass,Re-validation,HASH_INCOME_567,Retry after failed upload
PROC008701,APP03567,UP010278,04:35.9,28:42.7,Pass,Initial,HASH_ADDITIONAL_DOCUMENT_567,
PROC008702,APP03568,UP010279,40:15.7,49:44.1,Pass,Re-validation,HASH_IDENTITY_568,System could not reuse prior result
PROC008703,APP03568,UP010280,40:00.1,53:59.1,Pass,Re-validation,HASH_INCOME_568,Previous validation expired
PROC008704,APP03568,UP010281,09:35.2,31:27.7,Pass,Re-validation,HASH_ADDITIONAL_DOCUMENT_568,Rule-triggered re-verification
PROC008705,APP03569,UP010282,48:57.2,01:12.4,Pass,Re-validation,HASH_IDENTITY_569,Rule-triggered re-verification
PROC008706,APP03569,UP010283,09:11.6,24:14.2,Pass,Initial,HASH_INCOME_569,
PROC008707,APP03569,UP010285,07:40.9,31:05.5,Pass,Re-validation,HASH_ADDITIONAL_DOCUMENT_569,Retry after failed upload
PROC008708,APP03570,UP010286,11:11.6,26:15.8,Pass,Initial,HASH_IDENTITY_570,
PROC008709,APP03570,UP010287,14:37.1,26:38.5,Pass,Initial,HASH_INCOME_570,
PROC008710,APP03570,UP010288,28:11.2,44:14.8,Pass,Initial,HASH_ADDITIONAL_DOCUMENT_570,
PROC008711,APP03571,UP010289,51:50.7,02:24.8,Pass,Initial,HASH_IDENTITY_571,
PROC008712,APP03571,UP010290,42:10.1,59:56.8,Pass,Re-validation,HASH_INCOME_571,Rule-triggered re-verification
PROC008713,APP03571,UP010291,05:27.7,30:53.6,Pass,Initial,HASH_ADDITIONAL_DOCUMENT_571,
PROC008714,APP03572,UP010292,58:42.2,10:59.9,Pass,Initial,HASH_IDENTITY_572,
PROC008715,APP03572,UP010293,00:15.0,18:31.2,Pass,Re-validation,HASH_INCOME_572,System could not reuse prior result
PROC008716,APP03572,UP010294,15:02.9,37:36.7,Pass,Initial,HASH_ADDITIONAL_DOCUMENT_572,
PROC008717,APP03573,UP010296,59:33.7,14:39.0,Pass,Re-validation,HASH_IDENTITY_573,Retry after failed upload
PROC008718,APP03573,UP010297,04:12.3,21:01.3,Pass,Initial,HASH_INCOME_573,
PROC008719,APP03573,UP010298,17:36.5,49:07.3,Pass,Initial,HASH_ADDITIONAL_DOCUMENT_573,
PROC008720,APP03574,UP010299,01:08.1,17:30.7,Pass,Initial,HASH_IDENTITY_574,
PROC008721,APP03574,UP010300,57:10.6,10:29.5,Pass,Initial,HASH_INCOME_574,
PROC008722,APP03574,UP010301,17:40.4,35:51.9,Pass,Re-validation,HASH_ADDITIONAL_DOCUMENT_574,Previous validation expired
PROC008723,APP03575,UP010302,44:30.0,00:18.3,Pass,Initial,HASH_IDENTITY_575,
PROC008724,APP03575,UP010303,44:14.6,54:57.5,Pass,Initial,HASH_INCOME_575,
PROC008725,APP03575,UP010304,04:16.3,30:06.1,Pass,Initial,HASH_ADDITIONAL_DOCUMENT_575,
PROC008726,APP03576,UP010305,12:59.1,24:56.4,Pass,Re-validation,HASH_IDENTITY_576,Previous validation expired
PROC008727,APP03576,UP010306,34:41.7,43:02.9,Pass,Initial,HASH_INCOME_576,
PROC008728,APP03576,UP010309,51:27.1,14:50.0,Pass,Re-validation,HASH_ADDITIONAL_DOCUMENT_576,Retry after failed upload
PROC008729,APP03577,UP010310,27:40.3,47:36.2,Pass,Re-validation,HASH_IDENTITY_577,Previous validation expired
PROC008730,APP03577,UP010311,26:33.9,37:58.5,Pass,Initial,HASH_INCOME_577,
PROC008731,APP03577,UP010313,46:28.9,08:33.9,Pass,Re-validation,HASH_ADDITIONAL_DOCUMENT_577,Retry after failed upload
PROC008732,APP03578,UP010314,28:45.7,42:12.2,Pass,Initial,HASH_IDENTITY_578,
PROC008733,APP03578,UP010315,15:37.4,37:10.1,Pass,Initial,HASH_INCOME_578,
PROC008734,APP03578,UP010316,34:48.5,55:39.6,Pass,Initial,HASH_ADDITIONAL_DOCUMENT_578,
PROC008735,APP03579,UP010317,14:00.5,29:26.0,Pass,Initial,HASH_IDENTITY_579,
PROC008736,APP03579,UP010318,33:34.8,49:14.7,Pass,Initial,HASH_INCOME_579,
PROC008737,APP03579,UP010319,53:50.5,17:42.6,Pass,Initial,HASH_ADDITIONAL_DOCUMENT_579,
PROC008738,APP03580,UP010320,45:25.7,06:01.7,Fail,Initial,HASH_IDENTITY_580,
PROC008739,APP03580,UP010321,59:17.9,17:05.3,Pass,Initial,HASH_INCOME_580,
PROC008740,APP03580,UP010322,17:54.1,39:30.5,Fail,Initial,HASH_ADDITIONAL_DOCUMENT_580,
PROC008741,APP03581,UP010323,45:26.2,56:58.9,Pass,Initial,HASH_IDENTITY_581,
PROC008742,APP03581,UP010324,58:04.6,12:12.9,Pass,Initial,HASH_INCOME_581,
PROC008743,APP03581,UP010325,08:15.0,29:50.1,Pass,Re-validation,HASH_ADDITIONAL_DOCUMENT_581,Previous validation expired
PROC008744,APP03582,UP010327,17:25.4,35:00.7,Pass,Re-validation,HASH_IDENTITY_582,Retry after failed upload
PROC008745,APP03582,UP010328,26:22.3,42:15.3,Pass,Re-validation,HASH_INCOME_582,Rule-triggered re-verification
PROC008746,APP03582,UP010329,26:15.1,55:20.0,Pass,Initial,HASH_ADDITIONAL_DOCUMENT_582,
PROC008747,APP03583,UP010330,06:16.6,22:34.7,Pass,Initial,HASH_IDENTITY_583,
PROC008748,APP03583,UP010331,02:21.6,14:36.1,Pass,Initial,HASH_INCOME_583,
PROC008749,APP03583,UP010332,20:03.3,47:03.2,Pass,Initial,HASH_ADDITIONAL_DOCUMENT_583,
PROC008750,APP03584,UP010334,30:53.8,52:13.1,Pass,Re-validation,HASH_IDENTITY_584,Retry after failed upload
PROC008751,APP03584,UP010335,24:53.3,37:21.5,Pass,Initial,HASH_INCOME_584,
PROC008752,APP03584,UP010336,34:19.6,55:38.5,Pass,Re-validation,HASH_ADDITIONAL_DOCUMENT_584,Rule-triggered re-verification
PROC008753,APP03585,UP010337,29:58.6,47:54.5,Fail,Initial,HASH_IDENTITY_585,
PROC008754,APP03585,UP010338,52:15.8,06:47.2,Pass,Initial,HASH_INCOME_585,
PROC008755,APP03585,UP010339,46:16.1,07:48.6,Fail,Initial,HASH_ADDITIONAL_DOCUMENT_585,
PROC008756,APP03586,UP010340,02:47.9,17:34.2,Pass,Initial,HASH_IDENTITY_586,
PROC008757,APP03586,UP010341,56:25.5,07:19.6,Pass,Initial,HASH_INCOME_586,
PROC008758,APP03586,UP010342,58:11.1,24:03.9,Pass,Initial,HASH_ADDITIONAL_DOCUMENT_586,
PROC008759,APP03587,UP010343,43:32.7,58:31.2,Pass,Initial,HASH_IDENTITY_587,
PROC008760,APP03587,UP010344,44:03.4,56:43.2,Pass,Initial,HASH_INCOME_587,
PROC008761,APP03587,UP010345,52:10.2,24:20.6,Pass,Initial,HASH_ADDITIONAL_DOCUMENT_587,
PROC008762,APP03588,UP010348,51:12.4,58:09.1,Pass,Re-validation,HASH_IDENTITY_588,Retry after failed upload
PROC008763,APP03588,UP010349,01:10.5,14:25.3,Pass,Initial,HASH_INCOME_588,
PROC008764,APP03588,UP010350,04:12.4,32:17.0,Pass,Initial,HASH_ADDITIONAL_DOCUMENT_588,
PROC008765,APP03589,UP010352,28:23.8,38:44.1,Pass,Re-validation,HASH_IDENTITY_589,Retry after failed upload
PROC008766,APP03589,UP010353,17:50.2,34:52.9,Pass,Re-validation,HASH_INCOME_589,Rule-triggered re-verification
PROC008767,APP03589,UP010354,47:03.0,05:14.7,Fail,Initial,HASH_ADDITIONAL_DOCUMENT_589,
PROC008768,APP03590,UP010356,53:18.8,02:36.2,Pass,Re-validation,HASH_IDENTITY_590,Retry after failed upload
PROC008769,APP03590,UP010357,43:51.3,53:02.0,Pass,Re-validation,HASH_INCOME_590,Previous validation expired
PROC008770,APP03590,UP010358,07:29.5,36:05.9,Pass,Initial,HASH_ADDITIONAL_DOCUMENT_590,
PROC008771,APP03591,UP010359,14:21.5,27:14.8,Pass,Re-validation,HASH_IDENTITY_591,Rule-triggered re-verification
PROC008772,APP03591,UP010360,11:04.0,28:24.8,Pass,Initial,HASH_INCOME_591,
PROC008773,APP03591,UP010361,28:23.5,48:43.3,Pass,Initial,HASH_ADDITIONAL_DOCUMENT_591,
PROC008774,APP03592,UP010362,14:36.3,42:44.5,Pass,Re-validation,HASH_IDENTITY_592,System could not reuse prior result
PROC008775,APP03592,UP010363,26:38.0,42:38.8,Pass,Initial,HASH_INCOME_592,
PROC008776,APP03592,UP010364,41:54.3,00:41.0,Pass,Initial,HASH_ADDITIONAL_DOCUMENT_592,
PROC008777,APP03593,UP010365,19:53.2,35:54.0,Pass,Re-validation,HASH_IDENTITY_593,Previous validation expired
PROC008778,APP03593,UP010366,18:28.9,33:18.3,Pass,Initial,HASH_INCOME_593,
PROC008779,APP03593,UP010368,32:12.2,59:29.3,Pass,Re-validation,HASH_ADDITIONAL_DOCUMENT_593,Retry after failed upload
PROC008780,APP03594,UP010369,22:26.3,36:38.7,Fail,Initial,HASH_IDENTITY_594,
PROC008781,APP03594,UP010370,35:47.3,47:19.3,Pass,Initial,HASH_INCOME_594,
PROC008782,APP03594,UP010371,34:49.3,57:04.5,Pass,Initial,HASH_ADDITIONAL_DOCUMENT_594,
PROC008783,APP03595,UP010372,40:02.6,57:26.7,Pass,Re-validation,HASH_IDENTITY_595,System could not reuse prior result
PROC008784,APP03595,UP010373,38:41.9,54:48.0,Pass,Initial,HASH_INCOME_595,
PROC008785,APP03595,UP010374,59:40.3,28:23.8,Pass,Re-validation,HASH_ADDITIONAL_DOCUMENT_595,Previous validation expired
PROC008786,APP03596,UP010376,00:12.8,27:40.8,Pass,Re-validation,HASH_IDENTITY_596,Retry after failed upload
PROC008787,APP03596,UP010378,13:28.4,24:48.1,Pass,Re-validation,HASH_INCOME_596,Retry after failed upload
PROC008788,APP03596,UP010380,36:01.9,59:11.2,Pass,Re-validation,HASH_ADDITIONAL_DOCUMENT_596,Retry after failed upload
PROC008789,APP03597,UP010381,59:51.3,15:47.9,Pass,Initial,HASH_IDENTITY_597,
PROC008790,APP03597,UP010382,06:56.7,23:45.7,Fail,Initial,HASH_INCOME_597,
PROC008791,APP03597,UP010384,08:02.2,35:13.2,Pass,Re-validation,HASH_ADDITIONAL_DOCUMENT_597,Retry after failed upload
PROC008792,APP03598,UP010385,28:18.8,44:23.3,Pass,Initial,HASH_IDENTITY_598,
PROC008793,APP03598,UP010386,36:36.0,47:58.9,Pass,Initial,HASH_INCOME_598,
PROC008794,APP03598,UP010387,46:53.3,14:41.1,Pass,Re-validation,HASH_ADDITIONAL_DOCUMENT_598,System could not reuse prior result
PROC008795,APP03599,UP010389,48:13.1,01:00.3,Pass,Re-validation,HASH_IDENTITY_599,Retry after failed upload
PROC008796,APP03599,UP010390,46:54.3,57:46.9,Pass,Initial,HASH_INCOME_599,
PROC008797,APP03599,UP010391,03:58.4,24:53.6,Pass,Initial,HASH_ADDITIONAL_DOCUMENT_599,
PROC008798,APP03600,UP010392,49:12.1,08:58.2,Pass,Re-validation,HASH_IDENTITY_600,Rule-triggered re-verification
PROC008799,APP03600,UP010393,03:02.9,16:38.5,Pass,Initial,HASH_INCOME_600,
PROC008800,APP03600,UP010394,07:45.8,30:22.6,Pass,Initial,HASH_ADDITIONAL_DOCUMENT_600,
PROC008801,APP03601,UP010395,47:39.8,01:56.4,Pass,Re-validation,HASH_IDENTITY_601,Previous validation expired
PROC008802,APP03601,UP010396,41:14.0,54:06.1,Fail,Initial,HASH_INCOME_601,
PROC008803,APP03601,UP010397,03:21.1,24:47.5,Pass,Re-validation,HASH_ADDITIONAL_DOCUMENT_601,Previous validation expired
PROC008804,APP03602,UP010398,45:00.9,59:48.9,Pass,Initial,HASH_IDENTITY_602,
PROC008805,APP03602,UP010399,51:25.3,06:02.9,Pass,Initial,HASH_INCOME_602,
PROC008806,APP03602,UP010400,06:22.6,32:33.3,Pass,Re-validation,HASH_ADDITIONAL_DOCUMENT_602,System could not reuse prior result
PROC008807,APP03603,UP010402,55:30.7,10:44.9,Pass,Re-validation,HASH_IDENTITY_603,Retry after failed upload
PROC008808,APP03603,UP010403,10:06.5,27:50.4,Pass,Initial,HASH_INCOME_603,
PROC008809,APP03603,UP010404,16:54.8,34:59.4,Pass,Initial,HASH_ADDITIONAL_DOCUMENT_603,
PROC008810,APP03604,UP010405,57:25.1,11:05.3,Pass,Initial,HASH_IDENTITY_604,
PROC008811,APP03604,UP010406,50:29.0,11:28.4,Pass,Initial,HASH_INCOME_604,
PROC008812,APP03604,UP010407,06:14.7,32:48.0,Pass,Initial,HASH_ADDITIONAL_DOCUMENT_604,
PROC008813,APP03605,UP010408,05:45.1,23:21.8,Pass,Initial,HASH_IDENTITY_605,
PROC008814,APP03605,UP010411,11:14.2,20:59.2,Pass,Re-validation,HASH_INCOME_605,Retry after failed upload
PROC008815,APP03605,UP010412,22:34.0,52:35.0,Pass,Initial,HASH_ADDITIONAL_DOCUMENT_605,
PROC008816,APP03606,UP010413,23:54.2,46:10.7,Pass,Initial,HASH_IDENTITY_606,
PROC008817,APP03606,UP010416,30:38.7,46:58.3,Pass,Re-validation,HASH_INCOME_606,Retry after failed upload
PROC008818,APP03606,UP010417,35:58.4,55:59.7,Pass,Re-validation,HASH_ADDITIONAL_DOCUMENT_606,Previous validation expired
PROC008819,APP03607,UP010418,46:22.7,58:29.1,Pass,Initial,HASH_IDENTITY_607,
PROC008820,APP03607,UP010419,44:05.1,56:42.3,Pass,Initial,HASH_INCOME_607,
PROC008821,APP03607,UP010420,50:10.9,17:22.1,Fail,Initial,HASH_ADDITIONAL_DOCUMENT_607,
PROC008822,APP03608,UP010421,41:59.7,57:48.0,Pass,Re-validation,HASH_IDENTITY_608,Rule-triggered re-verification
PROC008823,APP03608,UP010423,47:32.2,05:37.1,Pass,Re-validation,HASH_INCOME_608,Retry after failed upload
PROC008824,APP03608,UP010424,07:19.8,23:25.4,Pass,Initial,HASH_ADDITIONAL_DOCUMENT_608,
PROC008825,APP03609,UP010425,39:11.0,00:29.7,Pass,Initial,HASH_IDENTITY_609,
PROC008826,APP03609,UP010426,42:02.6,54:25.3,Fail,Re-validation,HASH_INCOME_609,Previous validation expired
PROC008827,APP03609,UP010429,54:05.9,12:45.9,Pass,Re-validation,HASH_ADDITIONAL_DOCUMENT_609,Retry after failed upload
PROC008828,APP03610,UP010431,14:01.4,33:33.5,Pass,Re-validation,HASH_IDENTITY_610,Retry after failed upload
PROC008829,APP03610,UP010432,10:17.9,24:40.4,Pass,Initial,HASH_INCOME_610,
PROC008830,APP03610,UP010433,29:08.9,54:03.8,Pass,Initial,HASH_ADDITIONAL_DOCUMENT_610,
PROC008831,APP03611,UP010434,57:37.3,12:55.8,Pass,Initial,HASH_IDENTITY_611,
PROC008832,APP03611,UP010435,48:35.4,00:10.0,Pass,Initial,HASH_INCOME_611,
PROC008833,APP03611,UP010437,07:15.0,33:02.0,Pass,Re-validation,HASH_ADDITIONAL_DOCUMENT_611,Retry after failed upload
PROC008834,APP03612,UP010438,08:23.7,22:40.8,Pass,Initial,HASH_IDENTITY_612,
PROC008835,APP03612,UP010439,13:17.7,20:44.1,Pass,Re-validation,HASH_INCOME_612,Previous validation expired
PROC008836,APP03612,UP010440,11:01.1,29:38.3,Pass,Initial,HASH_ADDITIONAL_DOCUMENT_612,
PROC008837,APP03613,UP010441,40:22.3,51:50.2,Pass,Initial,HASH_IDENTITY_613,
PROC008838,APP03613,UP010443,41:47.1,52:25.9,Pass,Re-validation,HASH_INCOME_613,Retry after failed upload
PROC008839,APP03613,UP010444,59:49.1,26:08.6,Pass,Initial,HASH_ADDITIONAL_DOCUMENT_613,
PROC008840,APP03614,UP010447,52:07.0,03:42.1,Pass,Re-validation,HASH_IDENTITY_614,Retry after failed upload
PROC008841,APP03614,UP010450,54:40.1,12:24.2,Pass,Re-validation,HASH_INCOME_614,Retry after failed upload
PROC008842,APP03614,UP010452,04:03.5,25:51.8,Pass,Re-validation,HASH_ADDITIONAL_DOCUMENT_614,Retry after failed upload
PROC008843,APP03615,UP010453,38:27.7,54:01.9,Pass,Re-validation,HASH_IDENTITY_615,Previous validation expired
PROC008844,APP03615,UP010454,48:47.6,05:11.8,Pass,Initial,HASH_INCOME_615,
PROC008845,APP03615,UP010455,07:54.8,21:05.0,Pass,Initial,HASH_ADDITIONAL_DOCUMENT_615,
PROC008846,APP03616,UP010456,10:16.6,28:12.0,Pass,Initial,HASH_IDENTITY_616,
PROC008847,APP03616,UP010457,13:33.5,27:18.7,Pass,Initial,HASH_INCOME_616,
PROC008848,APP03616,UP010458,32:54.3,50:32.3,Pass,Initial,HASH_ADDITIONAL_DOCUMENT_616,
PROC008849,APP03617,UP010460,17:29.9,43:34.5,Pass,Re-validation,HASH_IDENTITY_617,Retry after failed upload
PROC008850,APP03617,UP010461,29:49.1,44:37.5,Pass,Initial,HASH_INCOME_617,
PROC008851,APP03617,UP010462,52:27.0,15:47.8,Pass,Initial,HASH_ADDITIONAL_DOCUMENT_617,
PROC008852,APP03618,UP010463,48:27.2,58:55.6,Pass,Initial,HASH_IDENTITY_618,
PROC008853,APP03618,UP010464,49:36.5,57:57.8,Pass,Re-validation,HASH_INCOME_618,Previous validation expired
PROC008854,APP03618,UP010465,12:18.6,33:35.3,Pass,Initial,HASH_ADDITIONAL_DOCUMENT_618,
PROC008855,APP03619,UP010466,58:02.8,16:51.2,Pass,Initial,HASH_IDENTITY_619,
PROC008856,APP03619,UP010467,56:00.0,15:09.0,Pass,Initial,HASH_INCOME_619,
PROC008857,APP03619,UP010468,05:59.6,23:05.8,Pass,Initial,HASH_ADDITIONAL_DOCUMENT_619,
PROC008858,APP03620,UP010469,41:41.8,56:34.3,Pass,Initial,HASH_IDENTITY_620,
PROC008859,APP03620,UP010470,52:45.8,13:27.6,Pass,Initial,HASH_INCOME_620,
PROC008860,APP03620,UP010471,52:29.0,11:36.1,Pass,Initial,HASH_ADDITIONAL_DOCUMENT_620,
PROC008861,APP03621,UP010472,29:15.5,44:33.1,Pass,Initial,HASH_IDENTITY_621,
PROC008862,APP03621,UP010473,20:55.1,33:01.8,Pass,Re-validation,HASH_INCOME_621,Previous validation expired
PROC008863,APP03621,UP010474,47:42.6,13:38.3,Pass,Initial,HASH_ADDITIONAL_DOCUMENT_621,
PROC008864,APP03622,UP010475,45:26.1,52:20.6,Pass,Initial,HASH_IDENTITY_622,
PROC008865,APP03622,UP010476,01:06.2,19:28.0,Pass,Re-validation,HASH_INCOME_622,Rule-triggered re-verification
PROC008866,APP03622,UP010477,15:44.2,35:30.1,Pass,Initial,HASH_ADDITIONAL_DOCUMENT_622,
PROC008867,APP03623,UP010478,27:56.5,44:32.8,Pass,Initial,HASH_IDENTITY_623,
PROC008868,APP03623,UP010479,28:39.7,40:26.6,Pass,Initial,HASH_INCOME_623,
PROC008869,APP03623,UP010480,41:57.1,06:18.7,Pass,Initial,HASH_ADDITIONAL_DOCUMENT_623,
PROC008870,APP03624,UP010481,26:11.0,40:24.3,Pass,Re-validation,HASH_IDENTITY_624,System could not reuse prior result
PROC008871,APP03624,UP010482,23:41.7,38:44.5,Pass,Initial,HASH_INCOME_624,
PROC008872,APP03624,UP010483,43:41.2,11:16.3,Pass,Initial,HASH_ADDITIONAL_DOCUMENT_624,
PROC008873,APP03625,UP010484,31:40.9,50:34.5,Pass,Initial,HASH_IDENTITY_625,
PROC008874,APP03625,UP010485,48:27.2,07:28.7,Fail,Initial,HASH_INCOME_625,
PROC008875,APP03625,UP010488,57:42.5,22:38.6,Pass,Re-validation,HASH_ADDITIONAL_DOCUMENT_625,Retry after failed upload
PROC008876,APP03626,UP010491,51:36.2,00:36.0,Pass,Re-validation,HASH_IDENTITY_626,Retry after failed upload
PROC008877,APP03626,UP010492,51:59.9,08:07.4,Pass,Initial,HASH_INCOME_626,
PROC008878,APP03626,UP010493,02:08.2,20:01.2,Pass,Initial,HASH_ADDITIONAL_DOCUMENT_626,
PROC008879,APP03627,UP010496,23:12.0,40:16.8,Pass,Re-validation,HASH_IDENTITY_627,Retry after failed upload
PROC008880,APP03627,UP010497,26:33.2,38:00.7,Pass,Initial,HASH_INCOME_627,
PROC008881,APP03627,UP010498,34:08.5,57:18.6,Pass,Initial,HASH_ADDITIONAL_DOCUMENT_627,
PROC008882,APP03628,UP010499,04:44.8,18:59.0,Pass,Initial,HASH_IDENTITY_628,
PROC008883,APP03628,UP010500,03:40.5,18:35.9,Pass,Initial,HASH_INCOME_628,
PROC008884,APP03628,UP010501,37:15.1,02:31.2,Pass,Initial,HASH_ADDITIONAL_DOCUMENT_628,
PROC008885,APP03629,UP010502,36:23.9,55:16.1,Pass,Initial,HASH_IDENTITY_629,
PROC008886,APP03629,UP010503,28:12.8,45:30.3,Pass,Initial,HASH_INCOME_629,
PROC008887,APP03629,UP010504,41:13.8,10:52.8,Pass,Initial,HASH_ADDITIONAL_DOCUMENT_629,
PROC008888,APP03630,UP010505,15:54.9,26:38.5,Pass,Initial,HASH_IDENTITY_630,
PROC008889,APP03630,UP010508,10:31.3,34:38.3,Pass,Re-validation,HASH_INCOME_630,Retry after failed upload
PROC008890,APP03630,UP010509,21:56.8,38:55.3,Pass,Initial,HASH_ADDITIONAL_DOCUMENT_630,
PROC008891,APP03631,UP010510,09:54.2,18:48.9,Pass,Initial,HASH_IDENTITY_631,
PROC008892,APP03631,UP010511,20:37.1,28:14.0,Pass,Re-validation,HASH_INCOME_631,System could not reuse prior result
PROC008893,APP03631,UP010512,44:17.3,04:18.1,Pass,Initial,HASH_ADDITIONAL_DOCUMENT_631,
PROC008894,APP03632,UP010513,27:13.0,46:25.3,Pass,Initial,HASH_IDENTITY_632,
PROC008895,APP03632,UP010514,30:17.4,49:57.4,Pass,Initial,HASH_INCOME_632,
PROC008896,APP03632,UP010517,53:18.8,21:33.1,Pass,Re-validation,HASH_ADDITIONAL_DOCUMENT_632,Retry after failed upload
PROC008897,APP03633,UP010518,17:22.3,25:40.4,Pass,Re-validation,HASH_IDENTITY_633,System could not reuse prior result
PROC008898,APP03633,UP010519,14:55.5,28:48.8,Pass,Initial,HASH_INCOME_633,
PROC008899,APP03633,UP010521,38:14.1,58:39.5,Pass,Re-validation,HASH_ADDITIONAL_DOCUMENT_633,Retry after failed upload
PROC008900,APP03634,UP010522,47:31.5,08:33.4,Fail,Re-validation,HASH_IDENTITY_634,System could not reuse prior result
PROC008901,APP03634,UP010523,37:09.9,38:16.1,Pass,Initial,HASH_INCOME_634,
PROC008902,APP03634,UP010524,56:11.2,25:46.8,Pass,Initial,HASH_ADDITIONAL_DOCUMENT_634,
PROC008903,APP03635,UP010525,43:21.1,57:30.9,Pass,Initial,HASH_IDENTITY_635,
PROC008904,APP03635,UP010526,23:11.6,40:23.4,Pass,Initial,HASH_INCOME_635,
PROC008905,APP03635,UP010527,49:14.1,12:33.5,Pass,Initial,HASH_ADDITIONAL_DOCUMENT_635,
PROC008906,APP03636,UP010528,05:08.2,23:14.6,Pass,Initial,HASH_IDENTITY_636,
PROC008907,APP03636,UP010529,04:33.7,23:44.0,Pass,Initial,HASH_INCOME_636,
PROC008908,APP03636,UP010532,23:52.1,47:07.1,Pass,Re-validation,HASH_ADDITIONAL_DOCUMENT_636,Retry after failed upload
PROC008909,APP03637,UP010533,40:36.7,58:32.1,Pass,Initial,HASH_IDENTITY_637,
PROC008910,APP03637,UP010536,41:43.8,00:56.7,Pass,Re-validation,HASH_INCOME_637,Retry after failed upload
PROC008911,APP03637,UP010538,56:03.7,18:37.9,Pass,Re-validation,HASH_ADDITIONAL_DOCUMENT_637,Retry after failed upload
PROC008912,APP03638,UP010539,25:26.9,43:30.5,Pass,Initial,HASH_IDENTITY_638,
PROC008913,APP03638,UP010540,25:41.0,39:22.7,Fail,Re-validation,HASH_INCOME_638,System could not reuse prior result
PROC008914,APP03638,UP010541,39:41.8,09:06.0,Pass,Initial,HASH_ADDITIONAL_DOCUMENT_638,
PROC008915,APP03639,UP010542,17:57.3,32:12.8,Pass,Initial,HASH_IDENTITY_639,
PROC008916,APP03639,UP010543,22:29.3,32:24.1,Pass,Re-validation,HASH_INCOME_639,System could not reuse prior result
PROC008917,APP03639,UP010544,38:36.4,59:51.5,Pass,Re-validation,HASH_ADDITIONAL_DOCUMENT_639,Previous validation expired
PROC008918,APP03640,UP010546,52:51.4,01:45.5,Pass,Re-validation,HASH_IDENTITY_640,Retry after failed upload
PROC008919,APP03640,UP010547,44:36.7,01:35.6,Pass,Initial,HASH_INCOME_640,
PROC008920,APP03640,UP010548,17:16.9,42:38.7,Pass,Initial,HASH_ADDITIONAL_DOCUMENT_640,
PROC008921,APP03641,UP010551,49:18.7,08:37.3,Pass,Re-validation,HASH_IDENTITY_641,Retry after failed upload
PROC008922,APP03641,UP010552,43:59.7,59:44.3,Pass,Initial,HASH_INCOME_641,
PROC008923,APP03641,UP010553,50:23.2,12:04.0,Pass,Initial,HASH_ADDITIONAL_DOCUMENT_641,
PROC008924,APP03642,UP010555,25:52.0,35:46.3,Pass,Re-validation,HASH_IDENTITY_642,Retry after failed upload
PROC008925,APP03642,UP010556,36:45.1,50:01.8,Fail,Initial,HASH_INCOME_642,
PROC008926,APP03642,UP010557,35:27.5,00:11.4,Pass,Initial,HASH_ADDITIONAL_DOCUMENT_642,
PROC008927,APP03643,UP010558,42:56.1,49:45.9,Fail,Initial,HASH_IDENTITY_643,
PROC008928,APP03643,UP010561,26:26.6,37:17.0,Pass,Re-validation,HASH_INCOME_643,Retry after failed upload
PROC008929,APP03643,UP010562,29:19.2,51:45.4,Pass,Initial,HASH_ADDITIONAL_DOCUMENT_643,
PROC008930,APP03644,UP010563,14:10.3,30:25.2,Pass,Initial,HASH_IDENTITY_644,
PROC008931,APP03644,UP010564,23:24.2,36:30.9,Fail,Re-validation,HASH_INCOME_644,Previous validation expired
PROC008932,APP03644,UP010566,31:31.3,55:51.4,Pass,Re-validation,HASH_ADDITIONAL_DOCUMENT_644,Retry after failed upload
PROC008933,APP03645,UP010567,55:02.4,08:25.3,Pass,Initial,HASH_IDENTITY_645,
PROC008934,APP03645,UP010568,52:22.4,05:40.9,Pass,Initial,HASH_INCOME_645,
PROC008935,APP03645,UP010569,16:02.3,44:07.7,Pass,Initial,HASH_ADDITIONAL_DOCUMENT_645,
PROC008936,APP03646,UP010570,04:16.2,20:45.5,Pass,Initial,HASH_IDENTITY_646,
PROC008937,APP03646,UP010572,07:43.3,22:49.4,Pass,Re-validation,HASH_INCOME_646,Retry after failed upload
PROC008938,APP03646,UP010573,14:21.4,39:07.3,Pass,Re-validation,HASH_ADDITIONAL_DOCUMENT_646,Previous validation expired
PROC008939,APP03647,UP010574,20:18.1,35:12.5,Pass,Re-validation,HASH_IDENTITY_647,Rule-triggered re-verification
PROC008940,APP03647,UP010576,13:20.7,29:08.3,Pass,Re-validation,HASH_INCOME_647,Retry after failed upload
PROC008941,APP03647,UP010577,23:51.4,49:21.0,Fail,Initial,HASH_ADDITIONAL_DOCUMENT_647,
PROC008942,APP03648,UP010578,41:59.9,00:58.6,Pass,Initial,HASH_IDENTITY_648,
PROC008943,APP03648,UP010580,32:13.6,48:10.5,Pass,Re-validation,HASH_INCOME_648,Retry after failed upload
PROC008944,APP03648,UP010581,33:11.5,54:18.4,Pass,Re-validation,HASH_ADDITIONAL_DOCUMENT_648,Previous validation expired
PROC008945,APP03649,UP010582,40:35.1,58:15.4,Pass,Initial,HASH_IDENTITY_649,
PROC008946,APP03649,UP010583,02:40.7,17:34.7,Pass,Initial,HASH_INCOME_649,
PROC008947,APP03649,UP010584,04:25.4,30:48.7,Pass,Initial,HASH_ADDITIONAL_DOCUMENT_649,
PROC008948,APP03650,UP010585,27:40.7,52:20.8,Pass,Initial,HASH_IDENTITY_650,
PROC008949,APP03650,UP010586,15:28.1,37:11.8,Pass,Initial,HASH_INCOME_650,
PROC008950,APP03650,UP010588,29:17.6,01:18.1,Pass,Re-validation,HASH_ADDITIONAL_DOCUMENT_650,Retry after failed upload
PROC008951,APP03651,UP010589,21:36.4,35:31.7,Pass,Initial,HASH_IDENTITY_651,
PROC008952,APP03651,UP010590,18:39.8,31:30.6,Pass,Initial,HASH_INCOME_651,
PROC008953,APP03651,UP010591,47:11.8,20:14.6,Pass,Re-validation,HASH_ADDITIONAL_DOCUMENT_651,System could not reuse prior result
PROC008954,APP03652,UP010593,55:58.8,16:28.2,Pass,Re-validation,HASH_IDENTITY_652,Retry after failed upload
PROC008955,APP03652,UP010594,04:50.2,13:55.2,Pass,Initial,HASH_INCOME_652,
PROC008956,APP03652,UP010595,55:44.5,23:02.2,Pass,Initial,HASH_ADDITIONAL_DOCUMENT_652,
PROC008957,APP03653,UP010597,43:38.4,58:56.1,Pass,Re-validation,HASH_IDENTITY_653,Retry after failed upload
PROC008958,APP03653,UP010598,47:46.8,01:00.9,Pass,Initial,HASH_INCOME_653,
PROC008959,APP03653,UP010599,08:36.6,27:26.4,Pass,Re-validation,HASH_ADDITIONAL_DOCUMENT_653,System could not reuse prior result
PROC008960,APP03654,UP010600,20:11.7,44:30.8,Pass,Re-validation,HASH_IDENTITY_654,System could not reuse prior result
PROC008961,APP03654,UP010601,32:28.4,52:14.9,Pass,Initial,HASH_INCOME_654,
PROC008962,APP03654,UP010602,47:18.8,13:27.2,Pass,Initial,HASH_ADDITIONAL_DOCUMENT_654,
PROC008963,APP03655,UP010603,42:28.2,48:52.5,Pass,Initial,HASH_IDENTITY_655,
PROC008964,APP03655,UP010604,47:11.4,57:33.2,Fail,Initial,HASH_INCOME_655,
PROC008965,APP03655,UP010606,13:42.4,35:30.0,Pass,Re-validation,HASH_ADDITIONAL_DOCUMENT_655,Retry after failed upload
PROC008966,APP03656,UP010607,20:35.7,37:06.9,Pass,Initial,HASH_IDENTITY_656,
PROC008967,APP03656,UP010609,27:08.3,42:17.7,Pass,Re-validation,HASH_INCOME_656,Retry after failed upload
PROC008968,APP03656,UP010610,34:33.9,53:43.1,Pass,Initial,HASH_ADDITIONAL_DOCUMENT_656,
PROC008969,APP03657,UP010611,54:35.7,07:16.1,Pass,Initial,HASH_IDENTITY_657,
PROC008970,APP03657,UP010612,58:58.0,14:03.1,Pass,Re-validation,HASH_INCOME_657,Rule-triggered re-verification
PROC008971,APP03657,UP010613,22:33.6,46:52.2,Fail,Initial,HASH_ADDITIONAL_DOCUMENT_657,
PROC008972,APP03658,UP010614,29:52.6,39:15.1,Pass,Re-validation,HASH_IDENTITY_658,Rule-triggered re-verification
PROC008973,APP03658,UP010615,50:11.3,04:22.7,Pass,Initial,HASH_INCOME_658,
PROC008974,APP03658,UP010616,57:42.1,27:02.9,Pass,Initial,HASH_ADDITIONAL_DOCUMENT_658,
PROC008975,APP03659,UP010617,06:18.6,16:01.0,Pass,Initial,HASH_IDENTITY_659,
PROC008976,APP03659,UP010618,11:35.1,30:53.0,Pass,Initial,HASH_INCOME_659,
PROC008977,APP03659,UP010621,39:01.1,06:16.9,Pass,Re-validation,HASH_ADDITIONAL_DOCUMENT_659,Retry after failed upload
PROC008978,APP03660,UP010622,41:46.9,55:55.6,Pass,Initial,HASH_IDENTITY_660,
PROC008979,APP03660,UP010624,43:33.2,56:46.8,Pass,Re-validation,HASH_INCOME_660,Retry after failed upload
PROC008980,APP03660,UP010627,05:29.4,29:23.0,Pass,Re-validation,HASH_ADDITIONAL_DOCUMENT_660,Retry after failed upload
PROC008981,APP03661,UP010628,48:08.4,59:47.4,Pass,Re-validation,HASH_IDENTITY_661,Rule-triggered re-verification
PROC008982,APP03661,UP010631,13:01.6,35:48.8,Pass,Re-validation,HASH_INCOME_661,Retry after failed upload
PROC008983,APP03661,UP010632,15:57.4,43:51.1,Fail,Initial,HASH_ADDITIONAL_DOCUMENT_661,
PROC008984,APP03662,UP010633,58:43.5,04:13.4,Pass,Initial,HASH_IDENTITY_662,
PROC008985,APP03662,UP010634,17:07.1,31:10.1,Pass,Initial,HASH_INCOME_662,
PROC008986,APP03662,UP010636,27:25.5,53:06.2,Pass,Re-validation,HASH_ADDITIONAL_DOCUMENT_662,Retry after failed upload
PROC008987,APP03663,UP010637,05:36.8,21:01.6,Pass,Initial,HASH_IDENTITY_663,
PROC008988,APP03663,UP010638,11:11.2,15:50.1,Pass,Re-validation,HASH_INCOME_663,Rule-triggered re-verification
PROC008989,APP03663,UP010639,14:17.2,34:26.4,Pass,Initial,HASH_ADDITIONAL_DOCUMENT_663,
PROC008990,APP03664,UP010640,33:08.8,48:18.7,Pass,Initial,HASH_IDENTITY_664,
PROC008991,APP03664,UP010641,39:02.6,45:05.1,Pass,Re-validation,HASH_INCOME_664,Rule-triggered re-verification
PROC008992,APP03664,UP010643,55:15.0,17:36.3,Pass,Re-validation,HASH_ADDITIONAL_DOCUMENT_664,Retry after failed upload
PROC008993,APP03665,UP010645,55:43.7,10:36.0,Pass,Re-validation,HASH_IDENTITY_665,Retry after failed upload
PROC008994,APP03665,UP010646,49:04.9,05:41.0,Pass,Initial,HASH_INCOME_665,
PROC008995,APP03665,UP010647,58:45.1,17:45.0,Pass,Re-validation,HASH_ADDITIONAL_DOCUMENT_665,Previous validation expired
PROC008996,APP03666,UP010648,08:27.4,14:55.4,Pass,Initial,HASH_IDENTITY_666,
PROC008997,APP03666,UP010651,23:47.0,36:00.9,Pass,Re-validation,HASH_INCOME_666,Retry after failed upload
PROC008998,APP03666,UP010652,25:31.7,54:23.9,Pass,Re-validation,HASH_ADDITIONAL_DOCUMENT_666,System could not reuse prior result
PROC008999,APP03667,UP010653,40:03.1,02:11.7,Pass,Initial,HASH_IDENTITY_667,
PROC009000,APP03667,UP010654,45:44.6,53:53.7,Pass,Initial,HASH_INCOME_667,
PROC009001,APP03667,UP010655,50:51.8,08:25.9,Pass,Re-validation,HASH_ADDITIONAL_DOCUMENT_667,Previous validation expired
PROC009002,APP03668,UP010656,28:09.3,39:50.3,Pass,Re-validation,HASH_IDENTITY_668,Previous validation expired
PROC009003,APP03668,UP010657,36:23.1,52:25.4,Pass,Initial,HASH_INCOME_668,
PROC009004,APP03668,UP010658,48:17.1,14:33.7,Pass,Initial,HASH_ADDITIONAL_DOCUMENT_668,
PROC009005,APP03669,UP010661,37:00.5,00:32.3,Pass,Re-validation,HASH_IDENTITY_669,Retry after failed upload
PROC009006,APP03669,UP010662,54:01.8,11:20.7,Pass,Initial,HASH_INCOME_669,
PROC009007,APP03669,UP010663,58:04.7,21:04.9,Pass,Initial,HASH_ADDITIONAL_DOCUMENT_669,
PROC009008,APP03670,UP010664,42:43.6,58:05.7,Pass,Initial,HASH_IDENTITY_670,
PROC009009,APP03670,UP010665,27:58.5,47:52.1,Pass,Initial,HASH_INCOME_670,
PROC009010,APP03670,UP010667,53:19.8,13:01.3,Pass,Re-validation,HASH_ADDITIONAL_DOCUMENT_670,Retry after failed upload
PROC009011,APP03671,UP010669,38:54.3,58:57.9,Pass,Re-validation,HASH_IDENTITY_671,Retry after failed upload
PROC009012,APP03671,UP010671,31:15.5,39:58.8,Pass,Re-validation,HASH_INCOME_671,Retry after failed upload
PROC009013,APP03671,UP010672,28:00.7,48:05.2,Pass,Initial,HASH_ADDITIONAL_DOCUMENT_671,
PROC009014,APP03672,UP010673,34:08.8,47:42.3,Pass,Re-validation,HASH_IDENTITY_672,Rule-triggered re-verification
PROC009015,APP03672,UP010674,27:33.5,47:04.0,Pass,Initial,HASH_INCOME_672,
PROC009016,APP03672,UP010675,54:39.3,21:45.4,Pass,Initial,HASH_ADDITIONAL_DOCUMENT_672,
PROC009017,APP03673,UP010678,51:37.8,04:52.0,Pass,Re-validation,HASH_IDENTITY_673,Retry after failed upload
PROC009018,APP03673,UP010679,01:37.1,23:49.6,Pass,Re-validation,HASH_INCOME_673,Previous validation expired
PROC009019,APP03673,UP010680,24:59.9,49:30.3,Pass,Initial,HASH_ADDITIONAL_DOCUMENT_673,
PROC009020,APP03674,UP010681,04:16.1,18:44.1,Pass,Initial,HASH_IDENTITY_674,
PROC009021,APP03674,UP010682,54:52.7,15:30.4,Pass,Initial,HASH_INCOME_674,
PROC009022,APP03674,UP010684,11:05.8,32:17.8,Pass,Re-validation,HASH_ADDITIONAL_DOCUMENT_674,Retry after failed upload
PROC009023,APP03675,UP010685,50:16.7,04:03.0,Pass,Initial,HASH_IDENTITY_675,
PROC009024,APP03675,UP010686,18:22.0,29:00.0,Pass,Re-validation,HASH_INCOME_675,Previous validation expired
PROC009025,APP03675,UP010687,21:55.6,40:29.1,Pass,Initial,HASH_ADDITIONAL_DOCUMENT_675,
PROC009026,APP03676,UP010688,03:23.6,11:08.0,Fail,Re-validation,HASH_IDENTITY_676,Previous validation expired
PROC009027,APP03676,UP010689,13:39.4,19:54.7,Pass,Re-validation,HASH_INCOME_676,System could not reuse prior result
PROC009028,APP03676,UP010690,14:45.6,41:21.8,Pass,Initial,HASH_ADDITIONAL_DOCUMENT_676,
PROC009029,APP03677,UP010691,16:33.9,27:15.8,Pass,Initial,HASH_IDENTITY_677,
PROC009030,APP03677,UP010692,29:02.6,43:02.3,Pass,Re-validation,HASH_INCOME_677,System could not reuse prior result
PROC009031,APP03677,UP010693,54:45.6,22:32.2,Pass,Initial,HASH_ADDITIONAL_DOCUMENT_677,
PROC009032,APP03678,UP010694,24:55.0,41:29.2,Pass,Re-validation,HASH_IDENTITY_678,Previous validation expired
PROC009033,APP03678,UP010695,27:09.8,36:18.1,Pass,Initial,HASH_INCOME_678,
PROC009034,APP03678,UP010696,47:13.3,12:55.9,Pass,Initial,HASH_ADDITIONAL_DOCUMENT_678,
PROC009035,APP03679,UP010698,45:09.3,59:50.2,Pass,Re-validation,HASH_IDENTITY_679,Retry after failed upload
PROC009036,APP03679,UP010699,58:34.5,19:39.5,Pass,Re-validation,HASH_INCOME_679,System could not reuse prior result
PROC009037,APP03679,UP010700,02:06.7,26:38.5,Pass,Initial,HASH_ADDITIONAL_DOCUMENT_679,
PROC009038,APP03680,UP010702,30:21.0,46:42.4,Pass,Re-validation,HASH_IDENTITY_680,Retry after failed upload
PROC009039,APP03680,UP010703,41:54.8,52:25.0,Pass,Re-validation,HASH_INCOME_680,Previous validation expired
PROC009040,APP03680,UP010704,54:04.8,17:23.3,Pass,Initial,HASH_ADDITIONAL_DOCUMENT_680,
PROC009041,APP03681,UP010705,50:58.8,02:32.2,Pass,Initial,HASH_IDENTITY_681,
PROC009042,APP03681,UP010707,46:26.8,05:22.5,Pass,Re-validation,HASH_INCOME_681,Retry after failed upload
PROC009043,APP03681,UP010708,14:01.6,31:40.5,Pass,Initial,HASH_ADDITIONAL_DOCUMENT_681,
PROC009044,APP03682,UP010709,09:03.1,26:12.5,Pass,Initial,HASH_IDENTITY_682,
PROC009045,APP03682,UP010710,06:41.7,18:40.2,Pass,Re-validation,HASH_INCOME_682,System could not reuse prior result
PROC009046,APP03682,UP010711,26:44.2,47:52.0,Pass,Re-validation,HASH_ADDITIONAL_DOCUMENT_682,Previous validation expired
PROC009047,APP03683,UP010712,37:21.9,51:07.9,Pass,Initial,HASH_IDENTITY_683,
PROC009048,APP03683,UP010713,57:11.2,11:50.7,Pass,Initial,HASH_INCOME_683,
PROC009049,APP03683,UP010714,47:47.0,09:41.7,Pass,Initial,HASH_ADDITIONAL_DOCUMENT_683,
PROC009050,APP03684,UP010717,37:09.2,52:29.4,Pass,Re-validation,HASH_IDENTITY_684,Retry after failed upload
PROC009051,APP03684,UP010718,37:06.7,54:10.5,Pass,Re-validation,HASH_INCOME_684,Previous validation expired
PROC009052,APP03684,UP010720,06:23.2,26:49.8,Pass,Re-validation,HASH_ADDITIONAL_DOCUMENT_684,Retry after failed upload
PROC009053,APP03685,UP010721,03:33.5,20:15.8,Pass,Initial,HASH_IDENTITY_685,
PROC009054,APP03685,UP010722,08:37.1,19:00.1,Pass,Initial,HASH_INCOME_685,
PROC009055,APP03685,UP010723,21:11.9,49:52.7,Pass,Initial,HASH_ADDITIONAL_DOCUMENT_685,
PROC009056,APP03686,UP010724,55:30.7,12:55.0,Pass,Initial,HASH_IDENTITY_686,
PROC009057,APP03686,UP010725,38:13.6,51:56.9,Pass,Initial,HASH_INCOME_686,
PROC009058,APP03686,UP010726,40:12.4,04:26.1,Pass,Initial,HASH_ADDITIONAL_DOCUMENT_686,
PROC009059,APP03687,UP010727,42:04.1,06:23.5,Fail,Initial,HASH_IDENTITY_687,
PROC009060,APP03687,UP010728,45:22.1,01:00.4,Pass,Initial,HASH_INCOME_687,
PROC009061,APP03687,UP010729,22:34.3,43:43.6,Fail,Re-validation,HASH_ADDITIONAL_DOCUMENT_687,System could not reuse prior result
PROC009062,APP03688,UP010730,21:43.3,33:41.3,Pass,Re-validation,HASH_IDENTITY_688,System could not reuse prior result
PROC009063,APP03688,UP010731,21:39.1,30:20.8,Fail,Initial,HASH_INCOME_688,
PROC009064,APP03688,UP010732,41:31.2,09:06.7,Pass,Initial,HASH_ADDITIONAL_DOCUMENT_688,
PROC009065,APP03689,UP010733,29:51.7,49:57.7,Pass,Initial,HASH_IDENTITY_689,
PROC009066,APP03689,UP010734,35:14.6,59:24.9,Pass,Initial,HASH_INCOME_689,
PROC009067,APP03689,UP010735,45:33.6,08:30.7,Pass,Initial,HASH_ADDITIONAL_DOCUMENT_689,
PROC009068,APP03690,UP010736,28:45.5,40:45.3,Pass,Initial,HASH_IDENTITY_690,
PROC009069,APP03690,UP010737,27:04.0,33:00.1,Pass,Initial,HASH_INCOME_690,
PROC009070,APP03690,UP010738,43:42.8,09:31.7,Pass,Initial,HASH_ADDITIONAL_DOCUMENT_690,
PROC009071,APP03691,UP010739,48:59.4,56:05.6,Pass,Initial,HASH_IDENTITY_691,
PROC009072,APP03691,UP010740,46:54.7,04:43.4,Pass,Initial,HASH_INCOME_691,
PROC009073,APP03691,UP010742,53:31.0,16:05.6,Pass,Re-validation,HASH_ADDITIONAL_DOCUMENT_691,Retry after failed upload
PROC009074,APP03692,UP010743,04:41.5,15:51.7,Fail,Re-validation,HASH_IDENTITY_692,Previous validation expired
PROC009075,APP03692,UP010744,01:40.3,21:50.0,Fail,Initial,HASH_INCOME_692,
PROC009076,APP03692,UP010745,27:07.7,55:42.5,Pass,Initial,HASH_ADDITIONAL_DOCUMENT_692,
PROC009077,APP03693,UP010748,23:14.5,50:39.7,Pass,Re-validation,HASH_IDENTITY_693,Retry after failed upload
PROC009078,APP03693,UP010749,19:41.1,39:12.1,Pass,Initial,HASH_INCOME_693,
PROC009079,APP03693,UP010750,33:33.7,00:24.8,Pass,Initial,HASH_ADDITIONAL_DOCUMENT_693,
PROC009080,APP03694,UP010751,21:21.6,40:06.1,Pass,Initial,HASH_IDENTITY_694,
PROC009081,APP03694,UP010752,10:43.9,30:28.8,Pass,Initial,HASH_INCOME_694,
PROC009082,APP03694,UP010753,31:32.6,51:53.3,Pass,Initial,HASH_ADDITIONAL_DOCUMENT_694,
PROC009083,APP03695,UP010754,10:02.6,23:06.3,Pass,Re-validation,HASH_IDENTITY_695,Rule-triggered re-verification
PROC009084,APP03695,UP010755,15:26.0,32:27.3,Pass,Initial,HASH_INCOME_695,
PROC009085,APP03695,UP010756,31:31.2,57:30.6,Pass,Initial,HASH_ADDITIONAL_DOCUMENT_695,
PROC009086,APP03696,UP010757,49:59.4,12:06.1,Pass,Initial,HASH_IDENTITY_696,
PROC009087,APP03696,UP010760,51:02.4,00:56.0,Pass,Re-validation,HASH_INCOME_696,Retry after failed upload
PROC009088,APP03696,UP010761,53:22.2,18:02.4,Pass,Initial,HASH_ADDITIONAL_DOCUMENT_696,
PROC009089,APP03697,UP010762,52:22.4,09:15.8,Pass,Initial,HASH_IDENTITY_697,
PROC009090,APP03697,UP010763,01:09.3,13:11.1,Pass,Initial,HASH_INCOME_697,
PROC009091,APP03697,UP010766,10:11.0,35:03.8,Pass,Re-validation,HASH_ADDITIONAL_DOCUMENT_697,Retry after failed upload
PROC009092,APP03698,UP010767,35:35.0,43:29.7,Pass,Initial,HASH_IDENTITY_698,
PROC009093,APP03698,UP010769,46:34.4,57:31.4,Pass,Re-validation,HASH_INCOME_698,Retry after failed upload
PROC009094,APP03698,UP010770,54:01.5,16:29.0,Pass,Initial,HASH_ADDITIONAL_DOCUMENT_698,
PROC009095,APP03699,UP010771,54:31.5,05:30.1,Pass,Initial,HASH_IDENTITY_699,
PROC009096,APP03699,UP010772,13:07.1,33:27.6,Pass,Initial,HASH_INCOME_699,
PROC009097,APP03699,UP010773,26:10.7,48:01.0,Pass,Initial,HASH_ADDITIONAL_DOCUMENT_699,
PROC009098,APP03700,UP010775,38:05.0,59:17.4,Pass,Re-validation,HASH_IDENTITY_700,Retry after failed upload
PROC009099,APP03700,UP010776,45:52.3,59:42.5,Pass,Initial,HASH_INCOME_700,
PROC009100,APP03700,UP010778,05:01.6,33:02.5,Pass,Re-validation,HASH_ADDITIONAL_DOCUMENT_700,Retry after failed upload
PROC009101,APP03701,UP010779,17:49.8,29:25.8,Pass,Re-validation,HASH_IDENTITY_701,Rule-triggered re-verification
PROC009102,APP03701,UP010781,16:28.3,33:20.6,Pass,Re-validation,HASH_INCOME_701,Retry after failed upload
PROC009103,APP03701,UP010782,31:08.9,57:13.3,Pass,Re-validation,HASH_ADDITIONAL_DOCUMENT_701,Rule-triggered re-verification
PROC009104,APP03702,UP010783,39:21.5,49:00.1,Pass,Initial,HASH_IDENTITY_702,
PROC009105,APP03702,UP010786,48:22.2,00:59.3,Pass,Re-validation,HASH_INCOME_702,Retry after failed upload
PROC009106,APP03702,UP010787,59:00.2,28:58.4,Pass,Initial,HASH_ADDITIONAL_DOCUMENT_702,
PROC009107,APP03703,UP010788,58:04.4,17:18.3,Pass,Initial,HASH_IDENTITY_703,
PROC009108,APP03703,UP010789,02:18.3,15:38.2,Pass,Re-validation,HASH_INCOME_703,Previous validation expired
PROC009109,APP03703,UP010792,04:29.6,28:53.3,Pass,Re-validation,HASH_ADDITIONAL_DOCUMENT_703,Retry after failed upload
PROC009110,APP03704,UP010793,06:34.9,27:07.0,Pass,Initial,HASH_IDENTITY_704,
PROC009111,APP03704,UP010794,13:28.8,31:09.8,Pass,Initial,HASH_INCOME_704,
PROC009112,APP03704,UP010795,24:58.5,47:29.6,Pass,Initial,HASH_ADDITIONAL_DOCUMENT_704,
PROC009113,APP03705,UP010796,36:33.0,55:10.6,Fail,Initial,HASH_IDENTITY_705,
PROC009114,APP03705,UP010797,40:27.5,47:53.0,Pass,Initial,HASH_INCOME_705,
PROC009115,APP03705,UP010799,56:06.5,21:11.7,Pass,Re-validation,HASH_ADDITIONAL_DOCUMENT_705,Retry after failed upload
PROC009116,APP03706,UP010800,21:39.9,39:50.3,Pass,Re-validation,HASH_IDENTITY_706,System could not reuse prior result
PROC009117,APP03706,UP010801,28:10.4,42:35.4,Pass,Initial,HASH_INCOME_706,
PROC009118,APP03706,UP010802,51:51.8,11:36.4,Pass,Initial,HASH_ADDITIONAL_DOCUMENT_706,
PROC009119,APP03707,UP010804,11:47.4,25:53.5,Pass,Re-validation,HASH_IDENTITY_707,Retry after failed upload
PROC009120,APP03707,UP010805,04:02.9,12:15.8,Pass,Initial,HASH_INCOME_707,
PROC009121,APP03707,UP010807,22:42.5,42:02.4,Pass,Re-validation,HASH_ADDITIONAL_DOCUMENT_707,Retry after failed upload
PROC009122,APP03708,UP010808,02:20.9,10:49.3,Pass,Initial,HASH_IDENTITY_708,
PROC009123,APP03708,UP010809,15:57.3,27:20.5,Pass,Initial,HASH_INCOME_708,
PROC009124,APP03708,UP010812,18:03.8,43:43.2,Pass,Re-validation,HASH_ADDITIONAL_DOCUMENT_708,Retry after failed upload
PROC009125,APP03709,UP010813,01:49.0,15:48.0,Pass,Initial,HASH_IDENTITY_709,
PROC009126,APP03709,UP010814,04:51.8,14:06.9,Pass,Initial,HASH_INCOME_709,
PROC009127,APP03709,UP010816,19:24.5,48:04.2,Pass,Re-validation,HASH_ADDITIONAL_DOCUMENT_709,Retry after failed upload
PROC009128,APP03710,UP010817,17:15.4,37:33.2,Pass,Initial,HASH_IDENTITY_710,
PROC009129,APP03710,UP010818,37:26.5,55:29.5,Pass,Re-validation,HASH_INCOME_710,System could not reuse prior result
PROC009130,APP03710,UP010821,41:19.3,08:31.9,Pass,Re-validation,HASH_ADDITIONAL_DOCUMENT_710,Retry after failed upload
PROC009131,APP03711,UP010822,36:32.6,52:17.3,Pass,Initial,HASH_IDENTITY_711,
PROC009132,APP03711,UP010823,49:02.9,03:19.3,Pass,Re-validation,HASH_INCOME_711,System could not reuse prior result
PROC009133,APP03711,UP010826,53:27.9,12:29.8,Pass,Re-validation,HASH_ADDITIONAL_DOCUMENT_711,Retry after failed upload
PROC009134,APP03712,UP010827,01:13.0,16:57.0,Pass,Initial,HASH_IDENTITY_712,
PROC009135,APP03712,UP010828,11:35.3,25:44.2,Pass,Re-validation,HASH_INCOME_712,System could not reuse prior result
PROC009136,APP03712,UP010829,07:28.6,27:54.9,Pass,Initial,HASH_ADDITIONAL_DOCUMENT_712,
PROC009137,APP03713,UP010830,33:30.1,43:08.4,Pass,Re-validation,HASH_IDENTITY_713,System could not reuse prior result
PROC009138,APP03713,UP010832,57:57.2,14:02.8,Pass,Re-validation,HASH_INCOME_713,Retry after failed upload
PROC009139,APP03713,UP010834,58:02.5,22:43.3,Pass,Re-validation,HASH_ADDITIONAL_DOCUMENT_713,Retry after failed upload
PROC009140,APP03714,UP010835,34:45.7,54:28.8,Pass,Initial,HASH_IDENTITY_714,
PROC009141,APP03714,UP010836,46:15.1,15:55.3,Pass,Initial,HASH_INCOME_714,
PROC009142,APP03714,UP010837,07:21.9,23:41.3,Fail,Initial,HASH_ADDITIONAL_DOCUMENT_714,
PROC009143,APP03715,UP010838,26:42.2,40:44.0,Pass,Initial,HASH_IDENTITY_715,
PROC009144,APP03715,UP010839,40:00.6,05:06.6,Fail,Initial,HASH_INCOME_715,
PROC009145,APP03715,UP010840,42:04.2,09:11.1,Pass,Initial,HASH_ADDITIONAL_DOCUMENT_715,
PROC009146,APP03716,UP010841,20:14.2,35:18.1,Pass,Initial,HASH_IDENTITY_716,
PROC009147,APP03716,UP010842,28:29.9,42:06.5,Pass,Initial,HASH_INCOME_716,
PROC009148,APP03716,UP010845,36:13.8,53:35.7,Pass,Re-validation,HASH_ADDITIONAL_DOCUMENT_716,Retry after failed upload
PROC009149,APP03717,UP010846,29:46.4,43:12.1,Pass,Re-validation,HASH_IDENTITY_717,Rule-triggered re-verification
PROC009150,APP03717,UP010847,49:34.0,59:46.7,Pass,Initial,HASH_INCOME_717,
PROC009151,APP03717,UP010848,54:05.3,12:34.1,Pass,Initial,HASH_ADDITIONAL_DOCUMENT_717,
PROC009152,APP03718,UP010849,00:37.4,17:05.1,Pass,Initial,HASH_IDENTITY_718,
PROC009153,APP03718,UP010850,11:00.3,26:32.2,Pass,Initial,HASH_INCOME_718,
PROC009154,APP03718,UP010851,34:29.6,54:28.8,Pass,Initial,HASH_ADDITIONAL_DOCUMENT_718,
PROC009155,APP03719,UP010852,01:34.6,19:38.5,Pass,Re-validation,HASH_IDENTITY_719,System could not reuse prior result
PROC009156,APP03719,UP010853,59:56.0,14:25.3,Pass,Initial,HASH_INCOME_719,
PROC009157,APP03719,UP010854,07:12.4,32:06.2,Pass,Initial,HASH_ADDITIONAL_DOCUMENT_719,
PROC009158,APP03720,UP010855,17:20.5,36:29.4,Pass,Initial,HASH_IDENTITY_720,
PROC009159,APP03720,UP010856,09:32.4,25:54.7,Pass,Initial,HASH_INCOME_720,
PROC009160,APP03720,UP010858,26:05.0,51:58.7,Pass,Re-validation,HASH_ADDITIONAL_DOCUMENT_720,Retry after failed upload
PROC009161,APP03721,UP010859,25:14.0,38:28.5,Pass,Re-validation,HASH_IDENTITY_721,Rule-triggered re-verification
PROC009162,APP03721,UP010861,29:29.3,40:02.7,Pass,Re-validation,HASH_INCOME_721,Retry after failed upload
PROC009163,APP03721,UP010862,39:14.7,06:28.4,Fail,Re-validation,HASH_ADDITIONAL_DOCUMENT_721,Rule-triggered re-verification
PROC009164,APP03722,UP010863,44:19.7,56:51.3,Pass,Re-validation,HASH_IDENTITY_722,Rule-triggered re-verification
PROC009165,APP03722,UP010864,36:48.2,55:28.2,Pass,Initial,HASH_INCOME_722,
PROC009166,APP03722,UP010867,55:17.2,17:09.9,Pass,Re-validation,HASH_ADDITIONAL_DOCUMENT_722,Retry after failed upload
PROC009167,APP03723,UP010868,49:51.3,11:11.4,Pass,Re-validation,HASH_IDENTITY_723,Previous validation expired
PROC009168,APP03723,UP010869,06:40.4,16:07.5,Pass,Initial,HASH_INCOME_723,
PROC009169,APP03723,UP010870,15:31.7,43:39.3,Pass,Initial,HASH_ADDITIONAL_DOCUMENT_723,
PROC009170,APP03724,UP010873,23:35.9,35:18.6,Pass,Re-validation,HASH_IDENTITY_724,Retry after failed upload
PROC009171,APP03724,UP010875,35:31.0,52:06.4,Fail,Re-validation,HASH_INCOME_724,Retry after failed upload
PROC009172,APP03724,UP010876,38:18.6,03:51.5,Pass,Initial,HASH_ADDITIONAL_DOCUMENT_724,
PROC009173,APP03725,UP010878,43:52.7,04:27.7,Pass,Re-validation,HASH_IDENTITY_725,Retry after failed upload
PROC009174,APP03725,UP010879,35:56.5,48:23.8,Pass,Initial,HASH_INCOME_725,
PROC009175,APP03725,UP010880,06:10.2,27:14.7,Fail,Re-validation,HASH_ADDITIONAL_DOCUMENT_725,Rule-triggered re-verification
PROC009176,APP03726,UP010882,19:47.6,31:42.6,Pass,Re-validation,HASH_IDENTITY_726,Retry after failed upload
PROC009177,APP03726,UP010883,07:41.4,23:09.9,Pass,Re-validation,HASH_INCOME_726,System could not reuse prior result
PROC009178,APP03726,UP010884,10:35.6,29:04.2,Pass,Initial,HASH_ADDITIONAL_DOCUMENT_726,
PROC009179,APP03727,UP010885,16:51.7,35:44.1,Pass,Initial,HASH_IDENTITY_727,
PROC009180,APP03727,UP010886,17:59.1,32:29.1,Pass,Initial,HASH_INCOME_727,
PROC009181,APP03727,UP010887,40:24.0,01:59.2,Pass,Initial,HASH_ADDITIONAL_DOCUMENT_727,
PROC009182,APP03728,UP010888,26:12.0,41:56.8,Pass,Initial,HASH_IDENTITY_728,
PROC009183,APP03728,UP010889,40:47.6,50:20.4,Pass,Initial,HASH_INCOME_728,
PROC009184,APP03728,UP010892,01:01.4,25:02.1,Pass,Re-validation,HASH_ADDITIONAL_DOCUMENT_728,Retry after failed upload
PROC009185,APP03729,UP010893,11:49.7,36:18.1,Pass,Initial,HASH_IDENTITY_729,
PROC009186,APP03729,UP010894,13:46.5,27:16.5,Pass,Initial,HASH_INCOME_729,
PROC009187,APP03729,UP010895,18:38.6,41:47.9,Pass,Initial,HASH_ADDITIONAL_DOCUMENT_729,
PROC009188,APP03730,UP010898,01:30.3,10:20.4,Pass,Re-validation,HASH_IDENTITY_730,Retry after failed upload
PROC009189,APP03730,UP010899,06:17.4,23:42.1,Pass,Initial,HASH_INCOME_730,
PROC009190,APP03730,UP010900,16:03.9,40:21.1,Pass,Initial,HASH_ADDITIONAL_DOCUMENT_730,
PROC009191,APP03731,UP010901,43:45.3,01:43.4,Pass,Initial,HASH_IDENTITY_731,
PROC009192,APP03731,UP010902,33:50.8,50:14.9,Pass,Initial,HASH_INCOME_731,
PROC009193,APP03731,UP010903,59:32.7,20:58.2,Pass,Re-validation,HASH_ADDITIONAL_DOCUMENT_731,System could not reuse prior result
PROC009194,APP03732,UP010904,00:27.7,08:39.0,Pass,Initial,HASH_IDENTITY_732,
PROC009195,APP03732,UP010905,55:49.5,09:18.7,Pass,Initial,HASH_INCOME_732,
PROC009196,APP03732,UP010906,13:48.4,39:36.0,Fail,Initial,HASH_ADDITIONAL_DOCUMENT_732,
PROC009197,APP03733,UP010907,00:20.4,19:52.3,Pass,Initial,HASH_IDENTITY_733,
PROC009198,APP03733,UP010908,54:41.9,08:10.9,Pass,Initial,HASH_INCOME_733,
PROC009199,APP03733,UP010909,11:13.1,32:55.5,Pass,Initial,HASH_ADDITIONAL_DOCUMENT_733,
PROC009200,APP03734,UP010910,12:29.5,26:21.1,Pass,Initial,HASH_IDENTITY_734,
PROC009201,APP03734,UP010911,23:06.3,34:42.2,Pass,Initial,HASH_INCOME_734,
PROC009202,APP03734,UP010914,54:51.2,16:25.0,Pass,Re-validation,HASH_ADDITIONAL_DOCUMENT_734,Retry after failed upload
PROC009203,APP03735,UP010915,50:28.1,12:53.2,Pass,Re-validation,HASH_IDENTITY_735,Previous validation expired
PROC009204,APP03735,UP010916,45:08.6,00:06.8,Pass,Re-validation,HASH_INCOME_735,Rule-triggered re-verification
PROC009205,APP03735,UP010917,59:57.4,24:06.7,Pass,Initial,HASH_ADDITIONAL_DOCUMENT_735,
PROC009206,APP03736,UP010918,58:51.3,15:45.5,Pass,Initial,HASH_IDENTITY_736,
PROC009207,APP03736,UP010919,51:31.1,56:44.6,Pass,Initial,HASH_INCOME_736,
PROC009208,APP03736,UP010920,18:01.0,43:58.1,Pass,Re-validation,HASH_ADDITIONAL_DOCUMENT_736,Rule-triggered re-verification
PROC009209,APP03737,UP010921,21:20.5,38:36.9,Pass,Re-validation,HASH_IDENTITY_737,Previous validation expired
PROC009210,APP03737,UP010922,28:55.2,39:18.8,Pass,Re-validation,HASH_INCOME_737,System could not reuse prior result
PROC009211,APP03737,UP010923,29:55.1,45:45.2,Fail,Initial,HASH_ADDITIONAL_DOCUMENT_737,
PROC009212,APP03738,UP010924,01:34.4,10:35.3,Fail,Initial,HASH_IDENTITY_738,
PROC009213,APP03738,UP010925,13:35.6,30:11.2,Pass,Initial,HASH_INCOME_738,
PROC009214,APP03738,UP010926,27:47.9,45:44.3,Fail,Initial,HASH_ADDITIONAL_DOCUMENT_738,
PROC009215,APP03739,UP010927,47:01.1,04:56.3,Pass,Re-validation,HASH_IDENTITY_739,Rule-triggered re-verification
PROC009216,APP03739,UP010928,34:34.4,50:48.1,Fail,Initial,HASH_INCOME_739,
PROC009217,APP03739,UP010930,51:33.4,18:35.2,Pass,Re-validation,HASH_ADDITIONAL_DOCUMENT_739,Retry after failed upload
PROC009218,APP03740,UP010931,12:08.9,26:00.2,Pass,Re-validation,HASH_IDENTITY_740,Rule-triggered re-verification
PROC009219,APP03740,UP010932,24:08.0,36:29.7,Pass,Initial,HASH_INCOME_740,
PROC009220,APP03740,UP010933,28:56.5,57:27.1,Pass,Initial,HASH_ADDITIONAL_DOCUMENT_740,
PROC009221,APP03741,UP010934,48:13.7,10:48.6,Pass,Initial,HASH_IDENTITY_741,
PROC009222,APP03741,UP010935,43:13.3,53:12.0,Pass,Initial,HASH_INCOME_741,
PROC009223,APP03741,UP010936,59:21.8,30:16.9,Pass,Initial,HASH_ADDITIONAL_DOCUMENT_741,
PROC009224,APP03742,UP010939,10:07.0,27:10.0,Pass,Re-validation,HASH_IDENTITY_742,Retry after failed upload
PROC009225,APP03742,UP010940,01:34.5,22:14.5,Pass,Initial,HASH_INCOME_742,
PROC009226,APP03742,UP010941,28:19.5,57:53.4,Pass,Initial,HASH_ADDITIONAL_DOCUMENT_742,
PROC009227,APP03743,UP010942,55:26.5,12:53.8,Pass,Initial,HASH_IDENTITY_743,
PROC009228,APP03743,UP010943,17:43.9,33:03.3,Fail,Initial,HASH_INCOME_743,
PROC009229,APP03743,UP010946,21:45.3,38:48.9,Pass,Re-validation,HASH_ADDITIONAL_DOCUMENT_743,Retry after failed upload
PROC009230,APP03744,UP010947,55:03.1,09:01.3,Pass,Initial,HASH_IDENTITY_744,
PROC009231,APP03744,UP010950,51:04.9,05:40.2,Pass,Re-validation,HASH_INCOME_744,Retry after failed upload
PROC009232,APP03744,UP010951,55:43.3,19:33.7,Pass,Initial,HASH_ADDITIONAL_DOCUMENT_744,
PROC009233,APP03745,UP010952,22:09.3,35:16.5,Pass,Initial,HASH_IDENTITY_745,
PROC009234,APP03745,UP010953,33:43.4,42:37.4,Pass,Re-validation,HASH_INCOME_745,Previous validation expired
PROC009235,APP03745,UP010954,41:47.0,01:53.2,Pass,Initial,HASH_ADDITIONAL_DOCUMENT_745,
PROC009236,APP03746,UP010955,04:21.8,25:42.9,Pass,Initial,HASH_IDENTITY_746,
PROC009237,APP03746,UP010956,07:40.0,21:08.5,Pass,Initial,HASH_INCOME_746,
PROC009238,APP03746,UP010958,54:35.3,13:26.5,Pass,Re-validation,HASH_ADDITIONAL_DOCUMENT_746,Retry after failed upload
PROC009239,APP03747,UP010959,50:41.3,59:16.8,Pass,Initial,HASH_IDENTITY_747,
PROC009240,APP03747,UP010960,00:01.1,14:11.7,Pass,Initial,HASH_INCOME_747,
PROC009241,APP03747,UP010961,06:58.2,29:48.7,Pass,Initial,HASH_ADDITIONAL_DOCUMENT_747,
PROC009242,APP03748,UP010964,13:23.1,29:44.5,Pass,Re-validation,HASH_IDENTITY_748,Retry after failed upload
PROC009243,APP03748,UP010965,10:11.0,28:32.7,Fail,Re-validation,HASH_INCOME_748,Rule-triggered re-verification
PROC009244,APP03748,UP010966,31:03.3,59:45.3,Pass,Initial,HASH_ADDITIONAL_DOCUMENT_748,
PROC009245,APP03749,UP010967,09:38.5,22:30.3,Pass,Re-validation,HASH_IDENTITY_749,Rule-triggered re-verification
PROC009246,APP03749,UP010968,06:15.0,23:22.2,Pass,Initial,HASH_INCOME_749,
PROC009247,APP03749,UP010969,32:20.1,54:55.0,Pass,Initial,HASH_ADDITIONAL_DOCUMENT_749,
PROC009248,APP03750,UP010970,31:32.3,50:24.7,Pass,Initial,HASH_IDENTITY_750,
PROC009249,APP03750,UP010971,38:33.7,03:14.4,Pass,Initial,HASH_INCOME_750,
PROC009250,APP03750,UP010972,55:47.4,18:13.6,Fail,Initial,HASH_ADDITIONAL_DOCUMENT_750,
PROC009251,APP03751,UP010973,48:33.5,11:14.2,Pass,Initial,HASH_IDENTITY_751,
PROC009252,APP03751,UP010974,47:46.9,06:33.9,Pass,Initial,HASH_INCOME_751,
PROC009253,APP03751,UP010975,08:10.1,35:18.5,Pass,Initial,HASH_ADDITIONAL_DOCUMENT_751,
PROC009254,APP03752,UP010976,48:27.9,09:05.9,Pass,Initial,HASH_IDENTITY_752,
PROC009255,APP03752,UP010977,54:12.8,12:55.2,Pass,Initial,HASH_INCOME_752,
PROC009256,APP03752,UP010978,06:52.2,33:08.0,Pass,Initial,HASH_ADDITIONAL_DOCUMENT_752,
PROC009257,APP03753,UP010979,59:04.4,19:08.6,Pass,Initial,HASH_IDENTITY_753,
PROC009258,APP03753,UP010980,55:08.9,12:45.4,Pass,Initial,HASH_INCOME_753,
PROC009259,APP03753,UP010981,19:19.4,31:11.6,Pass,Initial,HASH_ADDITIONAL_DOCUMENT_753,
PROC009260,APP03754,UP010982,57:55.9,11:08.4,Pass,Initial,HASH_IDENTITY_754,
PROC009261,APP03754,UP010983,11:08.1,22:50.0,Pass,Initial,HASH_INCOME_754,
PROC009262,APP03754,UP010985,25:41.6,47:40.7,Pass,Re-validation,HASH_ADDITIONAL_DOCUMENT_754,Retry after failed upload
PROC009263,APP03755,UP010986,41:03.9,57:43.5,Pass,Initial,HASH_IDENTITY_755,
PROC009264,APP03755,UP010989,09:38.3,18:30.8,Pass,Re-validation,HASH_INCOME_755,Retry after failed upload
PROC009265,APP03755,UP010990,06:34.3,31:46.6,Pass,Initial,HASH_ADDITIONAL_DOCUMENT_755,
PROC009266,APP03756,UP010993,43:45.4,52:49.4,Pass,Re-validation,HASH_IDENTITY_756,Retry after failed upload
PROC009267,APP03756,UP010994,44:33.4,59:03.6,Pass,Initial,HASH_INCOME_756,
PROC009268,APP03756,UP010995,41:16.9,09:15.8,Pass,Re-validation,HASH_ADDITIONAL_DOCUMENT_756,Previous validation expired
PROC009269,APP03757,UP010996,39:28.7,47:52.9,Pass,Initial,HASH_IDENTITY_757,
PROC009270,APP03757,UP010998,32:08.0,43:43.8,Pass,Re-validation,HASH_INCOME_757,Retry after failed upload
PROC009271,APP03757,UP010999,56:23.2,24:03.5,Pass,Initial,HASH_ADDITIONAL_DOCUMENT_757,
PROC009272,APP03758,UP011001,26:38.0,42:07.5,Pass,Re-validation,HASH_IDENTITY_758,Retry after failed upload
PROC009273,APP03758,UP011004,37:40.2,59:40.0,Pass,Re-validation,HASH_INCOME_758,Retry after failed upload
PROC009274,APP03758,UP011005,44:47.0,08:34.0,Pass,Initial,HASH_ADDITIONAL_DOCUMENT_758,
PROC009275,APP03759,UP011007,54:07.8,08:53.0,Pass,Re-validation,HASH_IDENTITY_759,Retry after failed upload
PROC009276,APP03759,UP011008,54:51.4,10:15.6,Pass,Initial,HASH_INCOME_759,
PROC009277,APP03759,UP011009,12:41.0,33:41.1,Pass,Re-validation,HASH_ADDITIONAL_DOCUMENT_759,Rule-triggered re-verification
PROC009278,APP03760,UP011010,20:21.1,38:29.1,Pass,Initial,HASH_IDENTITY_760,
PROC009279,APP03760,UP011011,28:41.3,45:39.4,Pass,Initial,HASH_INCOME_760,
PROC009280,APP03760,UP011012,35:29.5,57:20.5,Pass,Initial,HASH_ADDITIONAL_DOCUMENT_760,
PROC009281,APP03761,UP011013,22:59.5,27:40.1,Pass,Initial,HASH_IDENTITY_761,
PROC009282,APP03761,UP011015,30:16.9,42:08.6,Pass,Re-validation,HASH_INCOME_761,Retry after failed upload
PROC009283,APP03761,UP011016,42:27.4,59:00.4,Pass,Initial,HASH_ADDITIONAL_DOCUMENT_761,
PROC009284,APP03762,UP011017,45:02.3,51:20.1,Pass,Initial,HASH_IDENTITY_762,
PROC009285,APP03762,UP011020,59:41.9,11:10.7,Pass,Re-validation,HASH_INCOME_762,Retry after failed upload
PROC009286,APP03762,UP011021,54:45.7,15:49.2,Fail,Initial,HASH_ADDITIONAL_DOCUMENT_762,
PROC009287,APP03763,UP011022,42:42.7,56:53.0,Pass,Initial,HASH_IDENTITY_763,
PROC009288,APP03763,UP011024,36:45.8,52:24.7,Pass,Re-validation,HASH_INCOME_763,Retry after failed upload
PROC009289,APP03763,UP011025,45:12.6,13:21.4,Pass,Initial,HASH_ADDITIONAL_DOCUMENT_763,
PROC009290,APP03764,UP011026,12:02.4,25:59.1,Pass,Initial,HASH_IDENTITY_764,
PROC009291,APP03764,UP011027,04:25.3,20:49.1,Pass,Initial,HASH_INCOME_764,
PROC009292,APP03764,UP011028,23:04.8,40:56.1,Pass,Initial,HASH_ADDITIONAL_DOCUMENT_764,
PROC009293,APP03765,UP011029,48:13.3,54:04.0,Pass,Initial,HASH_IDENTITY_765,
PROC009294,APP03765,UP011030,48:42.1,04:14.8,Pass,Re-validation,HASH_INCOME_765,Rule-triggered re-verification
PROC009295,APP03765,UP011032,57:25.0,19:12.2,Pass,Re-validation,HASH_ADDITIONAL_DOCUMENT_765,Retry after failed upload
PROC009296,APP03766,UP011033,44:31.5,01:41.4,Pass,Initial,HASH_IDENTITY_766,
PROC009297,APP03766,UP011034,53:27.5,11:03.8,Pass,Initial,HASH_INCOME_766,
PROC009298,APP03766,UP011037,04:07.4,30:32.9,Pass,Re-validation,HASH_ADDITIONAL_DOCUMENT_766,Retry after failed upload
PROC009299,APP03767,UP011038,28:41.0,46:11.5,Pass,Initial,HASH_IDENTITY_767,
PROC009300,APP03767,UP011039,32:59.1,43:25.3,Pass,Re-validation,HASH_INCOME_767,Previous validation expired
PROC009301,APP03767,UP011040,55:54.6,22:36.0,Pass,Re-validation,HASH_ADDITIONAL_DOCUMENT_767,Previous validation expired
PROC009302,APP03768,UP011041,07:13.8,23:14.3,Pass,Re-validation,HASH_IDENTITY_768,System could not reuse prior result
PROC009303,APP03768,UP011042,58:28.8,15:57.4,Pass,Initial,HASH_INCOME_768,
PROC009304,APP03768,UP011043,23:06.6,43:15.6,Pass,Initial,HASH_ADDITIONAL_DOCUMENT_768,
PROC009305,APP03769,UP011044,49:44.5,10:39.2,Pass,Re-validation,HASH_IDENTITY_769,System could not reuse prior result
PROC009306,APP03769,UP011045,44:58.6,00:06.0,Pass,Initial,HASH_INCOME_769,
PROC009307,APP03769,UP011046,06:49.8,23:37.4,Pass,Initial,HASH_ADDITIONAL_DOCUMENT_769,
PROC009308,APP03770,UP011047,34:09.2,47:22.3,Pass,Initial,HASH_IDENTITY_770,
PROC009309,APP03770,UP011048,39:46.1,51:32.6,Pass,Initial,HASH_INCOME_770,
PROC009310,APP03770,UP011049,59:54.5,16:27.3,Pass,Initial,HASH_ADDITIONAL_DOCUMENT_770,
PROC009311,APP03771,UP011050,27:38.3,37:29.2,Pass,Initial,HASH_IDENTITY_771,
PROC009312,APP03771,UP011053,22:32.1,37:26.6,Pass,Re-validation,HASH_INCOME_771,Retry after failed upload
PROC009313,APP03771,UP011054,31:28.0,57:37.7,Pass,Initial,HASH_ADDITIONAL_DOCUMENT_771,
PROC009314,APP03772,UP011055,27:00.6,42:48.2,Pass,Initial,HASH_IDENTITY_772,
PROC009315,APP03772,UP011058,31:05.4,50:48.5,Pass,Re-validation,HASH_INCOME_772,Retry after failed upload
PROC009316,APP03772,UP011059,25:08.5,49:07.5,Pass,Initial,HASH_ADDITIONAL_DOCUMENT_772,
PROC009317,APP03773,UP011060,30:37.9,42:37.7,Pass,Initial,HASH_IDENTITY_773,
PROC009318,APP03773,UP011062,31:24.3,53:01.2,Pass,Re-validation,HASH_INCOME_773,Retry after failed upload
PROC009319,APP03773,UP011063,36:44.5,57:30.1,Fail,Re-validation,HASH_ADDITIONAL_DOCUMENT_773,Rule-triggered re-verification
PROC009320,APP03774,UP011064,47:12.5,07:55.3,Pass,Initial,HASH_IDENTITY_774,
PROC009321,APP03774,UP011066,51:40.1,01:57.8,Pass,Re-validation,HASH_INCOME_774,Retry after failed upload
PROC009322,APP03774,UP011067,01:10.7,17:34.2,Pass,Re-validation,HASH_ADDITIONAL_DOCUMENT_774,Previous validation expired
PROC009323,APP03775,UP011069,44:28.4,54:46.9,Pass,Re-validation,HASH_IDENTITY_775,Retry after failed upload
PROC009324,APP03775,UP011070,51:51.0,06:32.9,Pass,Initial,HASH_INCOME_775,
PROC009325,APP03775,UP011073,09:38.7,27:52.5,Pass,Re-validation,HASH_ADDITIONAL_DOCUMENT_775,Retry after failed upload
PROC009326,APP03776,UP011074,05:17.5,19:34.8,Pass,Initial,HASH_IDENTITY_776,
PROC009327,APP03776,UP011075,36:39.6,56:10.0,Pass,Initial,HASH_INCOME_776,
PROC009328,APP03776,UP011076,26:40.4,48:10.9,Pass,Initial,HASH_ADDITIONAL_DOCUMENT_776,
PROC009329,APP03777,UP011077,56:33.5,09:59.3,Pass,Initial,HASH_IDENTITY_777,
PROC009330,APP03777,UP011078,03:41.8,17:07.8,Pass,Initial,HASH_INCOME_777,
PROC009331,APP03777,UP011081,23:15.6,42:58.0,Pass,Re-validation,HASH_ADDITIONAL_DOCUMENT_777,Retry after failed upload
PROC009332,APP03778,UP011082,48:52.4,07:13.2,Pass,Re-validation,HASH_IDENTITY_778,Previous validation expired
PROC009333,APP03778,UP011083,44:41.6,00:47.2,Pass,Initial,HASH_INCOME_778,
PROC009334,APP03778,UP011085,57:51.8,26:59.4,Pass,Re-validation,HASH_ADDITIONAL_DOCUMENT_778,Retry after failed upload
PROC009335,APP03779,UP011086,57:13.4,13:59.2,Fail,Initial,HASH_IDENTITY_779,
PROC009336,APP03779,UP011087,03:45.8,17:12.4,Pass,Re-validation,HASH_INCOME_779,System could not reuse prior result
PROC009337,APP03779,UP011088,10:40.5,40:05.4,Pass,Initial,HASH_ADDITIONAL_DOCUMENT_779,
PROC009338,APP03780,UP011090,07:29.7,15:50.6,Pass,Re-validation,HASH_IDENTITY_780,Retry after failed upload
PROC009339,APP03780,UP011091,22:28.3,37:22.1,Pass,Initial,HASH_INCOME_780,
PROC009340,APP03780,UP011092,31:55.1,53:07.8,Pass,Initial,HASH_ADDITIONAL_DOCUMENT_780,
PROC009341,APP03781,UP011093,24:38.9,33:28.9,Pass,Initial,HASH_IDENTITY_781,
PROC009342,APP03781,UP011094,23:05.0,35:26.2,Pass,Initial,HASH_INCOME_781,
PROC009343,APP03781,UP011095,33:29.3,52:07.0,Pass,Initial,HASH_ADDITIONAL_DOCUMENT_781,
PROC009344,APP03782,UP011096,34:09.3,46:29.9,Pass,Initial,HASH_IDENTITY_782,
PROC009345,APP03782,UP011097,38:11.5,58:58.8,Pass,Re-validation,HASH_INCOME_782,System could not reuse prior result
PROC009346,APP03782,UP011098,40:12.3,54:34.6,Pass,Initial,HASH_ADDITIONAL_DOCUMENT_782,
PROC009347,APP03783,UP011099,34:22.4,58:03.6,Pass,Initial,HASH_IDENTITY_783,
PROC009348,APP03783,UP011100,37:51.4,44:44.1,Pass,Re-validation,HASH_INCOME_783,System could not reuse prior result
PROC009349,APP03783,UP011101,50:30.6,12:37.2,Pass,Initial,HASH_ADDITIONAL_DOCUMENT_783,
PROC009350,APP03784,UP011102,53:30.1,13:44.9,Pass,Re-validation,HASH_IDENTITY_784,System could not reuse prior result
PROC009351,APP03784,UP011103,04:58.0,21:15.5,Pass,Re-validation,HASH_INCOME_784,Previous validation expired
PROC009352,APP03784,UP011104,02:59.4,28:06.4,Pass,Initial,HASH_ADDITIONAL_DOCUMENT_784,
PROC009353,APP03785,UP011105,03:12.6,15:25.7,Pass,Initial,HASH_IDENTITY_785,
PROC009354,APP03785,UP011106,57:07.9,11:56.3,Pass,Initial,HASH_INCOME_785,
PROC009355,APP03785,UP011107,24:56.8,47:00.9,Pass,Initial,HASH_ADDITIONAL_DOCUMENT_785,
PROC009356,APP03786,UP011108,12:55.4,26:15.1,Pass,Initial,HASH_IDENTITY_786,
PROC009357,APP03786,UP011109,00:04.5,09:48.8,Pass,Re-validation,HASH_INCOME_786,Rule-triggered re-verification
PROC009358,APP03786,UP011110,23:22.3,44:37.7,Pass,Re-validation,HASH_ADDITIONAL_DOCUMENT_786,Rule-triggered re-verification
PROC009359,APP03787,UP011111,33:13.5,49:03.6,Pass,Initial,HASH_IDENTITY_787,
PROC009360,APP03787,UP011112,45:18.5,03:39.0,Pass,Initial,HASH_INCOME_787,
PROC009361,APP03787,UP011114,00:15.2,25:43.1,Pass,Re-validation,HASH_ADDITIONAL_DOCUMENT_787,Retry after failed upload
PROC009362,APP03788,UP011115,34:27.5,44:52.0,Pass,Initial,HASH_IDENTITY_788,
PROC009363,APP03788,UP011118,38:22.6,50:32.7,Fail,Re-validation,HASH_INCOME_788,Retry after failed upload
PROC009364,APP03788,UP011119,52:39.3,11:58.7,Pass,Initial,HASH_ADDITIONAL_DOCUMENT_788,
PROC009365,APP03789,UP011120,54:44.2,18:48.0,Pass,Initial,HASH_IDENTITY_789,
PROC009366,APP03789,UP011121,57:20.3,13:25.2,Pass,Re-validation,HASH_INCOME_789,Rule-triggered re-verification
PROC009367,APP03789,UP011122,14:29.6,33:13.1,Pass,Re-validation,HASH_ADDITIONAL_DOCUMENT_789,System could not reuse prior result
PROC009368,APP03790,UP011123,20:07.0,27:31.4,Pass,Initial,HASH_IDENTITY_790,
PROC009369,APP03790,UP011125,25:02.5,40:38.0,Pass,Re-validation,HASH_INCOME_790,Retry after failed upload
PROC009370,APP03790,UP011126,27:24.5,52:58.6,Pass,Initial,HASH_ADDITIONAL_DOCUMENT_790,
PROC009371,APP03791,UP011127,25:50.0,34:52.1,Pass,Initial,HASH_IDENTITY_791,
PROC009372,APP03791,UP011128,22:04.0,46:38.4,Pass,Initial,HASH_INCOME_791,
PROC009373,APP03791,UP011129,03:07.3,15:01.2,Pass,Initial,HASH_ADDITIONAL_DOCUMENT_791,
PROC009374,APP03792,UP011130,59:39.6,14:19.5,Pass,Initial,HASH_IDENTITY_792,
PROC009375,APP03792,UP011131,57:48.0,15:15.6,Pass,Initial,HASH_INCOME_792,
PROC009376,APP03792,UP011134,18:25.0,45:17.1,Pass,Re-validation,HASH_ADDITIONAL_DOCUMENT_792,Retry after failed upload
PROC009377,APP03793,UP011135,23:02.3,37:12.4,Pass,Initial,HASH_IDENTITY_793,
PROC009378,APP03793,UP011136,20:52.3,34:10.7,Pass,Initial,HASH_INCOME_793,
PROC009379,APP03793,UP011137,43:40.2,05:15.0,Pass,Initial,HASH_ADDITIONAL_DOCUMENT_793,
PROC009380,APP03794,UP011138,52:37.9,05:13.1,Pass,Re-validation,HASH_IDENTITY_794,Rule-triggered re-verification
PROC009381,APP03794,UP011140,02:51.7,21:47.5,Pass,Re-validation,HASH_INCOME_794,Retry after failed upload
PROC009382,APP03794,UP011141,14:20.3,41:47.8,Pass,Initial,HASH_ADDITIONAL_DOCUMENT_794,
PROC009383,APP03795,UP011142,06:45.3,17:45.3,Pass,Initial,HASH_IDENTITY_795,
PROC009384,APP03795,UP011143,11:06.1,30:36.3,Pass,Initial,HASH_INCOME_795,
PROC009385,APP03795,UP011144,27:44.9,47:20.0,Pass,Initial,HASH_ADDITIONAL_DOCUMENT_795,
PROC009386,APP03796,UP011145,07:45.7,23:18.3,Pass,Initial,HASH_IDENTITY_796,
PROC009387,APP03796,UP011146,22:04.7,31:00.0,Pass,Initial,HASH_INCOME_796,
PROC009388,APP03796,UP011147,21:15.0,53:41.4,Fail,Initial,HASH_ADDITIONAL_DOCUMENT_796,
PROC009389,APP03797,UP011150,53:07.5,14:08.2,Pass,Re-validation,HASH_IDENTITY_797,Retry after failed upload
PROC009390,APP03797,UP011152,44:46.1,58:27.0,Pass,Re-validation,HASH_INCOME_797,Retry after failed upload
PROC009391,APP03797,UP011153,02:33.0,19:50.7,Pass,Initial,HASH_ADDITIONAL_DOCUMENT_797,
PROC009392,APP03798,UP011154,35:42.3,46:20.1,Pass,Initial,HASH_IDENTITY_798,
PROC009393,APP03798,UP011155,32:30.4,37:56.2,Fail,Initial,HASH_INCOME_798,
PROC009394,APP03798,UP011157,54:25.2,13:43.3,Pass,Re-validation,HASH_ADDITIONAL_DOCUMENT_798,Retry after failed upload
PROC009395,APP03799,UP011158,18:39.9,25:22.9,Pass,Initial,HASH_IDENTITY_799,
PROC009396,APP03799,UP011159,29:15.2,40:56.1,Pass,Initial,HASH_INCOME_799,
PROC009397,APP03799,UP011160,36:19.6,56:42.4,Pass,Re-validation,HASH_ADDITIONAL_DOCUMENT_799,Previous validation expired
PROC009398,APP03800,UP011161,09:23.1,21:00.3,Pass,Initial,HASH_IDENTITY_800,
PROC009399,APP03800,UP011162,14:15.3,28:10.9,Fail,Initial,HASH_INCOME_800,
PROC009400,APP03800,UP011163,15:54.2,38:05.8,Pass,Initial,HASH_ADDITIONAL_DOCUMENT_800,
PROC009401,APP03801,UP011164,36:46.4,51:44.5,Pass,Initial,HASH_IDENTITY_801,
PROC009402,APP03801,UP011165,29:30.6,43:23.4,Pass,Initial,HASH_INCOME_801,
PROC009403,APP03801,UP011167,48:26.3,07:14.4,Pass,Re-validation,HASH_ADDITIONAL_DOCUMENT_801,Retry after failed upload
PROC009404,APP03802,UP011168,46:05.5,53:38.9,Pass,Initial,HASH_IDENTITY_802,
PROC009405,APP03802,UP011169,36:07.0,50:23.6,Pass,Initial,HASH_INCOME_802,
PROC009406,APP03802,UP011170,58:59.4,30:58.4,Pass,Initial,HASH_ADDITIONAL_DOCUMENT_802,
PROC009407,APP03803,UP011172,11:26.2,23:08.3,Pass,Re-validation,HASH_IDENTITY_803,Retry after failed upload
PROC009408,APP03803,UP011173,19:53.6,36:55.7,Pass,Initial,HASH_INCOME_803,
PROC009409,APP03803,UP011176,37:26.2,00:02.2,Fail,Re-validation,HASH_ADDITIONAL_DOCUMENT_803,Retry after failed upload
PROC009410,APP03804,UP011177,32:49.4,51:40.2,Fail,Initial,HASH_IDENTITY_804,
PROC009411,APP03804,UP011178,42:28.0,59:18.8,Pass,Initial,HASH_INCOME_804,
PROC009412,APP03804,UP011179,33:21.5,59:25.1,Pass,Initial,HASH_ADDITIONAL_DOCUMENT_804,
PROC009413,APP03805,UP011180,34:02.2,49:44.1,Pass,Initial,HASH_IDENTITY_805,
PROC009414,APP03805,UP011182,21:22.2,40:21.2,Pass,Re-validation,HASH_INCOME_805,Retry after failed upload
PROC009415,APP03805,UP011183,39:47.7,05:24.8,Fail,Initial,HASH_ADDITIONAL_DOCUMENT_805,
PROC009416,APP03806,UP011184,09:02.8,26:28.2,Pass,Initial,HASH_IDENTITY_806,
PROC009417,APP03806,UP011185,16:02.4,28:29.5,Pass,Initial,HASH_INCOME_806,
PROC009418,APP03806,UP011186,27:03.2,46:04.9,Pass,Initial,HASH_ADDITIONAL_DOCUMENT_806,
PROC009419,APP03807,UP011187,29:24.8,37:57.6,Pass,Re-validation,HASH_IDENTITY_807,Previous validation expired
PROC009420,APP03807,UP011188,49:19.4,12:55.0,Pass,Initial,HASH_INCOME_807,
PROC009421,APP03807,UP011189,50:50.9,18:06.0,Pass,Initial,HASH_ADDITIONAL_DOCUMENT_807,
PROC009422,APP03808,UP011190,47:46.1,03:47.8,Pass,Initial,HASH_IDENTITY_808,
PROC009423,APP03808,UP011191,14:08.5,30:55.4,Pass,Initial,HASH_INCOME_808,
PROC009424,APP03808,UP011192,21:20.3,45:01.3,Pass,Initial,HASH_ADDITIONAL_DOCUMENT_808,
PROC009425,APP03809,UP011193,47:43.8,07:21.0,Pass,Initial,HASH_IDENTITY_809,
PROC009426,APP03809,UP011194,50:09.2,11:18.2,Pass,Initial,HASH_INCOME_809,
PROC009427,APP03809,UP011195,03:22.3,26:40.7,Pass,Initial,HASH_ADDITIONAL_DOCUMENT_809,
PROC009428,APP03810,UP011196,52:54.4,03:58.3,Pass,Initial,HASH_IDENTITY_810,
PROC009429,APP03810,UP011197,29:02.5,48:43.4,Pass,Re-validation,HASH_INCOME_810,Previous validation expired
PROC009430,APP03810,UP011198,22:06.0,44:46.0,Pass,Initial,HASH_ADDITIONAL_DOCUMENT_810,
PROC009431,APP03811,UP011199,23:33.5,42:34.0,Fail,Initial,HASH_IDENTITY_811,
PROC009432,APP03811,UP011200,28:05.9,41:27.0,Pass,Re-validation,HASH_INCOME_811,System could not reuse prior result
PROC009433,APP03811,UP011201,50:50.6,14:42.8,Pass,Initial,HASH_ADDITIONAL_DOCUMENT_811,
PROC009434,APP03812,UP011202,00:14.0,08:30.3,Pass,Initial,HASH_IDENTITY_812,
PROC009435,APP03812,UP011204,07:10.1,26:32.9,Fail,Re-validation,HASH_INCOME_812,Retry after failed upload
PROC009436,APP03812,UP011206,11:55.7,37:44.1,Pass,Re-validation,HASH_ADDITIONAL_DOCUMENT_812,Retry after failed upload
PROC009437,APP03813,UP011208,56:14.5,06:27.0,Pass,Re-validation,HASH_IDENTITY_813,Retry after failed upload
PROC009438,APP03813,UP011209,59:07.5,14:33.7,Pass,Initial,HASH_INCOME_813,
PROC009439,APP03813,UP011210,08:47.6,31:11.3,Pass,Initial,HASH_ADDITIONAL_DOCUMENT_813,
PROC009440,APP03814,UP011211,14:37.5,37:18.9,Pass,Initial,HASH_IDENTITY_814,
PROC009441,APP03814,UP011212,13:02.4,29:50.7,Pass,Re-validation,HASH_INCOME_814,System could not reuse prior result
PROC009442,APP03814,UP011214,36:12.3,58:54.0,Pass,Re-validation,HASH_ADDITIONAL_DOCUMENT_814,Retry after failed upload
PROC009443,APP03815,UP011215,49:05.4,05:28.8,Pass,Initial,HASH_IDENTITY_815,
PROC009444,APP03815,UP011216,01:27.7,15:59.6,Fail,Re-validation,HASH_INCOME_815,System could not reuse prior result
PROC009445,APP03815,UP011218,12:01.4,39:34.7,Pass,Re-validation,HASH_ADDITIONAL_DOCUMENT_815,Retry after failed upload
PROC009446,APP03816,UP011220,07:53.5,23:22.0,Pass,Re-validation,HASH_IDENTITY_816,Retry after failed upload
PROC009447,APP03816,UP011221,08:26.9,21:49.2,Pass,Initial,HASH_INCOME_816,
PROC009448,APP03816,UP011222,22:58.5,46:04.9,Pass,Initial,HASH_ADDITIONAL_DOCUMENT_816,
PROC009449,APP03817,UP011223,54:03.3,07:02.9,Pass,Initial,HASH_IDENTITY_817,
PROC009450,APP03817,UP011224,52:19.1,15:08.4,Pass,Initial,HASH_INCOME_817,
PROC009451,APP03817,UP011226,07:26.3,30:43.1,Pass,Re-validation,HASH_ADDITIONAL_DOCUMENT_817,Retry after failed upload
PROC009452,APP03818,UP011227,30:37.1,46:00.1,Pass,Re-validation,HASH_IDENTITY_818,System could not reuse prior result
PROC009453,APP03818,UP011228,33:27.7,43:57.8,Pass,Initial,HASH_INCOME_818,
PROC009454,APP03818,UP011229,46:57.0,06:53.9,Pass,Initial,HASH_ADDITIONAL_DOCUMENT_818,
PROC009455,APP03819,UP011230,26:43.9,41:56.0,Pass,Re-validation,HASH_IDENTITY_819,Previous validation expired
PROC009456,APP03819,UP011232,31:46.8,50:38.0,Pass,Re-validation,HASH_INCOME_819,Retry after failed upload
PROC009457,APP03819,UP011234,50:53.7,05:45.3,Pass,Re-validation,HASH_ADDITIONAL_DOCUMENT_819,Retry after failed upload
PROC009458,APP03820,UP011235,30:17.4,45:39.8,Pass,Initial,HASH_IDENTITY_820,
PROC009459,APP03820,UP011236,32:04.8,45:06.7,Pass,Re-validation,HASH_INCOME_820,Rule-triggered re-verification
PROC009460,APP03820,UP011238,32:02.7,50:36.6,Pass,Re-validation,HASH_ADDITIONAL_DOCUMENT_820,Retry after failed upload
PROC009461,APP03821,UP011239,28:39.0,46:07.0,Pass,Initial,HASH_IDENTITY_821,
PROC009462,APP03821,UP011240,04:45.4,20:56.3,Pass,Initial,HASH_INCOME_821,
PROC009463,APP03821,UP011241,34:08.8,52:08.8,Pass,Re-validation,HASH_ADDITIONAL_DOCUMENT_821,System could not reuse prior result
PROC009464,APP03822,UP011242,59:24.7,22:01.7,Pass,Initial,HASH_IDENTITY_822,
PROC009465,APP03822,UP011243,54:57.4,12:22.3,Pass,Re-validation,HASH_INCOME_822,Rule-triggered re-verification
PROC009466,APP03822,UP011244,14:15.3,38:47.9,Pass,Initial,HASH_ADDITIONAL_DOCUMENT_822,
PROC009467,APP03823,UP011245,59:45.9,17:51.5,Pass,Re-validation,HASH_IDENTITY_823,System could not reuse prior result
PROC009468,APP03823,UP011246,47:10.5,59:44.7,Pass,Re-validation,HASH_INCOME_823,Previous validation expired
PROC009469,APP03823,UP011247,08:02.0,30:29.7,Fail,Initial,HASH_ADDITIONAL_DOCUMENT_823,
PROC009470,APP03824,UP011248,34:41.8,48:10.0,Pass,Initial,HASH_IDENTITY_824,
PROC009471,APP03824,UP011249,44:31.7,08:00.0,Pass,Initial,HASH_INCOME_824,
PROC009472,APP03824,UP011250,58:57.2,28:34.6,Pass,Re-validation,HASH_ADDITIONAL_DOCUMENT_824,System could not reuse prior result
PROC009473,APP03825,UP011251,35:42.3,53:10.5,Pass,Initial,HASH_IDENTITY_825,
PROC009474,APP03825,UP011252,41:11.5,50:54.1,Pass,Initial,HASH_INCOME_825,
PROC009475,APP03825,UP011253,53:58.2,15:31.4,Pass,Re-validation,HASH_ADDITIONAL_DOCUMENT_825,Rule-triggered re-verification
PROC009476,APP03826,UP011254,52:12.8,07:17.8,Pass,Initial,HASH_IDENTITY_826,
PROC009477,APP03826,UP011255,57:44.4,14:40.5,Pass,Initial,HASH_INCOME_826,
PROC009478,APP03826,UP011256,22:34.0,56:31.8,Pass,Initial,HASH_ADDITIONAL_DOCUMENT_826,
PROC009479,APP03827,UP011257,43:43.2,57:15.4,Pass,Initial,HASH_IDENTITY_827,
PROC009480,APP03827,UP011258,47:29.3,00:07.6,Pass,Re-validation,HASH_INCOME_827,Rule-triggered re-verification
PROC009481,APP03827,UP011259,59:54.0,27:23.2,Pass,Initial,HASH_ADDITIONAL_DOCUMENT_827,
PROC009482,APP03828,UP011260,31:49.7,53:07.7,Pass,Initial,HASH_IDENTITY_828,
PROC009483,APP03828,UP011261,30:01.4,39:22.8,Pass,Initial,HASH_INCOME_828,
PROC009484,APP03828,UP011262,45:13.8,08:14.6,Pass,Initial,HASH_ADDITIONAL_DOCUMENT_828,
PROC009485,APP03829,UP011263,13:18.8,31:06.1,Pass,Re-validation,HASH_IDENTITY_829,System could not reuse prior result
PROC009486,APP03829,UP011265,10:53.2,23:32.3,Pass,Re-validation,HASH_INCOME_829,Retry after failed upload
PROC009487,APP03829,UP011267,24:49.0,46:46.8,Pass,Re-validation,HASH_ADDITIONAL_DOCUMENT_829,Retry after failed upload
PROC009488,APP03830,UP011268,48:58.0,59:36.5,Pass,Initial,HASH_IDENTITY_830,
PROC009489,APP03830,UP011269,07:19.7,24:07.0,Pass,Initial,HASH_INCOME_830,
PROC009490,APP03830,UP011272,07:27.4,39:14.5,Pass,Re-validation,HASH_ADDITIONAL_DOCUMENT_830,Retry after failed upload
PROC009491,APP03831,UP011273,02:46.0,21:05.8,Pass,Re-validation,HASH_IDENTITY_831,Rule-triggered re-verification
PROC009492,APP03831,UP011274,31:44.8,42:36.5,Pass,Initial,HASH_INCOME_831,
PROC009493,APP03831,UP011275,18:54.7,41:27.2,Pass,Initial,HASH_ADDITIONAL_DOCUMENT_831,
PROC009494,APP03832,UP011277,29:12.1,44:48.8,Pass,Re-validation,HASH_IDENTITY_832,Retry after failed upload
PROC009495,APP03832,UP011278,39:04.0,58:40.6,Pass,Initial,HASH_INCOME_832,
PROC009496,APP03832,UP011279,42:02.6,06:23.2,Pass,Initial,HASH_ADDITIONAL_DOCUMENT_832,
PROC009497,APP03833,UP011280,38:52.4,52:16.5,Pass,Initial,HASH_IDENTITY_833,
PROC009498,APP03833,UP011281,55:20.2,10:34.1,Pass,Initial,HASH_INCOME_833,
PROC009499,APP03833,UP011282,07:28.5,32:14.3,Pass,Initial,HASH_ADDITIONAL_DOCUMENT_833,
PROC009500,APP03834,UP011284,49:54.0,04:11.5,Fail,Re-validation,HASH_IDENTITY_834,Retry after failed upload
PROC009501,APP03834,UP011285,46:49.5,06:15.8,Pass,Initial,HASH_INCOME_834,
PROC009502,APP03834,UP011286,04:03.3,25:13.0,Pass,Initial,HASH_ADDITIONAL_DOCUMENT_834,
PROC009503,APP03835,UP011287,18:45.7,30:26.6,Pass,Initial,HASH_IDENTITY_835,
PROC009504,APP03835,UP011288,35:37.9,52:18.9,Pass,Initial,HASH_INCOME_835,
PROC009505,APP03835,UP011289,47:56.6,09:15.1,Pass,Initial,HASH_ADDITIONAL_DOCUMENT_835,
PROC009506,APP03836,UP011290,55:52.7,11:58.9,Pass,Initial,HASH_IDENTITY_836,
PROC009507,APP03836,UP011291,10:07.3,20:29.5,Pass,Re-validation,HASH_INCOME_836,Previous validation expired
PROC009508,APP03836,UP011292,30:10.5,59:09.0,Pass,Initial,HASH_ADDITIONAL_DOCUMENT_836,
PROC009509,APP03837,UP011293,20:39.5,41:01.8,Pass,Re-validation,HASH_IDENTITY_837,System could not reuse prior result
PROC009510,APP03837,UP011294,47:00.8,03:44.9,Pass,Initial,HASH_INCOME_837,
PROC009511,APP03837,UP011296,47:53.5,08:50.6,Pass,Re-validation,HASH_ADDITIONAL_DOCUMENT_837,Retry after failed upload
PROC009512,APP03838,UP011297,09:59.4,24:02.6,Pass,Initial,HASH_IDENTITY_838,
PROC009513,APP03838,UP011298,02:35.9,20:30.6,Pass,Initial,HASH_INCOME_838,
PROC009514,APP03838,UP011299,04:34.8,28:46.2,Pass,Initial,HASH_ADDITIONAL_DOCUMENT_838,
PROC009515,APP03839,UP011300,08:46.2,23:37.1,Pass,Re-validation,HASH_IDENTITY_839,Rule-triggered re-verification
PROC009516,APP03839,UP011301,25:15.0,32:19.2,Pass,Initial,HASH_INCOME_839,
PROC009517,APP03839,UP011302,33:52.2,58:27.8,Pass,Initial,HASH_ADDITIONAL_DOCUMENT_839,
PROC009518,APP03840,UP011304,37:20.7,49:59.0,Pass,Re-validation,HASH_IDENTITY_840,Retry after failed upload
PROC009519,APP03840,UP011305,32:11.2,43:07.4,Pass,Initial,HASH_INCOME_840,
PROC009520,APP03840,UP011306,43:56.6,05:01.6,Pass,Re-validation,HASH_ADDITIONAL_DOCUMENT_840,Rule-triggered re-verification
PROC009521,APP03841,UP011307,09:34.6,31:58.4,Fail,Initial,HASH_IDENTITY_841,
PROC009522,APP03841,UP011308,09:25.4,27:48.7,Pass,Initial,HASH_INCOME_841,
PROC009523,APP03841,UP011310,15:22.7,43:24.6,Pass,Re-validation,HASH_ADDITIONAL_DOCUMENT_841,Retry after failed upload
PROC009524,APP03842,UP011311,25:29.9,36:53.7,Pass,Initial,HASH_IDENTITY_842,
PROC009525,APP03842,UP011312,27:41.0,48:17.8,Pass,Initial,HASH_INCOME_842,
PROC009526,APP03842,UP011313,39:37.0,03:27.3,Pass,Initial,HASH_ADDITIONAL_DOCUMENT_842,
PROC009527,APP03843,UP011314,15:09.1,30:32.6,Pass,Initial,HASH_IDENTITY_843,
PROC009528,APP03843,UP011316,36:03.1,59:40.7,Pass,Re-validation,HASH_INCOME_843,Retry after failed upload
PROC009529,APP03843,UP011317,26:14.6,51:29.6,Pass,Initial,HASH_ADDITIONAL_DOCUMENT_843,
PROC009530,APP03844,UP011320,17:13.4,34:25.8,Fail,Re-validation,HASH_IDENTITY_844,Retry after failed upload
PROC009531,APP03844,UP011321,34:50.8,53:39.1,Pass,Initial,HASH_INCOME_844,
PROC009532,APP03844,UP011323,43:50.5,10:19.2,Pass,Re-validation,HASH_ADDITIONAL_DOCUMENT_844,Retry after failed upload
PROC009533,APP03845,UP011324,32:00.9,45:05.1,Pass,Initial,HASH_IDENTITY_845,
PROC009534,APP03845,UP011325,52:14.7,11:54.5,Pass,Initial,HASH_INCOME_845,
PROC009535,APP03845,UP011326,40:50.5,07:35.5,Pass,Initial,HASH_ADDITIONAL_DOCUMENT_845,
PROC009536,APP03846,UP011329,08:32.1,21:39.8,Pass,Re-validation,HASH_IDENTITY_846,Retry after failed upload
PROC009537,APP03846,UP011330,20:15.4,33:28.7,Pass,Initial,HASH_INCOME_846,
PROC009538,APP03846,UP011331,33:13.8,06:47.0,Pass,Re-validation,HASH_ADDITIONAL_DOCUMENT_846,Previous validation expired
PROC009539,APP03847,UP011332,46:26.0,58:57.3,Pass,Re-validation,HASH_IDENTITY_847,Previous validation expired
PROC009540,APP03847,UP011333,02:01.2,11:28.5,Pass,Initial,HASH_INCOME_847,
PROC009541,APP03847,UP011334,19:28.3,40:45.1,Pass,Initial,HASH_ADDITIONAL_DOCUMENT_847,
PROC009542,APP03848,UP011335,40:58.9,00:17.4,Pass,Initial,HASH_IDENTITY_848,
PROC009543,APP03848,UP011336,38:11.1,46:47.8,Pass,Initial,HASH_INCOME_848,
PROC009544,APP03848,UP011337,44:37.7,06:50.8,Pass,Initial,HASH_ADDITIONAL_DOCUMENT_848,
PROC009545,APP03849,UP011338,02:01.6,15:36.2,Pass,Initial,HASH_IDENTITY_849,
PROC009546,APP03849,UP011339,04:48.1,23:34.3,Pass,Initial,HASH_INCOME_849,
PROC009547,APP03849,UP011340,56:31.1,20:19.3,Pass,Re-validation,HASH_ADDITIONAL_DOCUMENT_849,Rule-triggered re-verification
PROC009548,APP03850,UP011343,21:45.7,29:33.4,Pass,Re-validation,HASH_IDENTITY_850,Retry after failed upload
PROC009549,APP03850,UP011344,21:58.4,33:34.6,Fail,Re-validation,HASH_INCOME_850,Rule-triggered re-verification
PROC009550,APP03850,UP011345,43:29.8,07:27.0,Pass,Initial,HASH_ADDITIONAL_DOCUMENT_850,
PROC009551,APP03851,UP011346,15:22.2,26:54.7,Pass,Initial,HASH_IDENTITY_851,
PROC009552,APP03851,UP011347,14:24.7,36:36.5,Pass,Initial,HASH_INCOME_851,
PROC009553,APP03851,UP011348,22:50.7,43:01.2,Pass,Initial,HASH_ADDITIONAL_DOCUMENT_851,
PROC009554,APP03852,UP011349,55:02.2,10:58.6,Pass,Initial,HASH_IDENTITY_852,
PROC009555,APP03852,UP011350,21:16.4,35:43.7,Pass,Initial,HASH_INCOME_852,
PROC009556,APP03852,UP011351,15:14.5,33:47.1,Pass,Initial,HASH_ADDITIONAL_DOCUMENT_852,
PROC009557,APP03853,UP011352,51:02.7,07:46.2,Pass,Initial,HASH_IDENTITY_853,
PROC009558,APP03853,UP011353,34:49.2,55:09.6,Pass,Re-validation,HASH_INCOME_853,System could not reuse prior result
PROC009559,APP03853,UP011354,57:20.9,22:24.3,Pass,Re-validation,HASH_ADDITIONAL_DOCUMENT_853,System could not reuse prior result
PROC009560,APP03854,UP011355,40:38.5,51:52.3,Pass,Initial,HASH_IDENTITY_854,
PROC009561,APP03854,UP011356,32:22.5,36:56.7,Pass,Initial,HASH_INCOME_854,
PROC009562,APP03854,UP011357,10:13.8,38:39.0,Pass,Initial,HASH_ADDITIONAL_DOCUMENT_854,
PROC009563,APP03855,UP011358,03:45.5,20:55.8,Pass,Initial,HASH_IDENTITY_855,
PROC009564,APP03855,UP011359,55:00.5,07:17.7,Pass,Initial,HASH_INCOME_855,
PROC009565,APP03855,UP011360,59:23.6,19:49.1,Pass,Initial,HASH_ADDITIONAL_DOCUMENT_855,
PROC009566,APP03856,UP011361,57:22.3,09:32.8,Pass,Initial,HASH_IDENTITY_856,
PROC009567,APP03856,UP011362,55:02.9,07:28.8,Pass,Initial,HASH_INCOME_856,
PROC009568,APP03856,UP011363,08:03.8,36:22.6,Pass,Initial,HASH_ADDITIONAL_DOCUMENT_856,
PROC009569,APP03857,UP011364,57:09.1,12:17.3,Pass,Re-validation,HASH_IDENTITY_857,Rule-triggered re-verification
PROC009570,APP03857,UP011365,59:21.9,12:02.6,Pass,Initial,HASH_INCOME_857,
PROC009571,APP03857,UP011366,15:20.4,35:06.5,Pass,Initial,HASH_ADDITIONAL_DOCUMENT_857,
PROC009572,APP03858,UP011367,35:46.6,50:58.4,Pass,Re-validation,HASH_IDENTITY_858,System could not reuse prior result
PROC009573,APP03858,UP011368,47:00.0,00:47.0,Pass,Initial,HASH_INCOME_858,
PROC009574,APP03858,UP011369,02:00.9,24:00.8,Pass,Initial,HASH_ADDITIONAL_DOCUMENT_858,
PROC009575,APP03859,UP011370,20:08.5,35:55.1,Pass,Initial,HASH_IDENTITY_859,
PROC009576,APP03859,UP011373,44:13.6,01:21.5,Pass,Re-validation,HASH_INCOME_859,Retry after failed upload
PROC009577,APP03859,UP011374,58:05.9,24:45.4,Pass,Initial,HASH_ADDITIONAL_DOCUMENT_859,
PROC009578,APP03860,UP011375,18:55.4,45:36.5,Pass,Re-validation,HASH_IDENTITY_860,Rule-triggered re-verification
PROC009579,APP03860,UP011376,26:10.0,36:24.7,Pass,Initial,HASH_INCOME_860,
PROC009580,APP03860,UP011377,38:15.3,54:54.4,Pass,Initial,HASH_ADDITIONAL_DOCUMENT_860,
PROC009581,APP03861,UP011378,04:25.8,14:15.8,Pass,Initial,HASH_IDENTITY_861,
PROC009582,APP03861,UP011381,15:41.9,35:17.2,Pass,Re-validation,HASH_INCOME_861,Retry after failed upload
PROC009583,APP03861,UP011382,19:45.0,46:16.7,Pass,Initial,HASH_ADDITIONAL_DOCUMENT_861,
PROC009584,APP03862,UP011383,25:45.6,42:08.7,Pass,Re-validation,HASH_IDENTITY_862,Rule-triggered re-verification
PROC009585,APP03862,UP011384,18:46.1,30:27.0,Pass,Initial,HASH_INCOME_862,
PROC009586,APP03862,UP011385,31:37.3,47:29.7,Pass,Initial,HASH_ADDITIONAL_DOCUMENT_862,
PROC009587,APP03863,UP011386,11:48.1,26:28.8,Pass,Initial,HASH_IDENTITY_863,
PROC009588,APP03863,UP011389,32:41.1,40:41.9,Pass,Re-validation,HASH_INCOME_863,Retry after failed upload
PROC009589,APP03863,UP011390,43:51.2,01:20.3,Pass,Initial,HASH_ADDITIONAL_DOCUMENT_863,
PROC009590,APP03864,UP011391,04:41.4,17:38.0,Pass,Initial,HASH_IDENTITY_864,
PROC009591,APP03864,UP011392,04:57.3,20:27.9,Pass,Initial,HASH_INCOME_864,
PROC009592,APP03864,UP011393,16:50.3,35:23.3,Pass,Initial,HASH_ADDITIONAL_DOCUMENT_864,
PROC009593,APP03865,UP011394,02:18.9,15:01.3,Pass,Re-validation,HASH_IDENTITY_865,Rule-triggered re-verification
PROC009594,APP03865,UP011395,13:19.9,29:55.7,Pass,Initial,HASH_INCOME_865,
PROC009595,APP03865,UP011396,08:07.8,30:10.5,Pass,Re-validation,HASH_ADDITIONAL_DOCUMENT_865,Rule-triggered re-verification
PROC009596,APP03866,UP011397,15:41.8,28:18.3,Pass,Initial,HASH_IDENTITY_866,
PROC009597,APP03866,UP011398,05:15.2,21:12.8,Pass,Initial,HASH_INCOME_866,
PROC009598,APP03866,UP011401,37:29.4,59:23.2,Pass,Re-validation,HASH_ADDITIONAL_DOCUMENT_866,Retry after failed upload
PROC009599,APP03867,UP011403,31:22.8,41:40.8,Pass,Re-validation,HASH_IDENTITY_867,Retry after failed upload
PROC009600,APP03867,UP011406,36:04.9,48:00.3,Pass,Re-validation,HASH_INCOME_867,Retry after failed upload
PROC009601,APP03867,UP011407,49:34.4,05:15.8,Pass,Initial,HASH_ADDITIONAL_DOCUMENT_867,
PROC009602,APP03868,UP011408,22:51.9,31:02.5,Pass,Initial,HASH_IDENTITY_868,
PROC009603,APP03868,UP011409,20:48.5,34:08.8,Pass,Initial,HASH_INCOME_868,
PROC009604,APP03868,UP011410,24:58.0,53:48.4,Pass,Initial,HASH_ADDITIONAL_DOCUMENT_868,
PROC009605,APP03869,UP011411,15:51.3,31:21.9,Pass,Initial,HASH_IDENTITY_869,
PROC009606,APP03869,UP011412,30:45.6,52:17.2,Pass,Initial,HASH_INCOME_869,
PROC009607,APP03869,UP011413,43:30.7,07:07.6,Pass,Initial,HASH_ADDITIONAL_DOCUMENT_869,
PROC009608,APP03870,UP011414,02:50.7,17:13.3,Pass,Initial,HASH_IDENTITY_870,
PROC009609,APP03870,UP011415,59:58.4,08:40.7,Pass,Initial,HASH_INCOME_870,
PROC009610,APP03870,UP011416,21:34.5,45:45.5,Fail,Initial,HASH_ADDITIONAL_DOCUMENT_870,
PROC009611,APP03871,UP011417,17:22.4,27:28.3,Pass,Initial,HASH_IDENTITY_871,
PROC009612,APP03871,UP011418,21:34.2,47:26.8,Pass,Initial,HASH_INCOME_871,
PROC009613,APP03871,UP011419,47:40.7,07:14.0,Fail,Re-validation,HASH_ADDITIONAL_DOCUMENT_871,Rule-triggered re-verification
PROC009614,APP03872,UP011420,07:53.9,16:55.3,Pass,Initial,HASH_IDENTITY_872,
PROC009615,APP03872,UP011421,09:39.1,22:29.0,Pass,Re-validation,HASH_INCOME_872,Rule-triggered re-verification
PROC009616,APP03872,UP011422,23:55.1,47:16.2,Pass,Initial,HASH_ADDITIONAL_DOCUMENT_872,
PROC009617,APP03873,UP011423,28:16.8,36:42.0,Pass,Initial,HASH_IDENTITY_873,
PROC009618,APP03873,UP011424,40:35.0,56:34.1,Pass,Initial,HASH_INCOME_873,
PROC009619,APP03873,UP011425,50:03.3,13:49.9,Pass,Initial,HASH_ADDITIONAL_DOCUMENT_873,
PROC009620,APP03874,UP011428,38:51.2,53:36.1,Pass,Re-validation,HASH_IDENTITY_874,Retry after failed upload
PROC009621,APP03874,UP011429,33:06.8,51:15.2,Pass,Initial,HASH_INCOME_874,
PROC009622,APP03874,UP011430,46:16.0,07:23.7,Pass,Initial,HASH_ADDITIONAL_DOCUMENT_874,
PROC009623,APP03875,UP011431,20:50.2,28:08.8,Pass,Re-validation,HASH_IDENTITY_875,Rule-triggered re-verification
PROC009624,APP03875,UP011432,25:23.5,39:11.3,Pass,Initial,HASH_INCOME_875,
PROC009625,APP03875,UP011433,55:06.2,18:12.6,Pass,Initial,HASH_ADDITIONAL_DOCUMENT_875,
PROC009626,APP03876,UP011434,08:23.8,25:01.6,Pass,Initial,HASH_IDENTITY_876,
PROC009627,APP03876,UP011435,04:26.8,19:45.4,Pass,Initial,HASH_INCOME_876,
PROC009628,APP03876,UP011437,08:02.7,34:34.0,Pass,Re-validation,HASH_ADDITIONAL_DOCUMENT_876,Retry after failed upload
PROC009629,APP03877,UP011438,10:18.9,29:46.5,Pass,Initial,HASH_IDENTITY_877,
PROC009630,APP03877,UP011439,11:45.7,24:37.3,Pass,Re-validation,HASH_INCOME_877,Previous validation expired
PROC009631,APP03877,UP011441,17:52.5,46:39.3,Pass,Re-validation,HASH_ADDITIONAL_DOCUMENT_877,Retry after failed upload
PROC009632,APP03878,UP011442,14:49.7,30:46.5,Pass,Initial,HASH_IDENTITY_878,
PROC009633,APP03878,UP011443,20:06.9,35:20.9,Pass,Re-validation,HASH_INCOME_878,Previous validation expired
PROC009634,APP03878,UP011444,56:53.4,19:24.9,Pass,Initial,HASH_ADDITIONAL_DOCUMENT_878,
PROC009635,APP03879,UP011445,31:13.4,40:59.9,Pass,Re-validation,HASH_IDENTITY_879,Previous validation expired
PROC009636,APP03879,UP011446,26:21.3,48:02.1,Pass,Re-validation,HASH_INCOME_879,System could not reuse prior result
PROC009637,APP03879,UP011447,53:17.7,19:30.2,Pass,Initial,HASH_ADDITIONAL_DOCUMENT_879,
PROC009638,APP03880,UP011448,03:29.6,17:15.1,Pass,Initial,HASH_IDENTITY_880,
PROC009639,APP03880,UP011449,17:12.0,30:37.8,Pass,Initial,HASH_INCOME_880,
PROC009640,APP03880,UP011450,16:32.9,39:15.2,Pass,Initial,HASH_ADDITIONAL_DOCUMENT_880,
PROC009641,APP03881,UP011451,04:48.9,17:29.4,Pass,Initial,HASH_IDENTITY_881,
PROC009642,APP03881,UP011452,22:40.3,33:40.0,Pass,Initial,HASH_INCOME_881,
PROC009643,APP03881,UP011453,24:00.0,47:50.9,Pass,Re-validation,HASH_ADDITIONAL_DOCUMENT_881,Previous validation expired
PROC009644,APP03882,UP011454,06:11.2,22:09.7,Pass,Re-validation,HASH_IDENTITY_882,Previous validation expired
PROC009645,APP03882,UP011455,10:13.3,22:50.0,Pass,Initial,HASH_INCOME_882,
PROC009646,APP03882,UP011456,13:41.9,35:18.2,Pass,Initial,HASH_ADDITIONAL_DOCUMENT_882,
PROC009647,APP03883,UP011457,21:32.1,35:02.7,Pass,Initial,HASH_IDENTITY_883,
PROC009648,APP03883,UP011459,21:25.7,37:50.0,Pass,Re-validation,HASH_INCOME_883,Retry after failed upload
PROC009649,APP03883,UP011460,45:02.5,10:25.8,Pass,Initial,HASH_ADDITIONAL_DOCUMENT_883,
PROC009650,APP03884,UP011461,35:04.5,41:42.7,Fail,Initial,HASH_IDENTITY_884,
PROC009651,APP03884,UP011462,30:17.1,38:14.8,Pass,Initial,HASH_INCOME_884,
PROC009652,APP03884,UP011463,36:19.0,05:03.5,Pass,Initial,HASH_ADDITIONAL_DOCUMENT_884,
PROC009653,APP03885,UP011464,18:39.6,30:07.1,Pass,Initial,HASH_IDENTITY_885,
PROC009654,APP03885,UP011465,16:19.9,23:17.4,Pass,Initial,HASH_INCOME_885,
PROC009655,APP03885,UP011466,33:53.1,56:29.4,Pass,Initial,HASH_ADDITIONAL_DOCUMENT_885,
PROC009656,APP03886,UP011467,14:16.4,27:26.7,Pass,Re-validation,HASH_IDENTITY_886,Previous validation expired
PROC009657,APP03886,UP011470,31:25.0,44:23.3,Pass,Re-validation,HASH_INCOME_886,Retry after failed upload
PROC009658,APP03886,UP011471,39:46.3,02:49.2,Pass,Initial,HASH_ADDITIONAL_DOCUMENT_886,
PROC009659,APP03887,UP011472,37:17.5,50:55.2,Pass,Initial,HASH_IDENTITY_887,
PROC009660,APP03887,UP011473,45:03.5,54:34.1,Pass,Initial,HASH_INCOME_887,
PROC009661,APP03887,UP011474,56:21.2,19:42.1,Pass,Initial,HASH_ADDITIONAL_DOCUMENT_887,
PROC009662,APP03888,UP011475,54:55.1,11:33.9,Pass,Re-validation,HASH_IDENTITY_888,System could not reuse prior result
PROC009663,APP03888,UP011476,58:45.3,12:26.7,Pass,Initial,HASH_INCOME_888,
PROC009664,APP03888,UP011477,09:41.6,29:58.0,Pass,Initial,HASH_ADDITIONAL_DOCUMENT_888,
PROC009665,APP03889,UP011479,02:25.3,19:55.9,Pass,Re-validation,HASH_IDENTITY_889,Retry after failed upload
PROC009666,APP03889,UP011480,50:15.2,58:40.6,Pass,Initial,HASH_INCOME_889,
PROC009667,APP03889,UP011482,58:38.4,18:00.5,Pass,Re-validation,HASH_ADDITIONAL_DOCUMENT_889,Retry after failed upload
PROC009668,APP03890,UP011483,46:08.7,06:02.3,Pass,Re-validation,HASH_IDENTITY_890,Previous validation expired
PROC009669,APP03890,UP011484,57:19.5,10:09.8,Pass,Re-validation,HASH_INCOME_890,Previous validation expired
PROC009670,APP03890,UP011485,24:57.8,53:54.5,Pass,Initial,HASH_ADDITIONAL_DOCUMENT_890,
PROC009671,APP03891,UP011486,46:01.9,59:57.7,Pass,Initial,HASH_IDENTITY_891,
PROC009672,APP03891,UP011487,40:57.2,57:15.8,Pass,Re-validation,HASH_INCOME_891,Previous validation expired
PROC009673,APP03891,UP011490,59:20.4,15:11.0,Pass,Re-validation,HASH_ADDITIONAL_DOCUMENT_891,Retry after failed upload
PROC009674,APP03892,UP011492,19:38.1,34:28.5,Pass,Re-validation,HASH_IDENTITY_892,Retry after failed upload
PROC009675,APP03892,UP011493,17:38.3,36:25.1,Pass,Re-validation,HASH_INCOME_892,System could not reuse prior result
PROC009676,APP03892,UP011494,36:15.7,57:28.9,Pass,Initial,HASH_ADDITIONAL_DOCUMENT_892,
PROC009677,APP03893,UP011495,32:47.1,48:54.9,Pass,Re-validation,HASH_IDENTITY_893,Rule-triggered re-verification
PROC009678,APP03893,UP011496,11:50.2,24:45.6,Pass,Initial,HASH_INCOME_893,
PROC009679,APP03893,UP011497,38:11.9,03:16.4,Pass,Initial,HASH_ADDITIONAL_DOCUMENT_893,
PROC009680,APP03894,UP011498,46:20.1,00:56.9,Pass,Initial,HASH_IDENTITY_894,
PROC009681,APP03894,UP011499,46:22.6,08:29.9,Pass,Initial,HASH_INCOME_894,
PROC009682,APP03894,UP011500,06:24.3,35:58.4,Pass,Initial,HASH_ADDITIONAL_DOCUMENT_894,
PROC009683,APP03895,UP011501,27:20.6,45:57.9,Fail,Re-validation,HASH_IDENTITY_895,Previous validation expired
PROC009684,APP03895,UP011502,48:17.1,08:48.0,Pass,Initial,HASH_INCOME_895,
PROC009685,APP03895,UP011503,37:30.5,04:22.6,Fail,Initial,HASH_ADDITIONAL_DOCUMENT_895,
PROC009686,APP03896,UP011504,57:00.1,09:49.1,Pass,Re-validation,HASH_IDENTITY_896,Rule-triggered re-verification
PROC009687,APP03896,UP011506,56:54.9,11:24.5,Pass,Re-validation,HASH_INCOME_896,Retry after failed upload
PROC009688,APP03896,UP011508,06:37.1,36:45.1,Pass,Re-validation,HASH_ADDITIONAL_DOCUMENT_896,Retry after failed upload
PROC009689,APP03897,UP011509,59:47.5,12:59.3,Pass,Initial,HASH_IDENTITY_897,
PROC009690,APP03897,UP011510,09:24.3,20:08.3,Pass,Initial,HASH_INCOME_897,
PROC009691,APP03897,UP011511,21:09.7,36:45.9,Pass,Initial,HASH_ADDITIONAL_DOCUMENT_897,
PROC009692,APP03898,UP011514,46:58.2,01:34.5,Pass,Re-validation,HASH_IDENTITY_898,Retry after failed upload
PROC009693,APP03898,UP011515,01:30.0,12:59.5,Pass,Re-validation,HASH_INCOME_898,Rule-triggered re-verification
PROC009694,APP03898,UP011516,06:48.5,35:04.6,Pass,Initial,HASH_ADDITIONAL_DOCUMENT_898,
PROC009695,APP03899,UP011519,45:17.1,57:06.8,Pass,Re-validation,HASH_IDENTITY_899,Retry after failed upload
PROC009696,APP03899,UP011520,53:38.1,13:31.5,Pass,Initial,HASH_INCOME_899,
PROC009697,APP03899,UP011521,03:43.4,24:14.3,Pass,Initial,HASH_ADDITIONAL_DOCUMENT_899,
PROC009698,APP03900,UP011522,29:22.6,49:00.6,Pass,Re-validation,HASH_IDENTITY_900,Rule-triggered re-verification
PROC009699,APP03900,UP011524,29:42.7,45:30.1,Pass,Re-validation,HASH_INCOME_900,Retry after failed upload
PROC009700,APP03900,UP011525,52:49.0,19:42.9,Pass,Initial,HASH_ADDITIONAL_DOCUMENT_900,
PROC009701,APP03901,UP011526,02:27.2,15:59.8,Fail,Initial,HASH_IDENTITY_901,
PROC009702,APP03901,UP011527,16:13.4,33:25.0,Pass,Initial,HASH_INCOME_901,
PROC009703,APP03901,UP011528,10:17.2,30:43.2,Pass,Initial,HASH_ADDITIONAL_DOCUMENT_901,
PROC009704,APP03902,UP011529,48:25.7,04:36.2,Pass,Initial,HASH_IDENTITY_902,
PROC009705,APP03902,UP011530,41:53.3,58:22.4,Pass,Initial,HASH_INCOME_902,
PROC009706,APP03902,UP011531,52:25.6,14:57.3,Pass,Initial,HASH_ADDITIONAL_DOCUMENT_902,
PROC009707,APP03903,UP011532,35:52.6,49:01.3,Pass,Initial,HASH_IDENTITY_903,
PROC009708,APP03903,UP011533,32:58.9,53:42.4,Fail,Initial,HASH_INCOME_903,
PROC009709,APP03903,UP011534,36:43.3,01:23.5,Pass,Initial,HASH_ADDITIONAL_DOCUMENT_903,
PROC009710,APP03904,UP011535,56:55.8,12:31.3,Pass,Initial,HASH_IDENTITY_904,
PROC009711,APP03904,UP011536,07:42.4,18:03.7,Fail,Initial,HASH_INCOME_904,
PROC009712,APP03904,UP011537,19:46.4,39:05.2,Pass,Re-validation,HASH_ADDITIONAL_DOCUMENT_904,System could not reuse prior result
PROC009713,APP03905,UP011538,15:38.7,25:30.6,Pass,Initial,HASH_IDENTITY_905,
PROC009714,APP03905,UP011539,18:46.7,29:18.6,Pass,Initial,HASH_INCOME_905,
PROC009715,APP03905,UP011540,42:36.0,03:52.6,Pass,Initial,HASH_ADDITIONAL_DOCUMENT_905,
PROC009716,APP03906,UP011542,15:32.1,24:52.6,Pass,Re-validation,HASH_IDENTITY_906,Retry after failed upload
PROC009717,APP03906,UP011544,32:46.9,46:30.0,Pass,Re-validation,HASH_INCOME_906,Retry after failed upload
PROC009718,APP03906,UP011545,40:46.9,59:32.3,Pass,Initial,HASH_ADDITIONAL_DOCUMENT_906,
PROC009719,APP03907,UP011546,26:11.2,38:02.9,Pass,Initial,HASH_IDENTITY_907,
PROC009720,APP03907,UP011547,33:33.1,48:13.2,Pass,Initial,HASH_INCOME_907,
PROC009721,APP03907,UP011548,50:46.2,14:15.5,Pass,Re-validation,HASH_ADDITIONAL_DOCUMENT_907,Rule-triggered re-verification
PROC009722,APP03908,UP011549,15:27.3,34:23.4,Pass,Initial,HASH_IDENTITY_908,
PROC009723,APP03908,UP011550,22:54.3,30:53.7,Pass,Initial,HASH_INCOME_908,
PROC009724,APP03908,UP011551,37:41.7,59:20.1,Pass,Initial,HASH_ADDITIONAL_DOCUMENT_908,
PROC009725,APP03909,UP011552,01:50.2,14:40.3,Pass,Initial,HASH_IDENTITY_909,
PROC009726,APP03909,UP011553,02:01.3,16:17.1,Pass,Initial,HASH_INCOME_909,
PROC009727,APP03909,UP011554,16:27.5,37:10.6,Pass,Initial,HASH_ADDITIONAL_DOCUMENT_909,
PROC009728,APP03910,UP011557,17:35.1,27:30.4,Pass,Re-validation,HASH_IDENTITY_910,Retry after failed upload
PROC009729,APP03910,UP011558,14:04.0,25:24.6,Pass,Initial,HASH_INCOME_910,
PROC009730,APP03910,UP011560,21:14.5,42:54.6,Pass,Re-validation,HASH_ADDITIONAL_DOCUMENT_910,Retry after failed upload
PROC009731,APP03911,UP011561,04:26.2,25:25.4,Pass,Initial,HASH_IDENTITY_911,
PROC009732,APP03911,UP011562,15:51.6,33:44.5,Pass,Initial,HASH_INCOME_911,
PROC009733,APP03911,UP011563,33:41.4,53:47.8,Pass,Re-validation,HASH_ADDITIONAL_DOCUMENT_911,Rule-triggered re-verification
PROC009734,APP03912,UP011564,56:27.2,15:58.3,Pass,Initial,HASH_IDENTITY_912,
PROC009735,APP03912,UP011566,59:44.2,09:09.7,Fail,Re-validation,HASH_INCOME_912,Retry after failed upload
PROC009736,APP03912,UP011568,24:42.6,47:41.6,Pass,Re-validation,HASH_ADDITIONAL_DOCUMENT_912,Retry after failed upload
PROC009737,APP03913,UP011569,17:15.2,28:25.2,Fail,Initial,HASH_IDENTITY_913,
PROC009738,APP03913,UP011570,14:19.3,31:35.8,Pass,Initial,HASH_INCOME_913,
PROC009739,APP03913,UP011571,17:39.5,35:08.3,Pass,Re-validation,HASH_ADDITIONAL_DOCUMENT_913,Previous validation expired
PROC009740,APP03914,UP011572,03:16.9,17:51.6,Pass,Re-validation,HASH_IDENTITY_914,Previous validation expired
PROC009741,APP03914,UP011573,08:37.6,20:24.5,Fail,Re-validation,HASH_INCOME_914,Rule-triggered re-verification
PROC009742,APP03914,UP011574,24:23.4,47:37.2,Pass,Initial,HASH_ADDITIONAL_DOCUMENT_914,
PROC009743,APP03915,UP011575,16:53.3,30:53.1,Pass,Initial,HASH_IDENTITY_915,
PROC009744,APP03915,UP011576,17:49.7,29:21.1,Pass,Re-validation,HASH_INCOME_915,Rule-triggered re-verification
PROC009745,APP03915,UP011577,35:03.3,57:20.3,Pass,Initial,HASH_ADDITIONAL_DOCUMENT_915,
PROC009746,APP03916,UP011578,34:35.5,52:08.8,Pass,Re-validation,HASH_IDENTITY_916,Rule-triggered re-verification
PROC009747,APP03916,UP011579,42:57.6,56:18.2,Pass,Initial,HASH_INCOME_916,
PROC009748,APP03916,UP011580,43:44.2,04:22.0,Pass,Initial,HASH_ADDITIONAL_DOCUMENT_916,
PROC009749,APP03917,UP011581,44:52.1,09:24.1,Pass,Initial,HASH_IDENTITY_917,
PROC009750,APP03917,UP011583,02:20.7,14:21.6,Pass,Re-validation,HASH_INCOME_917,Retry after failed upload
PROC009751,APP03917,UP011584,13:25.8,34:48.6,Pass,Re-validation,HASH_ADDITIONAL_DOCUMENT_917,Rule-triggered re-verification
PROC009752,APP03918,UP011585,37:02.0,51:22.1,Pass,Initial,HASH_IDENTITY_918,
PROC009753,APP03918,UP011586,46:52.4,56:09.5,Pass,Initial,HASH_INCOME_918,
PROC009754,APP03918,UP011587,56:23.9,20:54.3,Pass,Re-validation,HASH_ADDITIONAL_DOCUMENT_918,System could not reuse prior result
PROC009755,APP03919,UP011590,01:55.4,18:58.1,Pass,Re-validation,HASH_IDENTITY_919,Retry after failed upload
PROC009756,APP03919,UP011591,51:01.8,05:27.0,Pass,Initial,HASH_INCOME_919,
PROC009757,APP03919,UP011592,01:13.3,26:28.5,Pass,Initial,HASH_ADDITIONAL_DOCUMENT_919,
PROC009758,APP03920,UP011593,25:02.0,40:58.1,Pass,Re-validation,HASH_IDENTITY_920,Previous validation expired
PROC009759,APP03920,UP011594,13:23.5,27:46.4,Pass,Initial,HASH_INCOME_920,
PROC009760,APP03920,UP011595,28:56.2,52:17.0,Pass,Initial,HASH_ADDITIONAL_DOCUMENT_920,
PROC009761,APP03921,UP011596,10:34.2,21:56.2,Pass,Re-validation,HASH_IDENTITY_921,Rule-triggered re-verification
PROC009762,APP03921,UP011597,12:17.8,28:45.1,Pass,Initial,HASH_INCOME_921,
PROC009763,APP03921,UP011600,23:14.1,44:13.0,Pass,Re-validation,HASH_ADDITIONAL_DOCUMENT_921,Retry after failed upload
PROC009764,APP03922,UP011601,56:53.6,11:06.1,Pass,Initial,HASH_IDENTITY_922,
PROC009765,APP03922,UP011602,00:36.0,15:49.2,Pass,Re-validation,HASH_INCOME_922,System could not reuse prior result
PROC009766,APP03922,UP011603,16:12.1,47:12.6,Pass,Initial,HASH_ADDITIONAL_DOCUMENT_922,
PROC009767,APP03923,UP011604,32:13.9,47:02.9,Pass,Initial,HASH_IDENTITY_923,
PROC009768,APP03923,UP011605,33:46.5,51:00.3,Pass,Initial,HASH_INCOME_923,
PROC009769,APP03923,UP011606,46:18.7,05:11.0,Pass,Initial,HASH_ADDITIONAL_DOCUMENT_923,
PROC009770,APP03924,UP011607,31:24.0,47:01.3,Pass,Initial,HASH_IDENTITY_924,
PROC009771,APP03924,UP011608,27:42.9,40:59.7,Pass,Initial,HASH_INCOME_924,
PROC009772,APP03924,UP011609,41:41.4,06:03.8,Pass,Initial,HASH_ADDITIONAL_DOCUMENT_924,
PROC009773,APP03925,UP011610,53:29.1,03:39.8,Pass,Initial,HASH_IDENTITY_925,
PROC009774,APP03925,UP011611,51:19.9,12:34.1,Pass,Initial,HASH_INCOME_925,
PROC009775,APP03925,UP011612,58:57.9,23:11.6,Pass,Initial,HASH_ADDITIONAL_DOCUMENT_925,
PROC009776,APP03926,UP011615,49:41.1,03:18.4,Pass,Re-validation,HASH_IDENTITY_926,Retry after failed upload
PROC009777,APP03926,UP011616,03:31.7,20:42.5,Pass,Initial,HASH_INCOME_926,
PROC009778,APP03926,UP011617,12:39.1,33:08.7,Pass,Initial,HASH_ADDITIONAL_DOCUMENT_926,
PROC009779,APP03927,UP011620,46:46.6,04:35.0,Pass,Re-validation,HASH_IDENTITY_927,Retry after failed upload
PROC009780,APP03927,UP011621,39:22.1,05:03.0,Pass,Initial,HASH_INCOME_927,
PROC009781,APP03927,UP011622,04:13.8,27:08.1,Pass,Initial,HASH_ADDITIONAL_DOCUMENT_927,
PROC009782,APP03928,UP011623,44:33.4,58:55.6,Pass,Re-validation,HASH_IDENTITY_928,Rule-triggered re-verification
PROC009783,APP03928,UP011624,43:40.5,56:53.4,Pass,Re-validation,HASH_INCOME_928,System could not reuse prior result
PROC009784,APP03928,UP011625,58:57.8,25:30.6,Pass,Re-validation,HASH_ADDITIONAL_DOCUMENT_928,Rule-triggered re-verification
PROC009785,APP03929,UP011626,32:35.9,51:43.4,Pass,Initial,HASH_IDENTITY_929,
PROC009786,APP03929,UP011627,41:36.9,00:57.3,Pass,Initial,HASH_INCOME_929,
PROC009787,APP03929,UP011628,58:37.7,25:04.2,Pass,Initial,HASH_ADDITIONAL_DOCUMENT_929,
PROC009788,APP03930,UP011630,56:44.5,12:19.2,Fail,Re-validation,HASH_IDENTITY_930,Retry after failed upload
PROC009789,APP03930,UP011631,51:29.8,05:54.9,Pass,Initial,HASH_INCOME_930,
PROC009790,APP03930,UP011634,17:34.1,40:44.8,Fail,Re-validation,HASH_ADDITIONAL_DOCUMENT_930,Retry after failed upload
PROC009791,APP03931,UP011635,28:59.5,43:16.0,Pass,Initial,HASH_IDENTITY_931,
PROC009792,APP03931,UP011636,42:16.2,53:41.5,Pass,Re-validation,HASH_INCOME_931,Rule-triggered re-verification
PROC009793,APP03931,UP011637,44:44.1,10:34.0,Pass,Initial,HASH_ADDITIONAL_DOCUMENT_931,
PROC009794,APP03932,UP011638,37:05.2,58:25.4,Pass,Initial,HASH_IDENTITY_932,
PROC009795,APP03932,UP011640,29:52.3,42:15.5,Pass,Re-validation,HASH_INCOME_932,Retry after failed upload
PROC009796,APP03932,UP011642,52:47.6,15:57.1,Pass,Re-validation,HASH_ADDITIONAL_DOCUMENT_932,Retry after failed upload
PROC009797,APP03933,UP011643,03:45.1,21:14.3,Pass,Initial,HASH_IDENTITY_933,
PROC009798,APP03933,UP011644,16:37.9,29:24.5,Pass,Initial,HASH_INCOME_933,
PROC009799,APP03933,UP011645,11:01.8,38:01.7,Pass,Re-validation,HASH_ADDITIONAL_DOCUMENT_933,Previous validation expired
PROC009800,APP03934,UP011646,23:23.8,40:46.4,Pass,Initial,HASH_IDENTITY_934,
PROC009801,APP03934,UP011647,26:34.2,39:28.8,Pass,Initial,HASH_INCOME_934,
PROC009802,APP03934,UP011650,37:21.4,03:20.3,Pass,Re-validation,HASH_ADDITIONAL_DOCUMENT_934,Retry after failed upload
PROC009803,APP03935,UP011651,03:29.6,23:04.8,Pass,Re-validation,HASH_IDENTITY_935,Rule-triggered re-verification
PROC009804,APP03935,UP011652,03:33.0,13:24.0,Pass,Initial,HASH_INCOME_935,
PROC009805,APP03935,UP011653,04:26.1,24:07.5,Pass,Re-validation,HASH_ADDITIONAL_DOCUMENT_935,System could not reuse prior result
PROC009806,APP03936,UP011656,21:26.3,36:16.3,Pass,Re-validation,HASH_IDENTITY_936,Retry after failed upload
PROC009807,APP03936,UP011657,26:44.3,39:13.3,Pass,Initial,HASH_INCOME_936,
PROC009808,APP03936,UP011658,51:56.8,12:40.7,Pass,Re-validation,HASH_ADDITIONAL_DOCUMENT_936,Previous validation expired
PROC009809,APP03937,UP011659,54:54.9,16:20.0,Pass,Re-validation,HASH_IDENTITY_937,Previous validation expired
PROC009810,APP03937,UP011660,10:12.3,21:49.1,Pass,Initial,HASH_INCOME_937,
PROC009811,APP03937,UP011661,00:49.7,24:17.5,Pass,Re-validation,HASH_ADDITIONAL_DOCUMENT_937,Rule-triggered re-verification
PROC009812,APP03938,UP011662,13:17.5,27:43.9,Pass,Initial,HASH_IDENTITY_938,
PROC009813,APP03938,UP011663,21:41.4,36:16.1,Pass,Re-validation,HASH_INCOME_938,Rule-triggered re-verification
PROC009814,APP03938,UP011664,46:33.2,13:59.2,Pass,Re-validation,HASH_ADDITIONAL_DOCUMENT_938,Rule-triggered re-verification
PROC009815,APP03939,UP011665,34:20.7,51:45.9,Pass,Initial,HASH_IDENTITY_939,
PROC009816,APP03939,UP011666,41:56.3,55:04.3,Pass,Initial,HASH_INCOME_939,
PROC009817,APP03939,UP011667,52:56.9,13:32.4,Pass,Initial,HASH_ADDITIONAL_DOCUMENT_939,
PROC009818,APP03940,UP011668,38:17.0,46:27.9,Pass,Initial,HASH_IDENTITY_940,
PROC009819,APP03940,UP011669,59:11.8,07:22.4,Pass,Initial,HASH_INCOME_940,
PROC009820,APP03940,UP011670,57:56.6,13:11.8,Pass,Re-validation,HASH_ADDITIONAL_DOCUMENT_940,System could not reuse prior result
PROC009821,APP03941,UP011671,04:21.3,13:56.8,Fail,Initial,HASH_IDENTITY_941,
PROC009822,APP03941,UP011673,19:33.3,32:36.8,Pass,Re-validation,HASH_INCOME_941,Retry after failed upload
PROC009823,APP03941,UP011674,31:48.9,54:02.4,Pass,Initial,HASH_ADDITIONAL_DOCUMENT_941,
PROC009824,APP03942,UP011675,00:35.7,18:47.5,Pass,Initial,HASH_IDENTITY_942,
PROC009825,APP03942,UP011676,03:20.0,12:29.0,Pass,Re-validation,HASH_INCOME_942,Previous validation expired
PROC009826,APP03942,UP011677,05:14.7,29:02.0,Pass,Initial,HASH_ADDITIONAL_DOCUMENT_942,
PROC009827,APP03943,UP011678,36:02.1,52:53.0,Pass,Initial,HASH_IDENTITY_943,
PROC009828,APP03943,UP011679,49:17.9,59:01.1,Pass,Initial,HASH_INCOME_943,
PROC009829,APP03943,UP011680,58:55.1,19:44.9,Pass,Initial,HASH_ADDITIONAL_DOCUMENT_943,
PROC009830,APP03944,UP011681,04:18.7,18:03.0,Pass,Initial,HASH_IDENTITY_944,
PROC009831,APP03944,UP011682,19:41.9,44:30.3,Pass,Initial,HASH_INCOME_944,
PROC009832,APP03944,UP011683,31:32.6,55:31.7,Pass,Initial,HASH_ADDITIONAL_DOCUMENT_944,
PROC009833,APP03945,UP011684,15:49.4,25:11.6,Pass,Initial,HASH_IDENTITY_945,
PROC009834,APP03945,UP011685,26:43.2,37:04.2,Pass,Initial,HASH_INCOME_945,
PROC009835,APP03945,UP011686,47:40.1,06:24.7,Pass,Initial,HASH_ADDITIONAL_DOCUMENT_945,
PROC009836,APP03946,UP011687,31:37.5,45:06.6,Pass,Initial,HASH_IDENTITY_946,
PROC009837,APP03946,UP011688,37:57.0,50:06.3,Pass,Initial,HASH_INCOME_946,
PROC009838,APP03946,UP011689,47:23.6,10:18.5,Pass,Initial,HASH_ADDITIONAL_DOCUMENT_946,
PROC009839,APP03947,UP011690,29:41.1,44:33.3,Pass,Initial,HASH_IDENTITY_947,
PROC009840,APP03947,UP011693,47:33.7,01:25.0,Pass,Re-validation,HASH_INCOME_947,Retry after failed upload
PROC009841,APP03947,UP011694,48:19.9,13:41.1,Pass,Initial,HASH_ADDITIONAL_DOCUMENT_947,
PROC009842,APP03948,UP011695,23:11.4,36:45.9,Pass,Re-validation,HASH_IDENTITY_948,Rule-triggered re-verification
PROC009843,APP03948,UP011696,24:51.4,35:15.5,Pass,Re-validation,HASH_INCOME_948,Rule-triggered re-verification
PROC009844,APP03948,UP011697,40:23.6,09:40.9,Pass,Re-validation,HASH_ADDITIONAL_DOCUMENT_948,Previous validation expired
PROC009845,APP03949,UP011699,03:57.9,13:30.2,Pass,Re-validation,HASH_IDENTITY_949,Retry after failed upload
PROC009846,APP03949,UP011701,09:19.6,22:08.0,Pass,Re-validation,HASH_INCOME_949,Retry after failed upload
PROC009847,APP03949,UP011702,23:32.4,42:25.0,Pass,Initial,HASH_ADDITIONAL_DOCUMENT_949,
PROC009848,APP03950,UP011704,32:23.8,52:10.9,Pass,Re-validation,HASH_IDENTITY_950,Retry after failed upload
PROC009849,APP03950,UP011707,50:45.0,06:29.2,Pass,Re-validation,HASH_INCOME_950,Retry after failed upload
PROC009850,APP03950,UP011709,45:09.6,05:48.0,Pass,Re-validation,HASH_ADDITIONAL_DOCUMENT_950,Retry after failed upload
PROC009851,APP03951,UP011710,07:54.4,13:24.6,Pass,Initial,HASH_IDENTITY_951,
PROC009852,APP03951,UP011711,04:54.4,21:11.8,Pass,Initial,HASH_INCOME_951,
PROC009853,APP03951,UP011712,22:41.2,50:28.6,Pass,Initial,HASH_ADDITIONAL_DOCUMENT_951,
PROC009854,APP03952,UP011713,17:40.0,30:02.8,Pass,Initial,HASH_IDENTITY_952,
PROC009855,APP03952,UP011714,24:40.3,37:15.8,Pass,Re-validation,HASH_INCOME_952,System could not reuse prior result
PROC009856,APP03952,UP011715,29:52.2,49:45.1,Pass,Initial,HASH_ADDITIONAL_DOCUMENT_952,
PROC009857,APP03953,UP011716,49:25.4,04:08.3,Pass,Initial,HASH_IDENTITY_953,
PROC009858,APP03953,UP011717,09:55.9,17:41.6,Pass,Initial,HASH_INCOME_953,
PROC009859,APP03953,UP011718,16:07.5,43:34.0,Pass,Initial,HASH_ADDITIONAL_DOCUMENT_953,
PROC009860,APP03954,UP011719,22:00.5,45:19.3,Pass,Re-validation,HASH_IDENTITY_954,Rule-triggered re-verification
PROC009861,APP03954,UP011721,18:53.5,38:21.6,Pass,Re-validation,HASH_INCOME_954,Retry after failed upload
PROC009862,APP03954,UP011724,36:24.9,53:56.2,Pass,Re-validation,HASH_ADDITIONAL_DOCUMENT_954,Retry after failed upload
PROC009863,APP03955,UP011725,48:18.4,02:15.0,Pass,Initial,HASH_IDENTITY_955,
PROC009864,APP03955,UP011726,51:22.2,04:25.7,Pass,Initial,HASH_INCOME_955,
PROC009865,APP03955,UP011727,13:06.6,41:32.8,Pass,Initial,HASH_ADDITIONAL_DOCUMENT_955,
PROC009866,APP03956,UP011728,49:48.6,53:29.0,Pass,Re-validation,HASH_IDENTITY_956,System could not reuse prior result
PROC009867,APP03956,UP011729,55:39.8,10:00.7,Pass,Initial,HASH_INCOME_956,
PROC009868,APP03956,UP011730,11:02.4,35:42.8,Pass,Initial,HASH_ADDITIONAL_DOCUMENT_956,
PROC009869,APP03957,UP011731,24:03.7,39:25.9,Pass,Initial,HASH_IDENTITY_957,
PROC009870,APP03957,UP011732,30:58.1,53:52.0,Pass,Initial,HASH_INCOME_957,
PROC009871,APP03957,UP011735,53:30.7,14:31.3,Pass,Re-validation,HASH_ADDITIONAL_DOCUMENT_957,Retry after failed upload
PROC009872,APP03958,UP011736,16:35.5,34:42.8,Pass,Re-validation,HASH_IDENTITY_958,Previous validation expired
PROC009873,APP03958,UP011737,20:10.2,37:11.5,Pass,Initial,HASH_INCOME_958,
PROC009874,APP03958,UP011738,24:53.7,39:07.0,Pass,Initial,HASH_ADDITIONAL_DOCUMENT_958,
PROC009875,APP03959,UP011739,52:22.0,11:57.0,Pass,Re-validation,HASH_IDENTITY_959,System could not reuse prior result
PROC009876,APP03959,UP011740,01:58.5,11:42.3,Pass,Initial,HASH_INCOME_959,
PROC009877,APP03959,UP011741,43:12.4,10:50.0,Pass,Re-validation,HASH_ADDITIONAL_DOCUMENT_959,Rule-triggered re-verification
PROC009878,APP03960,UP011742,02:32.5,22:04.1,Pass,Re-validation,HASH_IDENTITY_960,Previous validation expired
PROC009879,APP03960,UP011743,21:56.8,45:20.7,Pass,Initial,HASH_INCOME_960,
PROC009880,APP03960,UP011746,25:00.7,43:49.9,Pass,Re-validation,HASH_ADDITIONAL_DOCUMENT_960,Retry after failed upload
PROC009881,APP03961,UP011747,25:08.5,34:00.0,Pass,Initial,HASH_IDENTITY_961,
PROC009882,APP03961,UP011748,21:46.0,34:33.2,Pass,Initial,HASH_INCOME_961,
PROC009883,APP03961,UP011749,36:17.3,57:33.3,Pass,Initial,HASH_ADDITIONAL_DOCUMENT_961,
PROC009884,APP03962,UP011750,30:58.1,46:15.6,Pass,Initial,HASH_IDENTITY_962,
PROC009885,APP03962,UP011751,28:59.2,49:50.5,Pass,Initial,HASH_INCOME_962,
PROC009886,APP03962,UP011752,30:55.7,58:40.7,Pass,Initial,HASH_ADDITIONAL_DOCUMENT_962,
PROC009887,APP03963,UP011753,53:42.6,11:57.3,Pass,Re-validation,HASH_IDENTITY_963,Previous validation expired
PROC009888,APP03963,UP011754,01:54.3,17:33.8,Pass,Initial,HASH_INCOME_963,
PROC009889,APP03963,UP011757,06:27.2,25:57.9,Pass,Re-validation,HASH_ADDITIONAL_DOCUMENT_963,Retry after failed upload
PROC009890,APP03964,UP011758,56:14.6,09:57.9,Pass,Re-validation,HASH_IDENTITY_964,System could not reuse prior result
PROC009891,APP03964,UP011759,24:13.8,36:34.5,Pass,Initial,HASH_INCOME_964,
PROC009892,APP03964,UP011760,36:29.9,56:54.4,Pass,Initial,HASH_ADDITIONAL_DOCUMENT_964,
PROC009893,APP03965,UP011761,34:44.4,55:28.0,Pass,Initial,HASH_IDENTITY_965,
PROC009894,APP03965,UP011763,39:51.8,53:45.3,Pass,Re-validation,HASH_INCOME_965,Retry after failed upload
PROC009895,APP03965,UP011764,50:49.5,20:51.3,Pass,Re-validation,HASH_ADDITIONAL_DOCUMENT_965,System could not reuse prior result
PROC009896,APP03966,UP011766,51:39.6,06:03.6,Pass,Re-validation,HASH_IDENTITY_966,Retry after failed upload
PROC009897,APP03966,UP011767,01:15.8,11:27.9,Pass,Initial,HASH_INCOME_966,
PROC009898,APP03966,UP011768,48:17.8,09:44.2,Pass,Initial,HASH_ADDITIONAL_DOCUMENT_966,
PROC009899,APP03967,UP011769,26:32.5,41:36.6,Pass,Initial,HASH_IDENTITY_967,
PROC009900,APP03967,UP011770,30:31.8,44:31.7,Pass,Initial,HASH_INCOME_967,
PROC009901,APP03967,UP011771,37:06.7,58:15.6,Pass,Re-validation,HASH_ADDITIONAL_DOCUMENT_967,Rule-triggered re-verification
PROC009902,APP03968,UP011772,37:16.3,50:09.0,Pass,Initial,HASH_IDENTITY_968,
PROC009903,APP03968,UP011775,42:26.6,56:19.3,Pass,Re-validation,HASH_INCOME_968,Retry after failed upload
PROC009904,APP03968,UP011776,41:07.4,58:47.3,Pass,Initial,HASH_ADDITIONAL_DOCUMENT_968,
PROC009905,APP03969,UP011777,09:08.3,25:33.8,Pass,Initial,HASH_IDENTITY_969,
PROC009906,APP03969,UP011778,09:51.8,19:40.9,Pass,Re-validation,HASH_INCOME_969,System could not reuse prior result
PROC009907,APP03969,UP011779,07:33.1,37:37.5,Fail,Initial,HASH_ADDITIONAL_DOCUMENT_969,
PROC009908,APP03970,UP011780,07:33.0,30:07.6,Pass,Initial,HASH_IDENTITY_970,
PROC009909,APP03970,UP011781,14:13.2,28:30.2,Fail,Initial,HASH_INCOME_970,
PROC009910,APP03970,UP011783,32:28.6,02:02.6,Pass,Re-validation,HASH_ADDITIONAL_DOCUMENT_970,Retry after failed upload
PROC009911,APP03971,UP011784,55:21.7,08:00.8,Pass,Initial,HASH_IDENTITY_971,
PROC009912,APP03971,UP011786,53:02.2,00:55.0,Pass,Re-validation,HASH_INCOME_971,Retry after failed upload
PROC009913,APP03971,UP011787,04:51.8,21:04.7,Pass,Initial,HASH_ADDITIONAL_DOCUMENT_971,
PROC009914,APP03972,UP011788,46:44.4,04:37.3,Pass,Initial,HASH_IDENTITY_972,
PROC009915,APP03972,UP011789,43:11.5,53:28.6,Pass,Re-validation,HASH_INCOME_972,System could not reuse prior result
PROC009916,APP03972,UP011790,44:03.2,04:12.9,Pass,Re-validation,HASH_ADDITIONAL_DOCUMENT_972,Rule-triggered re-verification
PROC009917,APP03973,UP011791,04:56.8,20:12.6,Pass,Re-validation,HASH_IDENTITY_973,Rule-triggered re-verification
PROC009918,APP03973,UP011792,01:32.0,13:34.5,Pass,Initial,HASH_INCOME_973,
PROC009919,APP03973,UP011794,14:29.9,38:38.9,Pass,Re-validation,HASH_ADDITIONAL_DOCUMENT_973,Retry after failed upload
PROC009920,APP03974,UP011795,14:45.5,31:18.0,Pass,Initial,HASH_IDENTITY_974,
PROC009921,APP03974,UP011796,18:33.6,27:52.6,Pass,Initial,HASH_INCOME_974,
PROC009922,APP03974,UP011797,36:18.2,01:05.1,Pass,Initial,HASH_ADDITIONAL_DOCUMENT_974,
PROC009923,APP03975,UP011798,26:42.5,34:29.9,Pass,Initial,HASH_IDENTITY_975,
PROC009924,APP03975,UP011799,14:08.5,27:48.6,Pass,Re-validation,HASH_INCOME_975,System could not reuse prior result
PROC009925,APP03975,UP011800,28:25.7,49:00.4,Pass,Re-validation,HASH_ADDITIONAL_DOCUMENT_975,System could not reuse prior result
PROC009926,APP03976,UP011801,23:37.5,43:05.6,Pass,Initial,HASH_IDENTITY_976,
PROC009927,APP03976,UP011803,28:15.3,50:51.3,Pass,Re-validation,HASH_INCOME_976,Retry after failed upload
PROC009928,APP03976,UP011805,57:10.5,16:47.3,Pass,Re-validation,HASH_ADDITIONAL_DOCUMENT_976,Retry after failed upload
PROC009929,APP03977,UP011806,06:28.3,21:12.3,Pass,Initial,HASH_IDENTITY_977,
PROC009930,APP03977,UP011807,31:15.7,40:14.5,Pass,Initial,HASH_INCOME_977,
PROC009931,APP03977,UP011810,28:02.3,54:24.6,Pass,Re-validation,HASH_ADDITIONAL_DOCUMENT_977,Retry after failed upload
PROC009932,APP03978,UP011811,08:54.5,27:43.9,Pass,Initial,HASH_IDENTITY_978,
PROC009933,APP03978,UP011812,14:45.4,33:40.3,Pass,Initial,HASH_INCOME_978,
PROC009934,APP03978,UP011814,30:22.4,50:44.7,Pass,Re-validation,HASH_ADDITIONAL_DOCUMENT_978,Retry after failed upload
PROC009935,APP03979,UP011815,41:06.5,59:37.8,Pass,Initial,HASH_IDENTITY_979,
PROC009936,APP03979,UP011816,39:13.3,55:14.5,Pass,Initial,HASH_INCOME_979,
PROC009937,APP03979,UP011817,55:01.1,19:49.4,Pass,Re-validation,HASH_ADDITIONAL_DOCUMENT_979,Rule-triggered re-verification
PROC009938,APP03980,UP011818,56:22.6,13:11.0,Pass,Initial,HASH_IDENTITY_980,
PROC009939,APP03980,UP011819,51:10.1,08:57.9,Pass,Re-validation,HASH_INCOME_980,Rule-triggered re-verification
PROC009940,APP03980,UP011820,00:09.3,24:41.8,Pass,Initial,HASH_ADDITIONAL_DOCUMENT_980,
PROC009941,APP03981,UP011821,04:41.4,13:34.2,Fail,Initial,HASH_IDENTITY_981,
PROC009942,APP03981,UP011822,09:02.0,27:25.9,Pass,Initial,HASH_INCOME_981,
PROC009943,APP03981,UP011825,23:18.6,47:56.6,Pass,Re-validation,HASH_ADDITIONAL_DOCUMENT_981,Retry after failed upload
PROC009944,APP03982,UP011827,54:18.5,06:19.1,Pass,Re-validation,HASH_IDENTITY_982,Retry after failed upload
PROC009945,APP03982,UP011828,05:42.8,26:11.9,Pass,Initial,HASH_INCOME_982,
PROC009946,APP03982,UP011831,26:40.4,57:04.5,Pass,Re-validation,HASH_ADDITIONAL_DOCUMENT_982,Retry after failed upload
PROC009947,APP03983,UP011832,36:08.4,56:51.2,Pass,Re-validation,HASH_IDENTITY_983,Previous validation expired
PROC009948,APP03983,UP011833,50:56.5,07:35.1,Pass,Initial,HASH_INCOME_983,
PROC009949,APP03983,UP011834,06:13.9,27:22.1,Pass,Initial,HASH_ADDITIONAL_DOCUMENT_983,
PROC009950,APP03984,UP011835,42:42.3,55:12.8,Pass,Initial,HASH_IDENTITY_984,
PROC009951,APP03984,UP011836,38:21.5,50:40.0,Pass,Initial,HASH_INCOME_984,
PROC009952,APP03984,UP011837,33:13.6,52:29.9,Pass,Initial,HASH_ADDITIONAL_DOCUMENT_984,
PROC009953,APP03985,UP011838,30:26.1,46:27.2,Pass,Initial,HASH_IDENTITY_985,
PROC009954,APP03985,UP011839,35:52.3,48:41.9,Pass,Initial,HASH_INCOME_985,
PROC009955,APP03985,UP011840,50:23.2,10:24.0,Pass,Re-validation,HASH_ADDITIONAL_DOCUMENT_985,Rule-triggered re-verification
PROC009956,APP03986,UP011841,04:15.6,16:08.6,Pass,Re-validation,HASH_IDENTITY_986,Previous validation expired
PROC009957,APP03986,UP011842,23:37.5,40:27.9,Fail,Re-validation,HASH_INCOME_986,Previous validation expired
PROC009958,APP03986,UP011843,32:32.4,53:11.0,Pass,Initial,HASH_ADDITIONAL_DOCUMENT_986,
PROC009959,APP03987,UP011844,11:25.1,28:46.5,Pass,Initial,HASH_IDENTITY_987,
PROC009960,APP03987,UP011845,20:01.0,34:16.2,Fail,Initial,HASH_INCOME_987,
PROC009961,APP03987,UP011846,43:17.7,05:10.5,Pass,Initial,HASH_ADDITIONAL_DOCUMENT_987,
PROC009962,APP03988,UP011849,29:25.8,43:03.9,Pass,Re-validation,HASH_IDENTITY_988,Retry after failed upload
PROC009963,APP03988,UP011850,29:35.8,45:53.5,Pass,Re-validation,HASH_INCOME_988,System could not reuse prior result
PROC009964,APP03988,UP011852,42:28.8,00:24.6,Fail,Re-validation,HASH_ADDITIONAL_DOCUMENT_988,Retry after failed upload
PROC009965,APP03989,UP011853,32:58.7,44:41.2,Pass,Initial,HASH_IDENTITY_989,
PROC009966,APP03989,UP011854,38:44.3,47:13.0,Pass,Initial,HASH_INCOME_989,
PROC009967,APP03989,UP011855,49:53.1,11:23.6,Fail,Initial,HASH_ADDITIONAL_DOCUMENT_989,
PROC009968,APP03990,UP011856,13:07.7,33:28.3,Pass,Initial,HASH_IDENTITY_990,
PROC009969,APP03990,UP011857,20:14.2,37:21.9,Pass,Re-validation,HASH_INCOME_990,Previous validation expired
PROC009970,APP03990,UP011858,29:41.2,45:38.0,Pass,Initial,HASH_ADDITIONAL_DOCUMENT_990,
PROC009971,APP03991,UP011859,49:55.6,09:41.3,Pass,Initial,HASH_IDENTITY_991,
PROC009972,APP03991,UP011860,45:13.6,59:24.3,Fail,Initial,HASH_INCOME_991,
PROC009973,APP03991,UP011861,00:01.9,22:26.4,Pass,Initial,HASH_ADDITIONAL_DOCUMENT_991,
PROC009974,APP03992,UP011862,42:53.3,54:36.8,Pass,Initial,HASH_IDENTITY_992,
PROC009975,APP03992,UP011863,39:36.6,52:16.7,Pass,Initial,HASH_INCOME_992,
PROC009976,APP03992,UP011864,02:57.1,27:12.2,Pass,Re-validation,HASH_ADDITIONAL_DOCUMENT_992,System could not reuse prior result
PROC009977,APP03993,UP011865,17:00.9,37:00.2,Pass,Initial,HASH_IDENTITY_993,
PROC009978,APP03993,UP011866,15:49.9,28:06.7,Pass,Initial,HASH_INCOME_993,
PROC009979,APP03993,UP011868,26:38.4,42:39.3,Pass,Re-validation,HASH_ADDITIONAL_DOCUMENT_993,Retry after failed upload
PROC009980,APP03994,UP011869,02:46.1,21:47.3,Pass,Initial,HASH_IDENTITY_994,
PROC009981,APP03994,UP011870,13:38.9,31:18.5,Pass,Initial,HASH_INCOME_994,
PROC009982,APP03994,UP011871,17:43.0,42:28.8,Pass,Initial,HASH_ADDITIONAL_DOCUMENT_994,
PROC009983,APP03995,UP011872,31:49.8,48:24.9,Pass,Re-validation,HASH_IDENTITY_995,Previous validation expired
PROC009984,APP03995,UP011873,26:50.3,38:22.9,Pass,Initial,HASH_INCOME_995,
PROC009985,APP03995,UP011874,39:35.7,06:44.2,Pass,Initial,HASH_ADDITIONAL_DOCUMENT_995,
PROC009986,APP03996,UP011875,28:55.9,39:57.8,Pass,Initial,HASH_IDENTITY_996,
PROC009987,APP03996,UP011876,30:24.1,45:41.3,Pass,Initial,HASH_INCOME_996,
PROC009988,APP03996,UP011878,03:19.7,27:55.5,Pass,Re-validation,HASH_ADDITIONAL_DOCUMENT_996,Retry after failed upload
PROC009989,APP03997,UP011879,53:17.5,09:38.9,Pass,Re-validation,HASH_IDENTITY_997,Previous validation expired
PROC009990,APP03997,UP011880,11:56.9,22:54.1,Pass,Re-validation,HASH_INCOME_997,Rule-triggered re-verification
PROC009991,APP03997,UP011881,19:39.7,40:56.1,Pass,Initial,HASH_ADDITIONAL_DOCUMENT_997,
PROC009992,APP03998,UP011882,20:19.0,33:58.4,Pass,Re-validation,HASH_IDENTITY_998,Rule-triggered re-verification
PROC009993,APP03998,UP011883,31:20.7,49:13.0,Pass,Re-validation,HASH_INCOME_998,System could not reuse prior result
PROC009994,APP03998,UP011884,44:45.6,04:30.0,Pass,Initial,HASH_ADDITIONAL_DOCUMENT_998,
PROC009995,APP03999,UP011885,01:58.9,20:57.7,Fail,Initial,HASH_IDENTITY_999,
PROC009996,APP03999,UP011887,01:22.2,15:03.7,Pass,Re-validation,HASH_INCOME_999,Retry after failed upload
PROC009997,APP03999,UP011888,24:10.7,36:40.1,Pass,Initial,HASH_ADDITIONAL_DOCUMENT_999,
PROC009998,APP04000,UP011889,27:58.9,44:24.0,Pass,Initial,HASH_IDENTITY_000,
PROC009999,APP04000,UP011890,14:20.6,32:31.2,Pass,Initial,HASH_INCOME_000,
PROC010000,APP04000,UP011891,33:35.3,59:21.2,Pass,Initial,HASH_ADDITIONAL_DOCUMENT_000,
