upload_id,application_id,document_type,upload_status,start_time,end_time,file_size_mb,error_code,attempt_number
UP000001,APP00001,Identity,Successful,24:23.3,39:52.8,3.02,,1
UP000002,APP00001,Income,Successful,25:26.2,34:18.4,5.28,,1
UP000003,APP00002,Identity,Successful,06:31.1,20:47.0,6.89,,1
UP000004,APP00002,Income,Successful,11:14.7,26:12.0,3.99,,1
UP000005,APP00003,Identity,Successful,24:51.8,46:15.8,5.29,,1
UP000006,APP00003,Income,Successful,21:37.2,28:16.2,4.77,,1
UP000007,APP00004,Identity,Successful,12:51.1,26:26.1,3.14,,1
UP000008,APP00004,Income,Successful,21:43.1,26:34.7,6.96,,1
UP000009,APP00005,Identity,Successful,26:11.6,35:08.6,3.38,,1
UP000010,APP00005,Income,Successful,43:27.5,55:01.6,0.57,,1
UP000011,APP00006,Identity,Successful,42:40.2,49:10.1,4.95,,1
UP000012,APP00006,Income,Successful,45:17.3,51:54.9,4.17,,1
UP000013,APP00007,Identity,Successful,49:36.3,02:03.3,4.58,,1
UP000014,APP00007,Income,Successful,54:24.8,05:10.4,2.81,,1
UP000015,APP00008,Identity,Successful,49:01.4,09:06.4,4.64,,1
UP000016,APP00008,Income,Failed,54:46.3,12:07.3,0.5,UPLOAD_TIMEOUT,1
UP000017,APP00008,Income,Successful,52:29.6,08:38.0,5.28,,2
UP000018,APP00009,Identity,Failed,08:31.1,27:45.5,5.86,UPLOAD_TIMEOUT,1
UP000019,APP00009,Identity,Successful,59:31.2,13:21.1,1.1,,2
UP000020,APP00009,Income,Successful,21:31.6,37:14.3,3.69,,1
UP000021,APP00010,Identity,Successful,26:00.6,34:41.5,2.52,,1
UP000022,APP00010,Income,Successful,29:33.5,39:26.2,4.04,,1
UP000023,APP00011,Identity,Successful,35:45.6,55:42.2,5.11,,1
UP000024,APP00011,Income,Successful,36:52.4,44:14.3,1.43,,1
UP000025,APP00012,Identity,Successful,21:31.3,39:35.2,5.63,,1
UP000026,APP00012,Income,Successful,25:48.0,31:28.7,1.95,,1
UP000027,APP00013,Identity,Successful,34:09.0,36:09.0,2.24,,1
UP000028,APP00013,Income,Successful,32:14.0,46:37.2,4.01,,1
UP000029,APP00014,Identity,Successful,06:50.3,13:37.4,1.24,,1
UP000030,APP00014,Income,Successful,58:04.1,08:27.7,1.68,,1
UP000031,APP00015,Identity,Failed,07:16.8,24:06.3,2.32,TRANSFER_ERROR,1
UP000032,APP00015,Identity,Failed,04:53.9,17:59.6,5.12,UPLOAD_TIMEOUT,2
UP000033,APP00015,Identity,Successful,09:45.5,27:33.6,3.93,,3
UP000034,APP00015,Income,Successful,12:49.0,27:19.4,4.37,,1
UP000035,APP00016,Identity,Successful,32:55.6,39:10.8,4.89,,1
UP000036,APP00016,Income,Successful,39:41.0,44:12.3,3.1,,1
UP000037,APP00017,Identity,Successful,09:43.0,12:46.2,2.23,,1
UP000038,APP00017,Income,Successful,18:24.1,39:35.6,3.68,,1
UP000039,APP00018,Identity,Successful,57:30.6,11:27.5,3.54,,1
UP000040,APP00018,Income,Successful,08:32.6,18:17.4,2.45,,1
UP000041,APP00019,Identity,Successful,06:06.4,16:46.9,1.72,,1
UP000042,APP00019,Income,Successful,12:01.2,27:16.1,6.88,,1
UP000043,APP00020,Identity,Successful,39:12.3,46:41.2,0.82,,1
UP000044,APP00020,Income,Successful,38:16.7,53:16.2,6.06,,1
UP000045,APP00021,Identity,Successful,08:00.7,15:32.0,2.51,,1
UP000046,APP00021,Income,Successful,12:33.2,22:48.1,3.13,,1
UP000047,APP00022,Identity,Successful,53:14.4,07:49.3,6.25,,1
UP000048,APP00022,Income,Successful,57:44.2,12:40.4,4.89,,1
UP000049,APP00023,Identity,Successful,54:07.4,56:07.4,4.01,,1
UP000050,APP00023,Income,Successful,02:54.8,15:06.6,3.31,,1
UP000051,APP00024,Identity,Successful,29:35.2,48:44.5,2.89,,1
UP000052,APP00024,Income,Successful,32:32.7,45:42.7,2.33,,1
UP000053,APP00025,Identity,Successful,54:43.0,10:40.4,2.29,,1
UP000054,APP00025,Income,Successful,56:20.4,09:15.8,5.76,,1
UP000055,APP00026,Identity,Failed,20:36.7,30:04.7,2.98,FILE_TOO_LARGE,1
UP000056,APP00026,Identity,Successful,28:22.8,34:41.0,4.12,,2
UP000057,APP00026,Income,Successful,23:35.4,39:11.3,1.06,,1
UP000058,APP00027,Identity,Successful,54:23.0,14:21.1,0.5,,1
UP000059,APP00027,Income,Failed,52:49.1,01:37.9,2.85,UPLOAD_TIMEOUT,1
UP000060,APP00027,Income,Successful,53:53.0,09:34.1,2.03,,2
UP000061,APP00028,Identity,Successful,31:58.7,44:06.2,2.85,,1
UP000062,APP00028,Income,Successful,29:03.4,49:21.6,6.73,,1
UP000063,APP00029,Identity,Successful,54:52.7,09:12.8,3.3,,1
UP000064,APP00029,Income,Failed,56:42.4,06:39.0,4.55,FILE_TOO_LARGE,1
UP000065,APP00029,Income,Successful,03:37.8,05:37.8,0.92,,2
UP000066,APP00030,Identity,Successful,29:43.0,33:53.9,4.69,,1
UP000067,APP00030,Income,Successful,25:03.5,32:45.9,1.36,,1
UP000068,APP00031,Identity,Successful,18:42.3,33:15.6,3.26,,1
UP000069,APP00031,Income,Successful,23:08.3,44:00.3,1.73,,1
UP000070,APP00032,Identity,Successful,46:49.6,59:11.7,6.41,,1
UP000071,APP00032,Income,Successful,56:32.2,07:02.9,5.06,,1
UP000072,APP00033,Identity,Successful,09:31.7,26:02.5,6.01,,1
UP000073,APP00033,Income,Successful,19:26.3,33:26.3,5.51,,1
UP000074,APP00034,Identity,Successful,08:27.4,25:08.0,4.07,,1
UP000075,APP00034,Income,Successful,16:30.0,35:15.2,1.58,,1
UP000076,APP00035,Identity,Successful,56:12.8,58:12.8,2.68,,1
UP000077,APP00035,Income,Successful,56:23.1,06:00.6,7.3,,1
UP000078,APP00036,Identity,Successful,21:58.2,31:16.2,1.46,,1
UP000079,APP00036,Income,Successful,23:47.0,36:05.2,1,,1
UP000080,APP00037,Identity,Successful,43:40.9,57:34.5,1.76,,1
UP000081,APP00037,Income,Successful,47:06.7,02:29.3,3.23,,1
UP000082,APP00038,Identity,Successful,36:39.4,50:17.6,1.69,,1
UP000083,APP00038,Income,Successful,46:17.2,55:11.7,4.73,,1
UP000084,APP00039,Identity,Successful,25:32.1,42:35.6,4.02,,1
UP000085,APP00039,Income,Successful,34:06.8,47:38.5,5.47,,1
UP000086,APP00040,Identity,Failed,47:15.7,09:44.5,2,FILE_TOO_LARGE,1
UP000087,APP00040,Identity,Failed,51:24.2,01:10.3,3.74,UPLOAD_TIMEOUT,2
UP000088,APP00040,Identity,Successful,49:37.8,11:40.9,3.36,,3
UP000089,APP00040,Income,Successful,52:11.7,57:05.9,3.94,,1
UP000090,APP00041,Identity,Successful,05:43.6,20:51.3,4.51,,1
UP000091,APP00041,Income,Successful,59:21.6,13:02.9,3.21,,1
UP000092,APP00042,Identity,Successful,50:05.3,00:21.8,4.48,,1
UP000093,APP00042,Income,Successful,58:57.6,09:49.1,5.25,,1
UP000094,APP00043,Identity,Successful,26:48.6,44:47.1,1.73,,1
UP000095,APP00043,Income,Failed,37:05.9,46:28.2,2.4,TRANSFER_ERROR,1
UP000096,APP00043,Income,Successful,44:51.0,51:52.7,1.82,,2
UP000097,APP00044,Identity,Failed,52:42.5,02:58.9,5.58,FILE_TOO_LARGE,1
UP000098,APP00044,Identity,Failed,58:56.8,14:52.1,5.11,UPLOAD_TIMEOUT,2
UP000099,APP00044,Identity,Successful,08:37.4,13:16.6,5.69,,3
UP000100,APP00044,Income,Successful,55:09.9,59:45.5,4.5,,1
UP000101,APP00045,Identity,Successful,33:45.7,44:50.9,7.01,,1
UP000102,APP00045,Income,Successful,35:09.8,46:37.5,6.87,,1
UP000103,APP00046,Identity,Successful,25:54.2,41:49.3,4.63,,1
UP000104,APP00046,Income,Successful,18:40.6,40:34.8,5.4,,1
UP000105,APP00047,Identity,Successful,07:01.2,15:42.0,4.17,,1
UP000106,APP00047,Income,Successful,16:46.5,30:22.1,5.01,,1
UP000107,APP00048,Identity,Successful,09:57.1,23:03.7,4.7,,1
UP000108,APP00048,Income,Successful,16:39.6,23:15.9,2.55,,1
UP000109,APP00049,Identity,Failed,03:43.9,15:44.1,1.52,FILE_TOO_LARGE,1
UP000110,APP00049,Identity,Failed,08:30.7,25:05.0,1.91,FILE_TOO_LARGE,2
UP000111,APP00049,Identity,Successful,15:55.1,39:35.0,2.4,,3
UP000112,APP00049,Income,Successful,15:42.4,31:33.8,4.28,,1
UP000113,APP00050,Identity,Successful,40:08.5,54:47.7,6.68,,1
UP000114,APP00050,Income,Successful,35:50.8,50:04.1,4.88,,1
UP000115,APP00051,Identity,Successful,47:13.3,49:13.3,3.03,,1
UP000116,APP00051,Income,Successful,52:41.4,54:41.4,3.59,,1
UP000117,APP00052,Identity,Successful,20:36.5,22:36.5,3.37,,1
UP000118,APP00052,Income,Successful,23:26.0,33:49.6,3.95,,1
UP000119,APP00053,Identity,Successful,33:53.4,46:05.2,3.13,,1
UP000120,APP00053,Income,Successful,50:13.3,52:13.3,4.92,,1
UP000121,APP00054,Identity,Successful,48:02.6,54:24.9,1.84,,1
UP000122,APP00054,Income,Successful,43:15.0,51:19.8,5.93,,1
UP000123,APP00055,Identity,Successful,10:18.3,22:02.0,3.85,,1
UP000124,APP00055,Income,Successful,12:51.9,37:53.5,4.19,,1
UP000125,APP00056,Identity,Successful,33:12.2,40:47.2,4.09,,1
UP000126,APP00056,Income,Successful,43:53.1,47:52.3,6.29,,1
UP000127,APP00057,Identity,Successful,31:34.8,46:03.4,5.59,,1
UP000128,APP00057,Income,Successful,37:43.0,55:23.2,1.95,,1
UP000129,APP00058,Identity,Failed,07:17.0,25:47.0,2.79,TRANSFER_ERROR,1
UP000130,APP00058,Identity,Successful,12:47.6,22:43.9,4.43,,2
UP000131,APP00058,Income,Successful,08:15.4,26:06.6,5.27,,1
UP000132,APP00059,Identity,Successful,54:42.3,04:34.1,3.25,,1
UP000133,APP00059,Income,Successful,02:06.7,19:08.5,0.89,,1
UP000134,APP00060,Identity,Failed,43:24.3,54:50.9,5.22,TRANSFER_ERROR,1
UP000135,APP00060,Identity,Successful,54:02.7,07:44.3,5.76,,2
UP000136,APP00060,Income,Successful,03:18.7,08:19.8,2.19,,1
UP000137,APP00061,Identity,Successful,41:23.7,57:20.7,1.39,,1
UP000138,APP00061,Income,Successful,29:23.6,37:23.4,1.86,,1
UP000139,APP00062,Identity,Successful,32:39.9,45:39.0,2.86,,1
UP000140,APP00062,Income,Successful,40:09.4,58:10.3,3.07,,1
UP000141,APP00063,Identity,Successful,56:12.3,13:20.8,4.88,,1
UP000142,APP00063,Income,Successful,56:43.0,11:22.7,1.73,,1
UP000143,APP00064,Identity,Successful,17:06.4,34:20.8,4.98,,1
UP000144,APP00064,Income,Successful,25:51.3,39:29.5,8.09,,1
UP000145,APP00065,Identity,Successful,06:39.6,20:13.6,1.43,,1
UP000146,APP00065,Income,Successful,03:20.4,12:25.4,5.21,,1
UP000147,APP00066,Identity,Successful,03:25.4,23:03.7,1.14,,1
UP000148,APP00066,Income,Successful,14:47.1,26:12.4,0.5,,1
UP000149,APP00067,Identity,Successful,30:15.1,37:07.5,3.15,,1
UP000150,APP00067,Income,Successful,35:43.3,38:19.4,3.84,,1
UP000151,APP00068,Identity,Successful,40:03.1,50:19.6,2.86,,1
UP000152,APP00068,Income,Failed,43:52.2,05:32.1,3.38,UPLOAD_TIMEOUT,1
UP000153,APP00068,Income,Successful,50:21.8,56:04.0,1.14,,2
UP000154,APP00069,Identity,Successful,35:52.2,37:52.2,4.4,,1
UP000155,APP00069,Income,Successful,48:26.5,56:43.2,4.16,,1
UP000156,APP00070,Identity,Successful,11:25.9,19:02.4,5.38,,1
UP000157,APP00070,Income,Successful,10:54.9,15:39.2,1.72,,1
UP000158,APP00071,Identity,Successful,28:03.8,43:06.1,4,,1
UP000159,APP00071,Income,Successful,39:16.2,00:05.7,0.5,,1
UP000160,APP00072,Identity,Successful,43:28.3,55:23.5,4.43,,1
UP000161,APP00072,Income,Successful,50:01.4,59:07.3,0.5,,1
UP000162,APP00073,Identity,Successful,58:16.1,10:33.6,3.74,,1
UP000163,APP00073,Income,Successful,53:09.4,01:57.1,3.85,,1
UP000164,APP00074,Identity,Successful,00:08.3,02:55.6,4.72,,1
UP000165,APP00074,Income,Successful,06:23.1,20:09.0,4.91,,1
UP000166,APP00075,Identity,Successful,28:43.1,42:56.0,6.21,,1
UP000167,APP00075,Income,Successful,28:33.8,45:55.7,0.5,,1
UP000168,APP00076,Identity,Successful,37:35.7,47:05.2,3.41,,1
UP000169,APP00076,Income,Successful,36:48.4,51:16.5,2.7,,1
UP000170,APP00077,Identity,Successful,17:17.4,36:20.8,4.76,,1
UP000171,APP00077,Income,Successful,21:37.1,36:31.4,3.81,,1
UP000172,APP00078,Identity,Successful,37:47.6,41:22.9,2.29,,1
UP000173,APP00078,Income,Successful,54:19.6,56:44.2,5.48,,1
UP000174,APP00079,Identity,Successful,14:29.5,31:43.8,3.52,,1
UP000175,APP00079,Income,Successful,21:49.4,36:38.3,4.82,,1
UP000176,APP00080,Identity,Successful,11:49.6,26:33.0,3.92,,1
UP000177,APP00080,Income,Successful,16:28.2,24:27.7,2.53,,1
UP000178,APP00081,Identity,Successful,51:10.3,01:16.1,3.32,,1
UP000179,APP00081,Income,Failed,59:01.8,01:01.8,4.29,TRANSFER_ERROR,1
UP000180,APP00081,Income,Failed,59:37.4,19:26.2,6.42,UPLOAD_TIMEOUT,2
UP000181,APP00081,Income,Successful,47:28.0,00:32.5,3.43,,3
UP000182,APP00082,Identity,Successful,17:22.6,37:13.8,1.6,,1
UP000183,APP00082,Income,Successful,30:51.6,37:16.6,3.5,,1
UP000184,APP00083,Identity,Successful,35:07.9,52:01.0,2.53,,1
UP000185,APP00083,Income,Successful,43:35.1,52:53.0,1.94,,1
UP000186,APP00084,Identity,Successful,51:45.6,08:24.8,4.06,,1
UP000187,APP00084,Income,Successful,54:46.1,01:42.8,4.62,,1
UP000188,APP00085,Identity,Successful,47:07.8,55:33.5,3.95,,1
UP000189,APP00085,Income,Successful,57:06.1,04:14.4,2.14,,1
UP000190,APP00086,Identity,Successful,07:05.5,17:59.6,6.04,,1
UP000191,APP00086,Income,Successful,13:15.0,15:15.0,5.58,,1
UP000192,APP00087,Identity,Successful,12:32.8,26:30.0,2.88,,1
UP000193,APP00087,Income,Successful,18:03.5,27:06.3,3.3,,1
UP000194,APP00088,Identity,Successful,06:21.0,22:06.0,4.36,,1
UP000195,APP00088,Income,Successful,07:29.7,27:37.3,2.28,,1
UP000196,APP00089,Identity,Failed,02:14.7,18:02.9,2.83,UPLOAD_TIMEOUT,1
UP000197,APP00089,Identity,Successful,20:11.0,39:58.1,3.42,,2
UP000198,APP00089,Income,Successful,18:05.1,32:26.8,5.7,,1
UP000199,APP00090,Identity,Successful,54:34.5,05:40.4,8.11,,1
UP000200,APP00090,Income,Successful,00:33.1,07:49.0,3.99,,1
UP000201,APP00091,Identity,Successful,27:23.5,29:44.7,2.51,,1
UP000202,APP00091,Income,Successful,29:50.9,46:00.7,2.1,,1
UP000203,APP00092,Identity,Successful,57:44.4,08:22.9,3.2,,1
UP000204,APP00092,Income,Successful,59:34.6,13:09.1,3.21,,1
UP000205,APP00093,Identity,Failed,04:01.3,16:36.1,5.33,UPLOAD_TIMEOUT,1
UP000206,APP00093,Identity,Failed,09:47.1,17:00.6,2.53,UPLOAD_TIMEOUT,2
UP000207,APP00093,Identity,Successful,59:09.6,14:02.0,0.5,,3
UP000208,APP00093,Income,Successful,09:20.2,13:24.6,4.62,,1
UP000209,APP00094,Identity,Failed,50:07.0,10:25.9,4.47,FILE_TOO_LARGE,1
UP000210,APP00094,Identity,Failed,49:24.6,12:16.5,5.62,TRANSFER_ERROR,2
UP000211,APP00094,Identity,Successful,48:18.4,58:25.0,4.19,,3
UP000212,APP00094,Income,Successful,48:27.2,58:34.7,6.2,,1
UP000213,APP00095,Identity,Successful,41:58.6,43:58.6,5.05,,1
UP000214,APP00095,Income,Successful,44:32.5,59:56.4,1.51,,1
UP000215,APP00096,Identity,Successful,08:23.5,18:28.8,4.27,,1
UP000216,APP00096,Income,Successful,11:11.2,18:08.8,0.5,,1
UP000217,APP00097,Identity,Successful,39:05.6,41:05.6,1.67,,1
UP000218,APP00097,Income,Successful,43:44.4,01:31.7,6.14,,1
UP000219,APP00098,Identity,Successful,53:16.6,59:30.1,2.54,,1
UP000220,APP00098,Income,Failed,59:22.8,12:39.7,4.75,FILE_TOO_LARGE,1
UP000221,APP00098,Income,Successful,04:08.3,16:29.6,5.19,,2
UP000222,APP00099,Identity,Successful,40:20.5,44:50.4,4.42,,1
UP000223,APP00099,Income,Successful,40:42.5,44:54.1,2.35,,1
UP000224,APP00100,Identity,Successful,56:44.3,03:49.4,3.91,,1
UP000225,APP00100,Income,Successful,02:41.8,06:00.0,3.45,,1
UP000226,APP00101,Identity,Successful,51:25.2,58:51.2,1.85,,1
UP000227,APP00101,Income,Failed,00:12.8,09:36.5,5.46,UPLOAD_TIMEOUT,1
UP000228,APP00101,Income,Failed,59:21.6,01:21.6,3.52,UPLOAD_TIMEOUT,2
UP000229,APP00101,Income,Successful,52:14.7,01:24.4,3.23,,3
UP000230,APP00102,Identity,Successful,08:23.9,15:33.5,4.59,,1
UP000231,APP00102,Income,Successful,28:22.0,42:47.4,0.58,,1
UP000232,APP00103,Identity,Successful,53:03.5,56:19.5,2.47,,1
UP000233,APP00103,Income,Successful,54:13.2,01:40.4,1.38,,1
UP000234,APP00104,Identity,Successful,58:11.0,12:21.8,5,,1
UP000235,APP00104,Income,Successful,12:30.4,27:08.0,1.62,,1
UP000236,APP00105,Identity,Successful,04:33.7,14:56.1,5.91,,1
UP000237,APP00105,Income,Successful,14:11.6,22:27.6,3.91,,1
UP000238,APP00106,Identity,Successful,02:10.1,08:15.1,0.5,,1
UP000239,APP00106,Income,Successful,05:34.4,22:56.8,1.12,,1
UP000240,APP00107,Identity,Failed,37:09.2,48:13.8,5.14,TRANSFER_ERROR,1
UP000241,APP00107,Identity,Failed,45:40.8,52:49.9,2.97,TRANSFER_ERROR,2
UP000242,APP00107,Identity,Successful,44:54.4,54:19.8,5.12,,3
UP000243,APP00107,Income,Successful,51:51.6,06:43.0,6.92,,1
UP000244,APP00108,Identity,Successful,51:43.8,09:19.1,4.25,,1
UP000245,APP00108,Income,Successful,02:41.6,10:43.5,2.08,,1
UP000246,APP00109,Identity,Successful,24:57.6,29:25.1,3.72,,1
UP000247,APP00109,Income,Successful,13:06.9,24:08.8,2.89,,1
UP000248,APP00110,Identity,Successful,19:18.6,33:28.3,2.28,,1
UP000249,APP00110,Income,Successful,39:22.5,52:00.4,4.06,,1
UP000250,APP00111,Identity,Successful,33:40.8,49:27.6,3.69,,1
UP000251,APP00111,Income,Successful,39:29.5,51:33.5,2.72,,1
UP000252,APP00112,Identity,Successful,50:03.5,00:51.3,7.02,,1
UP000253,APP00112,Income,Successful,41:38.9,43:38.9,6.25,,1
UP000254,APP00113,Identity,Successful,25:10.3,33:40.1,4.84,,1
UP000255,APP00113,Income,Successful,20:56.1,22:56.1,1.01,,1
UP000256,APP00114,Identity,Successful,22:56.2,38:31.1,6.01,,1
UP000257,APP00114,Income,Successful,30:58.5,40:01.4,2.72,,1
UP000258,APP00115,Identity,Successful,26:07.4,30:07.8,4.44,,1
UP000259,APP00115,Income,Successful,41:06.5,43:06.5,3.39,,1
UP000260,APP00116,Identity,Successful,38:34.6,45:14.2,1.89,,1
UP000261,APP00116,Income,Successful,46:03.5,01:22.5,5.79,,1
UP000262,APP00117,Identity,Successful,14:05.2,18:24.9,1.13,,1
UP000263,APP00117,Income,Successful,16:50.1,32:01.7,1.3,,1
UP000264,APP00118,Identity,Successful,26:35.5,35:04.8,4.68,,1
UP000265,APP00118,Income,Successful,30:19.1,44:13.6,3.28,,1
UP000266,APP00119,Identity,Successful,51:17.6,10:30.0,0.56,,1
UP000267,APP00119,Income,Failed,46:56.9,56:48.5,2.38,TRANSFER_ERROR,1
UP000268,APP00119,Income,Failed,57:45.2,24:45.4,0.5,UPLOAD_TIMEOUT,2
UP000269,APP00119,Income,Successful,52:54.1,05:53.0,2.71,,3
UP000270,APP00120,Identity,Successful,19:12.3,22:24.1,2.83,,1
UP000271,APP00120,Income,Failed,22:46.6,30:09.5,3.92,UPLOAD_TIMEOUT,1
UP000272,APP00120,Income,Successful,26:13.0,31:44.3,3.3,,2
UP000273,APP00121,Identity,Successful,47:27.3,00:08.1,3.5,,1
UP000274,APP00121,Income,Successful,48:24.9,54:31.6,4.7,,1
UP000275,APP00122,Identity,Successful,16:40.4,18:40.4,2.73,,1
UP000276,APP00122,Income,Successful,19:07.4,26:43.6,5.84,,1
UP000277,APP00123,Identity,Successful,25:38.4,27:38.4,3.49,,1
UP000278,APP00123,Income,Successful,30:04.8,35:44.3,2.21,,1
UP000279,APP00124,Identity,Successful,41:06.5,54:36.1,4.18,,1
UP000280,APP00124,Income,Successful,58:39.4,08:52.1,1.54,,1
UP000281,APP00125,Identity,Successful,55:28.4,05:16.7,3.32,,1
UP000282,APP00125,Income,Successful,56:39.4,58:39.4,0.93,,1
UP000283,APP00126,Identity,Successful,25:49.5,42:23.4,6.12,,1
UP000284,APP00126,Income,Successful,31:38.5,38:07.6,4.01,,1
UP000285,APP00127,Identity,Successful,35:12.2,43:21.5,4.21,,1
UP000286,APP00127,Income,Successful,38:27.5,40:27.5,2.5,,1
UP000287,APP00128,Identity,Successful,23:18.6,36:26.6,5.43,,1
UP000288,APP00128,Income,Successful,35:26.5,53:33.4,2.49,,1
UP000289,APP00129,Identity,Successful,02:44.9,10:30.3,5.01,,1
UP000290,APP00129,Income,Successful,10:47.2,13:25.2,3.99,,1
UP000291,APP00130,Identity,Successful,17:31.8,33:06.1,3.64,,1
UP000292,APP00130,Income,Successful,32:09.6,46:35.3,5.89,,1
UP000293,APP00131,Identity,Successful,21:03.7,25:37.7,5.87,,1
UP000294,APP00131,Income,Successful,16:32.2,18:32.2,5.33,,1
UP000295,APP00132,Identity,Successful,07:52.0,16:02.4,4.78,,1
UP000296,APP00132,Income,Successful,17:29.3,36:46.0,3.29,,1
UP000297,APP00133,Identity,Successful,02:58.5,08:28.5,3.21,,1
UP000298,APP00133,Income,Successful,53:56.1,06:20.3,2.46,,1
UP000299,APP00134,Identity,Successful,35:03.2,44:01.4,0.88,,1
UP000300,APP00134,Income,Successful,45:40.0,57:55.5,4.59,,1
UP000301,APP00135,Identity,Successful,11:40.5,19:24.1,0.91,,1
UP000302,APP00135,Income,Successful,19:32.8,25:42.7,0.64,,1
UP000303,APP00136,Identity,Successful,37:59.9,43:52.2,4.53,,1
UP000304,APP00136,Income,Successful,50:36.6,01:10.0,4.14,,1
UP000305,APP00137,Identity,Successful,42:13.1,46:24.6,4.59,,1
UP000306,APP00137,Income,Successful,48:22.0,53:25.1,3.73,,1
UP000307,APP00138,Identity,Successful,37:05.4,56:29.7,1.73,,1
UP000308,APP00138,Income,Successful,40:14.8,51:21.9,2.7,,1
UP000309,APP00139,Identity,Successful,41:38.0,43:38.0,3.39,,1
UP000310,APP00139,Income,Successful,44:53.9,00:17.7,3.62,,1
UP000311,APP00140,Identity,Successful,42:13.2,52:06.1,3.88,,1
UP000312,APP00140,Income,Successful,35:56.4,48:48.6,1.37,,1
UP000313,APP00141,Identity,Successful,35:36.3,51:14.9,3.07,,1
UP000314,APP00141,Income,Successful,39:15.4,53:33.7,3.13,,1
UP000315,APP00142,Identity,Successful,41:35.2,43:35.2,5.34,,1
UP000316,APP00142,Income,Successful,45:52.8,53:46.4,2.87,,1
UP000317,APP00143,Identity,Successful,50:39.2,56:47.1,1.63,,1
UP000318,APP00143,Income,Successful,53:35.2,59:31.2,1.87,,1
UP000319,APP00144,Identity,Successful,36:52.0,56:16.4,1.62,,1
UP000320,APP00144,Income,Successful,45:19.6,00:23.3,6.76,,1
UP000321,APP00145,Identity,Successful,13:32.9,24:01.2,4.04,,1
UP000322,APP00145,Income,Successful,26:13.8,36:01.4,4.44,,1
UP000323,APP00146,Identity,Successful,10:14.3,21:52.8,5.49,,1
UP000324,APP00146,Income,Successful,21:54.5,31:26.8,3.97,,1
UP000325,APP00147,Identity,Successful,49:13.1,03:54.6,2.84,,1
UP000326,APP00147,Income,Failed,05:30.6,19:41.5,3.46,UPLOAD_TIMEOUT,1
UP000327,APP00147,Income,Failed,56:43.8,06:46.8,6.25,TRANSFER_ERROR,2
UP000328,APP00147,Income,Successful,56:49.4,08:44.9,5.27,,3
UP000329,APP00148,Identity,Successful,30:39.8,41:19.3,3.37,,1
UP000330,APP00148,Income,Successful,20:14.3,36:42.6,3.85,,1
UP000331,APP00149,Identity,Successful,16:30.9,25:53.4,5.6,,1
UP000332,APP00149,Income,Successful,26:23.7,35:04.0,3.07,,1
UP000333,APP00150,Identity,Successful,27:59.5,38:27.8,4.76,,1
UP000334,APP00150,Income,Successful,33:14.7,47:40.5,2.02,,1
UP000335,APP00151,Identity,Successful,09:29.4,33:21.5,1.24,,1
UP000336,APP00151,Income,Successful,07:01.8,18:41.2,2.46,,1
UP000337,APP00152,Identity,Successful,59:18.1,16:17.2,4.69,,1
UP000338,APP00152,Income,Successful,00:07.4,10:17.2,1.63,,1
UP000339,APP00153,Identity,Successful,45:10.1,52:10.8,2.15,,1
UP000340,APP00153,Income,Successful,49:06.1,59:26.3,3.06,,1
UP000341,APP00154,Identity,Successful,52:33.3,55:58.8,3.82,,1
UP000342,APP00154,Income,Successful,04:33.3,22:56.1,1.77,,1
UP000343,APP00155,Identity,Successful,32:32.3,38:19.4,3.91,,1
UP000344,APP00155,Income,Successful,30:42.3,53:01.4,1.75,,1
UP000345,APP00156,Identity,Successful,44:06.0,58:25.4,1.41,,1
UP000346,APP00156,Income,Successful,52:15.0,04:53.9,3.02,,1
UP000347,APP00157,Identity,Successful,23:46.5,34:44.5,3.07,,1
UP000348,APP00157,Income,Successful,25:40.1,39:50.1,1.75,,1
UP000349,APP00158,Identity,Successful,55:37.4,08:42.5,4.16,,1
UP000350,APP00158,Income,Successful,49:53.5,58:06.5,5.01,,1
UP000351,APP00159,Identity,Failed,33:27.4,47:34.0,3.05,UPLOAD_TIMEOUT,1
UP000352,APP00159,Identity,Successful,44:06.7,59:57.6,3.05,,2
UP000353,APP00159,Income,Successful,41:40.0,49:31.8,4.25,,1
UP000354,APP00160,Identity,Successful,53:34.1,58:00.4,1.77,,1
UP000355,APP00160,Income,Successful,56:16.9,08:25.0,4.66,,1
UP000356,APP00161,Identity,Successful,01:56.8,11:26.3,2.42,,1
UP000357,APP00161,Income,Successful,09:40.9,11:40.9,3.04,,1
UP000358,APP00162,Identity,Failed,59:45.2,15:34.7,6,FILE_TOO_LARGE,1
UP000359,APP00162,Identity,Failed,06:39.0,11:54.0,2.1,UPLOAD_TIMEOUT,2
UP000360,APP00162,Identity,Successful,02:47.3,09:08.6,1.61,,3
UP000361,APP00162,Income,Successful,05:44.2,12:23.1,2.61,,1
UP000362,APP00163,Identity,Successful,17:07.3,27:02.9,5.79,,1
UP000363,APP00163,Income,Successful,35:17.9,43:07.1,1.32,,1
UP000364,APP00164,Identity,Failed,57:16.9,00:20.8,3.98,TRANSFER_ERROR,1
UP000365,APP00164,Identity,Successful,54:07.5,58:54.7,2.85,,2
UP000366,APP00164,Income,Successful,02:56.9,19:47.3,3.5,,1
UP000367,APP00165,Identity,Successful,51:00.0,11:56.9,7.26,,1
UP000368,APP00165,Income,Successful,09:40.2,33:48.1,1.19,,1
UP000369,APP00166,Identity,Successful,12:41.6,24:17.0,1.66,,1
UP000370,APP00166,Income,Failed,15:18.4,30:15.0,1.88,FILE_TOO_LARGE,1
UP000371,APP00166,Income,Failed,04:36.0,20:59.0,4.38,UPLOAD_TIMEOUT,2
UP000372,APP00166,Income,Successful,17:37.8,32:46.8,3.68,,3
UP000373,APP00167,Identity,Successful,43:21.4,56:19.2,5.59,,1
UP000374,APP00167,Income,Successful,42:33.9,55:19.0,4.62,,1
UP000375,APP00168,Identity,Successful,55:33.2,08:52.1,7.97,,1
UP000376,APP00168,Income,Successful,04:56.9,20:15.6,3.32,,1
UP000377,APP00169,Identity,Successful,54:38.5,06:19.7,6.79,,1
UP000378,APP00169,Income,Successful,07:46.1,18:55.9,0.5,,1
UP000379,APP00170,Identity,Successful,48:24.1,54:58.6,3.75,,1
UP000380,APP00170,Income,Successful,48:35.9,57:38.1,0.5,,1
UP000381,APP00171,Identity,Successful,27:44.3,37:49.3,4.68,,1
UP000382,APP00171,Income,Successful,34:18.9,36:18.9,5.91,,1
UP000383,APP00172,Identity,Successful,21:30.4,33:12.4,4.35,,1
UP000384,APP00172,Income,Successful,19:21.4,26:17.1,5.73,,1
UP000385,APP00173,Identity,Successful,43:14.4,55:53.0,5.6,,1
UP000386,APP00173,Income,Successful,56:30.5,58:30.5,0.8,,1
UP000387,APP00174,Identity,Successful,11:23.5,26:52.1,0.51,,1
UP000388,APP00174,Income,Successful,23:19.6,38:27.3,3.14,,1
UP000389,APP00175,Identity,Successful,36:53.2,53:35.1,4.3,,1
UP000390,APP00175,Income,Successful,46:34.3,49:39.6,5.06,,1
UP000391,APP00176,Identity,Successful,04:38.3,13:52.8,2.96,,1
UP000392,APP00176,Income,Successful,04:59.2,10:04.8,5.2,,1
UP000393,APP00177,Identity,Successful,27:53.7,40:33.3,5.54,,1
UP000394,APP00177,Income,Successful,26:55.9,43:20.6,3.08,,1
UP000395,APP00178,Identity,Successful,01:30.4,13:24.9,3.17,,1
UP000396,APP00178,Income,Successful,05:00.7,14:22.4,7.05,,1
UP000397,APP00179,Identity,Successful,52:50.7,18:52.5,4.26,,1
UP000398,APP00179,Income,Successful,46:28.7,58:09.4,4.32,,1
UP000399,APP00180,Identity,Successful,39:28.6,51:11.6,1.9,,1
UP000400,APP00180,Income,Successful,42:03.2,46:50.2,5.77,,1
UP000401,APP00181,Identity,Successful,02:34.1,13:54.8,6.94,,1
UP000402,APP00181,Income,Successful,00:21.4,14:43.8,7.14,,1
UP000403,APP00182,Identity,Successful,36:45.8,46:35.4,0.91,,1
UP000404,APP00182,Income,Successful,52:06.7,03:52.7,6.47,,1
UP000405,APP00183,Identity,Failed,09:50.9,25:29.3,2.95,UPLOAD_TIMEOUT,1
UP000406,APP00183,Identity,Successful,12:52.3,18:22.9,4.79,,2
UP000407,APP00183,Income,Successful,12:53.5,35:31.7,4.75,,1
UP000408,APP00184,Identity,Successful,24:57.1,37:10.8,4.72,,1
UP000409,APP00184,Income,Successful,32:46.8,44:47.7,1.16,,1
UP000410,APP00185,Identity,Successful,23:18.9,37:10.6,7.02,,1
UP000411,APP00185,Income,Successful,41:31.2,56:19.6,2.98,,1
UP000412,APP00186,Identity,Successful,01:00.0,15:59.1,1.5,,1
UP000413,APP00186,Income,Successful,06:40.2,17:09.8,5.19,,1
UP000414,APP00187,Identity,Successful,19:06.1,24:54.8,2.08,,1
UP000415,APP00187,Income,Successful,11:40.8,30:36.7,5.06,,1
UP000416,APP00188,Identity,Successful,29:13.5,47:51.4,2.8,,1
UP000417,APP00188,Income,Successful,33:57.3,54:17.3,2.73,,1
UP000418,APP00189,Identity,Successful,17:27.0,24:17.8,2.93,,1
UP000419,APP00189,Income,Successful,21:28.7,25:17.0,2.44,,1
UP000420,APP00190,Identity,Successful,42:41.1,50:47.4,3.99,,1
UP000421,APP00190,Income,Successful,38:08.4,56:56.7,6.19,,1
UP000422,APP00191,Identity,Successful,47:52.1,54:55.6,7.62,,1
UP000423,APP00191,Income,Successful,58:08.0,07:16.7,4.23,,1
UP000424,APP00192,Identity,Successful,19:00.1,21:00.1,4.94,,1
UP000425,APP00192,Income,Successful,16:38.3,27:28.5,1.86,,1
UP000426,APP00193,Identity,Successful,58:15.8,07:09.1,2.93,,1
UP000427,APP00193,Income,Successful,09:52.9,24:31.2,5.1,,1
UP000428,APP00194,Identity,Successful,06:29.9,14:42.3,3.05,,1
UP000429,APP00194,Income,Successful,12:00.5,29:40.4,6.55,,1
UP000430,APP00195,Identity,Successful,08:00.0,16:41.9,4.67,,1
UP000431,APP00195,Income,Successful,12:26.1,26:41.3,1.46,,1
UP000432,APP00196,Identity,Successful,57:00.9,03:08.2,3.93,,1
UP000433,APP00196,Income,Successful,55:39.1,05:43.9,2.5,,1
UP000434,APP00197,Identity,Successful,04:12.8,21:26.1,3.77,,1
UP000435,APP00197,Income,Successful,13:09.7,28:20.2,4.01,,1
UP000436,APP00198,Identity,Successful,05:51.8,16:47.0,5.93,,1
UP000437,APP00198,Income,Failed,07:58.8,29:36.2,2.27,TRANSFER_ERROR,1
UP000438,APP00198,Income,Failed,06:10.2,15:16.7,1.62,TRANSFER_ERROR,2
UP000439,APP00198,Income,Successful,10:10.0,18:20.0,5.51,,3
UP000440,APP00199,Identity,Failed,38:02.0,44:33.0,3.75,UPLOAD_TIMEOUT,1
UP000441,APP00199,Identity,Failed,32:46.6,55:03.2,6.77,UPLOAD_TIMEOUT,2
UP000442,APP00199,Identity,Successful,33:12.6,48:24.3,4,,3
UP000443,APP00199,Income,Successful,34:11.5,46:12.1,5.54,,1
UP000444,APP00200,Identity,Successful,16:37.9,26:05.2,4.12,,1
UP000445,APP00200,Income,Successful,14:21.0,28:47.4,2.79,,1
UP000446,APP00201,Identity,Successful,59:18.4,10:06.0,1.35,,1
UP000447,APP00201,Income,Successful,03:04.8,19:26.6,6.22,,1
UP000448,APP00202,Identity,Successful,51:45.6,11:53.1,0.5,,1
UP000449,APP00202,Income,Successful,05:24.4,24:13.8,1.76,,1
UP000450,APP00203,Identity,Successful,49:05.2,59:49.7,4.02,,1
UP000451,APP00203,Income,Successful,53:50.8,03:42.7,1.21,,1
UP000452,APP00204,Identity,Successful,49:59.1,56:09.8,4.36,,1
UP000453,APP00204,Income,Successful,36:48.1,38:48.1,4.17,,1
UP000454,APP00205,Identity,Successful,47:18.3,58:35.3,4.82,,1
UP000455,APP00205,Income,Failed,50:33.2,06:32.8,3.87,UPLOAD_TIMEOUT,1
UP000456,APP00205,Income,Successful,46:17.8,48:42.9,4.29,,2
UP000457,APP00206,Identity,Successful,53:37.6,58:12.7,0.5,,1
UP000458,APP00206,Income,Successful,54:33.1,10:30.2,6.77,,1
UP000459,APP00207,Identity,Successful,45:37.5,59:41.9,2.16,,1
UP000460,APP00207,Income,Successful,40:28.6,53:40.9,2.3,,1
UP000461,APP00208,Identity,Successful,32:11.7,40:35.8,2.6,,1
UP000462,APP00208,Income,Successful,37:16.2,56:29.6,2.84,,1
UP000463,APP00209,Identity,Successful,31:57.9,53:41.2,3.45,,1
UP000464,APP00209,Income,Successful,31:42.1,34:58.1,0.5,,1
UP000465,APP00210,Identity,Successful,57:29.2,10:25.2,4.47,,1
UP000466,APP00210,Income,Successful,57:48.4,09:04.1,1.51,,1
UP000467,APP00211,Identity,Successful,25:31.2,38:40.5,0.5,,1
UP000468,APP00211,Income,Successful,33:51.0,41:33.2,2.81,,1
UP000469,APP00212,Identity,Successful,28:17.5,43:18.5,3.31,,1
UP000470,APP00212,Income,Successful,29:47.2,40:10.5,3.47,,1
UP000471,APP00213,Identity,Successful,23:33.1,35:21.6,3.64,,1
UP000472,APP00213,Income,Successful,30:06.3,40:12.3,5.39,,1
UP000473,APP00214,Identity,Successful,03:44.8,06:39.3,3.71,,1
UP000474,APP00214,Income,Successful,06:12.5,20:44.8,6.23,,1
UP000475,APP00215,Identity,Successful,14:02.1,20:50.2,2.76,,1
UP000476,APP00215,Income,Successful,33:06.0,47:26.1,4.05,,1
UP000477,APP00216,Identity,Successful,28:39.1,36:37.5,4.93,,1
UP000478,APP00216,Income,Successful,31:10.4,40:05.5,5.16,,1
UP000479,APP00217,Identity,Successful,31:04.8,35:51.4,3.87,,1
UP000480,APP00217,Income,Successful,33:26.7,38:33.7,5.24,,1
UP000481,APP00218,Identity,Successful,47:05.5,56:01.6,1.71,,1
UP000482,APP00218,Income,Successful,57:01.3,59:01.3,2.25,,1
UP000483,APP00219,Identity,Successful,33:35.8,52:55.8,2.99,,1
UP000484,APP00219,Income,Successful,30:52.7,46:03.5,3.1,,1
UP000485,APP00220,Identity,Successful,51:56.5,00:16.7,2.69,,1
UP000486,APP00220,Income,Successful,05:50.6,08:04.6,6.31,,1
UP000487,APP00221,Identity,Successful,19:14.1,23:23.3,1,,1
UP000488,APP00221,Income,Successful,17:45.1,27:34.9,3.29,,1
UP000489,APP00222,Identity,Successful,03:40.6,20:25.7,4.14,,1
UP000490,APP00222,Income,Successful,12:14.7,27:25.3,2.22,,1
UP000491,APP00223,Identity,Successful,33:20.6,51:20.9,4.7,,1
UP000492,APP00223,Income,Successful,34:03.0,46:04.0,5.53,,1
UP000493,APP00224,Identity,Successful,14:51.7,27:46.9,2.76,,1
UP000494,APP00224,Income,Failed,28:21.5,39:08.4,2.01,UPLOAD_TIMEOUT,1
UP000495,APP00224,Income,Successful,23:37.4,37:19.9,4.38,,2
UP000496,APP00225,Identity,Successful,08:28.4,16:02.1,7.41,,1
UP000497,APP00225,Income,Failed,10:58.6,27:13.1,5.27,UPLOAD_TIMEOUT,1
UP000498,APP00225,Income,Failed,20:39.8,28:09.5,3.22,TRANSFER_ERROR,2
UP000499,APP00225,Income,Successful,22:16.6,36:29.2,4.59,,3
UP000500,APP00226,Identity,Successful,03:36.7,20:27.5,3.62,,1
UP000501,APP00226,Income,Successful,09:00.8,11:00.8,3.95,,1
UP000502,APP00227,Identity,Successful,17:19.5,26:45.2,0.5,,1
UP000503,APP00227,Income,Failed,10:56.5,18:09.8,2.3,FILE_TOO_LARGE,1
UP000504,APP00227,Income,Successful,18:35.0,28:53.9,4.52,,2
UP000505,APP00228,Identity,Successful,14:44.6,28:16.1,2.52,,1
UP000506,APP00228,Income,Successful,24:41.9,38:19.2,1.76,,1
UP000507,APP00229,Identity,Successful,22:01.7,28:34.7,6.23,,1
UP000508,APP00229,Income,Successful,18:11.7,20:55.5,2.04,,1
UP000509,APP00230,Identity,Successful,50:46.8,56:42.5,6.9,,1
UP000510,APP00230,Income,Successful,55:16.8,59:05.2,3.45,,1
UP000511,APP00231,Identity,Successful,33:09.6,50:27.6,4.41,,1
UP000512,APP00231,Income,Successful,31:40.5,40:07.6,3.67,,1
UP000513,APP00232,Identity,Successful,28:42.6,49:10.8,4.1,,1
UP000514,APP00232,Income,Successful,38:08.7,54:26.7,5.69,,1
UP000515,APP00233,Identity,Successful,04:32.1,14:41.3,3.87,,1
UP000516,APP00233,Income,Successful,16:33.9,26:34.1,3.62,,1
UP000517,APP00234,Identity,Failed,33:48.0,55:01.1,3.42,UPLOAD_TIMEOUT,1
UP000518,APP00234,Identity,Successful,37:55.5,47:45.6,5.83,,2
UP000519,APP00234,Income,Failed,35:39.1,44:03.9,2.05,TRANSFER_ERROR,1
UP000520,APP00234,Income,Successful,39:51.5,55:17.9,4.28,,2
UP000521,APP00235,Identity,Successful,50:28.7,08:35.6,0.74,,1
UP000522,APP00235,Income,Successful,55:18.5,02:31.6,1.55,,1
UP000523,APP00236,Identity,Successful,33:25.7,50:57.4,8.89,,1
UP000524,APP00236,Income,Failed,28:00.0,39:45.7,3.77,TRANSFER_ERROR,1
UP000525,APP00236,Income,Successful,22:06.7,26:38.9,4.15,,2
UP000526,APP00237,Identity,Successful,39:48.1,47:21.6,3.87,,1
UP000527,APP00237,Income,Successful,32:14.3,37:33.3,0.77,,1
UP000528,APP00238,Identity,Successful,46:40.7,49:25.7,5.32,,1
UP000529,APP00238,Income,Successful,47:49.0,56:28.3,0.5,,1
UP000530,APP00239,Identity,Successful,11:29.1,18:51.5,4.59,,1
UP000531,APP00239,Income,Successful,14:36.2,28:22.1,1.21,,1
UP000532,APP00240,Identity,Successful,27:34.6,40:11.6,0.5,,1
UP000533,APP00240,Income,Successful,21:57.7,38:46.4,1.55,,1
UP000534,APP00241,Identity,Successful,30:59.2,41:22.5,2.79,,1
UP000535,APP00241,Income,Successful,32:51.0,45:40.9,3.91,,1
UP000536,APP00242,Identity,Successful,03:34.5,19:35.1,3.75,,1
UP000537,APP00242,Income,Successful,14:55.8,27:37.6,4.87,,1
UP000538,APP00243,Identity,Successful,41:33.6,06:12.2,5.72,,1
UP000539,APP00243,Income,Successful,46:04.1,50:38.8,6.19,,1
UP000540,APP00244,Identity,Successful,15:10.1,26:18.1,4.8,,1
UP000541,APP00244,Income,Successful,26:17.6,41:47.4,3.45,,1
UP000542,APP00245,Identity,Successful,46:40.1,55:13.1,1.98,,1
UP000543,APP00245,Income,Successful,47:10.9,03:56.7,3.9,,1
UP000544,APP00246,Identity,Successful,06:28.1,21:24.6,2.13,,1
UP000545,APP00246,Income,Successful,55:32.0,12:26.7,1.41,,1
UP000546,APP00247,Identity,Successful,40:22.5,01:10.3,3.34,,1
UP000547,APP00247,Income,Successful,43:59.7,50:17.1,4.87,,1
UP000548,APP00248,Identity,Successful,16:16.4,22:52.9,3.15,,1
UP000549,APP00248,Income,Successful,23:36.0,30:07.3,0.6,,1
UP000550,APP00249,Identity,Successful,07:12.3,13:16.3,2.24,,1
UP000551,APP00249,Income,Successful,59:16.6,06:44.2,2.89,,1
UP000552,APP00250,Identity,Successful,23:16.9,43:01.3,2.64,,1
UP000553,APP00250,Income,Successful,33:36.1,46:38.9,1.64,,1
UP000554,APP00251,Identity,Successful,41:13.0,01:30.3,3.12,,1
UP000555,APP00251,Income,Successful,49:05.9,02:43.8,2.27,,1
UP000556,APP00252,Identity,Successful,42:29.7,49:31.4,2.61,,1
UP000557,APP00252,Income,Successful,50:29.4,01:12.0,0.5,,1
UP000558,APP00253,Identity,Successful,01:57.1,15:46.9,5.37,,1
UP000559,APP00253,Income,Successful,16:38.0,29:45.3,3.87,,1
UP000560,APP00254,Identity,Successful,13:20.5,20:10.4,6.76,,1
UP000561,APP00254,Income,Successful,19:08.6,33:51.1,3.74,,1
UP000562,APP00255,Identity,Successful,44:45.3,53:47.1,5.34,,1
UP000563,APP00255,Income,Successful,40:29.7,46:40.0,1.35,,1
UP000564,APP00256,Identity,Successful,22:27.6,28:49.3,0.68,,1
UP000565,APP00256,Income,Successful,31:37.7,45:21.9,3.3,,1
UP000566,APP00257,Identity,Successful,09:04.1,20:17.2,3.26,,1
UP000567,APP00257,Income,Successful,19:45.8,35:33.7,1.59,,1
UP000568,APP00258,Identity,Successful,17:27.0,19:27.0,3.71,,1
UP000569,APP00258,Income,Successful,22:57.1,32:37.1,2,,1
UP000570,APP00259,Identity,Successful,07:22.2,20:52.6,4.27,,1
UP000571,APP00259,Income,Successful,09:20.9,17:46.2,3.94,,1
UP000572,APP00260,Identity,Successful,44:37.6,57:34.1,2.69,,1
UP000573,APP00260,Income,Successful,49:23.4,57:26.1,3.08,,1
UP000574,APP00261,Identity,Successful,58:16.7,08:02.6,5.1,,1
UP000575,APP00261,Income,Successful,05:06.0,07:06.0,4.78,,1
UP000576,APP00262,Identity,Successful,31:16.2,45:18.7,6.17,,1
UP000577,APP00262,Income,Successful,34:08.2,39:10.4,3.41,,1
UP000578,APP00263,Identity,Successful,34:36.4,36:36.4,3.36,,1
UP000579,APP00263,Income,Successful,24:25.0,28:21.2,4.08,,1
UP000580,APP00264,Identity,Successful,25:46.8,34:49.8,2.22,,1
UP000581,APP00264,Income,Successful,20:52.6,38:42.1,2.01,,1
UP000582,APP00265,Identity,Successful,51:45.1,09:50.0,0.69,,1
UP000583,APP00265,Income,Failed,02:32.2,19:08.6,5.55,TRANSFER_ERROR,1
UP000584,APP00265,Income,Failed,50:18.8,58:31.8,3.47,TRANSFER_ERROR,2
UP000585,APP00265,Income,Successful,05:39.1,18:25.3,1.79,,3
UP000586,APP00266,Identity,Successful,49:47.6,08:58.4,4.57,,1
UP000587,APP00266,Income,Successful,58:34.6,08:33.0,3.99,,1
UP000588,APP00267,Identity,Successful,12:51.5,29:51.6,1.89,,1
UP000589,APP00267,Income,Successful,08:58.7,21:43.6,2.42,,1
UP000590,APP00268,Identity,Successful,13:44.4,20:45.8,1.57,,1
UP000591,APP00268,Income,Successful,14:28.3,22:28.3,2.44,,1
UP000592,APP00269,Identity,Successful,39:21.1,55:07.0,0.5,,1
UP000593,APP00269,Income,Successful,43:21.8,57:12.9,4.93,,1
UP000594,APP00270,Identity,Successful,36:49.5,48:10.8,2.42,,1
UP000595,APP00270,Income,Successful,33:39.1,44:57.7,7.45,,1
UP000596,APP00271,Identity,Successful,58:31.0,04:39.0,4.78,,1
UP000597,APP00271,Income,Successful,00:39.6,07:46.5,5,,1
UP000598,APP00272,Identity,Successful,02:47.4,13:40.3,4.29,,1
UP000599,APP00272,Income,Successful,08:55.7,21:05.9,5.11,,1
UP000600,APP00273,Identity,Successful,38:51.4,50:39.6,1.72,,1
UP000601,APP00273,Income,Successful,47:44.7,56:14.1,3.85,,1
UP000602,APP00274,Identity,Failed,32:18.2,47:23.8,5.88,FILE_TOO_LARGE,1
UP000603,APP00274,Identity,Successful,19:50.4,34:45.1,5.18,,2
UP000604,APP00274,Income,Successful,33:46.6,48:55.5,5.75,,1
UP000605,APP00275,Identity,Successful,01:50.1,13:48.0,4.08,,1
UP000606,APP00275,Income,Failed,00:05.1,06:37.5,4.31,UPLOAD_TIMEOUT,1
UP000607,APP00275,Income,Successful,53:48.7,06:06.4,7.27,,2
UP000608,APP00276,Identity,Successful,42:55.1,55:01.6,1.41,,1
UP000609,APP00276,Income,Successful,53:09.0,03:07.8,3.11,,1
UP000610,APP00277,Identity,Successful,26:51.3,40:59.4,5.62,,1
UP000611,APP00277,Income,Successful,26:09.9,43:21.6,3.57,,1
UP000612,APP00278,Identity,Successful,25:10.4,31:43.2,6.71,,1
UP000613,APP00278,Income,Successful,34:30.3,48:14.1,4.24,,1
UP000614,APP00279,Identity,Successful,58:23.8,05:30.5,2.41,,1
UP000615,APP00279,Income,Successful,11:35.8,23:21.4,5.37,,1
UP000616,APP00280,Identity,Successful,26:05.8,31:13.6,2.11,,1
UP000617,APP00280,Income,Successful,35:28.5,53:35.2,0.5,,1
UP000618,APP00281,Identity,Successful,53:45.3,03:51.3,4.5,,1
UP000619,APP00281,Income,Successful,01:10.2,10:31.7,2.49,,1
UP000620,APP00282,Identity,Successful,33:42.3,36:20.9,0.5,,1
UP000621,APP00282,Income,Successful,35:31.4,38:38.1,4.43,,1
UP000622,APP00283,Identity,Successful,14:34.7,16:45.4,5.6,,1
UP000623,APP00283,Income,Successful,17:17.6,32:03.9,5.31,,1
UP000624,APP00284,Identity,Successful,51:21.3,06:44.7,4.1,,1
UP000625,APP00284,Income,Successful,58:57.8,18:14.0,2.69,,1
UP000626,APP00285,Identity,Successful,25:15.8,42:19.8,2.47,,1
UP000627,APP00285,Income,Successful,42:18.6,51:01.4,4.22,,1
UP000628,APP00286,Identity,Successful,22:44.8,31:41.2,3.02,,1
UP000629,APP00286,Income,Successful,36:20.4,48:33.6,5.9,,1
UP000630,APP00287,Identity,Successful,48:48.1,00:59.4,4.53,,1
UP000631,APP00287,Income,Successful,47:21.9,01:36.1,1.8,,1
UP000632,APP00288,Identity,Successful,13:46.3,20:38.8,1.96,,1
UP000633,APP00288,Income,Successful,09:43.7,18:54.9,7.34,,1
UP000634,APP00289,Identity,Successful,53:49.5,10:50.6,5.28,,1
UP000635,APP00289,Income,Successful,54:13.6,03:23.1,1.94,,1
UP000636,APP00290,Identity,Successful,20:38.3,29:45.7,5.32,,1
UP000637,APP00290,Income,Successful,10:26.4,15:30.9,2.21,,1
UP000638,APP00291,Identity,Successful,14:13.1,26:40.8,1.18,,1
UP000639,APP00291,Income,Successful,19:35.0,33:00.7,4.11,,1
UP000640,APP00292,Identity,Successful,08:33.1,21:17.1,4.08,,1
UP000641,APP00292,Income,Successful,02:57.1,11:02.4,4.97,,1
UP000642,APP00293,Identity,Successful,50:45.7,54:32.0,4.65,,1
UP000643,APP00293,Income,Successful,03:16.8,14:42.0,6.15,,1
UP000644,APP00294,Identity,Successful,47:35.7,01:49.9,4.1,,1
UP000645,APP00294,Income,Successful,49:47.5,58:52.4,3.1,,1
UP000646,APP00295,Identity,Successful,14:58.4,19:46.5,4.81,,1
UP000647,APP00295,Income,Successful,22:57.0,34:49.0,1.65,,1
UP000648,APP00296,Identity,Successful,13:11.4,34:05.3,1.95,,1
UP000649,APP00296,Income,Failed,18:37.4,31:34.7,6.09,UPLOAD_TIMEOUT,1
UP000650,APP00296,Income,Successful,17:45.2,25:46.1,4.47,,2
UP000651,APP00297,Identity,Successful,46:19.2,58:19.3,3.04,,1
UP000652,APP00297,Income,Successful,59:56.4,02:58.6,2.97,,1
UP000653,APP00298,Identity,Successful,39:46.3,06:13.1,2.09,,1
UP000654,APP00298,Income,Successful,46:43.9,53:04.5,1.05,,1
UP000655,APP00299,Identity,Successful,39:04.2,52:58.8,4.58,,1
UP000656,APP00299,Income,Successful,42:07.2,44:41.4,3.31,,1
UP000657,APP00300,Identity,Successful,51:57.4,05:24.6,2.89,,1
UP000658,APP00300,Income,Successful,55:57.5,57:57.5,2.97,,1
UP000659,APP00301,Identity,Successful,23:15.6,32:24.4,3.39,,1
UP000660,APP00301,Income,Successful,18:43.1,28:01.0,5.15,,1
UP000661,APP00302,Identity,Successful,23:00.0,36:09.4,4.74,,1
UP000662,APP00302,Income,Successful,37:13.7,42:37.9,2.85,,1
UP000663,APP00303,Identity,Successful,28:28.0,44:23.7,2.71,,1
UP000664,APP00303,Income,Successful,33:42.2,52:19.4,1.21,,1
UP000665,APP00304,Identity,Successful,31:19.6,37:01.5,4.41,,1
UP000666,APP00304,Income,Successful,37:58.5,51:03.6,6.1,,1
UP000667,APP00305,Identity,Successful,34:26.2,59:12.9,4.88,,1
UP000668,APP00305,Income,Successful,47:04.2,55:47.4,0.5,,1
UP000669,APP00306,Identity,Successful,52:58.9,00:59.8,2.55,,1
UP000670,APP00306,Income,Successful,57:42.7,05:05.4,1.93,,1
UP000671,APP00307,Identity,Successful,08:57.1,20:38.0,2.24,,1
UP000672,APP00307,Income,Successful,04:25.0,09:13.9,3.96,,1
UP000673,APP00308,Identity,Successful,27:58.7,30:27.2,3.68,,1
UP000674,APP00308,Income,Successful,30:16.0,37:29.5,2.78,,1
UP000675,APP00309,Identity,Successful,06:32.6,26:54.4,5.41,,1
UP000676,APP00309,Income,Successful,14:24.1,24:32.5,1.05,,1
UP000677,APP00310,Identity,Successful,17:52.7,28:15.4,6.85,,1
UP000678,APP00310,Income,Successful,11:22.0,20:03.9,7.58,,1
UP000679,APP00311,Identity,Successful,25:22.2,32:37.3,2.09,,1
UP000680,APP00311,Income,Successful,27:09.5,29:09.5,7.29,,1
UP000681,APP00312,Identity,Failed,48:31.1,58:06.7,3.96,FILE_TOO_LARGE,1
UP000682,APP00312,Identity,Failed,28:00.0,46:27.9,3.44,FILE_TOO_LARGE,2
UP000683,APP00312,Identity,Successful,41:29.6,00:00.5,4.67,,3
UP000684,APP00312,Income,Successful,31:25.9,47:00.5,5.26,,1
UP000685,APP00313,Identity,Successful,49:34.3,57:35.7,5.09,,1
UP000686,APP00313,Income,Successful,59:33.1,17:35.2,4.21,,1
UP000687,APP00314,Identity,Successful,23:53.7,26:33.5,4.55,,1
UP000688,APP00314,Income,Successful,17:16.4,31:00.7,6.71,,1
UP000689,APP00315,Identity,Successful,20:54.5,25:32.1,1.81,,1
UP000690,APP00315,Income,Successful,26:18.2,42:20.8,2.01,,1
UP000691,APP00316,Identity,Successful,50:45.6,04:10.6,6.14,,1
UP000692,APP00316,Income,Successful,01:56.9,21:00.9,3.54,,1
UP000693,APP00317,Identity,Successful,34:31.3,41:00.6,6.6,,1
UP000694,APP00317,Income,Successful,43:55.7,03:36.1,5.85,,1
UP000695,APP00318,Identity,Successful,35:58.0,37:58.0,7.75,,1
UP000696,APP00318,Income,Successful,30:39.7,32:40.4,3.06,,1
UP000697,APP00319,Identity,Successful,53:26.8,08:32.4,4.11,,1
UP000698,APP00319,Income,Successful,56:52.6,07:44.3,3.83,,1
UP000699,APP00320,Identity,Successful,27:12.9,41:03.6,2.22,,1
UP000700,APP00320,Income,Successful,21:01.0,34:15.7,6.74,,1
UP000701,APP00321,Identity,Successful,17:51.6,28:05.3,3.12,,1
UP000702,APP00321,Income,Successful,30:39.9,52:12.0,3.03,,1
UP000703,APP00322,Identity,Successful,26:41.0,45:57.6,3.39,,1
UP000704,APP00322,Income,Successful,31:16.8,48:12.9,2,,1
UP000705,APP00323,Identity,Successful,57:16.7,59:16.7,2.77,,1
UP000706,APP00323,Income,Failed,54:03.9,12:20.3,5.14,TRANSFER_ERROR,1
UP000707,APP00323,Income,Failed,04:57.3,10:44.2,4.07,UPLOAD_TIMEOUT,2
UP000708,APP00323,Income,Successful,02:12.2,06:21.4,1.24,,3
UP000709,APP00324,Identity,Successful,42:46.6,54:40.8,2.26,,1
UP000710,APP00324,Income,Successful,53:43.2,03:18.4,4.51,,1
UP000711,APP00325,Identity,Successful,53:34.7,59:25.4,1.13,,1
UP000712,APP00325,Income,Successful,52:01.6,10:14.1,0.5,,1
UP000713,APP00326,Identity,Successful,18:33.1,31:13.1,5.74,,1
UP000714,APP00326,Income,Successful,20:38.7,43:16.4,3.36,,1
UP000715,APP00327,Identity,Successful,49:10.5,02:00.3,4.94,,1
UP000716,APP00327,Income,Successful,54:04.4,05:54.9,1.98,,1
UP000717,APP00328,Identity,Successful,31:11.3,46:06.4,4.05,,1
UP000718,APP00328,Income,Successful,38:16.5,55:41.2,5.96,,1
UP000719,APP00329,Identity,Failed,59:54.8,08:45.9,4.67,UPLOAD_TIMEOUT,1
UP000720,APP00329,Identity,Successful,58:11.2,06:34.5,0.5,,2
UP000721,APP00329,Income,Successful,56:38.9,12:20.2,4.38,,1
UP000722,APP00330,Identity,Successful,43:19.4,02:42.3,4.48,,1
UP000723,APP00330,Income,Failed,50:57.8,02:21.3,1.67,UPLOAD_TIMEOUT,1
UP000724,APP00330,Income,Successful,50:58.3,08:31.5,5.74,,2
UP000725,APP00331,Identity,Successful,58:59.9,10:19.2,3.63,,1
UP000726,APP00331,Income,Successful,05:02.8,13:26.9,8.48,,1
UP000727,APP00332,Identity,Successful,35:24.9,45:01.4,1.97,,1
UP000728,APP00332,Income,Successful,33:27.2,54:38.4,0.5,,1
UP000729,APP00333,Identity,Successful,54:20.3,05:04.7,1.99,,1
UP000730,APP00333,Income,Successful,10:09.3,29:44.3,4.53,,1
UP000731,APP00334,Identity,Successful,57:30.9,11:40.4,3.53,,1
UP000732,APP00334,Income,Successful,57:48.0,12:06.4,2.65,,1
UP000733,APP00335,Identity,Successful,13:39.0,30:08.6,3.14,,1
UP000734,APP00335,Income,Successful,26:30.0,41:05.2,1.1,,1
UP000735,APP00336,Identity,Successful,44:28.9,51:14.0,4.94,,1
UP000736,APP00336,Income,Successful,58:19.9,15:12.5,1.28,,1
UP000737,APP00337,Identity,Successful,48:04.1,08:29.3,1.33,,1
UP000738,APP00337,Income,Successful,57:34.4,09:13.5,2.86,,1
UP000739,APP00338,Identity,Successful,27:54.5,42:47.2,0.64,,1
UP000740,APP00338,Income,Successful,24:52.3,32:33.0,2.79,,1
UP000741,APP00339,Identity,Successful,42:50.5,57:36.5,5.66,,1
UP000742,APP00339,Income,Successful,50:47.5,58:48.4,5,,1
UP000743,APP00340,Identity,Successful,59:20.0,07:18.2,5.62,,1
UP000744,APP00340,Income,Successful,05:28.4,09:45.2,2.62,,1
UP000745,APP00341,Identity,Successful,51:58.4,03:21.6,6.9,,1
UP000746,APP00341,Income,Successful,45:53.5,53:44.1,5.01,,1
UP000747,APP00342,Identity,Successful,21:00.0,23:00.0,6.97,,1
UP000748,APP00342,Income,Successful,35:21.8,37:21.8,3.11,,1
UP000749,APP00343,Identity,Successful,55:09.1,00:02.1,3.12,,1
UP000750,APP00343,Income,Successful,01:13.3,18:26.4,4.26,,1
UP000751,APP00344,Identity,Successful,57:46.4,07:47.3,4.25,,1
UP000752,APP00344,Income,Successful,08:12.8,28:58.3,4.05,,1
UP000753,APP00345,Identity,Successful,38:20.1,48:29.7,2.99,,1
UP000754,APP00345,Income,Failed,37:56.0,53:38.4,2.85,TRANSFER_ERROR,1
UP000755,APP00345,Income,Successful,32:48.3,49:44.4,2.73,,2
UP000756,APP00346,Identity,Successful,43:30.7,55:57.0,4.25,,1
UP000757,APP00346,Income,Successful,52:47.3,19:53.9,2.72,,1
UP000758,APP00347,Identity,Successful,20:08.1,41:31.4,4.07,,1
UP000759,APP00347,Income,Successful,32:11.9,39:17.0,1.75,,1
UP000760,APP00348,Identity,Successful,24:17.3,45:15.5,3.72,,1
UP000761,APP00348,Income,Successful,34:01.6,44:15.2,4.87,,1
UP000762,APP00349,Identity,Successful,35:23.2,59:55.7,8.03,,1
UP000763,APP00349,Income,Successful,44:35.9,49:59.7,3.43,,1
UP000764,APP00350,Identity,Successful,15:39.9,31:08.4,6.01,,1
UP000765,APP00350,Income,Successful,28:55.3,36:20.0,1.94,,1
UP000766,APP00351,Identity,Successful,58:24.9,04:31.8,1.19,,1
UP000767,APP00351,Income,Successful,05:16.1,30:47.8,4.16,,1
UP000768,APP00352,Identity,Successful,30:53.9,47:52.5,4.96,,1
UP000769,APP00352,Income,Successful,41:49.4,58:01.8,2.04,,1
UP000770,APP00353,Identity,Successful,52:44.8,09:24.1,5.37,,1
UP000771,APP00353,Income,Successful,58:24.6,13:42.4,8.33,,1
UP000772,APP00354,Identity,Successful,51:56.7,05:36.4,2.07,,1
UP000773,APP00354,Income,Successful,48:25.7,06:02.1,2.84,,1
UP000774,APP00355,Identity,Successful,46:31.4,03:37.3,5.52,,1
UP000775,APP00355,Income,Failed,45:13.1,05:11.6,3.03,UPLOAD_TIMEOUT,1
UP000776,APP00355,Income,Successful,43:47.0,03:22.7,1.69,,2
UP000777,APP00356,Identity,Successful,21:06.6,26:42.4,3.98,,1
UP000778,APP00356,Income,Successful,27:18.0,30:15.0,6.84,,1
UP000779,APP00357,Identity,Successful,36:21.6,51:44.6,0.5,,1
UP000780,APP00357,Income,Failed,47:13.0,01:10.6,2.33,UPLOAD_TIMEOUT,1
UP000781,APP00357,Income,Successful,54:41.4,10:22.9,3.04,,2
UP000782,APP00358,Identity,Successful,39:27.2,48:28.6,2.15,,1
UP000783,APP00358,Income,Successful,44:09.2,58:53.0,3.48,,1
UP000784,APP00359,Identity,Successful,02:07.4,04:07.4,3.25,,1
UP000785,APP00359,Income,Successful,11:06.6,13:12.6,6.68,,1
UP000786,APP00360,Identity,Successful,50:56.8,01:54.8,5.19,,1
UP000787,APP00360,Income,Successful,49:47.7,59:00.1,2.62,,1
UP000788,APP00361,Identity,Successful,15:50.1,26:39.6,2.7,,1
UP000789,APP00361,Income,Successful,32:31.6,50:28.7,2.89,,1
UP000790,APP00362,Identity,Successful,19:43.8,45:41.4,5.72,,1
UP000791,APP00362,Income,Failed,21:39.9,32:54.7,4.1,TRANSFER_ERROR,1
UP000792,APP00362,Income,Failed,24:03.7,34:51.3,0.6,FILE_TOO_LARGE,2
UP000793,APP00362,Income,Successful,21:57.9,40:01.4,2.07,,3
UP000794,APP00363,Identity,Successful,06:15.8,19:13.4,4.67,,1
UP000795,APP00363,Income,Successful,16:31.9,26:25.6,2.56,,1
UP000796,APP00364,Identity,Successful,06:24.1,20:24.6,2.72,,1
UP000797,APP00364,Income,Successful,09:56.4,30:17.3,3.88,,1
UP000798,APP00365,Identity,Successful,21:04.6,30:15.1,1.26,,1
UP000799,APP00365,Income,Successful,24:17.2,35:16.0,5.63,,1
UP000800,APP00366,Identity,Successful,20:42.3,34:16.0,3,,1
UP000801,APP00366,Income,Successful,37:58.7,52:55.9,4.61,,1
UP000802,APP00367,Identity,Successful,25:45.8,47:53.1,7.41,,1
UP000803,APP00367,Income,Failed,37:47.6,51:29.7,2.42,TRANSFER_ERROR,1
UP000804,APP00367,Income,Successful,28:29.7,36:22.1,3.01,,2
UP000805,APP00368,Identity,Successful,48:05.4,01:59.5,2.98,,1
UP000806,APP00368,Income,Successful,57:39.7,06:56.2,3.35,,1
UP000807,APP00369,Identity,Failed,57:32.5,18:56.3,1.77,TRANSFER_ERROR,1
UP000808,APP00369,Identity,Failed,01:44.8,18:26.2,0.97,UPLOAD_TIMEOUT,2
UP000809,APP00369,Identity,Successful,00:15.2,10:45.1,2.37,,3
UP000810,APP00369,Income,Successful,02:29.4,15:19.3,5.34,,1
UP000811,APP00370,Identity,Successful,38:11.4,57:03.8,0.5,,1
UP000812,APP00370,Income,Successful,43:36.4,48:27.4,4.83,,1
UP000813,APP00371,Identity,Successful,04:42.7,16:58.6,2.88,,1
UP000814,APP00371,Income,Successful,10:15.6,18:33.5,4.38,,1
UP000815,APP00372,Identity,Successful,42:31.7,58:40.5,4.45,,1
UP000816,APP00372,Income,Successful,36:34.5,40:49.1,1.08,,1
UP000817,APP00373,Identity,Successful,01:13.6,11:59.8,5.2,,1
UP000818,APP00373,Income,Successful,53:50.7,12:11.8,4.52,,1
UP000819,APP00374,Identity,Successful,47:57.5,55:27.5,4.04,,1
UP000820,APP00374,Income,Successful,54:34.9,57:12.0,1.96,,1
UP000821,APP00375,Identity,Successful,23:25.9,35:14.3,1.76,,1
UP000822,APP00375,Income,Successful,32:12.1,43:34.4,3.62,,1
UP000823,APP00376,Identity,Successful,58:28.7,02:48.3,4.11,,1
UP000824,APP00376,Income,Successful,08:49.8,10:49.8,5.73,,1
UP000825,APP00377,Identity,Successful,47:14.7,58:06.5,0.9,,1
UP000826,APP00377,Income,Failed,53:46.2,08:01.3,3.38,UPLOAD_TIMEOUT,1
UP000827,APP00377,Income,Successful,51:08.1,13:06.8,1.35,,2
UP000828,APP00378,Identity,Failed,39:12.2,52:14.7,6.24,TRANSFER_ERROR,1
UP000829,APP00378,Identity,Failed,45:00.8,08:26.8,1.07,UPLOAD_TIMEOUT,2
UP000830,APP00378,Identity,Successful,44:54.0,51:57.3,4.66,,3
UP000831,APP00378,Income,Successful,54:32.8,07:38.9,5.88,,1
UP000832,APP00379,Identity,Successful,33:24.1,42:07.5,4.8,,1
UP000833,APP00379,Income,Successful,33:54.7,46:48.3,5.94,,1
UP000834,APP00380,Identity,Successful,25:00.5,38:31.1,3.64,,1
UP000835,APP00380,Income,Successful,31:57.0,50:03.9,0.5,,1
UP000836,APP00381,Identity,Successful,08:04.4,17:19.8,2.69,,1
UP000837,APP00381,Income,Successful,21:33.5,33:35.6,1.84,,1
UP000838,APP00382,Identity,Successful,40:14.2,48:16.3,3.68,,1
UP000839,APP00382,Income,Failed,54:01.3,02:43.8,2.69,UPLOAD_TIMEOUT,1
UP000840,APP00382,Income,Successful,43:03.6,03:15.0,2.25,,2
UP000841,APP00383,Identity,Successful,56:58.3,06:28.2,0.5,,1
UP000842,APP00383,Income,Successful,08:48.1,20:10.1,4.22,,1
UP000843,APP00384,Identity,Successful,10:11.6,24:21.0,3.25,,1
UP000844,APP00384,Income,Successful,02:17.4,16:22.7,1.38,,1
UP000845,APP00385,Identity,Successful,47:47.6,05:32.2,2.56,,1
UP000846,APP00385,Income,Successful,59:22.5,15:31.2,0.78,,1
UP000847,APP00386,Identity,Successful,32:08.6,40:16.1,5.88,,1
UP000848,APP00386,Income,Successful,36:13.9,44:31.4,0.5,,1
UP000849,APP00387,Identity,Successful,02:44.8,18:24.1,4.41,,1
UP000850,APP00387,Income,Successful,10:47.1,26:53.5,3.82,,1
UP000851,APP00388,Identity,Successful,51:15.3,05:01.6,2.27,,1
UP000852,APP00388,Income,Successful,06:33.0,19:25.8,4.48,,1
UP000853,APP00389,Identity,Successful,52:59.9,04:39.9,1.86,,1
UP000854,APP00389,Income,Successful,55:11.8,00:20.3,2.97,,1
UP000855,APP00390,Identity,Successful,24:15.7,38:48.5,0.5,,1
UP000856,APP00390,Income,Successful,30:25.3,37:50.0,3.44,,1
UP000857,APP00391,Identity,Successful,33:08.2,40:50.4,5.2,,1
UP000858,APP00391,Income,Successful,39:24.4,46:13.9,4,,1
UP000859,APP00392,Identity,Successful,48:22.9,09:38.6,4.26,,1
UP000860,APP00392,Income,Successful,41:19.3,57:33.5,3.77,,1
UP000861,APP00393,Identity,Successful,04:57.3,14:51.6,3.27,,1
UP000862,APP00393,Income,Successful,06:20.0,17:42.8,1.47,,1
UP000863,APP00394,Identity,Successful,40:26.5,59:39.1,1.56,,1
UP000864,APP00394,Income,Successful,33:09.2,35:59.1,4.4,,1
UP000865,APP00395,Identity,Successful,32:35.9,37:16.1,5.37,,1
UP000866,APP00395,Income,Successful,44:43.7,50:38.5,3.15,,1
UP000867,APP00396,Identity,Successful,34:06.8,41:31.6,2.67,,1
UP000868,APP00396,Income,Successful,33:00.4,49:48.2,2.01,,1
UP000869,APP00397,Identity,Successful,53:27.5,07:33.4,7.47,,1
UP000870,APP00397,Income,Successful,05:17.9,08:56.2,4.09,,1
UP000871,APP00398,Identity,Successful,14:20.7,25:29.8,4.79,,1
UP000872,APP00398,Income,Successful,20:43.2,32:47.4,2.22,,1
UP000873,APP00399,Identity,Successful,18:41.4,40:11.9,0.71,,1
UP000874,APP00399,Income,Failed,24:49.3,32:31.1,1.75,UPLOAD_TIMEOUT,1
UP000875,APP00399,Income,Failed,24:16.9,36:09.3,1.94,FILE_TOO_LARGE,2
UP000876,APP00399,Income,Successful,16:56.4,24:48.5,0.5,,3
UP000877,APP00400,Identity,Successful,30:47.8,37:44.3,4.18,,1
UP000878,APP00400,Income,Successful,50:10.4,00:40.2,3.6,,1
UP000879,APP00401,Identity,Successful,40:57.2,51:32.9,4.96,,1
UP000880,APP00401,Income,Successful,35:09.4,49:16.3,4.55,,1
UP000881,APP00402,Identity,Successful,06:49.4,22:46.1,1.87,,1
UP000882,APP00402,Income,Successful,10:47.7,20:16.1,4.64,,1
UP000883,APP00403,Identity,Successful,36:07.3,41:06.3,1.48,,1
UP000884,APP00403,Income,Successful,24:18.5,26:53.1,3.99,,1
UP000885,APP00404,Identity,Successful,06:13.0,25:06.7,2.91,,1
UP000886,APP00404,Income,Successful,12:44.0,36:47.6,4.6,,1
UP000887,APP00405,Identity,Successful,59:11.1,13:51.0,6.94,,1
UP000888,APP00405,Income,Successful,45:25.6,02:51.7,1.07,,1
UP000889,APP00406,Identity,Successful,04:23.4,15:17.8,3.55,,1
UP000890,APP00406,Income,Successful,20:40.6,32:37.8,5.36,,1
UP000891,APP00407,Identity,Successful,07:53.1,29:05.1,0.5,,1
UP000892,APP00407,Income,Successful,05:06.7,09:24.2,0.84,,1
UP000893,APP00408,Identity,Successful,57:27.4,06:41.7,3.15,,1
UP000894,APP00408,Income,Successful,01:09.3,09:26.1,6.17,,1
UP000895,APP00409,Identity,Successful,31:40.9,36:37.7,6.98,,1
UP000896,APP00409,Income,Successful,42:54.8,53:45.9,5.93,,1
UP000897,APP00410,Identity,Failed,42:32.2,57:53.5,2.87,UPLOAD_TIMEOUT,1
UP000898,APP00410,Identity,Failed,37:10.5,51:00.1,4.22,UPLOAD_TIMEOUT,2
UP000899,APP00410,Identity,Successful,40:48.5,53:45.7,4.11,,3
UP000900,APP00410,Income,Successful,48:08.3,57:46.7,6.63,,1
UP000901,APP00411,Identity,Successful,17:01.6,29:10.1,3.68,,1
UP000902,APP00411,Income,Failed,14:36.7,34:20.0,6.72,UPLOAD_TIMEOUT,1
UP000903,APP00411,Income,Successful,24:25.6,32:13.9,0.5,,2
UP000904,APP00412,Identity,Successful,00:45.3,09:13.8,4.78,,1
UP000905,APP00412,Income,Successful,05:00.6,18:48.2,1.95,,1
UP000906,APP00413,Identity,Successful,09:02.8,21:09.6,2.89,,1
UP000907,APP00413,Income,Successful,17:19.6,33:27.0,0.64,,1
UP000908,APP00414,Identity,Successful,04:10.1,06:10.1,3.97,,1
UP000909,APP00414,Income,Successful,10:13.6,19:34.0,3.05,,1
UP000910,APP00415,Identity,Failed,24:15.4,49:20.1,2.94,UPLOAD_TIMEOUT,1
UP000911,APP00415,Identity,Successful,33:43.5,48:30.3,4.18,,2
UP000912,APP00415,Income,Successful,20:29.7,30:24.7,5.81,,1
UP000913,APP00416,Identity,Successful,36:37.5,48:44.0,2.93,,1
UP000914,APP00416,Income,Successful,51:18.9,07:22.9,0.5,,1
UP000915,APP00417,Identity,Successful,49:26.7,01:18.6,4.45,,1
UP000916,APP00417,Income,Successful,46:55.5,48:55.5,6.05,,1
UP000917,APP00418,Identity,Successful,32:34.1,56:29.6,4.79,,1
UP000918,APP00418,Income,Successful,33:22.1,39:27.7,5.07,,1
UP000919,APP00419,Identity,Successful,59:16.1,15:16.2,4.38,,1
UP000920,APP00419,Income,Successful,09:38.0,18:59.2,3.01,,1
UP000921,APP00420,Identity,Successful,49:12.2,58:49.6,2.64,,1
UP000922,APP00420,Income,Successful,54:03.9,06:56.1,4.66,,1
UP000923,APP00421,Identity,Successful,53:45.4,09:18.9,3.07,,1
UP000924,APP00421,Income,Successful,04:22.8,14:19.2,4.52,,1
UP000925,APP00422,Identity,Successful,42:14.0,47:21.3,5.19,,1
UP000926,APP00422,Income,Successful,49:27.3,56:33.6,4.37,,1
UP000927,APP00423,Identity,Successful,44:02.1,47:00.5,2.59,,1
UP000928,APP00423,Income,Successful,43:07.7,49:05.1,4.14,,1
UP000929,APP00424,Identity,Successful,07:00.8,14:02.3,6.73,,1
UP000930,APP00424,Income,Successful,02:27.9,15:47.6,5.35,,1
UP000931,APP00425,Identity,Successful,14:51.8,24:50.9,4.96,,1
UP000932,APP00425,Income,Failed,24:56.5,27:20.2,3.87,UPLOAD_TIMEOUT,1
UP000933,APP00425,Income,Failed,28:17.2,44:00.0,5.63,TRANSFER_ERROR,2
UP000934,APP00425,Income,Successful,31:39.0,38:36.5,4.11,,3
UP000935,APP00426,Identity,Successful,43:13.6,52:03.3,1.65,,1
UP000936,APP00426,Income,Successful,45:55.1,57:09.9,3.89,,1
UP000937,APP00427,Identity,Successful,58:41.7,20:05.1,2.22,,1
UP000938,APP00427,Income,Successful,07:28.8,23:29.9,3.11,,1
UP000939,APP00428,Identity,Successful,59:41.3,13:43.6,0.67,,1
UP000940,APP00428,Income,Successful,16:38.0,27:14.3,6.8,,1
UP000941,APP00429,Identity,Successful,11:11.4,23:36.5,3.52,,1
UP000942,APP00429,Income,Successful,20:59.4,34:59.9,4.04,,1
UP000943,APP00430,Identity,Successful,01:42.2,08:59.0,3.42,,1
UP000944,APP00430,Income,Successful,07:41.5,20:18.8,3.27,,1
UP000945,APP00431,Identity,Successful,15:11.6,24:06.8,3.22,,1
UP000946,APP00431,Income,Successful,22:10.7,24:10.7,2.2,,1
UP000947,APP00432,Identity,Successful,51:22.5,07:02.8,2.05,,1
UP000948,APP00432,Income,Successful,06:28.1,18:16.4,8.92,,1
UP000949,APP00433,Identity,Successful,36:58.7,40:34.2,3.2,,1
UP000950,APP00433,Income,Successful,38:50.9,51:58.4,0.5,,1
UP000951,APP00434,Identity,Failed,42:03.2,02:04.9,0.84,UPLOAD_TIMEOUT,1
UP000952,APP00434,Identity,Successful,40:15.8,58:08.0,3.85,,2
UP000953,APP00434,Income,Successful,45:05.2,47:05.2,1.72,,1
UP000954,APP00435,Identity,Successful,34:39.0,42:25.4,2.31,,1
UP000955,APP00435,Income,Successful,47:56.6,02:36.8,6.01,,1
UP000956,APP00436,Identity,Successful,04:57.0,20:20.1,5.21,,1
UP000957,APP00436,Income,Successful,02:18.6,23:37.6,3.18,,1
UP000958,APP00437,Identity,Successful,43:28.7,54:21.7,0.51,,1
UP000959,APP00437,Income,Successful,42:02.0,57:17.6,2.4,,1
UP000960,APP00438,Identity,Successful,11:40.3,25:28.8,4.39,,1
UP000961,APP00438,Income,Successful,11:47.0,29:41.4,2.73,,1
UP000962,APP00439,Identity,Successful,10:36.9,18:55.6,1.76,,1
UP000963,APP00439,Income,Successful,11:39.0,29:26.7,1.45,,1
UP000964,APP00440,Identity,Successful,00:33.1,11:35.1,5.3,,1
UP000965,APP00440,Income,Successful,05:26.1,28:13.5,2.21,,1
UP000966,APP00441,Identity,Successful,22:39.1,30:25.4,2.6,,1
UP000967,APP00441,Income,Successful,14:55.0,34:26.0,4.86,,1
UP000968,APP00442,Identity,Successful,51:00.4,56:59.2,4.4,,1
UP000969,APP00442,Income,Successful,53:22.7,01:34.2,0.81,,1
UP000970,APP00443,Identity,Successful,10:11.0,19:22.8,2.12,,1
UP000971,APP00443,Income,Successful,10:41.9,21:18.0,1.07,,1
UP000972,APP00444,Identity,Successful,49:04.9,59:35.8,4.74,,1
UP000973,APP00444,Income,Successful,58:28.5,00:37.9,2.56,,1
UP000974,APP00445,Identity,Successful,36:29.0,43:43.4,4.57,,1
UP000975,APP00445,Income,Successful,19:05.2,28:42.7,1.67,,1
UP000976,APP00446,Identity,Successful,38:55.0,51:00.0,6.19,,1
UP000977,APP00446,Income,Successful,49:36.7,00:08.2,4.95,,1
UP000978,APP00447,Identity,Successful,01:36.3,08:48.0,4.69,,1
UP000979,APP00447,Income,Successful,01:15.1,12:20.4,2.09,,1
UP000980,APP00448,Identity,Successful,56:03.4,59:28.4,1.75,,1
UP000981,APP00448,Income,Successful,08:34.5,25:37.3,4.74,,1
UP000982,APP00449,Identity,Successful,01:06.1,17:06.0,5.81,,1
UP000983,APP00449,Income,Successful,53:21.0,04:02.7,3.96,,1
UP000984,APP00450,Identity,Successful,24:55.7,36:11.1,3.74,,1
UP000985,APP00450,Income,Successful,34:28.7,36:28.7,5.93,,1
UP000986,APP00451,Identity,Successful,19:37.3,33:05.0,3.52,,1
UP000987,APP00451,Income,Successful,14:51.5,23:57.6,6.63,,1
UP000988,APP00452,Identity,Failed,29:14.1,39:39.6,2.97,UPLOAD_TIMEOUT,1
UP000989,APP00452,Identity,Successful,34:21.3,50:24.5,4.21,,2
UP000990,APP00452,Income,Successful,41:38.3,59:48.6,6.4,,1
UP000991,APP00453,Identity,Successful,22:52.8,30:48.8,0.5,,1
UP000992,APP00453,Income,Successful,16:19.9,28:41.6,3.83,,1
UP000993,APP00454,Identity,Successful,20:06.7,30:00.6,0.96,,1
UP000994,APP00454,Income,Successful,31:22.8,37:00.4,4.39,,1
UP000995,APP00455,Identity,Successful,31:23.9,37:09.6,3.36,,1
UP000996,APP00455,Income,Successful,39:41.0,53:02.6,5.63,,1
UP000997,APP00456,Identity,Successful,56:17.7,02:33.4,5.24,,1
UP000998,APP00456,Income,Successful,57:20.8,08:23.5,4.85,,1
UP000999,APP00457,Identity,Successful,47:09.1,55:11.4,4.4,,1
UP001000,APP00457,Income,Successful,59:08.0,12:40.8,2.7,,1
UP001001,APP00458,Identity,Successful,44:29.2,46:29.2,5.62,,1
UP001002,APP00458,Income,Successful,58:05.6,10:33.4,2.99,,1
UP001003,APP00459,Identity,Successful,52:23.5,02:11.6,1.19,,1
UP001004,APP00459,Income,Successful,54:17.4,07:44.8,6.78,,1
UP001005,APP00460,Identity,Successful,38:22.8,56:14.8,2.51,,1
UP001006,APP00460,Income,Failed,40:51.4,57:07.2,5.92,UPLOAD_TIMEOUT,1
UP001007,APP00460,Income,Successful,41:20.8,52:45.1,0.5,,2
UP001008,APP00461,Identity,Successful,01:49.5,09:23.7,4.47,,1
UP001009,APP00461,Income,Successful,04:07.5,12:51.5,1.68,,1
UP001010,APP00462,Identity,Successful,36:26.6,53:50.6,0.5,,1
UP001011,APP00462,Income,Successful,42:48.2,47:58.7,3.98,,1
UP001012,APP00463,Identity,Successful,51:55.2,09:23.6,2.16,,1
UP001013,APP00463,Income,Successful,44:10.0,59:47.9,3.81,,1
UP001014,APP00464,Identity,Successful,46:21.0,54:47.6,3.38,,1
UP001015,APP00464,Income,Successful,58:28.3,01:07.3,6.93,,1
UP001016,APP00465,Identity,Failed,22:51.6,34:14.6,2.86,TRANSFER_ERROR,1
UP001017,APP00465,Identity,Failed,15:00.0,25:21.8,3.68,FILE_TOO_LARGE,2
UP001018,APP00465,Identity,Successful,25:15.0,44:37.6,2.81,,3
UP001019,APP00465,Income,Successful,29:45.8,43:54.4,6.61,,1
UP001020,APP00466,Identity,Successful,26:33.7,36:57.1,1.85,,1
UP001021,APP00466,Income,Successful,36:44.4,39:15.2,1.88,,1
UP001022,APP00467,Identity,Successful,41:19.5,49:11.7,3.55,,1
UP001023,APP00467,Income,Successful,41:48.3,50:51.4,2.95,,1
UP001024,APP00468,Identity,Failed,00:27.9,09:58.5,3.15,FILE_TOO_LARGE,1
UP001025,APP00468,Identity,Failed,04:22.7,12:11.8,3.58,FILE_TOO_LARGE,2
UP001026,APP00468,Identity,Successful,11:32.1,20:10.9,2.63,,3
UP001027,APP00468,Income,Successful,04:06.3,13:21.2,7.86,,1
UP001028,APP00469,Identity,Failed,06:19.0,19:05.9,3.59,UPLOAD_TIMEOUT,1
UP001029,APP00469,Identity,Successful,16:42.0,35:24.7,1.33,,2
UP001030,APP00469,Income,Successful,14:03.8,18:24.6,3.21,,1
UP001031,APP00470,Identity,Successful,36:09.4,38:09.4,3.44,,1
UP001032,APP00470,Income,Successful,49:20.5,59:54.1,1.59,,1
UP001033,APP00471,Identity,Successful,22:42.7,25:19.0,4.33,,1
UP001034,APP00471,Income,Successful,33:07.8,35:36.4,2.56,,1
UP001035,APP00472,Identity,Successful,49:01.7,03:38.1,5.64,,1
UP001036,APP00472,Income,Successful,56:53.4,11:21.9,1.47,,1
UP001037,APP00473,Identity,Failed,10:25.1,17:13.8,4.94,UPLOAD_TIMEOUT,1
UP001038,APP00473,Identity,Failed,10:30.7,18:14.4,5.69,FILE_TOO_LARGE,2
UP001039,APP00473,Identity,Successful,10:08.8,15:58.8,3.89,,3
UP001040,APP00473,Income,Successful,23:38.3,35:49.3,3.71,,1
UP001041,APP00474,Identity,Successful,09:28.7,16:18.5,4.49,,1
UP001042,APP00474,Income,Successful,08:58.1,14:09.8,0.5,,1
UP001043,APP00475,Identity,Failed,39:05.2,47:57.6,2.85,TRANSFER_ERROR,1
UP001044,APP00475,Identity,Successful,43:15.8,45:15.8,5.67,,2
UP001045,APP00475,Income,Successful,42:56.4,44:56.4,2.36,,1
UP001046,APP00476,Identity,Successful,51:24.3,56:51.7,5.13,,1
UP001047,APP00476,Income,Successful,54:44.8,11:28.2,4.71,,1
UP001048,APP00477,Identity,Successful,34:43.9,43:02.3,2.45,,1
UP001049,APP00477,Income,Successful,43:16.4,46:42.3,0.5,,1
UP001050,APP00478,Identity,Failed,11:31.2,18:06.5,5.24,UPLOAD_TIMEOUT,1
UP001051,APP00478,Identity,Failed,19:58.0,25:56.0,6.02,UPLOAD_TIMEOUT,2
UP001052,APP00478,Identity,Successful,09:43.2,16:59.2,1.35,,3
UP001053,APP00478,Income,Successful,19:12.3,23:52.0,4,,1
UP001054,APP00479,Identity,Successful,12:39.5,24:13.4,2.35,,1
UP001055,APP00479,Income,Successful,18:07.0,23:50.7,4.18,,1
UP001056,APP00480,Identity,Failed,22:07.2,31:08.2,3.44,FILE_TOO_LARGE,1
UP001057,APP00480,Identity,Successful,32:25.0,53:59.0,4.72,,2
UP001058,APP00480,Income,Successful,25:22.9,31:24.4,4.62,,1
UP001059,APP00481,Identity,Successful,14:51.5,20:48.2,4.81,,1
UP001060,APP00481,Income,Successful,13:54.7,31:17.0,3.65,,1
UP001061,APP00482,Identity,Successful,21:46.3,29:29.4,0.62,,1
UP001062,APP00482,Income,Failed,31:34.6,41:40.9,2.06,UPLOAD_TIMEOUT,1
UP001063,APP00482,Income,Successful,37:17.5,50:26.9,2.65,,2
UP001064,APP00483,Identity,Successful,10:49.7,18:18.3,0.5,,1
UP001065,APP00483,Income,Successful,16:43.3,29:10.4,4.35,,1
UP001066,APP00484,Identity,Successful,42:46.2,47:44.3,4.29,,1
UP001067,APP00484,Income,Successful,44:28.1,02:23.2,3.16,,1
UP001068,APP00485,Identity,Successful,42:00.6,51:48.2,3.98,,1
UP001069,APP00485,Income,Failed,41:51.2,52:27.3,4.85,FILE_TOO_LARGE,1
UP001070,APP00485,Income,Successful,47:58.3,10:07.3,2.82,,2
UP001071,APP00486,Identity,Successful,50:30.5,53:46.0,0.93,,1
UP001072,APP00486,Income,Successful,52:37.4,03:44.4,4.42,,1
UP001073,APP00487,Identity,Successful,28:00.9,35:28.8,4.41,,1
UP001074,APP00487,Income,Successful,34:01.4,50:01.8,3.9,,1
UP001075,APP00488,Identity,Successful,59:01.5,02:55.9,3.84,,1
UP001076,APP00488,Income,Successful,15:10.1,26:04.2,3.44,,1
UP001077,APP00489,Identity,Successful,54:49.5,10:02.3,4.35,,1
UP001078,APP00489,Income,Successful,57:16.4,08:07.4,1.44,,1
UP001079,APP00490,Identity,Successful,12:15.6,26:12.8,2.16,,1
UP001080,APP00490,Income,Successful,21:47.3,30:57.2,4.84,,1
UP001081,APP00491,Identity,Successful,18:14.4,24:25.7,5.4,,1
UP001082,APP00491,Income,Successful,27:42.9,36:04.8,8.01,,1
UP001083,APP00492,Identity,Successful,10:30.0,29:09.4,6.13,,1
UP001084,APP00492,Income,Successful,13:52.0,27:10.0,4.45,,1
UP001085,APP00493,Identity,Successful,18:26.2,20:33.8,6.8,,1
UP001086,APP00493,Income,Successful,19:38.6,26:01.1,3.39,,1
UP001087,APP00494,Identity,Successful,52:35.3,11:36.5,4.23,,1
UP001088,APP00494,Income,Successful,56:24.8,10:43.5,3.35,,1
UP001089,APP00495,Identity,Successful,04:16.2,12:33.5,5.59,,1
UP001090,APP00495,Income,Successful,17:57.1,34:53.1,5.89,,1
UP001091,APP00496,Identity,Successful,29:24.1,44:03.4,2.48,,1
UP001092,APP00496,Income,Successful,36:51.8,43:18.8,7.8,,1
UP001093,APP00497,Identity,Successful,34:00.0,46:29.1,3.37,,1
UP001094,APP00497,Income,Successful,49:48.9,09:58.1,4.4,,1
UP001095,APP00498,Identity,Successful,53:50.4,57:52.2,3.69,,1
UP001096,APP00498,Income,Successful,02:44.5,11:45.1,1.64,,1
UP001097,APP00499,Identity,Successful,20:07.1,22:51.5,5.63,,1
UP001098,APP00499,Income,Successful,19:33.8,24:12.9,6.85,,1
UP001099,APP00500,Identity,Successful,13:58.6,21:18.6,4.14,,1
UP001100,APP00500,Income,Successful,22:45.9,24:45.9,4.42,,1
UP001101,APP00501,Identity,Successful,42:04.5,54:25.5,5.95,,1
UP001102,APP00501,Income,Successful,49:40.8,03:03.2,0.94,,1
UP001103,APP00502,Identity,Successful,25:28.6,39:37.2,2.92,,1
UP001104,APP00502,Income,Successful,30:12.2,43:39.1,0.5,,1
UP001105,APP00503,Identity,Successful,47:29.4,50:13.7,4.04,,1
UP001106,APP00503,Income,Successful,55:22.8,05:17.0,7.34,,1
UP001107,APP00504,Identity,Successful,23:12.3,31:41.0,2.39,,1
UP001108,APP00504,Income,Successful,16:54.9,31:14.0,5.34,,1
UP001109,APP00505,Identity,Successful,02:02.2,08:36.4,4.44,,1
UP001110,APP00505,Income,Successful,14:25.5,27:18.2,2.22,,1
UP001111,APP00506,Identity,Successful,40:53.5,52:16.8,5.63,,1
UP001112,APP00506,Income,Successful,45:44.6,03:59.0,4.72,,1
UP001113,APP00507,Identity,Successful,15:19.5,28:26.2,3.6,,1
UP001114,APP00507,Income,Successful,16:10.4,27:21.0,1.02,,1
UP001115,APP00508,Identity,Successful,30:00.0,37:26.7,4.62,,1
UP001116,APP00508,Income,Successful,39:43.8,46:31.0,3.73,,1
UP001117,APP00509,Identity,Successful,56:31.0,02:22.1,5.95,,1
UP001118,APP00509,Income,Successful,06:10.8,10:46.2,2.35,,1
UP001119,APP00510,Identity,Failed,22:11.3,34:11.4,1.55,UPLOAD_TIMEOUT,1
UP001120,APP00510,Identity,Successful,16:01.8,18:01.8,0.5,,2
UP001121,APP00510,Income,Successful,24:34.3,32:59.3,2.45,,1
UP001122,APP00511,Identity,Successful,07:49.2,20:10.7,3.41,,1
UP001123,APP00511,Income,Successful,11:42.3,35:00.5,3.16,,1
UP001124,APP00512,Identity,Successful,44:30.4,46:30.4,4.15,,1
UP001125,APP00512,Income,Successful,40:35.7,47:32.5,2.88,,1
UP001126,APP00513,Identity,Successful,39:00.4,43:06.4,4.44,,1
UP001127,APP00513,Income,Successful,47:59.5,56:15.2,3.05,,1
UP001128,APP00514,Identity,Successful,00:12.3,10:58.5,3.68,,1
UP001129,APP00514,Income,Successful,59:49.1,11:29.1,2.85,,1
UP001130,APP00515,Identity,Successful,43:04.0,58:25.7,5.27,,1
UP001131,APP00515,Income,Successful,02:04.2,10:48.4,3.4,,1
UP001132,APP00516,Identity,Successful,50:51.3,58:05.2,3.81,,1
UP001133,APP00516,Income,Successful,55:01.5,10:33.1,4.48,,1
UP001134,APP00517,Identity,Successful,07:30.5,23:03.8,4.02,,1
UP001135,APP00517,Income,Successful,13:34.8,26:08.6,3.64,,1
UP001136,APP00518,Identity,Successful,54:49.9,11:13.9,2.39,,1
UP001137,APP00518,Income,Successful,14:53.4,30:23.7,6.67,,1
UP001138,APP00519,Identity,Successful,51:57.6,06:26.8,0.97,,1
UP001139,APP00519,Income,Successful,46:24.0,59:03.5,3.5,,1
UP001140,APP00520,Identity,Successful,26:18.0,42:24.3,3.21,,1
UP001141,APP00520,Income,Successful,30:42.3,52:05.6,1.09,,1
UP001142,APP00521,Identity,Successful,25:08.0,40:40.6,1.7,,1
UP001143,APP00521,Income,Successful,43:36.2,57:12.1,4.19,,1
UP001144,APP00522,Identity,Successful,08:38.4,28:34.2,3.42,,1
UP001145,APP00522,Income,Successful,05:13.5,24:19.1,4.4,,1
UP001146,APP00523,Identity,Successful,21:42.9,24:01.9,5.17,,1
UP001147,APP00523,Income,Successful,33:38.2,37:35.7,5.3,,1
UP001148,APP00524,Identity,Successful,38:39.2,46:26.0,3.95,,1
UP001149,APP00524,Income,Successful,49:08.8,00:14.0,2.97,,1
UP001150,APP00525,Identity,Successful,44:55.7,58:36.6,4.39,,1
UP001151,APP00525,Income,Successful,50:03.2,11:49.5,3.94,,1
UP001152,APP00526,Identity,Successful,53:24.7,11:07.4,3.8,,1
UP001153,APP00526,Income,Failed,54:17.0,16:29.1,0.5,TRANSFER_ERROR,1
UP001154,APP00526,Income,Failed,08:25.0,24:49.1,5.07,UPLOAD_TIMEOUT,2
UP001155,APP00526,Income,Successful,59:04.2,09:18.2,4.42,,3
UP001156,APP00527,Identity,Successful,22:55.5,35:52.4,4.37,,1
UP001157,APP00527,Income,Successful,30:08.0,40:00.2,3.46,,1
UP001158,APP00528,Identity,Successful,19:21.7,31:27.1,3.37,,1
UP001159,APP00528,Income,Successful,41:30.8,54:27.5,2.38,,1
UP001160,APP00529,Identity,Successful,26:00.5,36:49.3,4.04,,1
UP001161,APP00529,Income,Successful,32:18.4,38:53.2,3.77,,1
UP001162,APP00530,Identity,Successful,43:51.3,51:08.9,2.89,,1
UP001163,APP00530,Income,Successful,40:41.2,47:12.5,4.03,,1
UP001164,APP00531,Identity,Successful,07:26.8,21:29.4,3.99,,1
UP001165,APP00531,Income,Successful,07:18.7,22:29.2,1.01,,1
UP001166,APP00532,Identity,Successful,27:11.9,39:20.5,4.86,,1
UP001167,APP00532,Income,Successful,30:49.0,39:52.1,1.75,,1
UP001168,APP00533,Identity,Successful,57:27.1,10:20.5,4.05,,1
UP001169,APP00533,Income,Successful,07:39.4,16:33.7,4.07,,1
UP001170,APP00534,Identity,Successful,46:20.3,01:32.6,4.46,,1
UP001171,APP00534,Income,Successful,50:43.6,03:58.8,4.99,,1
UP001172,APP00535,Identity,Successful,19:38.1,31:26.4,4.43,,1
UP001173,APP00535,Income,Successful,28:05.2,39:28.6,3.67,,1
UP001174,APP00536,Identity,Successful,02:01.9,13:41.5,4.2,,1
UP001175,APP00536,Income,Successful,14:08.0,28:16.2,4.76,,1
UP001176,APP00537,Identity,Failed,14:39.9,18:03.5,6.82,TRANSFER_ERROR,1
UP001177,APP00537,Identity,Successful,10:37.7,12:37.7,3.94,,2
UP001178,APP00537,Income,Successful,08:01.6,14:57.9,2.34,,1
UP001179,APP00538,Identity,Successful,33:56.4,50:59.1,4.25,,1
UP001180,APP00538,Income,Successful,40:55.1,42:55.1,5.24,,1
UP001181,APP00539,Identity,Successful,25:28.0,41:42.4,3.34,,1
UP001182,APP00539,Income,Failed,17:22.6,27:48.7,3.72,UPLOAD_TIMEOUT,1
UP001183,APP00539,Income,Successful,26:21.5,39:27.6,4.88,,2
UP001184,APP00540,Identity,Successful,10:17.4,17:31.8,3.96,,1
UP001185,APP00540,Income,Successful,11:04.1,15:25.1,4.39,,1
UP001186,APP00541,Identity,Successful,43:17.9,53:29.7,4.53,,1
UP001187,APP00541,Income,Successful,55:20.1,57:47.2,4.64,,1
UP001188,APP00542,Identity,Failed,41:23.3,55:35.6,7.97,TRANSFER_ERROR,1
UP001189,APP00542,Identity,Successful,43:11.4,58:54.4,4.4,,2
UP001190,APP00542,Income,Successful,54:31.6,05:42.7,0.5,,1
UP001191,APP00543,Identity,Successful,30:48.0,32:48.0,0.5,,1
UP001192,APP00543,Income,Successful,38:50.3,42:50.0,4.04,,1
UP001193,APP00544,Identity,Successful,53:07.8,06:03.5,8.87,,1
UP001194,APP00544,Income,Successful,03:27.1,25:42.4,3.21,,1
UP001195,APP00545,Identity,Successful,13:04.6,20:19.3,4.48,,1
UP001196,APP00545,Income,Successful,09:27.9,13:07.6,0.5,,1
UP001197,APP00546,Identity,Successful,49:45.4,56:05.8,3.23,,1
UP001198,APP00546,Income,Successful,48:04.3,01:20.6,5.25,,1
UP001199,APP00547,Identity,Successful,41:05.7,04:05.7,4.65,,1
UP001200,APP00547,Income,Successful,37:15.0,46:22.6,7.13,,1
UP001201,APP00548,Identity,Successful,36:47.9,41:27.7,6.72,,1
UP001202,APP00548,Income,Successful,35:10.9,37:10.9,4.43,,1
UP001203,APP00549,Identity,Successful,20:43.3,24:33.5,3.3,,1
UP001204,APP00549,Income,Successful,33:50.2,40:14.1,0.5,,1
UP001205,APP00550,Identity,Successful,08:28.7,16:25.2,2.88,,1
UP001206,APP00550,Income,Successful,15:07.0,23:15.9,3.01,,1
UP001207,APP00551,Identity,Successful,31:29.4,36:39.0,8.32,,1
UP001208,APP00551,Income,Successful,37:41.5,47:17.1,4.74,,1
UP001209,APP00552,Identity,Successful,24:04.0,36:16.8,6.68,,1
UP001210,APP00552,Income,Successful,30:13.8,43:09.2,3.18,,1
UP001211,APP00553,Identity,Successful,21:02.2,32:20.9,6.63,,1
UP001212,APP00553,Income,Successful,23:11.7,27:21.2,7.36,,1
UP001213,APP00554,Identity,Successful,15:58.8,28:20.5,0.5,,1
UP001214,APP00554,Income,Successful,13:11.6,28:15.4,2.66,,1
UP001215,APP00555,Identity,Successful,33:47.2,44:34.9,2.84,,1
UP001216,APP00555,Income,Successful,37:22.1,00:54.9,3.84,,1
UP001217,APP00556,Identity,Successful,46:49.8,53:47.6,1.54,,1
UP001218,APP00556,Income,Successful,46:25.0,58:44.2,3.23,,1
UP001219,APP00557,Identity,Successful,09:51.5,17:48.3,1.37,,1
UP001220,APP00557,Income,Successful,14:07.1,22:44.0,3.58,,1
UP001221,APP00558,Identity,Successful,55:52.8,57:52.8,2.31,,1
UP001222,APP00558,Income,Successful,59:47.2,01:47.2,2.19,,1
UP001223,APP00559,Identity,Successful,35:58.1,47:13.5,1.66,,1
UP001224,APP00559,Income,Successful,42:45.1,53:00.0,3.43,,1
UP001225,APP00560,Identity,Failed,51:29.7,02:45.2,3.01,TRANSFER_ERROR,1
UP001226,APP00560,Identity,Failed,10:17.6,27:47.0,4.26,UPLOAD_TIMEOUT,2
UP001227,APP00560,Identity,Successful,53:35.9,01:30.0,4.76,,3
UP001228,APP00560,Income,Successful,09:29.8,11:36.5,0.5,,1
UP001229,APP00561,Identity,Successful,22:28.7,28:44.8,5.22,,1
UP001230,APP00561,Income,Successful,24:32.4,35:26.4,4.17,,1
UP001231,APP00562,Identity,Failed,55:08.7,09:51.4,2.24,UPLOAD_TIMEOUT,1
UP001232,APP00562,Identity,Successful,55:17.3,04:09.3,3.09,,2
UP001233,APP00562,Income,Successful,54:58.5,04:47.0,4.35,,1
UP001234,APP00563,Identity,Successful,06:39.1,21:02.1,2.4,,1
UP001235,APP00563,Income,Successful,15:08.2,30:25.5,5.28,,1
UP001236,APP00564,Identity,Successful,45:23.2,54:37.8,4.35,,1
UP001237,APP00564,Income,Successful,50:43.6,13:58.9,3.94,,1
UP001238,APP00565,Identity,Successful,41:00.0,55:34.6,3.99,,1
UP001239,APP00565,Income,Successful,52:08.4,05:41.6,4.48,,1
UP001240,APP00566,Identity,Successful,48:49.7,01:57.9,5.03,,1
UP001241,APP00566,Income,Successful,58:32.1,06:04.5,6.21,,1
UP001242,APP00567,Identity,Successful,58:10.4,11:21.5,4.46,,1
UP001243,APP00567,Income,Successful,54:11.7,58:33.8,2.99,,1
UP001244,APP00568,Identity,Successful,04:26.3,17:03.2,3.65,,1
UP001245,APP00568,Income,Successful,20:16.6,34:28.6,2.36,,1
UP001246,APP00569,Identity,Successful,45:10.4,57:10.8,4.51,,1
UP001247,APP00569,Income,Successful,54:12.1,57:33.1,1.93,,1
UP001248,APP00570,Identity,Successful,57:21.0,07:35.0,1.63,,1
UP001249,APP00570,Income,Successful,51:56.9,08:21.2,4.72,,1
UP001250,APP00571,Identity,Failed,56:50.1,12:18.5,0.69,UPLOAD_TIMEOUT,1
UP001251,APP00571,Identity,Successful,02:59.9,20:49.7,4.47,,2
UP001252,APP00571,Income,Successful,06:17.5,16:30.2,4.07,,1
UP001253,APP00572,Identity,Successful,51:59.4,12:50.8,2.47,,1
UP001254,APP00572,Income,Failed,55:35.6,09:04.7,0.5,FILE_TOO_LARGE,1
UP001255,APP00572,Income,Successful,09:35.6,15:58.0,0.5,,2
UP001256,APP00573,Identity,Successful,20:11.7,31:51.3,3.32,,1
UP001257,APP00573,Income,Successful,20:34.0,33:22.3,3,,1
UP001258,APP00574,Identity,Successful,15:36.3,25:09.2,5.31,,1
UP001259,APP00574,Income,Successful,15:19.0,28:08.3,3.77,,1
UP001260,APP00575,Identity,Successful,28:15.5,39:33.5,2.54,,1
UP001261,APP00575,Income,Successful,40:07.3,54:50.9,3.14,,1
UP001262,APP00576,Identity,Successful,42:21.1,53:15.8,4.52,,1
UP001263,APP00576,Income,Successful,47:09.6,58:02.8,4.83,,1
UP001264,APP00577,Identity,Failed,17:51.1,38:49.2,4.88,UPLOAD_TIMEOUT,1
UP001265,APP00577,Identity,Failed,22:14.0,32:27.7,2.18,FILE_TOO_LARGE,2
UP001266,APP00577,Identity,Successful,25:44.3,31:20.3,1.7,,3
UP001267,APP00577,Income,Failed,32:54.0,51:15.4,5.39,TRANSFER_ERROR,1
UP001268,APP00577,Income,Successful,24:19.5,38:45.7,2.03,,2
UP001269,APP00578,Identity,Successful,26:22.2,44:28.6,0.5,,1
UP001270,APP00578,Income,Successful,34:58.9,50:00.6,3.33,,1
UP001271,APP00579,Identity,Successful,10:24.0,20:43.3,2.93,,1
UP001272,APP00579,Income,Successful,10:12.9,16:47.8,1.6,,1
UP001273,APP00580,Identity,Successful,18:52.3,22:30.2,4.98,,1
UP001274,APP00580,Income,Successful,30:16.0,35:08.2,5.85,,1
UP001275,APP00581,Identity,Successful,21:13.6,29:54.0,0.84,,1
UP001276,APP00581,Income,Successful,26:52.1,32:10.5,5.21,,1
UP001277,APP00582,Identity,Successful,04:29.2,14:17.4,6.08,,1
UP001278,APP00582,Income,Successful,14:09.1,36:57.6,1.67,,1
UP001279,APP00583,Identity,Successful,47:30.1,51:24.6,0.68,,1
UP001280,APP00583,Income,Successful,52:48.2,07:33.4,1.45,,1
UP001281,APP00584,Identity,Successful,38:20.9,54:52.8,4.01,,1
UP001282,APP00584,Income,Successful,44:14.2,54:48.6,0.75,,1
UP001283,APP00585,Identity,Successful,38:18.3,46:32.4,8.71,,1
UP001284,APP00585,Income,Successful,36:54.5,48:22.7,4.47,,1
UP001285,APP00586,Identity,Successful,46:09.5,03:47.9,2.76,,1
UP001286,APP00586,Income,Failed,00:22.0,06:15.5,1.57,UPLOAD_TIMEOUT,1
UP001287,APP00586,Income,Successful,46:26.3,03:01.7,3.36,,2
UP001288,APP00587,Identity,Successful,36:00.1,38:00.1,3.44,,1
UP001289,APP00587,Income,Successful,36:39.0,45:55.6,4.83,,1
UP001290,APP00588,Identity,Successful,15:17.5,17:17.5,4.55,,1
UP001291,APP00588,Income,Successful,13:53.5,19:49.0,4.89,,1
UP001292,APP00589,Identity,Successful,01:00.8,19:30.5,3.02,,1
UP001293,APP00589,Income,Successful,59:27.9,06:41.8,3.43,,1
UP001294,APP00590,Identity,Successful,06:48.7,15:02.3,3.28,,1
UP001295,APP00590,Income,Successful,05:11.2,08:33.4,2.5,,1
UP001296,APP00591,Identity,Failed,31:13.0,38:47.8,0.97,UPLOAD_TIMEOUT,1
UP001297,APP00591,Identity,Failed,29:46.8,43:06.3,5.96,UPLOAD_TIMEOUT,2
UP001298,APP00591,Identity,Successful,25:28.0,36:56.3,2.53,,3
UP001299,APP00591,Income,Successful,29:28.9,40:55.2,5.57,,1
UP001300,APP00592,Identity,Successful,45:30.7,58:19.1,5.63,,1
UP001301,APP00592,Income,Successful,47:18.9,56:04.1,6.79,,1
UP001302,APP00593,Identity,Successful,46:03.5,54:25.4,3.45,,1
UP001303,APP00593,Income,Successful,42:26.0,03:19.8,4.34,,1
UP001304,APP00594,Identity,Successful,56:46.7,12:12.0,1.61,,1
UP001305,APP00594,Income,Failed,57:33.1,08:56.6,5.53,UPLOAD_TIMEOUT,1
UP001306,APP00594,Income,Failed,00:00.4,18:13.3,4.41,UPLOAD_TIMEOUT,2
UP001307,APP00594,Income,Successful,59:40.0,08:05.1,5.68,,3
UP001308,APP00595,Identity,Failed,07:29.3,31:55.0,2.06,TRANSFER_ERROR,1
UP001309,APP00595,Identity,Successful,03:45.0,17:37.7,6.28,,2
UP001310,APP00595,Income,Successful,08:59.0,25:49.9,5.45,,1
UP001311,APP00596,Identity,Successful,27:54.3,35:22.5,3.59,,1
UP001312,APP00596,Income,Successful,27:35.9,35:27.7,4.25,,1
UP001313,APP00597,Identity,Successful,53:04.5,01:41.6,2.21,,1
UP001314,APP00597,Income,Successful,01:32.3,15:02.6,4.23,,1
UP001315,APP00598,Identity,Successful,55:02.6,03:00.3,3.32,,1
UP001316,APP00598,Income,Successful,49:33.9,56:56.0,6.48,,1
UP001317,APP00599,Identity,Successful,27:50.5,36:27.1,2.04,,1
UP001318,APP00599,Income,Successful,28:53.7,39:33.9,2.41,,1
UP001319,APP00600,Identity,Successful,42:20.1,51:32.5,4.77,,1
UP001320,APP00600,Income,Successful,55:34.1,12:15.7,2.27,,1
UP001321,APP00601,Identity,Successful,44:01.7,59:59.5,4.64,,1
UP001322,APP00601,Income,Successful,58:32.4,15:32.7,7.04,,1
UP001323,APP00602,Identity,Successful,44:37.0,57:34.7,5.1,,1
UP001324,APP00602,Income,Successful,58:23.8,04:33.6,3.64,,1
UP001325,APP00603,Identity,Failed,57:03.7,13:04.0,4.2,UPLOAD_TIMEOUT,1
UP001326,APP00603,Identity,Successful,42:42.5,54:19.8,1.94,,2
UP001327,APP00603,Income,Successful,42:05.3,44:05.3,1.17,,1
UP001328,APP00604,Identity,Successful,45:41.3,50:34.0,6.53,,1
UP001329,APP00604,Income,Successful,46:19.6,58:58.4,6.25,,1
UP001330,APP00605,Identity,Successful,20:59.6,38:10.4,4.15,,1
UP001331,APP00605,Income,Successful,36:24.4,50:15.9,5.87,,1
UP001332,APP00606,Identity,Successful,49:32.3,56:22.4,4.56,,1
UP001333,APP00606,Income,Successful,59:07.7,09:56.8,4.99,,1
UP001334,APP00607,Identity,Successful,02:37.6,13:55.4,3.74,,1
UP001335,APP00607,Income,Successful,13:56.3,27:41.7,0.56,,1
UP001336,APP00608,Identity,Successful,04:47.2,19:39.8,2.8,,1
UP001337,APP00608,Income,Successful,17:23.0,26:25.7,4.76,,1
UP001338,APP00609,Identity,Successful,22:12.6,26:45.7,6.09,,1
UP001339,APP00609,Income,Successful,14:07.8,24:43.0,4.57,,1
UP001340,APP00610,Identity,Successful,36:08.9,53:09.7,4.03,,1
UP001341,APP00610,Income,Successful,43:55.6,59:25.6,3.67,,1
UP001342,APP00611,Identity,Successful,44:27.8,04:00.6,3.15,,1
UP001343,APP00611,Income,Successful,46:03.1,48:35.9,2.51,,1
UP001344,APP00612,Identity,Successful,13:44.9,30:36.4,6.31,,1
UP001345,APP00612,Income,Successful,07:51.4,15:12.0,1.69,,1
UP001346,APP00613,Identity,Successful,53:53.1,05:51.1,4.34,,1
UP001347,APP00613,Income,Successful,49:41.6,03:05.3,4.18,,1
UP001348,APP00614,Identity,Failed,54:22.4,10:24.2,5.19,TRANSFER_ERROR,1
UP001349,APP00614,Identity,Successful,42:18.2,45:31.6,6.17,,2
UP001350,APP00614,Income,Successful,57:27.4,11:26.8,4.18,,1
UP001351,APP00615,Identity,Successful,19:21.3,37:26.7,4.9,,1
UP001352,APP00615,Income,Failed,31:36.5,47:01.4,2.54,FILE_TOO_LARGE,1
UP001353,APP00615,Income,Failed,20:39.8,37:02.6,2.98,UPLOAD_TIMEOUT,2
UP001354,APP00615,Income,Successful,28:05.1,40:45.2,5.91,,3
UP001355,APP00616,Identity,Successful,01:11.2,11:14.0,0.85,,1
UP001356,APP00616,Income,Failed,02:19.3,17:14.1,2.9,TRANSFER_ERROR,1
UP001357,APP00616,Income,Successful,54:20.8,09:07.1,2.66,,2
UP001358,APP00617,Identity,Successful,14:25.9,29:20.8,2.77,,1
UP001359,APP00617,Income,Successful,18:53.3,34:55.5,5.57,,1
UP001360,APP00618,Identity,Failed,27:54.2,45:11.7,1.42,UPLOAD_TIMEOUT,1
UP001361,APP00618,Identity,Successful,32:35.6,53:14.9,2.64,,2
UP001362,APP00618,Income,Successful,30:12.9,47:10.2,5.72,,1
UP001363,APP00619,Identity,Successful,32:53.8,47:58.6,3.4,,1
UP001364,APP00619,Income,Successful,43:29.1,54:01.0,1.64,,1
UP001365,APP00620,Identity,Successful,29:48.9,31:48.9,0.5,,1
UP001366,APP00620,Income,Successful,38:26.7,42:30.3,6.28,,1
UP001367,APP00621,Identity,Successful,10:55.6,18:07.9,5.21,,1
UP001368,APP00621,Income,Successful,11:53.8,28:09.4,5.41,,1
UP001369,APP00622,Identity,Successful,46:49.3,03:32.9,2.85,,1
UP001370,APP00622,Income,Successful,49:50.9,07:25.5,6.57,,1
UP001371,APP00623,Identity,Successful,52:00.0,02:05.1,7.9,,1
UP001372,APP00623,Income,Successful,53:33.5,01:18.6,4.1,,1
UP001373,APP00624,Identity,Successful,44:23.5,55:44.7,3.53,,1
UP001374,APP00624,Income,Successful,51:03.6,01:18.5,5.25,,1
UP001375,APP00625,Identity,Successful,17:11.1,31:05.1,0.5,,1
UP001376,APP00625,Income,Successful,18:02.6,29:55.0,0.5,,1
UP001377,APP00626,Identity,Failed,30:24.0,39:51.3,0.5,TRANSFER_ERROR,1
UP001378,APP00626,Identity,Successful,25:05.1,35:13.0,3.5,,2
UP001379,APP00626,Income,Successful,20:27.6,26:30.0,5,,1
UP001380,APP00627,Identity,Successful,30:15.6,32:15.6,7.81,,1
UP001381,APP00627,Income,Successful,41:06.0,52:52.5,3.91,,1
UP001382,APP00628,Identity,Failed,08:09.7,17:24.1,4.42,UPLOAD_TIMEOUT,1
UP001383,APP00628,Identity,Failed,08:26.8,19:02.7,2.47,UPLOAD_TIMEOUT,2
UP001384,APP00628,Identity,Successful,14:11.5,29:26.7,4.17,,3
UP001385,APP00628,Income,Successful,19:03.4,24:20.2,5.26,,1
UP001386,APP00629,Identity,Failed,02:27.4,10:40.9,1.49,FILE_TOO_LARGE,1
UP001387,APP00629,Identity,Successful,57:55.6,07:12.1,2.77,,2
UP001388,APP00629,Income,Successful,53:25.2,03:01.0,3.79,,1
UP001389,APP00630,Identity,Successful,23:13.0,36:36.3,5.34,,1
UP001390,APP00630,Income,Successful,24:05.2,46:01.0,4.4,,1
UP001391,APP00631,Identity,Successful,46:45.5,55:44.9,1.48,,1
UP001392,APP00631,Income,Successful,43:04.4,53:51.3,1.24,,1
UP001393,APP00632,Identity,Successful,53:05.0,07:40.7,4.08,,1
UP001394,APP00632,Income,Successful,14:19.4,23:52.0,6.89,,1
UP001395,APP00633,Identity,Failed,54:07.5,56:24.0,3.82,UPLOAD_TIMEOUT,1
UP001396,APP00633,Identity,Successful,52:40.6,56:40.4,3.23,,2
UP001397,APP00633,Income,Successful,11:50.4,18:00.0,4.19,,1
UP001398,APP00634,Identity,Successful,30:30.5,44:25.2,3.58,,1
UP001399,APP00634,Income,Successful,35:59.0,49:21.8,4.01,,1
UP001400,APP00635,Identity,Successful,44:36.9,46:54.1,2.2,,1
UP001401,APP00635,Income,Successful,54:06.5,06:02.5,1.54,,1
UP001402,APP00636,Identity,Successful,54:27.9,04:42.2,0.9,,1
UP001403,APP00636,Income,Successful,57:45.5,05:00.0,1.19,,1
UP001404,APP00637,Identity,Successful,01:24.4,18:29.2,8.04,,1
UP001405,APP00637,Income,Successful,13:06.6,25:01.0,3.05,,1
UP001406,APP00638,Identity,Successful,41:48.6,00:25.7,1.12,,1
UP001407,APP00638,Income,Successful,50:54.4,01:56.8,2.79,,1
UP001408,APP00639,Identity,Successful,07:42.9,21:38.3,5.89,,1
UP001409,APP00639,Income,Successful,03:23.1,17:23.7,0.5,,1
UP001410,APP00640,Identity,Successful,03:45.6,24:53.5,2.75,,1
UP001411,APP00640,Income,Successful,03:33.5,14:35.1,5.54,,1
UP001412,APP00641,Identity,Successful,19:21.6,21:21.6,4.92,,1
UP001413,APP00641,Income,Successful,24:54.2,30:33.2,4.42,,1
UP001414,APP00642,Identity,Successful,31:48.5,41:46.9,3.33,,1
UP001415,APP00642,Income,Successful,33:59.7,03:00.4,5.67,,1
UP001416,APP00643,Identity,Successful,31:11.6,41:58.5,3.55,,1
UP001417,APP00643,Income,Successful,41:48.7,50:45.6,2.59,,1
UP001418,APP00644,Identity,Successful,25:59.2,33:04.8,3.73,,1
UP001419,APP00644,Income,Successful,30:45.9,44:08.8,2.46,,1
UP001420,APP00645,Identity,Successful,24:20.1,39:47.7,4.77,,1
UP001421,APP00645,Income,Successful,32:13.3,48:31.8,4.4,,1
UP001422,APP00646,Identity,Successful,58:43.6,00:58.0,3.21,,1
UP001423,APP00646,Income,Successful,01:16.2,20:13.5,2.3,,1
UP001424,APP00647,Identity,Successful,20:57.9,22:59.6,6.72,,1
UP001425,APP00647,Income,Successful,33:47.7,39:31.6,0.5,,1
UP001426,APP00648,Identity,Successful,05:15.6,18:29.2,0.5,,1
UP001427,APP00648,Income,Successful,58:25.5,02:00.1,6.94,,1
UP001428,APP00649,Identity,Successful,17:40.6,31:49.6,3.86,,1
UP001429,APP00649,Income,Successful,25:01.3,34:38.0,6,,1
UP001430,APP00650,Identity,Successful,14:19.7,18:03.4,3.4,,1
UP001431,APP00650,Income,Successful,04:45.1,22:26.2,5.5,,1
UP001432,APP00651,Identity,Successful,06:49.9,26:29.1,4.23,,1
UP001433,APP00651,Income,Successful,17:37.3,32:19.2,4.85,,1
UP001434,APP00652,Identity,Successful,39:07.7,52:32.2,1,,1
UP001435,APP00652,Income,Successful,50:09.4,01:25.2,1.72,,1
UP001436,APP00653,Identity,Successful,19:15.4,31:29.8,3.65,,1
UP001437,APP00653,Income,Successful,31:35.3,40:57.2,6.48,,1
UP001438,APP00654,Identity,Successful,34:23.6,36:23.6,2.64,,1
UP001439,APP00654,Income,Successful,29:16.0,40:54.5,4.18,,1
UP001440,APP00655,Identity,Successful,43:06.9,03:56.1,1.2,,1
UP001441,APP00655,Income,Successful,33:56.0,45:36.2,4.94,,1
UP001442,APP00656,Identity,Successful,16:16.0,30:42.5,6.52,,1
UP001443,APP00656,Income,Successful,22:24.4,37:47.7,6.01,,1
UP001444,APP00657,Identity,Successful,39:37.1,41:37.1,2.05,,1
UP001445,APP00657,Income,Successful,46:36.0,48:36.0,0.5,,1
UP001446,APP00658,Identity,Successful,12:37.0,34:07.6,5.99,,1
UP001447,APP00658,Income,Successful,06:05.3,17:18.2,6.31,,1
UP001448,APP00659,Identity,Successful,51:04.6,05:29.3,3.66,,1
UP001449,APP00659,Income,Successful,57:09.4,10:54.2,3.65,,1
UP001450,APP00660,Identity,Successful,29:56.2,45:01.1,3.74,,1
UP001451,APP00660,Income,Successful,34:53.7,52:59.2,0.5,,1
UP001452,APP00661,Identity,Successful,32:29.3,49:01.5,4.72,,1
UP001453,APP00661,Income,Successful,48:48.4,04:38.7,5.01,,1
UP001454,APP00662,Identity,Successful,54:44.9,02:39.8,2.05,,1
UP001455,APP00662,Income,Successful,09:45.4,25:06.0,1.91,,1
UP001456,APP00663,Identity,Successful,22:59.4,36:23.1,4.17,,1
UP001457,APP00663,Income,Successful,27:52.5,39:39.1,2.78,,1
UP001458,APP00664,Identity,Successful,24:16.2,32:56.4,1.03,,1
UP001459,APP00664,Income,Successful,26:15.6,35:04.3,5.64,,1
UP001460,APP00665,Identity,Successful,09:01.2,18:02.3,4.59,,1
UP001461,APP00665,Income,Successful,04:30.4,08:06.5,2.21,,1
UP001462,APP00666,Identity,Successful,18:15.1,25:53.7,1.95,,1
UP001463,APP00666,Income,Successful,27:39.6,38:33.6,5.5,,1
UP001464,APP00667,Identity,Successful,55:11.3,10:54.1,5.41,,1
UP001465,APP00667,Income,Successful,00:48.7,11:09.8,3.23,,1
UP001466,APP00668,Identity,Successful,14:54.3,29:25.2,0.5,,1
UP001467,APP00668,Income,Successful,32:32.9,50:35.0,3.38,,1
UP001468,APP00669,Identity,Successful,46:10.4,02:40.9,1.14,,1
UP001469,APP00669,Income,Successful,52:26.3,56:44.1,3.07,,1
UP001470,APP00670,Identity,Successful,13:07.2,19:40.6,5.96,,1
UP001471,APP00670,Income,Successful,23:14.9,43:36.7,5.88,,1
UP001472,APP00671,Identity,Successful,06:11.6,20:13.7,5.11,,1
UP001473,APP00671,Income,Failed,03:26.7,09:03.5,4.38,FILE_TOO_LARGE,1
UP001474,APP00671,Income,Successful,07:20.5,31:00.0,2.99,,2
UP001475,APP00672,Identity,Successful,43:39.6,58:16.7,2.36,,1
UP001476,APP00672,Income,Successful,45:06.7,04:58.4,1.13,,1
UP001477,APP00673,Identity,Successful,12:51.0,25:30.0,4.05,,1
UP001478,APP00673,Income,Successful,19:18.5,32:02.0,3.78,,1
UP001479,APP00674,Identity,Successful,33:57.3,39:29.1,0.65,,1
UP001480,APP00674,Income,Successful,41:50.5,58:46.8,1.99,,1
UP001481,APP00675,Identity,Successful,04:13.8,21:54.4,3.61,,1
UP001482,APP00675,Income,Successful,14:51.1,28:09.1,5.1,,1
UP001483,APP00676,Identity,Successful,39:43.3,48:23.8,5.44,,1
UP001484,APP00676,Income,Successful,38:12.8,46:10.5,2.54,,1
UP001485,APP00677,Identity,Successful,52:46.1,57:21.9,5.12,,1
UP001486,APP00677,Income,Successful,03:17.1,05:17.1,2.81,,1
UP001487,APP00678,Identity,Successful,12:26.7,28:52.5,3.68,,1
UP001488,APP00678,Income,Successful,27:39.2,43:24.7,4.23,,1
UP001489,APP00679,Identity,Successful,34:07.9,48:23.7,2.9,,1
UP001490,APP00679,Income,Successful,27:25.0,36:41.7,2.9,,1
UP001491,APP00680,Identity,Successful,41:13.0,51:43.7,1.89,,1
UP001492,APP00680,Income,Failed,34:56.9,47:51.2,6.56,FILE_TOO_LARGE,1
UP001493,APP00680,Income,Failed,44:09.5,53:39.2,2.5,TRANSFER_ERROR,2
UP001494,APP00680,Income,Successful,46:08.6,51:44.1,1.65,,3
UP001495,APP00681,Identity,Successful,50:44.8,52:44.8,4.72,,1
UP001496,APP00681,Income,Successful,52:13.7,03:56.8,0.5,,1
UP001497,APP00682,Identity,Successful,49:56.7,02:07.7,1.31,,1
UP001498,APP00682,Income,Successful,02:26.0,23:11.7,0.5,,1
UP001499,APP00683,Identity,Failed,19:46.0,25:01.4,4.19,UPLOAD_TIMEOUT,1
UP001500,APP00683,Identity,Successful,29:25.7,31:25.7,2.43,,2
UP001501,APP00683,Income,Failed,28:03.6,41:59.6,1.17,TRANSFER_ERROR,1
UP001502,APP00683,Income,Failed,43:46.0,53:31.5,3.56,UPLOAD_TIMEOUT,2
UP001503,APP00683,Income,Successful,34:42.5,48:13.7,5.47,,3
UP001504,APP00684,Identity,Successful,07:31.4,14:33.6,2.52,,1
UP001505,APP00684,Income,Successful,06:43.5,22:04.4,0.5,,1
UP001506,APP00685,Identity,Successful,40:04.8,57:26.8,4.2,,1
UP001507,APP00685,Income,Successful,36:06.6,51:09.4,2.46,,1
UP001508,APP00686,Identity,Successful,11:22.8,23:20.3,3.3,,1
UP001509,APP00686,Income,Successful,18:34.9,33:25.7,6.88,,1
UP001510,APP00687,Identity,Successful,40:42.1,55:01.6,0.83,,1
UP001511,APP00687,Income,Successful,42:42.2,01:41.6,5.53,,1
UP001512,APP00688,Identity,Successful,48:33.6,50:33.6,3.76,,1
UP001513,APP00688,Income,Successful,52:56.3,01:58.3,5.98,,1
UP001514,APP00689,Identity,Successful,19:46.6,34:12.3,0.5,,1
UP001515,APP00689,Income,Successful,13:21.1,26:50.8,5.41,,1
UP001516,APP00690,Identity,Successful,24:17.1,39:07.4,3.15,,1
UP001517,APP00690,Income,Failed,33:43.5,39:33.7,4.55,UPLOAD_TIMEOUT,1
UP001518,APP00690,Income,Failed,29:10.1,38:54.9,4.84,UPLOAD_TIMEOUT,2
UP001519,APP00690,Income,Successful,28:43.1,42:53.6,4.52,,3
UP001520,APP00691,Identity,Successful,31:51.6,34:06.1,4.07,,1
UP001521,APP00691,Income,Successful,33:37.5,53:01.2,3.17,,1
UP001522,APP00692,Identity,Successful,24:57.2,41:31.1,5.78,,1
UP001523,APP00692,Income,Successful,22:09.9,40:02.7,0.5,,1
UP001524,APP00693,Identity,Failed,54:52.5,04:20.9,0.86,UPLOAD_TIMEOUT,1
UP001525,APP00693,Identity,Successful,03:20.6,15:26.1,4.46,,2
UP001526,APP00693,Income,Successful,07:47.9,10:08.7,1.89,,1
UP001527,APP00694,Identity,Successful,26:56.6,35:13.5,5.38,,1
UP001528,APP00694,Income,Successful,38:08.7,49:41.8,5.66,,1
UP001529,APP00695,Identity,Successful,12:23.6,28:49.4,1.86,,1
UP001530,APP00695,Income,Successful,14:31.0,22:59.6,2.57,,1
UP001531,APP00696,Identity,Successful,33:25.0,52:52.8,4.41,,1
UP001532,APP00696,Income,Failed,23:29.7,40:04.7,2.28,UPLOAD_TIMEOUT,1
UP001533,APP00696,Income,Successful,37:42.4,55:57.5,0.58,,2
UP001534,APP00697,Identity,Failed,57:25.6,08:40.5,3.78,UPLOAD_TIMEOUT,1
UP001535,APP00697,Identity,Failed,48:53.2,00:17.9,4.36,FILE_TOO_LARGE,2
UP001536,APP00697,Identity,Successful,56:39.5,05:42.8,2.92,,3
UP001537,APP00697,Income,Successful,54:23.8,56:23.8,9.31,,1
UP001538,APP00698,Identity,Successful,14:45.0,22:54.2,4.63,,1
UP001539,APP00698,Income,Successful,35:56.6,50:57.9,7.21,,1
UP001540,APP00699,Identity,Successful,27:49.8,47:40.9,1.77,,1
UP001541,APP00699,Income,Successful,27:52.2,35:40.2,0.68,,1
UP001542,APP00700,Identity,Successful,52:39.4,05:01.4,4.5,,1
UP001543,APP00700,Income,Successful,56:44.4,05:21.0,4.06,,1
UP001544,APP00701,Identity,Successful,21:58.6,33:44.5,2.7,,1
UP001545,APP00701,Income,Successful,29:27.2,43:44.0,3.4,,1
UP001546,APP00702,Identity,Successful,12:26.8,32:11.6,5.64,,1
UP001547,APP00702,Income,Successful,09:49.5,22:04.6,3.25,,1
UP001548,APP00703,Identity,Successful,30:39.1,34:56.5,5.29,,1
UP001549,APP00703,Income,Failed,15:48.4,28:54.3,5.51,TRANSFER_ERROR,1
UP001550,APP00703,Income,Failed,25:19.0,38:24.6,5.23,FILE_TOO_LARGE,2
UP001551,APP00703,Income,Successful,36:16.8,38:16.8,4.33,,3
UP001552,APP00704,Identity,Successful,28:01.1,44:54.7,3.83,,1
UP001553,APP00704,Income,Successful,29:16.1,39:11.9,3.96,,1
UP001554,APP00705,Identity,Successful,23:51.3,38:46.5,5.19,,1
UP001555,APP00705,Income,Successful,12:58.7,18:34.6,3.83,,1
UP001556,APP00706,Identity,Successful,26:44.2,39:10.3,4.36,,1
UP001557,APP00706,Income,Failed,30:28.7,43:35.1,3.09,UPLOAD_TIMEOUT,1
UP001558,APP00706,Income,Failed,24:38.8,33:08.7,7.38,TRANSFER_ERROR,2
UP001559,APP00706,Income,Successful,24:43.7,40:31.3,0.5,,3
UP001560,APP00707,Identity,Successful,54:39.6,06:42.7,4.77,,1
UP001561,APP00707,Income,Successful,07:52.1,26:19.5,4.43,,1
UP001562,APP00708,Identity,Successful,03:52.0,10:28.7,3.94,,1
UP001563,APP00708,Income,Successful,14:49.7,19:28.2,4.12,,1
UP001564,APP00709,Identity,Successful,35:49.7,40:44.2,1.29,,1
UP001565,APP00709,Income,Successful,40:50.5,45:40.3,4.88,,1
UP001566,APP00710,Identity,Successful,57:55.4,10:41.4,3.8,,1
UP001567,APP00710,Income,Successful,01:28.6,13:46.7,4.33,,1
UP001568,APP00711,Identity,Successful,23:16.9,35:45.0,4.42,,1
UP001569,APP00711,Income,Successful,22:09.3,28:36.0,3.67,,1
UP001570,APP00712,Identity,Successful,43:10.5,53:23.3,0.69,,1
UP001571,APP00712,Income,Successful,31:24.4,39:32.6,4.49,,1
UP001572,APP00713,Identity,Successful,24:01.2,42:04.6,5.44,,1
UP001573,APP00713,Income,Successful,20:52.0,40:41.7,0.5,,1
UP001574,APP00714,Identity,Successful,08:54.2,27:30.9,3.4,,1
UP001575,APP00714,Income,Successful,06:40.0,17:43.6,3.85,,1
UP001576,APP00715,Identity,Successful,41:41.5,43:41.5,3.39,,1
UP001577,APP00715,Income,Successful,41:07.4,53:46.1,0.5,,1
UP001578,APP00716,Identity,Successful,16:36.4,21:27.8,3.41,,1
UP001579,APP00716,Income,Successful,16:36.0,33:16.1,8.07,,1
UP001580,APP00717,Identity,Successful,09:28.4,28:10.4,0.5,,1
UP001581,APP00717,Income,Successful,11:48.3,30:45.2,5.21,,1
UP001582,APP00718,Identity,Successful,30:19.8,32:19.8,0.77,,1
UP001583,APP00718,Income,Successful,42:14.3,51:24.1,2,,1
UP001584,APP00719,Identity,Successful,19:13.6,26:27.0,5,,1
UP001585,APP00719,Income,Successful,29:24.4,43:27.7,2.75,,1
UP001586,APP00720,Identity,Successful,22:13.8,30:44.7,3.05,,1
UP001587,APP00720,Income,Successful,21:46.4,30:00.0,4.23,,1
UP001588,APP00721,Identity,Successful,59:23.2,01:23.2,0.93,,1
UP001589,APP00721,Income,Successful,57:15.4,06:18.4,4.74,,1
UP001590,APP00722,Identity,Successful,44:55.8,00:14.3,0.5,,1
UP001591,APP00722,Income,Successful,48:32.4,05:07.2,2.06,,1
UP001592,APP00723,Identity,Successful,03:22.7,15:01.3,4.77,,1
UP001593,APP00723,Income,Successful,15:08.1,35:25.7,2.61,,1
UP001594,APP00724,Identity,Failed,32:27.0,49:45.1,3.34,UPLOAD_TIMEOUT,1
UP001595,APP00724,Identity,Successful,35:30.0,45:20.5,3.15,,2
UP001596,APP00724,Income,Successful,36:48.6,45:24.3,1.75,,1
UP001597,APP00725,Identity,Successful,28:36.8,39:57.7,7.79,,1
UP001598,APP00725,Income,Successful,23:44.9,38:59.9,3.12,,1
UP001599,APP00726,Identity,Successful,08:00.3,28:55.6,5.8,,1
UP001600,APP00726,Income,Successful,10:05.1,17:51.9,4.08,,1
UP001601,APP00727,Identity,Successful,49:44.8,07:14.0,1.96,,1
UP001602,APP00727,Income,Successful,51:23.6,05:50.4,1.64,,1
UP001603,APP00728,Identity,Successful,52:29.7,57:27.6,3.4,,1
UP001604,APP00728,Income,Successful,46:38.9,48:38.9,4.93,,1
UP001605,APP00729,Identity,Successful,43:18.4,47:45.2,2.93,,1
UP001606,APP00729,Income,Successful,57:09.0,59:09.0,6.12,,1
UP001607,APP00730,Identity,Successful,57:36.0,05:52.8,5.1,,1
UP001608,APP00730,Income,Successful,53:03.5,55:03.5,0.5,,1
UP001609,APP00731,Identity,Successful,15:07.0,28:22.2,2.72,,1
UP001610,APP00731,Income,Successful,28:01.2,47:50.1,3.05,,1
UP001611,APP00732,Identity,Successful,12:09.3,24:08.2,4.67,,1
UP001612,APP00732,Income,Successful,08:35.6,14:41.3,6.17,,1
UP001613,APP00733,Identity,Successful,25:00.0,37:44.9,5.28,,1
UP001614,APP00733,Income,Successful,45:15.7,57:02.2,7.53,,1
UP001615,APP00734,Identity,Successful,32:26.1,46:38.2,3.98,,1
UP001616,APP00734,Income,Successful,40:07.5,49:04.8,2.69,,1
UP001617,APP00735,Identity,Successful,16:45.7,39:03.5,1.51,,1
UP001618,APP00735,Income,Successful,24:14.0,39:51.9,5.12,,1
UP001619,APP00736,Identity,Successful,11:00.6,25:07.3,3.87,,1
UP001620,APP00736,Income,Successful,14:30.0,17:14.8,2.21,,1
UP001621,APP00737,Identity,Successful,52:15.2,02:50.5,3.45,,1
UP001622,APP00737,Income,Successful,04:34.5,06:34.5,2.75,,1
UP001623,APP00738,Identity,Successful,34:58.2,55:52.6,4.46,,1
UP001624,APP00738,Income,Successful,38:36.1,52:07.1,3.28,,1
UP001625,APP00739,Identity,Successful,46:58.8,51:34.7,3,,1
UP001626,APP00739,Income,Successful,57:17.2,04:59.7,4.86,,1
UP001627,APP00740,Identity,Successful,36:42.9,58:44.5,2.77,,1
UP001628,APP00740,Income,Successful,29:31.3,34:48.2,7.46,,1
UP001629,APP00741,Identity,Failed,08:22.6,20:07.1,3.33,TRANSFER_ERROR,1
UP001630,APP00741,Identity,Successful,08:50.0,12:49.9,4.71,,2
UP001631,APP00741,Income,Successful,08:53.3,12:44.3,4.49,,1
UP001632,APP00742,Identity,Successful,07:11.9,09:11.9,5.4,,1
UP001633,APP00742,Income,Successful,05:54.3,17:38.3,0.5,,1
UP001634,APP00743,Identity,Successful,42:05.9,54:57.5,1.31,,1
UP001635,APP00743,Income,Successful,43:57.7,55:49.4,4.87,,1
UP001636,APP00744,Identity,Successful,07:37.5,12:08.8,3.01,,1
UP001637,APP00744,Income,Successful,11:21.2,19:52.7,4.26,,1
UP001638,APP00745,Identity,Successful,13:39.2,15:39.2,4.5,,1
UP001639,APP00745,Income,Successful,22:53.6,26:53.8,0.8,,1
UP001640,APP00746,Identity,Successful,42:27.3,52:09.4,3.79,,1
UP001641,APP00746,Income,Successful,56:22.8,12:02.1,5.16,,1
UP001642,APP00747,Identity,Failed,14:19.8,26:46.1,5.35,UPLOAD_TIMEOUT,1
UP001643,APP00747,Identity,Successful,14:08.1,20:50.8,1.75,,2
UP001644,APP00747,Income,Successful,28:39.1,46:42.1,0.89,,1
UP001645,APP00748,Identity,Successful,14:26.7,18:55.2,10.13,,1
UP001646,APP00748,Income,Successful,18:16.2,28:33.1,4.32,,1
UP001647,APP00749,Identity,Successful,45:57.0,03:09.2,1.13,,1
UP001648,APP00749,Income,Successful,34:14.2,41:52.9,4.78,,1
UP001649,APP00750,Identity,Successful,35:48.9,52:25.9,6.18,,1
UP001650,APP00750,Income,Successful,36:08.5,47:03.6,1.48,,1
UP001651,APP00751,Identity,Successful,04:17.0,12:27.9,2.21,,1
UP001652,APP00751,Income,Successful,01:12.1,14:48.5,1.87,,1
UP001653,APP00752,Identity,Successful,52:12.1,06:25.2,0.5,,1
UP001654,APP00752,Income,Successful,47:25.9,58:24.2,3.77,,1
UP001655,APP00753,Identity,Successful,22:59.1,24:59.1,3.25,,1
UP001656,APP00753,Income,Successful,31:08.8,34:21.9,5.46,,1
UP001657,APP00754,Identity,Successful,40:24.9,46:15.6,0.5,,1
UP001658,APP00754,Income,Successful,47:37.2,54:23.2,2.19,,1
UP001659,APP00755,Identity,Successful,18:28.1,26:52.4,3.28,,1
UP001660,APP00755,Income,Successful,16:32.7,31:19.3,6.46,,1
UP001661,APP00756,Identity,Successful,06:18.4,12:28.9,2.91,,1
UP001662,APP00756,Income,Successful,10:58.0,24:09.7,1.87,,1
UP001663,APP00757,Identity,Successful,51:40.4,07:38.9,1.67,,1
UP001664,APP00757,Income,Successful,55:36.8,07:49.0,2.41,,1
UP001665,APP00758,Identity,Successful,34:18.6,36:18.6,2.58,,1
UP001666,APP00758,Income,Successful,42:19.8,54:49.2,5.92,,1
UP001667,APP00759,Identity,Successful,25:14.7,40:06.2,3.68,,1
UP001668,APP00759,Income,Successful,30:42.4,45:26.9,4.71,,1
UP001669,APP00760,Identity,Successful,19:14.8,42:33.8,5.13,,1
UP001670,APP00760,Income,Successful,13:36.3,30:40.0,1.9,,1
UP001671,APP00761,Identity,Successful,58:33.0,12:41.1,4.38,,1
UP001672,APP00761,Income,Successful,11:39.8,20:46.8,3.31,,1
UP001673,APP00762,Identity,Successful,31:47.3,36:55.3,4.93,,1
UP001674,APP00762,Income,Successful,33:12.3,38:28.1,3.27,,1
UP001675,APP00763,Identity,Successful,55:51.8,02:21.1,6.03,,1
UP001676,APP00763,Income,Successful,55:06.3,00:38.7,6.26,,1
UP001677,APP00764,Identity,Failed,45:56.8,00:15.6,3.54,UPLOAD_TIMEOUT,1
UP001678,APP00764,Identity,Successful,54:06.9,59:13.7,8.11,,2
UP001679,APP00764,Income,Successful,06:56.3,08:56.3,2.84,,1
UP001680,APP00765,Identity,Successful,29:38.3,34:57.3,4.2,,1
UP001681,APP00765,Income,Successful,33:04.0,45:25.9,4.61,,1
UP001682,APP00766,Identity,Successful,24:29.6,35:27.1,2.74,,1
UP001683,APP00766,Income,Successful,26:15.8,29:14.9,1.61,,1
UP001684,APP00767,Identity,Failed,00:46.8,13:25.2,1.98,TRANSFER_ERROR,1
UP001685,APP00767,Identity,Failed,11:05.6,23:33.1,5.2,UPLOAD_TIMEOUT,2
UP001686,APP00767,Identity,Successful,17:10.0,30:28.9,0.5,,3
UP001687,APP00767,Income,Successful,09:54.0,13:54.5,1.06,,1
UP001688,APP00768,Identity,Successful,59:46.3,18:09.4,3.15,,1
UP001689,APP00768,Income,Successful,53:04.5,07:35.1,3.13,,1
UP001690,APP00769,Identity,Successful,51:46.4,04:54.3,9.53,,1
UP001691,APP00769,Income,Successful,55:22.9,04:21.9,0.5,,1
UP001692,APP00770,Identity,Successful,05:36.3,15:42.5,3.22,,1
UP001693,APP00770,Income,Successful,15:39.2,29:53.8,8.2,,1
UP001694,APP00771,Identity,Successful,12:24.1,16:59.2,4.71,,1
UP001695,APP00771,Income,Successful,30:20.9,49:01.6,0.55,,1
UP001696,APP00772,Identity,Failed,09:09.2,23:24.1,4.33,TRANSFER_ERROR,1
UP001697,APP00772,Identity,Successful,18:16.8,28:16.4,4.01,,2
UP001698,APP00772,Income,Successful,21:59.5,30:49.9,4.9,,1
UP001699,APP00773,Identity,Successful,44:17.3,51:23.9,2.38,,1
UP001700,APP00773,Income,Successful,47:10.2,57:58.3,2.71,,1
UP001701,APP00774,Identity,Successful,46:52.2,10:28.2,4,,1
UP001702,APP00774,Income,Successful,51:17.9,07:43.0,3.53,,1
UP001703,APP00775,Identity,Successful,47:57.6,00:43.4,5.17,,1
UP001704,APP00775,Income,Successful,46:14.2,57:48.5,6.95,,1
UP001705,APP00776,Identity,Successful,06:56.6,13:45.7,3.15,,1
UP001706,APP00776,Income,Successful,05:21.8,07:21.8,2.58,,1
UP001707,APP00777,Identity,Successful,52:56.8,06:06.7,4.44,,1
UP001708,APP00777,Income,Successful,59:35.8,12:42.0,3.18,,1
UP001709,APP00778,Identity,Successful,21:17.2,36:57.2,0.5,,1
UP001710,APP00778,Income,Successful,25:56.9,35:27.6,1.51,,1
UP001711,APP00779,Identity,Successful,55:55.8,09:49.9,1.14,,1
UP001712,APP00779,Income,Successful,10:28.4,19:18.3,3.98,,1
UP001713,APP00780,Identity,Successful,23:59.9,29:14.8,3.8,,1
UP001714,APP00780,Income,Successful,25:02.5,33:03.7,3.93,,1
UP001715,APP00781,Identity,Successful,30:08.8,51:08.6,3.23,,1
UP001716,APP00781,Income,Failed,34:17.0,50:34.4,3.48,FILE_TOO_LARGE,1
UP001717,APP00781,Income,Successful,31:40.4,43:13.9,6.67,,2
UP001718,APP00782,Identity,Successful,47:09.4,05:44.8,3.05,,1
UP001719,APP00782,Income,Successful,54:24.3,08:54.6,4.82,,1
UP001720,APP00783,Identity,Successful,48:45.2,03:52.4,5.09,,1
UP001721,APP00783,Income,Successful,46:18.7,53:21.0,3.7,,1
UP001722,APP00784,Identity,Successful,30:20.2,36:49.9,1.59,,1
UP001723,APP00784,Income,Successful,37:46.3,41:35.3,1,,1
UP001724,APP00785,Identity,Successful,19:55.6,26:41.0,2.87,,1
UP001725,APP00785,Income,Successful,18:11.5,27:34.9,2.85,,1
UP001726,APP00786,Identity,Successful,03:39.4,18:00.6,1.89,,1
UP001727,APP00786,Income,Successful,25:26.2,40:04.7,1.24,,1
UP001728,APP00787,Identity,Successful,49:12.1,11:39.3,2.64,,1
UP001729,APP00787,Income,Successful,04:17.4,17:12.9,4.16,,1
UP001730,APP00788,Identity,Successful,35:57.3,41:24.7,0.67,,1
UP001731,APP00788,Income,Failed,36:32.3,46:20.9,2.33,TRANSFER_ERROR,1
UP001732,APP00788,Income,Successful,43:56.6,54:12.1,1.88,,2
UP001733,APP00789,Identity,Successful,42:01.8,53:54.4,8.53,,1
UP001734,APP00789,Income,Successful,52:21.2,03:51.0,5.62,,1
UP001735,APP00790,Identity,Failed,42:06.3,50:18.5,2.05,TRANSFER_ERROR,1
UP001736,APP00790,Identity,Failed,42:37.8,56:11.0,5.83,TRANSFER_ERROR,2
UP001737,APP00790,Identity,Successful,44:10.4,46:10.4,2.12,,3
UP001738,APP00790,Income,Successful,54:56.3,09:38.3,3.72,,1
UP001739,APP00791,Identity,Successful,35:45.3,50:42.9,2.19,,1
UP001740,APP00791,Income,Successful,49:44.4,02:47.6,4.23,,1
UP001741,APP00792,Identity,Successful,07:58.8,14:46.3,1.32,,1
UP001742,APP00792,Income,Successful,13:33.6,16:14.9,1.7,,1
UP001743,APP00793,Identity,Successful,23:46.1,28:27.4,4.5,,1
UP001744,APP00793,Income,Successful,27:53.7,39:00.9,2.62,,1
UP001745,APP00794,Identity,Successful,10:48.9,18:11.5,3.66,,1
UP001746,APP00794,Income,Successful,09:15.7,14:22.2,2.9,,1
UP001747,APP00795,Identity,Successful,17:21.0,23:01.7,1.14,,1
UP001748,APP00795,Income,Successful,14:59.9,29:54.6,3.92,,1
UP001749,APP00796,Identity,Successful,16:21.8,18:21.8,2.78,,1
UP001750,APP00796,Income,Successful,18:24.0,34:27.2,5.96,,1
UP001751,APP00797,Identity,Successful,28:06.1,34:36.1,2.49,,1
UP001752,APP00797,Income,Successful,31:38.6,43:50.8,5.48,,1
UP001753,APP00798,Identity,Failed,12:21.9,28:17.5,4.6,UPLOAD_TIMEOUT,1
UP001754,APP00798,Identity,Failed,14:50.0,24:54.9,2.76,UPLOAD_TIMEOUT,2
UP001755,APP00798,Identity,Successful,13:48.0,23:00.6,3.31,,3
UP001756,APP00798,Income,Successful,19:38.0,31:23.8,3.62,,1
UP001757,APP00799,Identity,Successful,06:18.4,16:53.9,1.31,,1
UP001758,APP00799,Income,Successful,11:25.7,22:19.4,4.97,,1
UP001759,APP00800,Identity,Successful,36:41.2,47:01.5,5.61,,1
UP001760,APP00800,Income,Successful,50:04.3,55:52.3,2.44,,1
UP001761,APP00801,Identity,Successful,54:55.2,06:51.3,2.36,,1
UP001762,APP00801,Income,Successful,57:33.4,10:18.3,0.5,,1
UP001763,APP00802,Identity,Successful,56:33.9,58:33.9,3.95,,1
UP001764,APP00802,Income,Successful,46:28.4,00:16.5,1.88,,1
UP001765,APP00803,Identity,Successful,49:01.1,56:50.3,3.32,,1
UP001766,APP00803,Income,Successful,47:25.7,06:39.9,1.48,,1
UP001767,APP00804,Identity,Successful,55:13.2,08:28.4,3.43,,1
UP001768,APP00804,Income,Failed,57:27.9,04:34.1,0.53,FILE_TOO_LARGE,1
UP001769,APP00804,Income,Successful,47:33.0,05:26.3,2.67,,2
UP001770,APP00805,Identity,Successful,24:04.1,33:58.2,4.99,,1
UP001771,APP00805,Income,Failed,21:13.3,37:09.3,6.85,UPLOAD_TIMEOUT,1
UP001772,APP00805,Income,Failed,25:53.9,42:42.5,0.68,UPLOAD_TIMEOUT,2
UP001773,APP00805,Income,Successful,29:01.2,40:26.6,1.98,,3
UP001774,APP00806,Identity,Successful,38:19.6,40:19.6,0.51,,1
UP001775,APP00806,Income,Successful,46:13.9,58:10.6,2.92,,1
UP001776,APP00807,Identity,Successful,49:35.7,05:09.6,2.38,,1
UP001777,APP00807,Income,Successful,00:29.5,19:19.6,5.21,,1
UP001778,APP00808,Identity,Failed,43:31.4,04:24.4,5.16,UPLOAD_TIMEOUT,1
UP001779,APP00808,Identity,Successful,45:13.7,54:17.2,5.76,,2
UP001780,APP00808,Income,Successful,39:59.1,55:14.0,4.27,,1
UP001781,APP00809,Identity,Successful,23:38.2,31:20.1,5.54,,1
UP001782,APP00809,Income,Successful,34:12.4,40:43.9,6.41,,1
UP001783,APP00810,Identity,Successful,07:21.8,19:30.6,3.75,,1
UP001784,APP00810,Income,Successful,07:53.6,14:10.5,1.45,,1
UP001785,APP00811,Identity,Successful,22:36.1,40:12.7,4.22,,1
UP001786,APP00811,Income,Successful,23:45.6,31:20.5,3.31,,1
UP001787,APP00812,Identity,Successful,40:07.6,50:23.9,4.63,,1
UP001788,APP00812,Income,Successful,33:38.6,35:38.6,0.82,,1
UP001789,APP00813,Identity,Successful,20:00.4,33:08.6,7.24,,1
UP001790,APP00813,Income,Successful,24:27.0,30:08.1,4.64,,1
UP001791,APP00814,Identity,Successful,49:40.5,08:07.1,3.52,,1
UP001792,APP00814,Income,Successful,10:59.9,24:59.8,3.62,,1
UP001793,APP00815,Identity,Successful,59:39.3,12:09.4,1.51,,1
UP001794,APP00815,Income,Successful,10:16.5,25:59.7,3.85,,1
UP001795,APP00816,Identity,Successful,15:54.8,38:07.9,2.54,,1
UP001796,APP00816,Income,Failed,31:45.8,47:33.8,4.27,FILE_TOO_LARGE,1
UP001797,APP00816,Income,Failed,27:36.5,34:35.5,0.5,TRANSFER_ERROR,2
UP001798,APP00816,Income,Successful,30:30.2,34:24.6,1.28,,3
UP001799,APP00817,Identity,Successful,57:52.2,01:16.6,2.51,,1
UP001800,APP00817,Income,Successful,01:30.9,16:58.9,2.62,,1
UP001801,APP00818,Identity,Successful,53:38.0,06:46.2,0.5,,1
UP001802,APP00818,Income,Successful,01:01.6,09:06.7,7.06,,1
UP001803,APP00819,Identity,Successful,49:42.5,10:07.3,4.7,,1
UP001804,APP00819,Income,Successful,42:51.2,57:47.3,3.29,,1
UP001805,APP00820,Identity,Successful,23:29.8,41:49.2,2.62,,1
UP001806,APP00820,Income,Successful,33:02.2,49:54.1,1.79,,1
UP001807,APP00821,Identity,Failed,39:20.7,52:24.1,4.99,UPLOAD_TIMEOUT,1
UP001808,APP00821,Identity,Failed,50:09.5,05:01.3,3.62,TRANSFER_ERROR,2
UP001809,APP00821,Identity,Successful,57:47.4,08:58.7,2.82,,3
UP001810,APP00821,Income,Successful,55:04.1,07:28.6,4.63,,1
UP001811,APP00822,Identity,Successful,13:55.8,24:58.6,5.81,,1
UP001812,APP00822,Income,Failed,30:53.4,54:01.7,5.5,UPLOAD_TIMEOUT,1
UP001813,APP00822,Income,Successful,25:30.1,40:08.5,3.12,,2
UP001814,APP00823,Identity,Successful,04:20.7,06:20.7,3.23,,1
UP001815,APP00823,Income,Successful,21:28.6,24:54.5,3.82,,1
UP001816,APP00824,Identity,Successful,58:21.3,07:46.3,1.69,,1
UP001817,APP00824,Income,Successful,00:11.9,13:30.0,6.3,,1
UP001818,APP00825,Identity,Failed,06:08.2,16:30.8,5.4,TRANSFER_ERROR,1
UP001819,APP00825,Identity,Failed,00:32.7,19:53.0,3.07,UPLOAD_TIMEOUT,2
UP001820,APP00825,Identity,Successful,03:06.4,12:51.1,4.01,,3
UP001821,APP00825,Income,Successful,12:07.8,19:19.7,2.14,,1
UP001822,APP00826,Identity,Successful,03:17.4,13:22.3,5.81,,1
UP001823,APP00826,Income,Successful,12:00.6,14:00.6,2,,1
UP001824,APP00827,Identity,Successful,02:48.8,13:28.9,3.73,,1
UP001825,APP00827,Income,Successful,08:53.3,27:18.7,3.49,,1
UP001826,APP00828,Identity,Successful,05:33.6,26:07.8,2.55,,1
UP001827,APP00828,Income,Successful,01:22.4,07:36.7,7.37,,1
UP001828,APP00829,Identity,Successful,14:51.8,26:20.8,4.69,,1
UP001829,APP00829,Income,Failed,20:32.1,30:04.2,3.68,UPLOAD_TIMEOUT,1
UP001830,APP00829,Income,Successful,25:29.0,41:44.4,2.2,,2
UP001831,APP00830,Identity,Successful,23:53.5,45:48.5,2.61,,1
UP001832,APP00830,Income,Successful,31:44.4,37:51.9,8.14,,1
UP001833,APP00831,Identity,Successful,20:26.5,34:04.4,4.42,,1
UP001834,APP00831,Income,Successful,16:16.1,26:12.1,4.99,,1
UP001835,APP00832,Identity,Failed,58:00.9,03:07.0,4.6,UPLOAD_TIMEOUT,1
UP001836,APP00832,Identity,Failed,00:03.0,07:43.2,2.52,UPLOAD_TIMEOUT,2
UP001837,APP00832,Identity,Successful,58:27.7,07:14.3,3.25,,3
UP001838,APP00832,Income,Successful,05:59.5,19:14.6,2.3,,1
UP001839,APP00833,Identity,Successful,12:27.8,20:23.4,2.1,,1
UP001840,APP00833,Income,Successful,29:44.6,35:42.3,1.95,,1
UP001841,APP00834,Identity,Successful,24:39.0,29:34.7,4.42,,1
UP001842,APP00834,Income,Successful,36:02.4,42:17.3,2.77,,1
UP001843,APP00835,Identity,Successful,58:40.1,10:51.5,5.45,,1
UP001844,APP00835,Income,Successful,54:25.7,13:13.7,2.84,,1
UP001845,APP00836,Identity,Successful,27:31.4,44:32.8,4.93,,1
UP001846,APP00836,Income,Successful,21:34.0,28:26.5,3.45,,1
UP001847,APP00837,Identity,Successful,52:17.3,57:01.0,1.34,,1
UP001848,APP00837,Income,Successful,56:13.3,59:38.9,3.77,,1
UP001849,APP00838,Identity,Failed,50:35.5,05:42.0,3.36,TRANSFER_ERROR,1
UP001850,APP00838,Identity,Failed,58:25.9,05:55.6,3.53,UPLOAD_TIMEOUT,2
UP001851,APP00838,Identity,Successful,54:30.2,11:16.6,2.51,,3
UP001852,APP00838,Income,Successful,57:53.1,10:08.7,5.87,,1
UP001853,APP00839,Identity,Successful,42:56.9,44:56.9,3.97,,1
UP001854,APP00839,Income,Successful,45:07.6,50:07.6,4.02,,1
UP001855,APP00840,Identity,Successful,31:52.6,37:58.1,5.76,,1
UP001856,APP00840,Income,Successful,33:43.1,42:37.3,2.45,,1
UP001857,APP00841,Identity,Successful,36:50.9,52:11.8,0.5,,1
UP001858,APP00841,Income,Successful,42:55.0,58:09.3,2.96,,1
UP001859,APP00842,Identity,Successful,14:40.1,16:40.1,4.56,,1
UP001860,APP00842,Income,Successful,18:06.5,28:45.9,4.72,,1
UP001861,APP00843,Identity,Successful,50:16.9,56:49.1,3.56,,1
UP001862,APP00843,Income,Failed,01:49.0,10:12.0,3.8,TRANSFER_ERROR,1
UP001863,APP00843,Income,Failed,55:24.9,03:11.3,3.9,UPLOAD_TIMEOUT,2
UP001864,APP00843,Income,Successful,56:43.6,58:43.6,2.79,,3
UP001865,APP00844,Identity,Successful,50:03.0,53:50.4,4.88,,1
UP001866,APP00844,Income,Successful,48:53.1,55:40.0,3.51,,1
UP001867,APP00845,Identity,Successful,44:39.6,57:36.0,4.14,,1
UP001868,APP00845,Income,Successful,48:08.5,02:35.3,2.78,,1
UP001869,APP00846,Identity,Successful,29:02.5,49:38.3,6.21,,1
UP001870,APP00846,Income,Successful,31:58.0,39:23.9,0.5,,1
UP001871,APP00847,Identity,Successful,46:27.0,54:33.3,5.46,,1
UP001872,APP00847,Income,Successful,46:46.8,48:46.8,5.6,,1
UP001873,APP00848,Identity,Successful,37:12.0,53:03.0,2.8,,1
UP001874,APP00848,Income,Failed,46:59.9,07:12.1,3.46,UPLOAD_TIMEOUT,1
UP001875,APP00848,Income,Failed,41:01.4,55:37.2,5.96,UPLOAD_TIMEOUT,2
UP001876,APP00848,Income,Successful,50:14.5,56:20.6,1.63,,3
UP001877,APP00849,Identity,Successful,18:58.3,36:01.3,3.64,,1
UP001878,APP00849,Income,Successful,07:01.1,20:19.8,1.71,,1
UP001879,APP00850,Identity,Successful,03:07.8,14:48.8,6.16,,1
UP001880,APP00850,Income,Successful,10:22.0,36:34.7,3.25,,1
UP001881,APP00851,Identity,Successful,10:43.6,20:19.9,3.56,,1
UP001882,APP00851,Income,Successful,03:21.6,12:03.0,0.5,,1
UP001883,APP00852,Identity,Successful,33:00.9,39:50.1,6.13,,1
UP001884,APP00852,Income,Successful,48:48.3,02:20.9,2.56,,1
UP001885,APP00853,Identity,Successful,32:29.3,44:27.2,0.5,,1
UP001886,APP00853,Income,Successful,32:00.8,41:52.2,6.56,,1
UP001887,APP00854,Identity,Successful,43:06.0,57:51.4,3.41,,1
UP001888,APP00854,Income,Failed,46:38.7,04:57.5,3.22,UPLOAD_TIMEOUT,1
UP001889,APP00854,Income,Successful,47:30.9,02:28.1,1.24,,2
UP001890,APP00855,Identity,Successful,25:25.7,33:14.5,5.32,,1
UP001891,APP00855,Income,Successful,28:02.0,31:40.7,6.03,,1
UP001892,APP00856,Identity,Successful,20:40.2,37:07.2,7.12,,1
UP001893,APP00856,Income,Successful,33:29.0,41:10.0,4.8,,1
UP001894,APP00857,Identity,Successful,55:29.9,01:14.6,6.07,,1
UP001895,APP00857,Income,Successful,49:48.1,54:04.3,2.68,,1
UP001896,APP00858,Identity,Successful,04:43.1,17:41.1,2.53,,1
UP001897,APP00858,Income,Successful,09:38.8,11:38.8,5.1,,1
UP001898,APP00859,Identity,Successful,47:49.1,03:20.0,3.91,,1
UP001899,APP00859,Income,Successful,51:56.7,56:06.9,3.5,,1
UP001900,APP00860,Identity,Successful,41:36.3,44:53.4,2.9,,1
UP001901,APP00860,Income,Successful,51:46.1,57:22.1,0.87,,1
UP001902,APP00861,Identity,Successful,36:06.5,49:06.8,3.28,,1
UP001903,APP00861,Income,Successful,33:00.6,52:18.8,5.01,,1
UP001904,APP00862,Identity,Successful,01:41.1,13:08.7,1.43,,1
UP001905,APP00862,Income,Successful,08:25.3,19:46.0,3.33,,1
UP001906,APP00863,Identity,Successful,49:36.1,03:32.6,5.74,,1
UP001907,APP00863,Income,Successful,47:00.1,52:05.1,5.53,,1
UP001908,APP00864,Identity,Successful,56:40.4,00:35.3,4.15,,1
UP001909,APP00864,Income,Failed,10:22.1,36:06.5,1.8,UPLOAD_TIMEOUT,1
UP001910,APP00864,Income,Failed,02:55.2,11:09.9,3.16,UPLOAD_TIMEOUT,2
UP001911,APP00864,Income,Successful,14:03.3,29:38.1,4.42,,3
UP001912,APP00865,Identity,Successful,32:36.6,44:52.4,3.42,,1
UP001913,APP00865,Income,Successful,46:29.2,59:47.2,1.48,,1
UP001914,APP00866,Identity,Successful,04:01.6,15:58.6,2.65,,1
UP001915,APP00866,Income,Successful,08:04.9,17:25.3,4.76,,1
UP001916,APP00867,Identity,Successful,39:20.4,50:06.6,3.62,,1
UP001917,APP00867,Income,Successful,41:45.6,47:04.1,5.07,,1
UP001918,APP00868,Identity,Failed,48:32.2,57:54.4,4.1,FILE_TOO_LARGE,1
UP001919,APP00868,Identity,Successful,55:14.0,13:22.8,5.36,,2
UP001920,APP00868,Income,Successful,08:57.8,26:43.3,3.42,,1
UP001921,APP00869,Identity,Successful,08:01.7,17:31.7,2.29,,1
UP001922,APP00869,Income,Successful,26:31.6,28:31.6,5.76,,1
UP001923,APP00870,Identity,Successful,22:13.0,40:44.8,5.58,,1
UP001924,APP00870,Income,Successful,25:28.1,27:28.1,6.33,,1
UP001925,APP00871,Identity,Failed,34:58.0,55:48.3,4.46,FILE_TOO_LARGE,1
UP001926,APP00871,Identity,Successful,54:38.4,14:52.2,2.31,,2
UP001927,APP00871,Income,Successful,43:59.5,59:57.7,0.5,,1
UP001928,APP00872,Identity,Successful,27:14.3,38:17.3,4.62,,1
UP001929,APP00872,Income,Successful,21:56.6,38:53.9,6.23,,1
UP001930,APP00873,Identity,Successful,32:08.0,34:08.0,1.96,,1
UP001931,APP00873,Income,Successful,31:24.3,42:20.1,4.9,,1
UP001932,APP00874,Identity,Successful,45:00.7,47:00.7,6.26,,1
UP001933,APP00874,Income,Successful,06:31.6,16:19.9,2.31,,1
UP001934,APP00875,Identity,Successful,34:23.4,48:38.5,6.1,,1
UP001935,APP00875,Income,Successful,49:27.2,02:21.1,4.5,,1
UP001936,APP00876,Identity,Successful,10:31.3,17:01.3,5.77,,1
UP001937,APP00876,Income,Successful,11:29.5,34:29.1,7.43,,1
UP001938,APP00877,Identity,Successful,32:33.1,41:43.6,5.39,,1
UP001939,APP00877,Income,Successful,35:47.7,57:34.4,4.16,,1
UP001940,APP00878,Identity,Successful,13:36.8,24:57.0,4.99,,1
UP001941,APP00878,Income,Successful,11:44.4,20:36.8,3.02,,1
UP001942,APP00879,Identity,Successful,09:07.6,25:06.9,4.47,,1
UP001943,APP00879,Income,Failed,20:10.3,31:05.0,6.68,UPLOAD_TIMEOUT,1
UP001944,APP00879,Income,Successful,19:30.0,24:20.7,1.04,,2
UP001945,APP00880,Identity,Successful,43:10.3,50:37.1,1.11,,1
UP001946,APP00880,Income,Successful,41:20.2,54:02.5,0.95,,1
UP001947,APP00881,Identity,Failed,33:42.0,42:36.9,1.77,TRANSFER_ERROR,1
UP001948,APP00881,Identity,Successful,36:03.7,42:53.2,2.43,,2
UP001949,APP00881,Income,Successful,27:36.0,41:39.8,5.25,,1
UP001950,APP00882,Identity,Failed,10:12.6,19:52.3,4.34,UPLOAD_TIMEOUT,1
UP001951,APP00882,Identity,Successful,18:44.5,26:31.4,3.47,,2
UP001952,APP00882,Income,Successful,15:32.4,20:36.3,4.29,,1
UP001953,APP00883,Identity,Successful,57:46.0,07:51.6,5.14,,1
UP001954,APP00883,Income,Successful,16:29.3,27:41.0,0.5,,1
UP001955,APP00884,Identity,Successful,04:56.3,14:34.0,2.44,,1
UP001956,APP00884,Income,Successful,15:20.4,24:20.3,4.53,,1
UP001957,APP00885,Identity,Successful,40:50.4,58:51.3,3.55,,1
UP001958,APP00885,Income,Successful,36:00.6,52:03.9,2.7,,1
UP001959,APP00886,Identity,Successful,07:10.9,18:38.1,3.78,,1
UP001960,APP00886,Income,Successful,22:04.0,37:36.8,5.48,,1
UP001961,APP00887,Identity,Successful,27:56.6,35:09.1,5.7,,1
UP001962,APP00887,Income,Successful,26:55.6,33:44.5,2.71,,1
UP001963,APP00888,Identity,Successful,37:07.2,52:10.7,2.25,,1
UP001964,APP00888,Income,Successful,40:47.1,52:18.6,2.76,,1
UP001965,APP00889,Identity,Successful,27:50.8,41:21.0,0.5,,1
UP001966,APP00889,Income,Successful,36:39.8,44:42.8,4.21,,1
UP001967,APP00890,Identity,Successful,05:01.1,07:53.4,4.91,,1
UP001968,APP00890,Income,Successful,07:02.0,21:07.4,3.44,,1
UP001969,APP00891,Identity,Successful,45:25.3,54:29.0,4.52,,1
UP001970,APP00891,Income,Successful,59:19.3,10:50.9,4.29,,1
UP001971,APP00892,Identity,Successful,12:29.0,24:10.2,0.5,,1
UP001972,APP00892,Income,Successful,21:18.0,28:06.3,5.34,,1
UP001973,APP00893,Identity,Successful,26:46.9,36:05.9,1.81,,1
UP001974,APP00893,Income,Successful,20:09.8,26:49.3,3.43,,1
UP001975,APP00894,Identity,Successful,31:51.3,41:35.9,1.1,,1
UP001976,APP00894,Income,Successful,34:53.9,47:03.0,3.34,,1
UP001977,APP00895,Identity,Successful,54:43.6,59:19.6,0.9,,1
UP001978,APP00895,Income,Successful,52:06.1,58:22.7,3.74,,1
UP001979,APP00896,Identity,Successful,13:09.6,30:53.0,0.5,,1
UP001980,APP00896,Income,Successful,11:19.5,31:05.9,6.33,,1
UP001981,APP00897,Identity,Successful,01:09.8,08:29.2,5.2,,1
UP001982,APP00897,Income,Successful,02:45.6,14:36.1,3.15,,1
UP001983,APP00898,Identity,Successful,40:08.7,54:42.1,2.33,,1
UP001984,APP00898,Income,Successful,40:51.9,50:40.6,0.5,,1
UP001985,APP00899,Identity,Successful,04:22.6,22:01.2,3.57,,1
UP001986,APP00899,Income,Successful,07:05.7,19:05.0,3.55,,1
UP001987,APP00900,Identity,Successful,50:00.0,57:03.9,6.56,,1
UP001988,APP00900,Income,Successful,03:41.4,13:56.6,3.43,,1
UP001989,APP00901,Identity,Successful,07:22.7,09:22.7,2.02,,1
UP001990,APP00901,Income,Successful,05:07.6,18:36.2,3.29,,1
UP001991,APP00902,Identity,Successful,13:07.3,15:07.3,2.39,,1
UP001992,APP00902,Income,Successful,19:01.1,23:50.3,2.94,,1
UP001993,APP00903,Identity,Successful,51:41.3,00:27.7,2.15,,1
UP001994,APP00903,Income,Successful,53:14.1,04:46.3,3.69,,1
UP001995,APP00904,Identity,Successful,52:45.9,54:45.9,4.69,,1
UP001996,APP00904,Income,Successful,47:57.5,56:55.5,1.56,,1
UP001997,APP00905,Identity,Successful,04:55.9,18:00.7,5.98,,1
UP001998,APP00905,Income,Successful,02:15.3,05:34.5,7.04,,1
UP001999,APP00906,Identity,Successful,25:25.0,37:31.1,4.73,,1
UP002000,APP00906,Income,Successful,31:14.8,50:51.3,5.27,,1
UP002001,APP00907,Identity,Successful,32:54.4,35:51.0,2.09,,1
UP002002,APP00907,Income,Successful,33:53.4,38:12.1,4.81,,1
UP002003,APP00908,Identity,Successful,53:42.5,05:22.9,3.92,,1
UP002004,APP00908,Income,Successful,00:07.9,11:31.4,4.11,,1
UP002005,APP00909,Identity,Successful,52:32.1,08:17.1,7.03,,1
UP002006,APP00909,Income,Successful,00:19.2,11:05.4,6.41,,1
UP002007,APP00910,Identity,Successful,49:38.2,02:49.1,5.21,,1
UP002008,APP00910,Income,Successful,49:36.5,54:33.5,3.54,,1
UP002009,APP00911,Identity,Successful,56:09.0,10:30.4,5.06,,1
UP002010,APP00911,Income,Successful,56:59.9,04:22.8,5.78,,1
UP002011,APP00912,Identity,Successful,21:00.6,31:32.9,3.86,,1
UP002012,APP00912,Income,Successful,25:20.2,40:12.1,6.21,,1
UP002013,APP00913,Identity,Successful,38:27.5,59:51.3,0.5,,1
UP002014,APP00913,Income,Successful,36:20.4,45:39.0,2.13,,1
UP002015,APP00914,Identity,Successful,52:49.1,59:05.3,2.2,,1
UP002016,APP00914,Income,Successful,55:26.5,57:26.9,2.59,,1
UP002017,APP00915,Identity,Successful,38:22.4,46:16.9,5.55,,1
UP002018,APP00915,Income,Successful,00:42.4,14:32.9,1.19,,1
UP002019,APP00916,Identity,Successful,05:59.6,21:11.1,2.76,,1
UP002020,APP00916,Income,Successful,04:28.5,17:00.2,3.7,,1
UP002021,APP00917,Identity,Successful,41:17.3,49:40.6,6.18,,1
UP002022,APP00917,Income,Successful,37:39.9,53:46.7,3.18,,1
UP002023,APP00918,Identity,Successful,15:43.2,28:19.6,2.32,,1
UP002024,APP00918,Income,Successful,36:56.8,45:39.0,2.94,,1
UP002025,APP00919,Identity,Successful,16:44.5,31:44.9,2.15,,1
UP002026,APP00919,Income,Successful,17:54.3,31:59.4,4.09,,1
UP002027,APP00920,Identity,Successful,39:55.1,49:34.9,2.89,,1
UP002028,APP00920,Income,Successful,45:46.4,55:40.3,3.14,,1
UP002029,APP00921,Identity,Successful,07:18.6,09:24.4,3.88,,1
UP002030,APP00921,Income,Successful,21:29.0,35:13.8,4.61,,1
UP002031,APP00922,Identity,Successful,43:14.3,52:22.4,3.19,,1
UP002032,APP00922,Income,Successful,37:29.4,42:37.5,6.4,,1
UP002033,APP00923,Identity,Successful,23:38.9,43:01.0,1.46,,1
UP002034,APP00923,Income,Successful,32:15.4,45:13.7,3.25,,1
UP002035,APP00924,Identity,Successful,53:09.9,01:16.4,5.8,,1
UP002036,APP00924,Income,Successful,06:14.8,19:41.7,3.08,,1
UP002037,APP00925,Identity,Successful,28:16.0,43:58.1,3.69,,1
UP002038,APP00925,Income,Successful,21:34.1,23:34.1,0.85,,1
UP002039,APP00926,Identity,Successful,48:13.8,03:14.2,3.49,,1
UP002040,APP00926,Income,Failed,00:16.9,11:50.5,3.17,UPLOAD_TIMEOUT,1
UP002041,APP00926,Income,Successful,51:32.1,09:45.9,4.39,,2
UP002042,APP00927,Identity,Successful,13:33.2,33:26.4,2.69,,1
UP002043,APP00927,Income,Successful,05:07.6,15:56.8,2.21,,1
UP002044,APP00928,Identity,Successful,16:39.9,29:45.3,8.99,,1
UP002045,APP00928,Income,Successful,20:04.8,24:37.1,8.89,,1
UP002046,APP00929,Identity,Successful,04:23.5,14:56.4,0.5,,1
UP002047,APP00929,Income,Successful,11:41.8,25:01.0,1.95,,1
UP002048,APP00930,Identity,Successful,11:28.5,20:58.8,2.57,,1
UP002049,APP00930,Income,Successful,09:50.4,24:49.6,2.69,,1
UP002050,APP00931,Identity,Successful,09:26.7,11:26.7,4.28,,1
UP002051,APP00931,Income,Successful,18:49.6,29:42.6,3.85,,1
UP002052,APP00932,Identity,Successful,11:16.8,17:49.0,3.18,,1
UP002053,APP00932,Income,Failed,21:45.5,33:49.9,0.5,TRANSFER_ERROR,1
UP002054,APP00932,Income,Successful,12:33.4,28:45.4,0.99,,2
UP002055,APP00933,Identity,Successful,05:40.5,15:08.0,4.33,,1
UP002056,APP00933,Income,Successful,13:48.8,22:50.5,4.32,,1
UP002057,APP00934,Identity,Failed,21:05.9,34:52.6,1.72,UPLOAD_TIMEOUT,1
UP002058,APP00934,Identity,Successful,23:41.1,44:53.9,4.24,,2
UP002059,APP00934,Income,Failed,23:26.7,42:18.0,4.34,FILE_TOO_LARGE,1
UP002060,APP00934,Income,Failed,26:29.7,39:41.0,3.38,TRANSFER_ERROR,2
UP002061,APP00934,Income,Successful,26:50.5,46:03.7,6.01,,3
UP002062,APP00935,Identity,Successful,49:34.4,00:57.0,5.06,,1
UP002063,APP00935,Income,Successful,53:01.4,55:06.0,2.18,,1
UP002064,APP00936,Identity,Successful,15:05.9,25:54.5,6.42,,1
UP002065,APP00936,Income,Successful,28:33.8,38:51.7,4.44,,1
UP002066,APP00937,Identity,Successful,23:30.3,39:18.1,1.7,,1
UP002067,APP00937,Income,Successful,31:30.0,41:59.9,3.7,,1
UP002068,APP00938,Identity,Successful,59:42.8,08:00.8,5.22,,1
UP002069,APP00938,Income,Successful,02:21.8,13:45.3,1.22,,1
UP002070,APP00939,Identity,Successful,50:51.8,07:18.4,3.79,,1
UP002071,APP00939,Income,Successful,54:05.2,13:38.7,0.5,,1
UP002072,APP00940,Identity,Successful,42:41.7,53:22.6,1.1,,1
UP002073,APP00940,Income,Successful,46:36.9,52:13.6,2.98,,1
UP002074,APP00941,Identity,Successful,11:47.8,17:46.5,2.2,,1
UP002075,APP00941,Income,Successful,15:22.7,34:13.7,2.57,,1
UP002076,APP00942,Identity,Successful,42:28.0,51:29.6,4.18,,1
UP002077,APP00942,Income,Successful,43:24.7,49:25.1,5.11,,1
UP002078,APP00943,Identity,Successful,05:02.4,07:02.4,3.95,,1
UP002079,APP00943,Income,Successful,14:53.4,18:03.4,4.41,,1
UP002080,APP00944,Identity,Successful,48:06.0,04:54.7,0.54,,1
UP002081,APP00944,Income,Successful,57:13.3,12:39.9,1.07,,1
UP002082,APP00945,Identity,Successful,12:32.2,27:01.3,3.87,,1
UP002083,APP00945,Income,Successful,14:20.9,31:18.9,4.08,,1
UP002084,APP00946,Identity,Successful,14:15.7,19:44.6,2.54,,1
UP002085,APP00946,Income,Successful,12:48.0,21:04.7,5.92,,1
UP002086,APP00947,Identity,Successful,49:48.8,59:54.9,2.66,,1
UP002087,APP00947,Income,Successful,55:02.9,05:15.4,2.25,,1
UP002088,APP00948,Identity,Successful,52:36.1,59:43.2,5.3,,1
UP002089,APP00948,Income,Successful,51:40.5,09:54.5,3.54,,1
UP002090,APP00949,Identity,Successful,53:11.3,09:06.0,0.5,,1
UP002091,APP00949,Income,Successful,58:15.7,03:58.0,1.84,,1
UP002092,APP00950,Identity,Successful,04:48.9,20:03.1,6.92,,1
UP002093,APP00950,Income,Successful,19:37.5,31:44.6,6.38,,1
UP002094,APP00951,Identity,Successful,46:12.9,57:43.2,5.75,,1
UP002095,APP00951,Income,Successful,47:37.6,58:13.2,2.13,,1
UP002096,APP00952,Identity,Successful,12:33.4,14:33.4,4.7,,1
UP002097,APP00952,Income,Successful,19:17.4,22:07.6,2.44,,1
UP002098,APP00953,Identity,Successful,56:10.9,13:25.6,3.21,,1
UP002099,APP00953,Income,Successful,57:39.1,04:56.1,3.22,,1
UP002100,APP00954,Identity,Successful,18:53.4,28:53.6,5.98,,1
UP002101,APP00954,Income,Successful,11:37.1,23:19.9,4.1,,1
UP002102,APP00955,Identity,Successful,13:26.1,23:05.8,2.61,,1
UP002103,APP00955,Income,Successful,16:05.0,23:27.0,7.6,,1
UP002104,APP00956,Identity,Successful,33:30.0,45:12.6,4.36,,1
UP002105,APP00956,Income,Successful,53:05.2,55:05.2,6,,1
UP002106,APP00957,Identity,Successful,41:13.2,54:17.2,5.37,,1
UP002107,APP00957,Income,Successful,47:42.9,58:30.3,3.49,,1
UP002108,APP00958,Identity,Successful,01:23.6,05:21.8,1.06,,1
UP002109,APP00958,Income,Successful,59:36.6,16:16.6,3.93,,1
UP002110,APP00959,Identity,Failed,06:20.6,10:29.5,5.29,UPLOAD_TIMEOUT,1
UP002111,APP00959,Identity,Failed,10:29.4,25:38.6,6.2,FILE_TOO_LARGE,2
UP002112,APP00959,Identity,Successful,08:16.6,22:00.1,5.23,,3
UP002113,APP00959,Income,Successful,12:36.3,27:27.3,2.71,,1
UP002114,APP00960,Identity,Successful,03:29.7,11:10.0,1.74,,1
UP002115,APP00960,Income,Successful,07:51.1,12:33.3,1.65,,1
UP002116,APP00961,Identity,Failed,36:54.1,55:00.8,1.19,FILE_TOO_LARGE,1
UP002117,APP00961,Identity,Successful,47:55.6,05:05.0,1.12,,2
UP002118,APP00961,Income,Failed,48:30.4,55:03.6,3.08,UPLOAD_TIMEOUT,1
UP002119,APP00961,Income,Successful,52:35.1,10:35.2,2.75,,2
UP002120,APP00962,Identity,Successful,31:14.7,39:19.9,1.47,,1
UP002121,APP00962,Income,Failed,39:13.9,41:13.9,1.06,UPLOAD_TIMEOUT,1
UP002122,APP00962,Income,Failed,40:58.5,45:40.4,5.1,UPLOAD_TIMEOUT,2
UP002123,APP00962,Income,Successful,42:06.2,59:51.3,6.01,,3
UP002124,APP00963,Identity,Successful,24:20.3,35:02.2,3.25,,1
UP002125,APP00963,Income,Successful,31:59.6,39:31.0,4.81,,1
UP002126,APP00964,Identity,Successful,45:36.7,01:18.1,6.31,,1
UP002127,APP00964,Income,Successful,06:11.7,13:12.5,1.86,,1
UP002128,APP00965,Identity,Successful,43:12.5,50:53.9,5.81,,1
UP002129,APP00965,Income,Successful,49:09.7,04:23.1,2.21,,1
UP002130,APP00966,Identity,Successful,21:01.0,27:42.0,4.17,,1
UP002131,APP00966,Income,Successful,20:27.6,22:42.2,1.03,,1
UP002132,APP00967,Identity,Successful,33:43.0,42:58.4,3.5,,1
UP002133,APP00967,Income,Successful,41:31.3,01:53.5,2.93,,1
UP002134,APP00968,Identity,Successful,54:49.3,08:10.3,0.65,,1
UP002135,APP00968,Income,Successful,03:17.8,13:12.5,2.6,,1
UP002136,APP00969,Identity,Successful,21:17.5,31:59.2,2.48,,1
UP002137,APP00969,Income,Successful,24:59.8,29:00.9,2.28,,1
UP002138,APP00970,Identity,Successful,17:52.2,27:58.3,2.35,,1
UP002139,APP00970,Income,Failed,15:01.8,28:00.6,4.32,UPLOAD_TIMEOUT,1
UP002140,APP00970,Income,Successful,16:19.4,33:21.2,5.2,,2
UP002141,APP00971,Identity,Successful,32:08.5,45:27.5,4.55,,1
UP002142,APP00971,Income,Successful,38:24.3,55:09.0,2.57,,1
UP002143,APP00972,Identity,Successful,11:00.0,24:39.4,2.05,,1
UP002144,APP00972,Income,Successful,20:35.1,25:45.7,3.44,,1
UP002145,APP00973,Identity,Successful,36:42.4,53:20.6,3.93,,1
UP002146,APP00973,Income,Successful,38:33.9,57:44.8,3.13,,1
UP002147,APP00974,Identity,Successful,57:49.8,04:05.2,3.2,,1
UP002148,APP00974,Income,Successful,04:12.2,15:03.2,4.18,,1
UP002149,APP00975,Identity,Successful,40:16.7,58:59.8,2.84,,1
UP002150,APP00975,Income,Successful,37:57.7,58:07.7,5.04,,1
UP002151,APP00976,Identity,Successful,05:12.1,07:12.1,2.19,,1
UP002152,APP00976,Income,Successful,59:15.9,08:55.9,5.88,,1
UP002153,APP00977,Identity,Successful,28:52.7,43:33.0,0.5,,1
UP002154,APP00977,Income,Successful,45:48.6,47:48.6,3.45,,1
UP002155,APP00978,Identity,Successful,13:58.8,24:22.3,5.39,,1
UP002156,APP00978,Income,Successful,16:05.0,31:13.4,2.86,,1
UP002157,APP00979,Identity,Successful,53:10.9,14:29.3,2.14,,1
UP002158,APP00979,Income,Successful,07:19.9,17:37.8,7.21,,1
UP002159,APP00980,Identity,Successful,36:34.6,40:32.3,4.37,,1
UP002160,APP00980,Income,Successful,43:22.8,01:10.1,4.22,,1
UP002161,APP00981,Identity,Successful,07:59.0,13:53.3,5.32,,1
UP002162,APP00981,Income,Successful,14:53.6,29:59.8,1.49,,1
UP002163,APP00982,Identity,Successful,08:58.5,17:18.8,1.79,,1
UP002164,APP00982,Income,Successful,00:07.4,16:51.3,2.92,,1
UP002165,APP00983,Identity,Successful,10:19.2,16:43.4,5.3,,1
UP002166,APP00983,Income,Successful,11:12.1,30:18.1,3.74,,1
UP002167,APP00984,Identity,Successful,53:21.6,55:21.6,2.8,,1
UP002168,APP00984,Income,Successful,52:26.0,57:44.5,3.95,,1
UP002169,APP00985,Identity,Failed,28:59.6,34:52.2,3.25,UPLOAD_TIMEOUT,1
UP002170,APP00985,Identity,Successful,33:31.2,47:16.1,2.64,,2
UP002171,APP00985,Income,Successful,40:43.0,59:21.0,3.89,,1
UP002172,APP00986,Identity,Successful,00:41.0,08:09.1,2.22,,1
UP002173,APP00986,Income,Successful,14:26.7,23:04.1,3.52,,1
UP002174,APP00987,Identity,Successful,45:55.6,01:26.5,2.2,,1
UP002175,APP00987,Income,Successful,51:14.7,04:56.6,1.78,,1
UP002176,APP00988,Identity,Successful,07:46.8,19:28.5,2.54,,1
UP002177,APP00988,Income,Successful,06:38.9,25:53.6,1.58,,1
UP002178,APP00989,Identity,Successful,25:21.1,42:08.8,5.91,,1
UP002179,APP00989,Income,Successful,28:24.3,34:20.0,1.59,,1
UP002180,APP00990,Identity,Successful,18:31.7,26:45.0,5.01,,1
UP002181,APP00990,Income,Successful,21:28.5,25:45.1,4.52,,1
UP002182,APP00991,Identity,Successful,03:09.8,15:49.6,3.7,,1
UP002183,APP00991,Income,Successful,12:24.5,31:44.5,4.11,,1
UP002184,APP00992,Identity,Successful,34:25.3,37:43.3,3.42,,1
UP002185,APP00992,Income,Successful,34:45.0,39:00.1,2.3,,1
UP002186,APP00993,Identity,Successful,30:50.2,49:59.0,4.01,,1
UP002187,APP00993,Income,Successful,24:00.3,36:34.9,2.53,,1
UP002188,APP00994,Identity,Successful,37:21.6,46:39.6,2.58,,1
UP002189,APP00994,Income,Successful,34:07.7,43:00.4,3.55,,1
UP002190,APP00995,Identity,Successful,45:30.1,54:00.9,3.59,,1
UP002191,APP00995,Income,Successful,48:36.0,56:01.9,2.18,,1
UP002192,APP00996,Identity,Successful,13:08.6,28:54.2,1.77,,1
UP002193,APP00996,Income,Successful,23:13.5,35:35.1,2.87,,1
UP002194,APP00997,Identity,Successful,59:00.1,14:45.0,7.4,,1
UP002195,APP00997,Income,Successful,10:22.0,18:42.1,2.91,,1
UP002196,APP00998,Identity,Successful,28:01.7,41:05.1,4.57,,1
UP002197,APP00998,Income,Successful,30:48.8,47:20.0,4.58,,1
UP002198,APP00999,Identity,Failed,05:34.3,21:24.5,6.85,FILE_TOO_LARGE,1
UP002199,APP00999,Identity,Successful,14:14.2,29:04.9,5.29,,2
UP002200,APP00999,Income,Successful,08:45.7,20:39.6,3.88,,1
UP002201,APP01000,Identity,Successful,16:37.0,28:43.1,2.98,,1
UP002202,APP01000,Income,Successful,24:38.7,28:36.9,4.65,,1
UP002203,APP01001,Identity,Successful,36:56.8,45:38.4,0.53,,1
UP002204,APP01001,Income,Successful,59:54.7,08:10.2,5.78,,1
UP002205,APP01002,Identity,Successful,09:36.4,15:31.3,5.25,,1
UP002206,APP01002,Income,Failed,09:56.6,11:56.6,1.84,FILE_TOO_LARGE,1
UP002207,APP01002,Income,Successful,11:41.0,27:56.0,3.13,,2
UP002208,APP01003,Identity,Successful,23:18.0,34:41.9,4.5,,1
UP002209,APP01003,Income,Successful,39:57.4,55:37.2,0.5,,1
UP002210,APP01004,Identity,Successful,22:10.8,34:53.6,0.64,,1
UP002211,APP01004,Income,Successful,25:43.8,27:56.6,1.76,,1
UP002212,APP01005,Identity,Successful,20:57.1,40:03.2,3.03,,1
UP002213,APP01005,Income,Failed,21:35.9,28:42.6,3.08,UPLOAD_TIMEOUT,1
UP002214,APP01005,Income,Successful,27:29.1,38:40.7,3.38,,2
UP002215,APP01006,Identity,Successful,36:10.3,46:14.5,3.91,,1
UP002216,APP01006,Income,Successful,43:04.6,46:28.1,4.55,,1
UP002217,APP01007,Identity,Successful,05:26.7,13:21.5,4.55,,1
UP002218,APP01007,Income,Successful,02:33.4,04:35.5,1.25,,1
UP002219,APP01008,Identity,Successful,00:34.0,07:30.6,0.9,,1
UP002220,APP01008,Income,Successful,04:17.1,12:00.9,0.93,,1
UP002221,APP01009,Identity,Successful,46:56.6,58:09.9,3.92,,1
UP002222,APP01009,Income,Successful,54:35.5,58:49.4,2.02,,1
UP002223,APP01010,Identity,Successful,35:02.4,52:39.1,3.03,,1
UP002224,APP01010,Income,Successful,43:13.4,51:25.4,2.05,,1
UP002225,APP01011,Identity,Successful,52:16.8,59:03.3,3.29,,1
UP002226,APP01011,Income,Successful,01:23.3,09:13.3,2.95,,1
UP002227,APP01012,Identity,Successful,03:47.9,10:22.3,4.7,,1
UP002228,APP01012,Income,Successful,05:49.0,21:08.7,3.57,,1
UP002229,APP01013,Identity,Successful,06:29.1,13:13.9,1.31,,1
UP002230,APP01013,Income,Successful,10:58.6,21:17.9,2.94,,1
UP002231,APP01014,Identity,Successful,28:32.9,35:03.5,4.29,,1
UP002232,APP01014,Income,Successful,26:36.0,32:15.8,1.81,,1
UP002233,APP01015,Identity,Successful,15:44.4,30:55.3,5.26,,1
UP002234,APP01015,Income,Successful,20:33.3,22:33.3,2.07,,1
UP002235,APP01016,Identity,Successful,06:15.7,08:15.7,3.55,,1
UP002236,APP01016,Income,Failed,11:51.8,27:14.5,3.99,TRANSFER_ERROR,1
UP002237,APP01016,Income,Failed,21:14.9,32:22.4,2.19,UPLOAD_TIMEOUT,2
UP002238,APP01016,Income,Successful,12:13.6,25:54.3,5.18,,3
UP002239,APP01017,Identity,Successful,42:21.3,04:43.5,6.66,,1
UP002240,APP01017,Income,Successful,52:43.6,07:15.0,5.65,,1
UP002241,APP01018,Identity,Successful,54:03.9,06:07.2,4.35,,1
UP002242,APP01018,Income,Successful,04:06.7,12:45.4,5.35,,1
UP002243,APP01019,Identity,Successful,59:26.1,17:46.9,3.4,,1
UP002244,APP01019,Income,Successful,16:35.6,24:57.7,0.88,,1
UP002245,APP01020,Identity,Successful,35:41.4,37:41.4,5.67,,1
UP002246,APP01020,Income,Successful,29:58.6,31:58.6,5.35,,1
UP002247,APP01021,Identity,Successful,45:28.6,09:45.2,2.56,,1
UP002248,APP01021,Income,Successful,50:56.1,05:13.4,7.67,,1
UP002249,APP01022,Identity,Successful,48:07.9,59:32.9,4.22,,1
UP002250,APP01022,Income,Successful,52:07.7,56:23.8,0.5,,1
UP002251,APP01023,Identity,Successful,17:34.3,31:07.0,5.33,,1
UP002252,APP01023,Income,Successful,16:43.0,23:09.4,3.63,,1
UP002253,APP01024,Identity,Successful,02:37.0,14:14.3,4.54,,1
UP002254,APP01024,Income,Successful,07:51.3,20:55.4,2.56,,1
UP002255,APP01025,Identity,Successful,59:22.7,02:45.0,5.35,,1
UP002256,APP01025,Income,Successful,58:55.0,00:55.0,5.2,,1
UP002257,APP01026,Identity,Successful,02:24.2,12:51.6,8.11,,1
UP002258,APP01026,Income,Successful,51:01.7,56:41.2,2.56,,1
UP002259,APP01027,Identity,Successful,06:44.7,16:40.8,3.99,,1
UP002260,APP01027,Income,Successful,02:29.0,17:29.2,2.6,,1
UP002261,APP01028,Identity,Successful,27:06.2,32:31.2,1.46,,1
UP002262,APP01028,Income,Failed,48:13.5,55:09.5,5.26,UPLOAD_TIMEOUT,1
UP002263,APP01028,Income,Failed,40:37.4,59:36.6,1.41,UPLOAD_TIMEOUT,2
UP002264,APP01028,Income,Successful,45:28.5,57:09.4,0.77,,3
UP002265,APP01029,Identity,Successful,55:45.7,09:12.7,4.24,,1
UP002266,APP01029,Income,Successful,57:16.2,12:24.2,4.15,,1
UP002267,APP01030,Identity,Successful,11:14.7,29:33.9,5.85,,1
UP002268,APP01030,Income,Successful,15:02.6,24:39.7,0.5,,1
UP002269,APP01031,Identity,Successful,03:58.6,25:39.3,5.28,,1
UP002270,APP01031,Income,Successful,15:27.1,29:54.0,1.78,,1
UP002271,APP01032,Identity,Successful,19:46.9,23:33.6,1.85,,1
UP002272,APP01032,Income,Successful,29:51.3,48:10.0,2.69,,1
UP002273,APP01033,Identity,Successful,57:27.2,00:47.6,5.61,,1
UP002274,APP01033,Income,Successful,02:43.2,04:43.2,1.43,,1
UP002275,APP01034,Identity,Successful,46:19.6,58:50.0,1.24,,1
UP002276,APP01034,Income,Successful,55:13.5,01:36.4,7.05,,1
UP002277,APP01035,Identity,Failed,32:30.4,46:21.3,3.95,TRANSFER_ERROR,1
UP002278,APP01035,Identity,Successful,39:37.1,59:12.7,4.21,,2
UP002279,APP01035,Income,Successful,47:16.0,00:39.8,2.96,,1
UP002280,APP01036,Identity,Failed,14:53.3,36:27.2,4.46,UPLOAD_TIMEOUT,1
UP002281,APP01036,Identity,Successful,07:00.0,22:29.5,6.13,,2
UP002282,APP01036,Income,Successful,17:51.8,29:14.2,2.4,,1
UP002283,APP01037,Identity,Successful,04:58.5,24:41.9,6.06,,1
UP002284,APP01037,Income,Failed,13:22.2,16:38.7,1.48,FILE_TOO_LARGE,1
UP002285,APP01037,Income,Successful,15:05.1,24:32.5,6.3,,2
UP002286,APP01038,Identity,Successful,01:00.8,13:00.0,2.12,,1
UP002287,APP01038,Income,Successful,15:56.6,37:17.3,3.37,,1
UP002288,APP01039,Identity,Successful,07:46.7,16:24.6,0.89,,1
UP002289,APP01039,Income,Successful,12:40.6,25:42.1,2.7,,1
UP002290,APP01040,Identity,Successful,51:13.2,06:58.1,3.34,,1
UP002291,APP01040,Income,Successful,48:22.4,52:54.5,2.01,,1
UP002292,APP01041,Identity,Successful,58:03.0,19:09.0,1.32,,1
UP002293,APP01041,Income,Successful,55:16.1,05:09.1,5.61,,1
UP002294,APP01042,Identity,Successful,46:28.2,56:04.5,1.12,,1
UP002295,APP01042,Income,Successful,47:16.3,50:59.4,4.76,,1
UP002296,APP01043,Identity,Successful,23:26.3,29:14.4,3.19,,1
UP002297,APP01043,Income,Successful,43:08.6,00:36.7,3.52,,1
UP002298,APP01044,Identity,Successful,31:38.4,39:08.1,0.97,,1
UP002299,APP01044,Income,Successful,28:35.0,43:38.2,5.24,,1
UP002300,APP01045,Identity,Successful,35:57.8,41:52.8,4.49,,1
UP002301,APP01045,Income,Successful,47:31.1,00:20.4,2.53,,1
UP002302,APP01046,Identity,Successful,25:20.6,41:51.1,1.94,,1
UP002303,APP01046,Income,Successful,19:03.8,21:03.8,5.61,,1
UP002304,APP01047,Identity,Successful,03:32.7,05:59.3,3.45,,1
UP002305,APP01047,Income,Successful,11:56.7,22:23.9,4.99,,1
UP002306,APP01048,Identity,Successful,45:10.6,03:23.8,3.79,,1
UP002307,APP01048,Income,Successful,39:24.9,55:24.3,2.48,,1
UP002308,APP01049,Identity,Successful,22:34.6,26:50.9,2.7,,1
UP002309,APP01049,Income,Successful,29:02.9,39:51.0,3.07,,1
UP002310,APP01050,Identity,Successful,54:14.1,05:52.6,4.39,,1
UP002311,APP01050,Income,Successful,50:43.5,58:27.5,3.73,,1
UP002312,APP01051,Identity,Successful,55:44.9,08:00.2,3.71,,1
UP002313,APP01051,Income,Successful,00:50.5,02:55.4,1.22,,1
UP002314,APP01052,Identity,Successful,01:36.5,11:45.1,5.07,,1
UP002315,APP01052,Income,Failed,13:54.4,31:20.8,0.5,UPLOAD_TIMEOUT,1
UP002316,APP01052,Income,Successful,21:00.4,38:41.2,7.43,,2
UP002317,APP01053,Identity,Successful,38:00.5,44:13.9,0.5,,1
UP002318,APP01053,Income,Successful,40:44.0,58:14.8,3.23,,1
UP002319,APP01054,Identity,Successful,32:03.0,51:58.8,5.14,,1
UP002320,APP01054,Income,Successful,38:51.6,49:39.3,2.81,,1
UP002321,APP01055,Identity,Successful,02:52.1,20:11.1,3.86,,1
UP002322,APP01055,Income,Failed,01:19.0,22:43.7,2.37,TRANSFER_ERROR,1
UP002323,APP01055,Income,Successful,03:38.7,17:59.4,2.73,,2
UP002324,APP01056,Identity,Successful,35:52.3,46:59.8,3.12,,1
UP002325,APP01056,Income,Successful,49:32.8,51:32.8,6.85,,1
UP002326,APP01057,Identity,Successful,16:03.4,21:13.9,2.16,,1
UP002327,APP01057,Income,Successful,23:29.2,27:44.8,2.48,,1
UP002328,APP01058,Identity,Successful,21:14.8,34:28.7,4.33,,1
UP002329,APP01058,Income,Successful,24:10.6,34:51.9,5.32,,1
UP002330,APP01059,Identity,Successful,22:28.1,26:20.6,0.75,,1
UP002331,APP01059,Income,Successful,41:31.1,55:00.3,4.71,,1
UP002332,APP01060,Identity,Successful,28:21.1,38:44.0,4.21,,1
UP002333,APP01060,Income,Successful,33:25.0,38:44.6,4.42,,1
UP002334,APP01061,Identity,Successful,29:59.7,39:45.5,2.79,,1
UP002335,APP01061,Income,Successful,32:14.5,37:22.1,3.49,,1
UP002336,APP01062,Identity,Successful,36:25.0,45:32.9,7.05,,1
UP002337,APP01062,Income,Successful,40:22.3,53:29.7,4.11,,1
UP002338,APP01063,Identity,Successful,18:42.0,34:28.7,3.05,,1
UP002339,APP01063,Income,Successful,23:33.0,35:17.6,6.38,,1
UP002340,APP01064,Identity,Successful,19:26.4,32:27.7,1.12,,1
UP002341,APP01064,Income,Successful,28:15.9,38:51.6,2.21,,1
UP002342,APP01065,Identity,Successful,59:12.1,06:16.8,4.47,,1
UP002343,APP01065,Income,Successful,02:00.2,24:29.8,4.59,,1
UP002344,APP01066,Identity,Successful,55:53.5,05:01.6,4.47,,1
UP002345,APP01066,Income,Successful,55:05.2,02:32.9,1.84,,1
UP002346,APP01067,Identity,Successful,56:52.4,14:38.4,3.6,,1
UP002347,APP01067,Income,Successful,07:45.1,13:27.7,2.54,,1
UP002348,APP01068,Identity,Failed,21:24.4,43:00.0,0.5,UPLOAD_TIMEOUT,1
UP002349,APP01068,Identity,Successful,19:28.7,32:04.4,3.73,,2
UP002350,APP01068,Income,Successful,33:43.1,43:15.1,1.13,,1
UP002351,APP01069,Identity,Successful,45:17.8,57:24.8,5.41,,1
UP002352,APP01069,Income,Successful,50:08.2,06:31.2,3.3,,1
UP002353,APP01070,Identity,Successful,15:28.4,31:39.2,3.03,,1
UP002354,APP01070,Income,Successful,26:16.9,36:38.8,0.5,,1
UP002355,APP01071,Identity,Successful,30:06.5,40:19.9,2.47,,1
UP002356,APP01071,Income,Successful,36:11.4,47:31.1,2.94,,1
UP002357,APP01072,Identity,Successful,21:27.5,23:27.5,3.71,,1
UP002358,APP01072,Income,Successful,35:39.5,39:58.6,5.02,,1
UP002359,APP01073,Identity,Successful,17:43.2,25:18.4,0.59,,1
UP002360,APP01073,Income,Successful,18:16.2,23:14.1,6.02,,1
UP002361,APP01074,Identity,Successful,41:12.9,46:28.8,2.25,,1
UP002362,APP01074,Income,Successful,44:49.8,02:57.7,2.81,,1
UP002363,APP01075,Identity,Successful,16:40.7,27:19.0,3.76,,1
UP002364,APP01075,Income,Successful,26:16.4,28:16.4,0.5,,1
UP002365,APP01076,Identity,Successful,17:53.8,22:33.6,1.8,,1
UP002366,APP01076,Income,Successful,22:40.5,39:10.2,3.59,,1
UP002367,APP01077,Identity,Successful,27:56.2,29:56.2,3.64,,1
UP002368,APP01077,Income,Successful,41:56.7,43:56.7,4.03,,1
UP002369,APP01078,Identity,Successful,39:19.7,00:15.8,1.12,,1
UP002370,APP01078,Income,Successful,41:13.4,51:20.8,4.22,,1
UP002371,APP01079,Identity,Successful,19:53.9,41:08.4,2.94,,1
UP002372,APP01079,Income,Successful,26:30.3,34:14.0,2.29,,1
UP002373,APP01080,Identity,Successful,16:44.7,18:44.7,7.22,,1
UP002374,APP01080,Income,Failed,20:37.8,28:23.7,4.56,UPLOAD_TIMEOUT,1
UP002375,APP01080,Income,Failed,21:39.4,33:20.1,6.08,FILE_TOO_LARGE,2
UP002376,APP01080,Income,Successful,20:12.2,33:53.4,0.5,,3
UP002377,APP01081,Identity,Successful,38:07.1,53:54.9,4.27,,1
UP002378,APP01081,Income,Successful,41:07.7,48:42.0,1.51,,1
UP002379,APP01082,Identity,Failed,59:32.6,12:21.1,4.43,UPLOAD_TIMEOUT,1
UP002380,APP01082,Identity,Successful,12:07.5,28:38.2,4.04,,2
UP002381,APP01082,Income,Successful,14:05.7,27:56.3,2.45,,1
UP002382,APP01083,Identity,Successful,31:01.2,47:36.2,5.24,,1
UP002383,APP01083,Income,Failed,48:17.7,00:58.0,5.83,FILE_TOO_LARGE,1
UP002384,APP01083,Income,Failed,35:42.5,45:17.8,5.52,UPLOAD_TIMEOUT,2
UP002385,APP01083,Income,Successful,41:16.6,56:54.9,5.5,,3
UP002386,APP01084,Identity,Successful,21:21.2,37:28.0,5.45,,1
UP002387,APP01084,Income,Successful,26:33.4,36:24.6,3.83,,1
UP002388,APP01085,Identity,Successful,39:15.2,53:11.9,1.73,,1
UP002389,APP01085,Income,Failed,36:10.5,53:18.4,4.11,FILE_TOO_LARGE,1
UP002390,APP01085,Income,Failed,40:09.7,53:49.0,3.09,TRANSFER_ERROR,2
UP002391,APP01085,Income,Successful,38:08.4,51:15.0,6.13,,3
UP002392,APP01086,Identity,Successful,08:47.1,10:47.1,2.84,,1
UP002393,APP01086,Income,Successful,07:59.9,20:26.8,3.99,,1
UP002394,APP01087,Identity,Successful,55:41.0,05:26.4,5.89,,1
UP002395,APP01087,Income,Successful,55:33.3,03:04.2,2.3,,1
UP002396,APP01088,Identity,Successful,02:27.0,11:07.1,1.56,,1
UP002397,APP01088,Income,Successful,10:07.8,24:53.4,4.3,,1
UP002398,APP01089,Identity,Successful,22:51.2,35:36.6,0.8,,1
UP002399,APP01089,Income,Successful,21:07.4,30:57.3,1.44,,1
UP002400,APP01090,Identity,Successful,40:04.0,48:47.0,4.68,,1
UP002401,APP01090,Income,Successful,40:55.7,58:42.8,2.11,,1
UP002402,APP01091,Identity,Successful,09:21.5,20:07.9,4.97,,1
UP002403,APP01091,Income,Successful,08:21.1,18:29.9,3.44,,1
UP002404,APP01092,Identity,Successful,02:28.8,10:56.9,5.95,,1
UP002405,APP01092,Income,Successful,55:46.1,07:33.2,1.39,,1
UP002406,APP01093,Identity,Successful,56:40.8,05:50.8,6.43,,1
UP002407,APP01093,Income,Successful,09:35.4,18:34.2,5,,1
UP002408,APP01094,Identity,Successful,46:38.2,48:38.2,5.32,,1
UP002409,APP01094,Income,Successful,44:25.5,53:03.9,4.23,,1
UP002410,APP01095,Identity,Successful,37:37.1,44:33.6,1.21,,1
UP002411,APP01095,Income,Successful,48:33.2,56:24.9,2.95,,1
UP002412,APP01096,Identity,Successful,27:22.2,37:39.3,3.5,,1
UP002413,APP01096,Income,Successful,26:55.9,35:28.3,0.5,,1
UP002414,APP01097,Identity,Successful,33:32.5,40:20.8,3.03,,1
UP002415,APP01097,Income,Successful,35:12.0,48:27.2,5.16,,1
UP002416,APP01098,Identity,Successful,17:48.4,41:44.9,5.42,,1
UP002417,APP01098,Income,Successful,20:24.8,25:03.5,9.16,,1
UP002418,APP01099,Identity,Successful,13:16.1,30:25.1,3.41,,1
UP002419,APP01099,Income,Successful,16:14.9,29:04.5,6.77,,1
UP002420,APP01100,Identity,Successful,55:06.0,12:14.7,0.5,,1
UP002421,APP01100,Income,Successful,06:54.3,23:51.5,1.59,,1
UP002422,APP01101,Identity,Successful,41:02.5,55:12.4,7.2,,1
UP002423,APP01101,Income,Successful,48:05.5,07:20.8,2.05,,1
UP002424,APP01102,Identity,Successful,52:27.1,58:47.1,5.33,,1
UP002425,APP01102,Income,Successful,54:42.9,03:14.8,5.33,,1
UP002426,APP01103,Identity,Successful,42:15.8,44:15.8,3.29,,1
UP002427,APP01103,Income,Successful,48:11.2,59:02.3,1.63,,1
UP002428,APP01104,Identity,Successful,44:00.3,51:08.3,8.12,,1
UP002429,APP01104,Income,Successful,45:24.4,04:12.3,1.12,,1
UP002430,APP01105,Identity,Successful,15:19.7,33:05.6,4.35,,1
UP002431,APP01105,Income,Successful,30:30.3,46:07.7,6.15,,1
UP002432,APP01106,Identity,Successful,28:48.7,38:39.7,2.34,,1
UP002433,APP01106,Income,Successful,35:46.8,42:32.2,2.25,,1
UP002434,APP01107,Identity,Successful,17:43.6,20:42.6,4.05,,1
UP002435,APP01107,Income,Successful,14:40.1,21:11.6,3.53,,1
UP002436,APP01108,Identity,Successful,46:21.3,57:28.8,0.5,,1
UP002437,APP01108,Income,Successful,45:26.1,59:38.0,5.1,,1
UP002438,APP01109,Identity,Successful,52:21.5,05:19.9,1.6,,1
UP002439,APP01109,Income,Successful,55:59.5,06:37.3,4.16,,1
UP002440,APP01110,Identity,Successful,05:26.8,13:17.8,3.56,,1
UP002441,APP01110,Income,Successful,15:39.0,24:55.3,4.59,,1
UP002442,APP01111,Identity,Successful,43:33.3,46:56.6,3.77,,1
UP002443,APP01111,Income,Successful,46:50.6,00:45.4,3.61,,1
UP002444,APP01112,Identity,Successful,13:25.7,21:07.6,1.11,,1
UP002445,APP01112,Income,Failed,18:51.9,32:46.0,4.08,UPLOAD_TIMEOUT,1
UP002446,APP01112,Income,Successful,12:18.2,22:21.5,3.93,,2
UP002447,APP01113,Identity,Successful,32:01.6,50:07.9,2.57,,1
UP002448,APP01113,Income,Successful,48:50.0,59:54.9,2.73,,1
UP002449,APP01114,Identity,Successful,33:19.6,47:22.0,5.31,,1
UP002450,APP01114,Income,Successful,29:29.0,55:25.8,2.26,,1
UP002451,APP01115,Identity,Successful,43:13.3,00:08.7,1.92,,1
UP002452,APP01115,Income,Failed,45:30.0,59:12.5,3.76,TRANSFER_ERROR,1
UP002453,APP01115,Income,Successful,55:06.4,02:57.2,5.4,,2
UP002454,APP01116,Identity,Successful,41:08.9,01:58.7,3.27,,1
UP002455,APP01116,Income,Successful,46:09.9,57:38.3,2.71,,1
UP002456,APP01117,Identity,Successful,27:31.1,31:37.9,3.58,,1
UP002457,APP01117,Income,Successful,28:32.9,33:14.1,1.57,,1
UP002458,APP01118,Identity,Successful,07:41.8,15:11.5,3.33,,1
UP002459,APP01118,Income,Successful,05:42.1,07:42.1,4.32,,1
UP002460,APP01119,Identity,Successful,21:43.2,25:03.9,2.67,,1
UP002461,APP01119,Income,Successful,18:39.7,29:44.1,3.92,,1
UP002462,APP01120,Identity,Successful,13:50.1,23:55.2,4.37,,1
UP002463,APP01120,Income,Successful,14:54.8,26:25.3,1.81,,1
UP002464,APP01121,Identity,Failed,29:36.0,49:29.0,2.52,UPLOAD_TIMEOUT,1
UP002465,APP01121,Identity,Failed,25:46.6,36:46.1,1.31,UPLOAD_TIMEOUT,2
UP002466,APP01121,Identity,Successful,25:45.5,36:46.0,2.46,,3
UP002467,APP01121,Income,Successful,38:18.4,56:25.5,3.78,,1
UP002468,APP01122,Identity,Successful,56:24.2,05:38.1,5.6,,1
UP002469,APP01122,Income,Successful,55:56.5,07:01.1,4.37,,1
UP002470,APP01123,Identity,Successful,56:43.9,03:44.4,6.26,,1
UP002471,APP01123,Income,Successful,00:24.9,07:52.6,5.79,,1
UP002472,APP01124,Identity,Successful,36:09.4,43:36.9,5.7,,1
UP002473,APP01124,Income,Successful,46:51.4,51:29.3,3.15,,1
UP002474,APP01125,Identity,Successful,10:03.4,15:21.2,4.25,,1
UP002475,APP01125,Income,Failed,14:08.8,25:16.5,5.96,UPLOAD_TIMEOUT,1
UP002476,APP01125,Income,Successful,21:06.4,23:32.8,0.5,,2
UP002477,APP01126,Identity,Successful,37:22.9,54:53.4,3.43,,1
UP002478,APP01126,Income,Successful,00:44.2,21:40.8,1.37,,1
UP002479,APP01127,Identity,Successful,19:15.0,27:15.1,5.53,,1
UP002480,APP01127,Income,Successful,28:36.9,37:05.1,0.5,,1
UP002481,APP01128,Identity,Successful,00:48.9,10:28.7,1.5,,1
UP002482,APP01128,Income,Failed,53:26.1,06:11.2,3.93,FILE_TOO_LARGE,1
UP002483,APP01128,Income,Failed,56:23.7,12:45.4,1.33,UPLOAD_TIMEOUT,2
UP002484,APP01128,Income,Successful,06:04.6,18:43.5,1.13,,3
UP002485,APP01129,Identity,Successful,53:30.1,13:39.2,2.01,,1
UP002486,APP01129,Income,Successful,54:15.0,00:19.8,4.24,,1
UP002487,APP01130,Identity,Successful,12:55.2,21:45.8,2.16,,1
UP002488,APP01130,Income,Successful,24:12.2,34:21.5,3.37,,1
UP002489,APP01131,Identity,Successful,47:15.3,55:57.6,3.47,,1
UP002490,APP01131,Income,Successful,50:24.3,06:30.8,4.22,,1
UP002491,APP01132,Identity,Successful,43:10.1,02:10.6,4.27,,1
UP002492,APP01132,Income,Successful,46:27.5,03:37.3,4.72,,1
UP002493,APP01133,Identity,Successful,52:39.5,02:25.3,6.26,,1
UP002494,APP01133,Income,Successful,56:58.2,07:33.7,0.5,,1
UP002495,APP01134,Identity,Successful,48:38.5,58:20.4,3.21,,1
UP002496,APP01134,Income,Successful,57:41.2,10:02.7,0.5,,1
UP002497,APP01135,Identity,Failed,15:23.2,28:38.4,2.31,TRANSFER_ERROR,1
UP002498,APP01135,Identity,Failed,17:09.4,24:46.6,3.92,FILE_TOO_LARGE,2
UP002499,APP01135,Identity,Successful,18:31.1,28:32.0,1.89,,3
UP002500,APP01135,Income,Successful,20:52.3,28:16.7,2.85,,1
UP002501,APP01136,Identity,Successful,30:12.5,43:09.4,6.23,,1
UP002502,APP01136,Income,Successful,43:20.8,02:48.5,4.09,,1
UP002503,APP01137,Identity,Successful,46:42.5,03:15.9,6.73,,1
UP002504,APP01137,Income,Successful,53:42.2,08:40.0,4.95,,1
UP002505,APP01138,Identity,Successful,22:37.8,31:44.6,4.34,,1
UP002506,APP01138,Income,Successful,28:06.6,42:27.1,4.14,,1
UP002507,APP01139,Identity,Successful,28:23.1,32:38.3,5.79,,1
UP002508,APP01139,Income,Successful,30:31.6,39:28.9,2.73,,1
UP002509,APP01140,Identity,Successful,23:28.1,27:13.4,0.5,,1
UP002510,APP01140,Income,Successful,40:56.3,52:19.6,5.07,,1
UP002511,APP01141,Identity,Successful,20:38.7,38:15.8,2.89,,1
UP002512,APP01141,Income,Successful,19:48.9,42:47.2,2.54,,1
UP002513,APP01142,Identity,Successful,55:55.9,05:48.0,6.38,,1
UP002514,APP01142,Income,Successful,58:01.8,18:47.5,6.21,,1
UP002515,APP01143,Identity,Successful,53:32.8,15:06.5,0.58,,1
UP002516,APP01143,Income,Successful,58:05.9,09:29.4,1.33,,1
UP002517,APP01144,Identity,Successful,23:07.8,39:53.1,1.4,,1
UP002518,APP01144,Income,Successful,37:32.0,56:52.7,6.38,,1
UP002519,APP01145,Identity,Successful,34:50.8,41:13.0,0.5,,1
UP002520,APP01145,Income,Successful,45:13.5,54:34.9,1.43,,1
UP002521,APP01146,Identity,Successful,43:49.1,47:16.1,5.48,,1
UP002522,APP01146,Income,Successful,58:14.4,06:46.2,5.99,,1
UP002523,APP01147,Identity,Successful,18:34.6,20:34.6,7.39,,1
UP002524,APP01147,Income,Successful,25:03.6,33:22.2,4.15,,1
UP002525,APP01148,Identity,Successful,03:33.5,28:33.5,5.34,,1
UP002526,APP01148,Income,Successful,00:34.4,02:34.4,4.58,,1
UP002527,APP01149,Identity,Successful,35:41.1,39:12.0,2.38,,1
UP002528,APP01149,Income,Successful,41:53.0,57:58.4,4.25,,1
UP002529,APP01150,Identity,Successful,16:08.4,31:26.1,4.86,,1
UP002530,APP01150,Income,Successful,17:27.2,34:26.5,3.29,,1
UP002531,APP01151,Identity,Successful,44:25.0,01:22.9,4.94,,1
UP002532,APP01151,Income,Successful,48:36.9,57:17.2,4.29,,1
UP002533,APP01152,Identity,Successful,34:51.0,49:56.5,3.63,,1
UP002534,APP01152,Income,Successful,52:22.2,56:33.3,2.16,,1
UP002535,APP01153,Identity,Successful,43:14.1,04:55.8,4.72,,1
UP002536,APP01153,Income,Successful,44:17.1,57:01.9,5.98,,1
UP002537,APP01154,Identity,Successful,25:40.6,27:48.7,2.5,,1
UP002538,APP01154,Income,Successful,20:38.8,35:20.6,3.91,,1
UP002539,APP01155,Identity,Successful,13:48.2,15:48.2,4.62,,1
UP002540,APP01155,Income,Successful,24:31.6,32:28.1,3.6,,1
UP002541,APP01156,Identity,Successful,47:40.0,53:48.7,6.35,,1
UP002542,APP01156,Income,Failed,46:54.8,59:41.0,5.22,UPLOAD_TIMEOUT,1
UP002543,APP01156,Income,Failed,46:58.2,56:54.0,4.05,UPLOAD_TIMEOUT,2
UP002544,APP01156,Income,Successful,55:26.1,18:19.1,3.7,,3
UP002545,APP01157,Identity,Successful,52:51.6,02:11.2,0.5,,1
UP002546,APP01157,Income,Successful,48:29.2,54:01.1,5.18,,1
UP002547,APP01158,Identity,Successful,14:50.9,16:57.2,5.62,,1
UP002548,APP01158,Income,Successful,22:17.6,29:41.2,6.4,,1
UP002549,APP01159,Identity,Successful,16:03.7,33:49.9,6.07,,1
UP002550,APP01159,Income,Successful,12:37.6,28:32.4,2.54,,1
UP002551,APP01160,Identity,Successful,06:56.1,18:33.2,0.5,,1
UP002552,APP01160,Income,Successful,22:17.4,34:23.0,4.71,,1
UP002553,APP01161,Identity,Successful,44:09.7,01:33.3,4.24,,1
UP002554,APP01161,Income,Successful,45:57.2,53:25.0,2.62,,1
UP002555,APP01162,Identity,Successful,34:15.8,39:11.3,4.77,,1
UP002556,APP01162,Income,Successful,40:24.9,42:24.9,2.8,,1
UP002557,APP01163,Identity,Successful,39:21.2,44:25.1,3.32,,1
UP002558,APP01163,Income,Successful,56:36.1,16:04.4,3.19,,1
UP002559,APP01164,Identity,Successful,16:36.0,22:41.4,5.53,,1
UP002560,APP01164,Income,Successful,21:21.5,33:31.8,4.37,,1
UP002561,APP01165,Identity,Successful,30:04.6,34:51.1,1.87,,1
UP002562,APP01165,Income,Successful,33:41.7,49:51.9,2.53,,1
UP002563,APP01166,Identity,Successful,19:53.6,24:28.2,5.47,,1
UP002564,APP01166,Income,Successful,39:33.6,41:33.6,2.43,,1
UP002565,APP01167,Identity,Failed,18:36.0,38:44.0,2.53,UPLOAD_TIMEOUT,1
UP002566,APP01167,Identity,Successful,15:02.9,29:15.0,5.08,,2
UP002567,APP01167,Income,Successful,28:12.3,35:56.0,2.29,,1
UP002568,APP01168,Identity,Successful,05:28.2,08:37.1,3.9,,1
UP002569,APP01168,Income,Successful,06:20.2,19:42.5,5.4,,1
UP002570,APP01169,Identity,Successful,36:31.9,45:43.2,4.28,,1
UP002571,APP01169,Income,Failed,41:21.1,59:11.5,3.12,UPLOAD_TIMEOUT,1
UP002572,APP01169,Income,Successful,36:32.8,50:07.0,4.15,,2
UP002573,APP01170,Identity,Successful,25:01.0,27:01.0,2.21,,1
UP002574,APP01170,Income,Successful,34:06.5,41:38.0,3.59,,1
UP002575,APP01171,Identity,Successful,18:19.7,31:26.3,4.63,,1
UP002576,APP01171,Income,Successful,18:53.2,36:39.7,2.03,,1
UP002577,APP01172,Identity,Successful,49:09.0,03:07.7,2.73,,1
UP002578,APP01172,Income,Successful,00:04.7,17:17.4,4.46,,1
UP002579,APP01173,Identity,Successful,51:24.6,59:29.3,0.86,,1
UP002580,APP01173,Income,Successful,51:27.4,02:57.0,3.51,,1
UP002581,APP01174,Identity,Successful,08:17.4,20:02.4,3.17,,1
UP002582,APP01174,Income,Failed,08:33.0,25:25.9,1.52,UPLOAD_TIMEOUT,1
UP002583,APP01174,Income,Failed,18:16.7,40:40.0,3.56,FILE_TOO_LARGE,2
UP002584,APP01174,Income,Successful,17:02.9,28:41.1,4.94,,3
UP002585,APP01175,Identity,Successful,48:53.0,00:37.1,3.64,,1
UP002586,APP01175,Income,Successful,59:28.3,05:02.9,2.94,,1
UP002587,APP01176,Identity,Successful,23:49.8,50:28.1,2.89,,1
UP002588,APP01176,Income,Successful,31:13.1,47:00.6,4.97,,1
UP002589,APP01177,Identity,Successful,16:17.0,29:42.6,4.82,,1
UP002590,APP01177,Income,Successful,15:44.6,17:44.6,2.89,,1
UP002591,APP01178,Identity,Successful,01:02.4,16:29.4,1.98,,1
UP002592,APP01178,Income,Successful,04:14.4,12:41.2,2.14,,1
UP002593,APP01179,Identity,Successful,43:55.9,59:54.8,3.24,,1
UP002594,APP01179,Income,Successful,46:36.8,51:25.0,3.83,,1
UP002595,APP01180,Identity,Successful,09:10.0,21:31.1,2.98,,1
UP002596,APP01180,Income,Successful,17:37.9,39:16.8,5.29,,1
UP002597,APP01181,Identity,Successful,07:43.2,16:27.8,0.81,,1
UP002598,APP01181,Income,Successful,01:39.5,14:48.0,4.33,,1
UP002599,APP01182,Identity,Successful,08:45.2,27:00.5,4.34,,1
UP002600,APP01182,Income,Successful,11:14.2,24:55.7,4.42,,1
UP002601,APP01183,Identity,Failed,22:25.1,43:11.5,3.5,TRANSFER_ERROR,1
UP002602,APP01183,Identity,Successful,23:24.5,38:26.0,2.19,,2
UP002603,APP01183,Income,Successful,19:38.8,25:44.1,9.03,,1
UP002604,APP01184,Identity,Successful,14:15.6,18:15.5,2.31,,1
UP002605,APP01184,Income,Successful,15:11.0,23:17.6,4.05,,1
UP002606,APP01185,Identity,Successful,28:41.4,47:22.5,7.19,,1
UP002607,APP01185,Income,Failed,35:10.1,45:35.5,4.61,UPLOAD_TIMEOUT,1
UP002608,APP01185,Income,Successful,37:07.3,51:38.6,0.5,,2
UP002609,APP01186,Identity,Successful,12:49.7,25:28.9,1.3,,1
UP002610,APP01186,Income,Successful,31:58.3,42:53.2,4.55,,1
UP002611,APP01187,Identity,Successful,33:54.3,47:37.1,0.61,,1
UP002612,APP01187,Income,Successful,33:28.3,35:31.8,1.92,,1
UP002613,APP01188,Identity,Successful,08:19.2,24:52.3,2.14,,1
UP002614,APP01188,Income,Successful,17:32.3,26:16.8,3.71,,1
UP002615,APP01189,Identity,Successful,23:33.4,31:36.6,7.24,,1
UP002616,APP01189,Income,Successful,26:45.1,39:00.2,6.31,,1
UP002617,APP01190,Identity,Successful,27:02.5,30:49.2,4.83,,1
UP002618,APP01190,Income,Failed,44:36.6,51:09.6,3.4,FILE_TOO_LARGE,1
UP002619,APP01190,Income,Successful,35:45.6,40:28.5,2.14,,2
UP002620,APP01191,Identity,Successful,37:53.2,52:26.0,5.1,,1
UP002621,APP01191,Income,Successful,51:59.6,09:36.1,3.12,,1
UP002622,APP01192,Identity,Successful,51:48.3,56:25.4,6.2,,1
UP002623,APP01192,Income,Successful,45:05.5,47:05.5,3.99,,1
UP002624,APP01193,Identity,Successful,05:34.2,17:38.1,3.79,,1
UP002625,APP01193,Income,Successful,11:05.5,27:49.6,3.14,,1
UP002626,APP01194,Identity,Successful,37:04.4,41:36.7,1.66,,1
UP002627,APP01194,Income,Successful,46:13.1,57:17.9,0.5,,1
UP002628,APP01195,Identity,Successful,31:21.2,42:53.0,5.37,,1
UP002629,APP01195,Income,Successful,36:12.5,47:22.5,1.46,,1
UP002630,APP01196,Identity,Successful,44:28.5,00:05.2,3.73,,1
UP002631,APP01196,Income,Failed,50:39.5,04:59.4,2.89,TRANSFER_ERROR,1
UP002632,APP01196,Income,Successful,50:06.6,04:59.1,1.46,,2
UP002633,APP01197,Identity,Successful,32:44.6,45:39.3,4.49,,1
UP002634,APP01197,Income,Failed,40:18.2,52:41.1,5.09,FILE_TOO_LARGE,1
UP002635,APP01197,Income,Successful,51:30.7,01:07.6,3.31,,2
UP002636,APP01198,Identity,Successful,09:54.8,23:40.9,0.5,,1
UP002637,APP01198,Income,Successful,14:05.8,26:00.7,6.22,,1
UP002638,APP01199,Identity,Successful,45:40.8,52:08.4,1.9,,1
UP002639,APP01199,Income,Successful,44:23.3,59:52.4,4.79,,1
UP002640,APP01200,Identity,Successful,10:21.6,14:40.4,5.55,,1
UP002641,APP01200,Income,Successful,19:03.8,29:53.1,2.5,,1
UP002642,APP01201,Identity,Successful,48:13.0,00:16.0,4.1,,1
UP002643,APP01201,Income,Successful,12:36.9,16:52.5,1.12,,1
UP002644,APP01202,Identity,Successful,12:35.9,29:53.0,5.43,,1
UP002645,APP01202,Income,Successful,15:20.1,24:51.1,2.04,,1
UP002646,APP01203,Identity,Successful,46:49.1,48:49.1,2.28,,1
UP002647,APP01203,Income,Successful,48:27.7,03:14.4,3.26,,1
UP002648,APP01204,Identity,Successful,24:41.4,45:23.7,2.54,,1
UP002649,APP01204,Income,Successful,34:22.7,52:25.8,2,,1
UP002650,APP01205,Identity,Successful,17:07.1,20:22.8,3.8,,1
UP002651,APP01205,Income,Successful,15:42.0,23:03.3,3.91,,1
UP002652,APP01206,Identity,Successful,45:53.7,54:49.0,3.6,,1
UP002653,APP01206,Income,Successful,51:13.2,04:32.5,2.82,,1
UP002654,APP01207,Identity,Successful,42:27.6,52:43.3,4.01,,1
UP002655,APP01207,Income,Successful,43:16.6,48:34.9,3.44,,1
UP002656,APP01208,Identity,Successful,40:51.0,55:22.0,8.5,,1
UP002657,APP01208,Income,Successful,47:29.0,59:51.5,3.99,,1
UP002658,APP01209,Identity,Successful,34:56.9,50:06.7,2.33,,1
UP002659,APP01209,Income,Successful,42:40.6,56:02.5,0.5,,1
UP002660,APP01210,Identity,Successful,00:12.4,10:06.6,3.97,,1
UP002661,APP01210,Income,Successful,08:06.7,29:43.9,2.98,,1
UP002662,APP01211,Identity,Successful,18:24.8,30:12.6,4.84,,1
UP002663,APP01211,Income,Successful,16:26.4,28:06.6,6.06,,1
UP002664,APP01212,Identity,Failed,44:11.3,46:11.3,4.89,TRANSFER_ERROR,1
UP002665,APP01212,Identity,Successful,38:10.0,41:11.0,4.8,,2
UP002666,APP01212,Income,Successful,48:57.3,56:50.5,7.81,,1
UP002667,APP01213,Identity,Successful,47:04.0,01:45.1,2.62,,1
UP002668,APP01213,Income,Successful,44:25.0,57:07.7,4.57,,1
UP002669,APP01214,Identity,Successful,04:23.6,18:35.3,5.35,,1
UP002670,APP01214,Income,Successful,18:51.9,29:57.6,3.59,,1
UP002671,APP01215,Identity,Successful,40:43.2,59:33.0,5.38,,1
UP002672,APP01215,Income,Successful,45:39.0,55:57.2,0.58,,1
UP002673,APP01216,Identity,Successful,02:18.5,22:39.0,5.2,,1
UP002674,APP01216,Income,Successful,02:24.9,13:17.2,4.07,,1
UP002675,APP01217,Identity,Failed,22:49.5,26:19.3,4.45,TRANSFER_ERROR,1
UP002676,APP01217,Identity,Successful,28:59.6,44:17.3,1.5,,2
UP002677,APP01217,Income,Successful,35:25.5,51:17.9,3.07,,1
UP002678,APP01218,Identity,Successful,18:49.2,33:33.2,0.5,,1
UP002679,APP01218,Income,Successful,22:40.6,41:14.7,2.09,,1
UP002680,APP01219,Identity,Successful,44:28.5,00:47.7,4.4,,1
UP002681,APP01219,Income,Successful,02:59.7,19:13.4,3.42,,1
UP002682,APP01220,Identity,Successful,29:34.6,50:22.6,6.02,,1
UP002683,APP01220,Income,Successful,23:17.9,31:36.4,2.21,,1
UP002684,APP01221,Identity,Successful,48:13.2,50:45.4,2.58,,1
UP002685,APP01221,Income,Successful,53:13.1,55:13.1,0.5,,1
UP002686,APP01222,Identity,Successful,42:23.3,51:20.8,1.69,,1
UP002687,APP01222,Income,Successful,53:12.2,02:00.7,3.08,,1
UP002688,APP01223,Identity,Successful,00:44.4,17:58.9,3.46,,1
UP002689,APP01223,Income,Successful,15:32.0,29:07.2,2.83,,1
UP002690,APP01224,Identity,Successful,08:34.7,28:05.6,4.69,,1
UP002691,APP01224,Income,Successful,20:29.7,33:48.1,2.71,,1
UP002692,APP01225,Identity,Successful,07:07.4,24:36.1,3.93,,1
UP002693,APP01225,Income,Successful,07:51.0,21:56.1,0.72,,1
UP002694,APP01226,Identity,Successful,18:46.1,25:36.2,2.77,,1
UP002695,APP01226,Income,Successful,31:43.1,33:43.1,3.39,,1
UP002696,APP01227,Identity,Successful,12:08.3,15:07.9,2.71,,1
UP002697,APP01227,Income,Successful,11:18.7,17:40.8,4.16,,1
UP002698,APP01228,Identity,Successful,27:44.2,39:54.8,0.8,,1
UP002699,APP01228,Income,Successful,24:31.5,35:43.4,2.44,,1
UP002700,APP01229,Identity,Successful,42:30.7,47:37.9,1.73,,1
UP002701,APP01229,Income,Successful,43:25.7,54:17.3,5.31,,1
UP002702,APP01230,Identity,Successful,55:53.6,03:51.9,0.8,,1
UP002703,APP01230,Income,Successful,52:23.1,10:33.5,3.82,,1
UP002704,APP01231,Identity,Successful,45:00.0,54:34.3,2.95,,1
UP002705,APP01231,Income,Successful,02:46.2,12:42.2,3.16,,1
UP002706,APP01232,Identity,Successful,11:05.2,27:06.9,0.5,,1
UP002707,APP01232,Income,Successful,28:07.7,47:03.4,2.94,,1
UP002708,APP01233,Identity,Successful,22:24.0,38:43.5,3.27,,1
UP002709,APP01233,Income,Successful,18:02.8,39:53.3,5.64,,1
UP002710,APP01234,Identity,Successful,56:52.5,09:28.6,2.01,,1
UP002711,APP01234,Income,Successful,03:35.5,23:35.1,4.42,,1
UP002712,APP01235,Identity,Successful,22:19.2,32:50.3,3.97,,1
UP002713,APP01235,Income,Successful,38:37.8,57:53.7,7.45,,1
UP002714,APP01236,Identity,Successful,07:05.2,11:01.7,4.73,,1
UP002715,APP01236,Income,Successful,19:03.7,33:08.5,5.1,,1
UP002716,APP01237,Identity,Failed,39:46.3,50:38.0,5.7,TRANSFER_ERROR,1
UP002717,APP01237,Identity,Successful,47:12.9,59:16.4,5.99,,2
UP002718,APP01237,Income,Successful,47:25.8,01:01.0,4.85,,1
UP002719,APP01238,Identity,Successful,51:12.4,00:44.1,1.52,,1
UP002720,APP01238,Income,Successful,08:52.1,25:31.8,6.01,,1
UP002721,APP01239,Identity,Successful,12:16.4,25:53.6,3.68,,1
UP002722,APP01239,Income,Successful,03:34.3,16:03.6,4.08,,1
UP002723,APP01240,Identity,Successful,15:32.8,28:50.8,2.34,,1
UP002724,APP01240,Income,Successful,28:53.9,40:42.0,3.21,,1
UP002725,APP01241,Identity,Successful,27:54.8,31:59.3,4.79,,1
UP002726,APP01241,Income,Successful,36:52.4,43:35.9,0.5,,1
UP002727,APP01242,Identity,Successful,16:04.8,36:43.9,3.28,,1
UP002728,APP01242,Income,Successful,22:51.7,27:24.5,2.49,,1
UP002729,APP01243,Identity,Successful,54:02.3,05:09.9,2.93,,1
UP002730,APP01243,Income,Successful,55:40.2,08:02.7,4.28,,1
UP002731,APP01244,Identity,Successful,56:00.4,01:35.2,4.2,,1
UP002732,APP01244,Income,Successful,07:36.2,16:34.4,0.72,,1
UP002733,APP01245,Identity,Successful,54:38.1,03:48.2,4.49,,1
UP002734,APP01245,Income,Successful,05:54.0,15:28.8,4.64,,1
UP002735,APP01246,Identity,Successful,40:08.2,00:53.0,2.98,,1
UP002736,APP01246,Income,Successful,41:55.8,55:19.7,5.2,,1
UP002737,APP01247,Identity,Successful,29:52.5,38:55.4,3.23,,1
UP002738,APP01247,Income,Successful,31:27.1,34:20.1,4.19,,1
UP002739,APP01248,Identity,Successful,36:25.8,47:05.2,1.74,,1
UP002740,APP01248,Income,Successful,32:37.4,38:46.8,4.48,,1
UP002741,APP01249,Identity,Successful,39:04.2,02:27.8,3.45,,1
UP002742,APP01249,Income,Successful,37:46.7,50:29.5,5.13,,1
UP002743,APP01250,Identity,Successful,56:17.5,10:43.6,3.41,,1
UP002744,APP01250,Income,Failed,02:04.9,13:19.7,7.27,UPLOAD_TIMEOUT,1
UP002745,APP01250,Income,Successful,04:34.4,19:08.8,3.02,,2
UP002746,APP01251,Identity,Successful,47:02.3,50:14.6,5.61,,1
UP002747,APP01251,Income,Successful,54:48.6,04:40.6,1.77,,1
UP002748,APP01252,Identity,Successful,32:14.4,41:28.8,2.82,,1
UP002749,APP01252,Income,Failed,27:11.3,41:56.9,2.4,UPLOAD_TIMEOUT,1
UP002750,APP01252,Income,Failed,39:47.3,50:36.1,1.7,TRANSFER_ERROR,2
UP002751,APP01252,Income,Successful,34:15.4,55:51.8,1.77,,3
UP002752,APP01253,Identity,Successful,30:47.2,32:47.2,3,,1
UP002753,APP01253,Income,Successful,25:44.8,33:02.1,5.22,,1
UP002754,APP01254,Identity,Successful,00:13.1,12:42.6,0.5,,1
UP002755,APP01254,Income,Successful,57:18.7,06:59.3,2.67,,1
UP002756,APP01255,Identity,Successful,38:15.9,02:13.8,5.21,,1
UP002757,APP01255,Income,Successful,37:20.5,52:54.6,5.27,,1
UP002758,APP01256,Identity,Successful,26:12.0,38:32.7,2.39,,1
UP002759,APP01256,Income,Successful,32:56.7,52:27.6,5.92,,1
UP002760,APP01257,Identity,Successful,06:13.4,19:48.1,1.57,,1
UP002761,APP01257,Income,Successful,16:40.3,28:51.2,3,,1
UP002762,APP01258,Identity,Successful,31:54.5,47:18.5,5.62,,1
UP002763,APP01258,Income,Successful,30:31.0,40:56.1,3.37,,1
UP002764,APP01259,Identity,Successful,43:09.1,48:37.0,3.55,,1
UP002765,APP01259,Income,Successful,47:00.1,00:15.9,4.77,,1
UP002766,APP01260,Identity,Successful,36:57.9,45:41.1,6.99,,1
UP002767,APP01260,Income,Successful,32:16.7,48:05.3,5.78,,1
UP002768,APP01261,Identity,Successful,39:08.3,49:44.1,4.69,,1
UP002769,APP01261,Income,Successful,24:17.8,30:11.9,6.55,,1
UP002770,APP01262,Identity,Successful,13:32.8,25:48.4,4.72,,1
UP002771,APP01262,Income,Successful,20:32.2,42:43.2,2.03,,1
UP002772,APP01263,Identity,Failed,51:21.3,55:28.0,1.66,FILE_TOO_LARGE,1
UP002773,APP01263,Identity,Successful,04:19.0,20:34.2,4.33,,2
UP002774,APP01263,Income,Successful,57:02.2,13:00.2,4.64,,1
UP002775,APP01264,Identity,Successful,35:51.9,54:02.3,2.91,,1
UP002776,APP01264,Income,Failed,42:19.3,50:50.8,0.5,UPLOAD_TIMEOUT,1
UP002777,APP01264,Income,Successful,54:06.4,03:38.6,4.16,,2
UP002778,APP01265,Identity,Successful,25:42.6,33:49.9,0.58,,1
UP002779,APP01265,Income,Successful,30:14.6,40:12.5,4.62,,1
UP002780,APP01266,Identity,Successful,33:45.5,42:25.7,2.36,,1
UP002781,APP01266,Income,Successful,35:36.2,38:56.7,3.26,,1
UP002782,APP01267,Identity,Successful,30:38.8,40:54.0,2.53,,1
UP002783,APP01267,Income,Successful,39:22.2,57:29.1,2.86,,1
UP002784,APP01268,Identity,Successful,21:04.3,34:40.1,3.24,,1
UP002785,APP01268,Income,Successful,16:17.5,28:03.2,2.74,,1
UP002786,APP01269,Identity,Successful,25:38.1,36:15.5,7.03,,1
UP002787,APP01269,Income,Successful,31:35.7,53:44.8,0.5,,1
UP002788,APP01270,Identity,Successful,00:50.5,16:28.9,1.95,,1
UP002789,APP01270,Income,Failed,56:07.5,11:43.9,1.61,UPLOAD_TIMEOUT,1
UP002790,APP01270,Income,Successful,57:34.4,13:21.8,4.47,,2
UP002791,APP01271,Identity,Successful,31:20.1,40:29.0,5.78,,1
UP002792,APP01271,Income,Successful,31:36.7,46:30.8,2.14,,1
UP002793,APP01272,Identity,Successful,15:46.2,24:20.7,3.16,,1
UP002794,APP01272,Income,Successful,30:13.7,53:11.6,5.11,,1
UP002795,APP01273,Identity,Successful,50:58.7,03:36.3,2.48,,1
UP002796,APP01273,Income,Successful,52:27.2,05:09.7,2.98,,1
UP002797,APP01274,Identity,Successful,07:53.8,30:30.2,3.68,,1
UP002798,APP01274,Income,Successful,17:12.6,20:49.1,3.78,,1
UP002799,APP01275,Identity,Successful,59:27.6,08:08.2,3.94,,1
UP002800,APP01275,Income,Failed,55:47.8,19:48.8,5.14,TRANSFER_ERROR,1
UP002801,APP01275,Income,Successful,00:13.9,10:22.0,7.46,,2
UP002802,APP01276,Identity,Successful,55:34.8,59:00.0,2.11,,1
UP002803,APP01276,Income,Successful,01:36.6,15:44.1,5.85,,1
UP002804,APP01277,Identity,Successful,25:57.1,34:57.6,3.46,,1
UP002805,APP01277,Income,Successful,47:39.0,01:57.8,1.45,,1
UP002806,APP01278,Identity,Successful,25:10.3,37:10.9,3.18,,1
UP002807,APP01278,Income,Successful,19:44.9,29:57.2,5.65,,1
UP002808,APP01279,Identity,Successful,18:43.3,32:44.8,1.54,,1
UP002809,APP01279,Income,Successful,15:30.0,36:59.0,1.24,,1
UP002810,APP01280,Identity,Successful,59:31.6,08:48.9,1.78,,1
UP002811,APP01280,Income,Successful,08:05.2,30:15.9,6.42,,1
UP002812,APP01281,Identity,Successful,55:25.3,06:59.2,1.21,,1
UP002813,APP01281,Income,Successful,50:38.9,04:53.1,1.83,,1
UP002814,APP01282,Identity,Successful,55:14.6,59:57.1,4.38,,1
UP002815,APP01282,Income,Successful,03:56.9,05:57.0,3.42,,1
UP002816,APP01283,Identity,Successful,30:09.9,37:39.5,4.1,,1
UP002817,APP01283,Income,Successful,40:10.3,57:21.0,5.27,,1
UP002818,APP01284,Identity,Successful,14:31.1,24:39.4,0.5,,1
UP002819,APP01284,Income,Successful,13:49.9,18:25.2,3.69,,1
UP002820,APP01285,Identity,Successful,25:24.2,27:24.2,1.88,,1
UP002821,APP01285,Income,Successful,32:21.7,36:25.7,4.6,,1
UP002822,APP01286,Identity,Successful,30:22.4,34:15.8,2.06,,1
UP002823,APP01286,Income,Successful,31:51.6,42:47.0,3.86,,1
UP002824,APP01287,Identity,Successful,15:56.1,17:56.1,6.81,,1
UP002825,APP01287,Income,Successful,39:00.3,43:20.1,7.13,,1
UP002826,APP01288,Identity,Successful,53:03.6,06:06.0,2.33,,1
UP002827,APP01288,Income,Successful,57:58.4,03:45.9,4.78,,1
UP002828,APP01289,Identity,Successful,21:15.4,24:02.2,1.25,,1
UP002829,APP01289,Income,Successful,21:28.0,34:35.3,2.69,,1
UP002830,APP01290,Identity,Successful,58:35.9,01:00.7,1.96,,1
UP002831,APP01290,Income,Successful,58:14.6,11:48.8,2.8,,1
UP002832,APP01291,Identity,Successful,31:08.9,40:33.6,2.74,,1
UP002833,APP01291,Income,Successful,46:28.3,56:06.4,3.75,,1
UP002834,APP01292,Identity,Successful,16:21.9,35:25.1,3.13,,1
UP002835,APP01292,Income,Successful,22:20.5,29:42.7,3.64,,1
UP002836,APP01293,Identity,Successful,18:23.4,29:54.4,5.35,,1
UP002837,APP01293,Income,Successful,27:59.1,35:56.0,6.09,,1
UP002838,APP01294,Identity,Failed,37:29.0,43:50.7,6.8,UPLOAD_TIMEOUT,1
UP002839,APP01294,Identity,Successful,49:08.8,59:52.0,1.21,,2
UP002840,APP01294,Income,Successful,40:31.4,53:01.2,4.31,,1
UP002841,APP01295,Identity,Successful,56:16.2,02:15.2,3.51,,1
UP002842,APP01295,Income,Successful,55:59.8,57:59.8,3.1,,1
UP002843,APP01296,Identity,Successful,15:45.4,24:28.3,5.92,,1
UP002844,APP01296,Income,Failed,16:03.0,32:05.3,2.69,UPLOAD_TIMEOUT,1
UP002845,APP01296,Income,Successful,16:18.9,22:21.1,4.28,,2
UP002846,APP01297,Identity,Successful,03:41.3,10:49.7,0.5,,1
UP002847,APP01297,Income,Successful,58:40.2,03:08.5,3.17,,1
UP002848,APP01298,Identity,Successful,53:29.1,01:10.9,2.45,,1
UP002849,APP01298,Income,Successful,00:33.2,13:45.7,5.34,,1
UP002850,APP01299,Identity,Successful,56:03.7,09:50.2,1.05,,1
UP002851,APP01299,Income,Successful,13:43.1,17:11.8,4.18,,1
UP002852,APP01300,Identity,Successful,56:35.9,10:57.0,4.11,,1
UP002853,APP01300,Income,Successful,58:43.6,03:16.9,4.51,,1
UP002854,APP01301,Identity,Successful,17:16.6,28:15.3,4.22,,1
UP002855,APP01301,Income,Successful,10:53.1,27:02.1,4.1,,1
UP002856,APP01302,Identity,Successful,09:06.6,26:54.3,2.84,,1
UP002857,APP01302,Income,Successful,21:04.2,29:35.5,3.63,,1
UP002858,APP01303,Identity,Successful,39:00.0,41:00.0,3.05,,1
UP002859,APP01303,Income,Successful,55:13.3,58:07.5,3.44,,1
UP002860,APP01304,Identity,Successful,51:47.4,53:56.6,5.3,,1
UP002861,APP01304,Income,Successful,55:28.8,05:37.5,4.8,,1
UP002862,APP01305,Identity,Successful,06:16.7,14:47.4,2.01,,1
UP002863,APP01305,Income,Successful,11:31.4,13:31.4,2.16,,1
UP002864,APP01306,Identity,Successful,49:52.8,55:23.9,4.4,,1
UP002865,APP01306,Income,Successful,49:53.4,09:50.1,2.74,,1
UP002866,APP01307,Identity,Successful,06:17.4,08:17.4,3.81,,1
UP002867,APP01307,Income,Successful,08:40.8,20:34.1,2.06,,1
UP002868,APP01308,Identity,Successful,59:48.7,20:40.2,3.24,,1
UP002869,APP01308,Income,Successful,57:47.5,13:58.5,3.88,,1
UP002870,APP01309,Identity,Successful,15:32.0,17:32.0,3.18,,1
UP002871,APP01309,Income,Successful,08:02.8,15:13.4,3.45,,1
UP002872,APP01310,Identity,Successful,11:25.4,23:41.2,2.66,,1
UP002873,APP01310,Income,Successful,11:54.8,16:51.5,0.5,,1
UP002874,APP01311,Identity,Successful,31:52.4,39:32.2,3.69,,1
UP002875,APP01311,Income,Successful,26:17.4,29:47.2,6.17,,1
UP002876,APP01312,Identity,Successful,54:23.5,02:17.8,1.67,,1
UP002877,APP01312,Income,Successful,00:13.6,15:26.9,3.77,,1
UP002878,APP01313,Identity,Successful,39:45.7,45:37.4,2.42,,1
UP002879,APP01313,Income,Failed,37:59.2,44:35.5,2.45,UPLOAD_TIMEOUT,1
UP002880,APP01313,Income,Successful,42:15.9,55:23.8,4.39,,2
UP002881,APP01314,Identity,Successful,15:49.9,19:01.8,3.36,,1
UP002882,APP01314,Income,Successful,13:00.6,26:03.8,3.21,,1
UP002883,APP01315,Identity,Successful,48:15.7,55:02.7,3.6,,1
UP002884,APP01315,Income,Successful,53:29.0,01:51.7,5.28,,1
UP002885,APP01316,Identity,Successful,01:29.3,09:40.4,2.79,,1
UP002886,APP01316,Income,Successful,56:33.4,14:14.4,0.98,,1
UP002887,APP01317,Identity,Successful,48:27.5,03:09.9,2.52,,1
UP002888,APP01317,Income,Successful,56:56.0,16:36.2,0.94,,1
UP002889,APP01318,Identity,Successful,59:31.8,06:18.0,5.38,,1
UP002890,APP01318,Income,Successful,12:18.3,19:46.5,3.54,,1
UP002891,APP01319,Identity,Successful,48:32.2,50:35.3,4.11,,1
UP002892,APP01319,Income,Successful,47:17.7,53:03.1,3.75,,1
UP002893,APP01320,Identity,Successful,31:02.7,39:06.1,6.55,,1
UP002894,APP01320,Income,Successful,46:06.5,58:33.7,1.7,,1
UP002895,APP01321,Identity,Successful,36:23.8,55:55.9,2.34,,1
UP002896,APP01321,Income,Successful,40:18.6,52:32.5,2.53,,1
UP002897,APP01322,Identity,Successful,14:18.6,29:03.0,6.49,,1
UP002898,APP01322,Income,Successful,19:36.0,37:34.8,5.79,,1
UP002899,APP01323,Identity,Successful,37:44.3,41:30.7,1.22,,1
UP002900,APP01323,Income,Successful,45:11.0,49:45.3,1.81,,1
UP002901,APP01324,Identity,Successful,41:56.5,48:53.6,4.36,,1
UP002902,APP01324,Income,Successful,49:31.3,52:18.6,3.79,,1
UP002903,APP01325,Identity,Successful,18:03.2,20:37.9,2.78,,1
UP002904,APP01325,Income,Successful,20:11.7,22:26.0,3.35,,1
UP002905,APP01326,Identity,Successful,44:20.6,55:57.0,4.57,,1
UP002906,APP01326,Income,Successful,35:37.8,49:50.6,2.15,,1
UP002907,APP01327,Identity,Failed,54:05.3,09:28.9,3.83,TRANSFER_ERROR,1
UP002908,APP01327,Identity,Successful,59:47.2,12:37.3,4.07,,2
UP002909,APP01327,Income,Successful,57:32.0,22:53.6,3.72,,1
UP002910,APP01328,Identity,Successful,29:56.6,38:43.6,2.78,,1
UP002911,APP01328,Income,Successful,38:51.1,51:42.2,1.76,,1
UP002912,APP01329,Identity,Successful,56:28.2,04:49.9,3.38,,1
UP002913,APP01329,Income,Successful,56:33.0,58:33.0,2.28,,1
UP002914,APP01330,Identity,Failed,57:34.0,59:34.0,2.06,UPLOAD_TIMEOUT,1
UP002915,APP01330,Identity,Failed,52:43.3,05:04.6,2.86,FILE_TOO_LARGE,2
UP002916,APP01330,Identity,Successful,02:19.4,17:13.9,2.17,,3
UP002917,APP01330,Income,Successful,57:43.8,12:11.0,1.4,,1
UP002918,APP01331,Identity,Successful,06:50.7,30:25.3,2.92,,1
UP002919,APP01331,Income,Successful,08:37.6,14:52.7,4.74,,1
UP002920,APP01332,Identity,Successful,14:39.2,27:21.7,5.84,,1
UP002921,APP01332,Income,Successful,19:00.6,26:29.4,2.32,,1
UP002922,APP01333,Identity,Failed,17:11.4,27:45.3,1.5,UPLOAD_TIMEOUT,1
UP002923,APP01333,Identity,Successful,38:50.3,52:04.0,3.51,,2
UP002924,APP01333,Income,Successful,24:46.1,45:22.3,7.06,,1
UP002925,APP01334,Identity,Successful,25:39.2,35:26.1,2.05,,1
UP002926,APP01334,Income,Failed,34:17.4,50:00.7,3.51,TRANSFER_ERROR,1
UP002927,APP01334,Income,Successful,37:53.9,52:55.7,6.76,,2
UP002928,APP01335,Identity,Successful,33:07.8,46:47.6,4.04,,1
UP002929,APP01335,Income,Successful,37:14.9,54:59.6,1.45,,1
UP002930,APP01336,Identity,Successful,57:08.9,13:47.1,4.17,,1
UP002931,APP01336,Income,Successful,53:34.0,03:57.5,6.32,,1
UP002932,APP01337,Identity,Successful,29:52.9,54:29.3,5.46,,1
UP002933,APP01337,Income,Successful,36:45.4,47:46.1,5.13,,1
UP002934,APP01338,Identity,Successful,12:02.4,14:02.4,6.65,,1
UP002935,APP01338,Income,Successful,19:35.6,34:27.1,6.52,,1
UP002936,APP01339,Identity,Successful,53:04.9,09:08.4,5.9,,1
UP002937,APP01339,Income,Successful,01:22.6,11:45.0,2.69,,1
UP002938,APP01340,Identity,Successful,45:27.1,53:30.6,2.44,,1
UP002939,APP01340,Income,Successful,41:53.5,51:58.1,0.5,,1
UP002940,APP01341,Identity,Successful,56:39.9,08:42.0,1.96,,1
UP002941,APP01341,Income,Successful,02:44.2,13:30.6,1.52,,1
UP002942,APP01342,Identity,Failed,00:38.3,02:38.3,3.36,UPLOAD_TIMEOUT,1
UP002943,APP01342,Identity,Failed,56:48.9,05:00.1,2.81,TRANSFER_ERROR,2
UP002944,APP01342,Identity,Successful,02:52.4,07:59.4,4.33,,3
UP002945,APP01342,Income,Successful,10:14.0,26:13.5,3.46,,1
UP002946,APP01343,Identity,Successful,22:35.4,33:11.3,2.25,,1
UP002947,APP01343,Income,Successful,25:59.5,39:12.1,3.64,,1
UP002948,APP01344,Identity,Successful,57:41.2,08:38.5,4.48,,1
UP002949,APP01344,Income,Successful,01:14.1,20:16.3,0.5,,1
UP002950,APP01345,Identity,Successful,14:39.3,30:28.8,4.07,,1
UP002951,APP01345,Income,Successful,27:00.2,49:04.2,5.84,,1
UP002952,APP01346,Identity,Successful,01:17.8,09:33.4,0.5,,1
UP002953,APP01346,Income,Failed,12:52.3,29:48.9,2.82,FILE_TOO_LARGE,1
UP002954,APP01346,Income,Successful,59:13.5,13:36.9,3.73,,2
UP002955,APP01347,Identity,Failed,15:43.5,24:08.0,6.73,TRANSFER_ERROR,1
UP002956,APP01347,Identity,Successful,08:04.1,17:08.6,0.5,,2
UP002957,APP01347,Income,Successful,11:01.0,30:05.0,4.13,,1
UP002958,APP01348,Identity,Successful,00:19.6,17:29.6,1.22,,1
UP002959,APP01348,Income,Failed,01:11.0,17:20.0,4.22,TRANSFER_ERROR,1
UP002960,APP01348,Income,Successful,05:37.9,19:42.6,2.59,,2
UP002961,APP01349,Identity,Successful,10:55.0,13:20.6,4.12,,1
UP002962,APP01349,Income,Successful,24:10.3,34:29.1,1.77,,1
UP002963,APP01350,Identity,Successful,40:11.3,56:25.9,2.39,,1
UP002964,APP01350,Income,Successful,43:06.1,59:54.2,4.02,,1
UP002965,APP01351,Identity,Successful,16:25.2,18:25.2,4.96,,1
UP002966,APP01351,Income,Successful,18:58.3,24:56.4,2.88,,1
UP002967,APP01352,Identity,Successful,33:05.9,36:28.0,3.33,,1
UP002968,APP01352,Income,Successful,37:09.5,57:23.0,0.5,,1
UP002969,APP01353,Identity,Successful,56:05.5,07:16.8,6.77,,1
UP002970,APP01353,Income,Successful,04:36.4,17:56.7,4.32,,1
UP002971,APP01354,Identity,Successful,28:30.0,30:30.0,2.87,,1
UP002972,APP01354,Income,Successful,24:06.7,35:43.3,4.64,,1
UP002973,APP01355,Identity,Successful,43:06.9,50:10.5,1.23,,1
UP002974,APP01355,Income,Successful,43:33.4,47:43.3,2.65,,1
UP002975,APP01356,Identity,Successful,12:36.9,14:37.3,6.49,,1
UP002976,APP01356,Income,Successful,17:04.5,37:00.1,5.22,,1
UP002977,APP01357,Identity,Successful,08:00.0,21:41.0,0.5,,1
UP002978,APP01357,Income,Successful,24:07.9,37:04.3,1.88,,1
UP002979,APP01358,Identity,Successful,27:16.7,43:57.1,5.34,,1
UP002980,APP01358,Income,Successful,28:51.9,31:37.2,6.09,,1
UP002981,APP01359,Identity,Failed,54:01.5,57:40.0,3.16,TRANSFER_ERROR,1
UP002982,APP01359,Identity,Successful,47:00.0,54:20.4,3.12,,2
UP002983,APP01359,Income,Successful,07:57.6,18:34.7,2.54,,1
UP002984,APP01360,Identity,Failed,51:17.9,03:41.2,4.31,UPLOAD_TIMEOUT,1
UP002985,APP01360,Identity,Failed,50:57.0,03:31.1,5.15,TRANSFER_ERROR,2
UP002986,APP01360,Identity,Successful,03:06.0,15:46.4,0.5,,3
UP002987,APP01360,Income,Successful,55:38.9,09:40.0,2.56,,1
UP002988,APP01361,Identity,Successful,10:30.6,22:44.3,5.98,,1
UP002989,APP01361,Income,Successful,17:06.7,24:15.2,2.41,,1
UP002990,APP01362,Identity,Successful,24:27.3,28:41.4,6.24,,1
UP002991,APP01362,Income,Successful,33:56.0,35:56.0,1.56,,1
UP002992,APP01363,Identity,Successful,14:04.1,23:05.6,5.93,,1
UP002993,APP01363,Income,Successful,18:48.4,20:48.4,3.92,,1
UP002994,APP01364,Identity,Successful,16:25.4,38:23.8,4.91,,1
UP002995,APP01364,Income,Successful,22:47.2,31:16.5,1.95,,1
UP002996,APP01365,Identity,Successful,16:20.2,32:58.5,3.81,,1
UP002997,APP01365,Income,Successful,25:41.6,41:14.0,9.42,,1
UP002998,APP01366,Identity,Successful,50:05.6,52:41.0,1.42,,1
UP002999,APP01366,Income,Successful,59:34.3,08:11.5,4.02,,1
UP003000,APP01367,Identity,Successful,07:46.0,27:07.3,2.73,,1
UP003001,APP01367,Income,Successful,16:50.7,32:17.6,2.48,,1
UP003002,APP01368,Identity,Successful,22:47.7,35:42.3,1.52,,1
UP003003,APP01368,Income,Successful,30:54.3,47:49.5,2.53,,1
UP003004,APP01369,Identity,Successful,53:00.0,56:58.1,3.59,,1
UP003005,APP01369,Income,Failed,10:19.2,17:55.7,4.71,TRANSFER_ERROR,1
UP003006,APP01369,Income,Failed,54:00.0,13:44.2,6.25,UPLOAD_TIMEOUT,2
UP003007,APP01369,Income,Successful,22:08.7,39:02.5,0.5,,3
UP003008,APP01370,Identity,Successful,55:25.6,13:13.9,2.79,,1
UP003009,APP01370,Income,Failed,12:26.0,18:30.4,1.02,FILE_TOO_LARGE,1
UP003010,APP01370,Income,Successful,59:04.3,09:26.7,1.61,,2
UP003011,APP01371,Identity,Successful,20:57.0,36:17.1,0.5,,1
UP003012,APP01371,Income,Successful,24:38.4,35:48.7,4.11,,1
UP003013,APP01372,Identity,Successful,27:18.7,33:52.9,6.66,,1
UP003014,APP01372,Income,Successful,24:58.9,32:30.7,5.16,,1
UP003015,APP01373,Identity,Successful,57:45.9,12:32.2,2.93,,1
UP003016,APP01373,Income,Failed,10:12.3,28:09.4,2.86,UPLOAD_TIMEOUT,1
UP003017,APP01373,Income,Successful,10:38.3,27:17.8,1.42,,2
UP003018,APP01374,Identity,Successful,18:05.1,20:05.1,2.64,,1
UP003019,APP01374,Income,Successful,12:50.9,23:17.6,2.86,,1
UP003020,APP01375,Identity,Successful,06:05.8,17:57.2,3.88,,1
UP003021,APP01375,Income,Successful,01:49.6,16:55.2,2.48,,1
UP003022,APP01376,Identity,Successful,21:33.3,32:01.1,4.03,,1
UP003023,APP01376,Income,Successful,40:45.2,55:41.7,1.36,,1
UP003024,APP01377,Identity,Successful,35:34.3,02:06.1,4.3,,1
UP003025,APP01377,Income,Successful,47:56.0,57:29.8,7.95,,1
UP003026,APP01378,Identity,Successful,27:31.4,29:31.4,6.86,,1
UP003027,APP01378,Income,Successful,22:17.1,28:16.3,2.63,,1
UP003028,APP01379,Identity,Successful,13:18.9,26:01.4,3.33,,1
UP003029,APP01379,Income,Successful,15:34.4,25:56.6,1.17,,1
UP003030,APP01380,Identity,Successful,08:03.1,28:57.6,2.12,,1
UP003031,APP01380,Income,Successful,04:26.9,13:16.5,5.49,,1
UP003032,APP01381,Identity,Successful,20:49.1,35:36.3,5.07,,1
UP003033,APP01381,Income,Successful,22:48.2,35:47.6,3.5,,1
UP003034,APP01382,Identity,Successful,44:01.4,46:01.4,3.89,,1
UP003035,APP01382,Income,Successful,46:15.6,49:18.9,4.52,,1
UP003036,APP01383,Identity,Successful,32:39.5,43:55.1,3.39,,1
UP003037,APP01383,Income,Successful,31:15.6,54:44.3,0.5,,1
UP003038,APP01384,Identity,Successful,20:18.1,35:22.1,3.51,,1
UP003039,APP01384,Income,Successful,21:24.7,41:52.7,2.41,,1
UP003040,APP01385,Identity,Failed,09:23.1,14:19.3,3,UPLOAD_TIMEOUT,1
UP003041,APP01385,Identity,Successful,20:34.7,25:00.5,3.48,,2
UP003042,APP01385,Income,Successful,26:03.6,28:03.6,3.53,,1
UP003043,APP01386,Identity,Successful,52:56.0,54:56.0,1.17,,1
UP003044,APP01386,Income,Successful,05:52.0,26:29.7,3.02,,1
UP003045,APP01387,Identity,Failed,58:37.1,16:28.7,6.1,UPLOAD_TIMEOUT,1
UP003046,APP01387,Identity,Successful,04:09.0,18:29.9,0.55,,2
UP003047,APP01387,Income,Successful,05:21.3,26:45.3,1.14,,1
UP003048,APP01388,Identity,Successful,00:15.4,06:58.5,2.95,,1
UP003049,APP01388,Income,Successful,09:35.5,13:28.6,0.5,,1
UP003050,APP01389,Identity,Successful,26:27.5,37:02.8,4.36,,1
UP003051,APP01389,Income,Successful,41:01.8,51:02.5,0.94,,1
UP003052,APP01390,Identity,Successful,23:14.3,35:46.7,3.52,,1
UP003053,APP01390,Income,Successful,30:57.4,44:08.2,2.76,,1
UP003054,APP01391,Identity,Successful,55:30.0,05:26.3,2.11,,1
UP003055,APP01391,Income,Successful,57:24.5,02:05.8,4.9,,1
UP003056,APP01392,Identity,Successful,01:32.7,03:32.7,3.19,,1
UP003057,APP01392,Income,Successful,15:43.0,22:15.3,3.47,,1
UP003058,APP01393,Identity,Successful,31:08.9,45:48.7,4.45,,1
UP003059,APP01393,Income,Successful,38:49.5,48:16.6,6.91,,1
UP003060,APP01394,Identity,Successful,11:40.8,24:25.9,2.18,,1
UP003061,APP01394,Income,Successful,16:59.8,18:59.8,2.75,,1
UP003062,APP01395,Identity,Successful,39:10.2,48:58.4,5.1,,1
UP003063,APP01395,Income,Successful,40:20.9,44:03.7,4.92,,1
UP003064,APP01396,Identity,Successful,19:14.5,33:33.7,1.81,,1
UP003065,APP01396,Income,Successful,17:54.5,31:00.8,3.12,,1
UP003066,APP01397,Identity,Successful,24:49.6,35:47.1,3.74,,1
UP003067,APP01397,Income,Successful,15:49.0,17:49.0,1.6,,1
UP003068,APP01398,Identity,Successful,56:34.7,09:14.4,1.28,,1
UP003069,APP01398,Income,Successful,46:59.0,51:03.8,2.42,,1
UP003070,APP01399,Identity,Successful,13:19.7,25:54.7,0.5,,1
UP003071,APP01399,Income,Successful,12:28.0,26:02.7,0.5,,1
UP003072,APP01400,Identity,Successful,56:45.4,17:40.8,4.98,,1
UP003073,APP01400,Income,Successful,57:29.3,24:23.0,7.73,,1
UP003074,APP01401,Identity,Successful,18:43.7,36:48.8,4.06,,1
UP003075,APP01401,Income,Successful,26:41.0,41:57.2,5.4,,1
UP003076,APP01402,Identity,Failed,28:23.1,37:25.6,3.54,FILE_TOO_LARGE,1
UP003077,APP01402,Identity,Successful,35:26.6,46:40.1,3.37,,2
UP003078,APP01402,Income,Successful,34:05.5,50:50.9,3.39,,1
UP003079,APP01403,Identity,Successful,41:15.0,46:48.9,4.54,,1
UP003080,APP01403,Income,Successful,57:47.0,19:14.3,6.5,,1
UP003081,APP01404,Identity,Successful,26:43.8,38:24.7,4.74,,1
UP003082,APP01404,Income,Successful,23:29.8,25:29.8,1.05,,1
UP003083,APP01405,Identity,Successful,40:26.4,47:33.8,3.62,,1
UP003084,APP01405,Income,Successful,42:00.5,53:56.5,4.12,,1
UP003085,APP01406,Identity,Successful,54:49.3,04:15.8,5.54,,1
UP003086,APP01406,Income,Successful,59:45.4,13:09.1,4.82,,1
UP003087,APP01407,Identity,Successful,32:27.3,45:07.1,3.77,,1
UP003088,APP01407,Income,Successful,43:45.8,48:44.4,2.91,,1
UP003089,APP01408,Identity,Successful,41:41.9,59:15.2,2.37,,1
UP003090,APP01408,Income,Successful,52:39.8,08:26.6,3.82,,1
UP003091,APP01409,Identity,Successful,56:23.9,19:36.5,2.14,,1
UP003092,APP01409,Income,Successful,05:50.0,19:05.0,1.85,,1
UP003093,APP01410,Identity,Successful,37:57.6,56:37.6,4.67,,1
UP003094,APP01410,Income,Successful,39:21.2,54:13.8,2.2,,1
UP003095,APP01411,Identity,Successful,24:11.1,36:12.3,1.38,,1
UP003096,APP01411,Income,Successful,32:33.5,37:23.1,7.32,,1
UP003097,APP01412,Identity,Failed,41:06.2,50:36.2,2.18,UPLOAD_TIMEOUT,1
UP003098,APP01412,Identity,Successful,48:07.3,09:05.6,1.49,,2
UP003099,APP01412,Income,Successful,03:07.5,14:53.1,5.14,,1
UP003100,APP01413,Identity,Successful,25:43.9,38:30.2,4.82,,1
UP003101,APP01413,Income,Successful,30:12.8,42:16.7,0.5,,1
UP003102,APP01414,Identity,Successful,05:08.3,15:25.2,3.92,,1
UP003103,APP01414,Income,Successful,19:47.5,39:11.4,0.5,,1
UP003104,APP01415,Identity,Successful,03:50.9,10:07.9,6.04,,1
UP003105,APP01415,Income,Successful,08:15.8,13:13.9,2.8,,1
UP003106,APP01416,Identity,Successful,26:30.5,36:17.8,6.24,,1
UP003107,APP01416,Income,Successful,35:18.0,57:56.2,6.1,,1
UP003108,APP01417,Identity,Successful,35:47.9,37:47.9,3.78,,1
UP003109,APP01417,Income,Successful,39:40.9,52:05.1,2.67,,1
UP003110,APP01418,Identity,Successful,33:17.6,37:21.7,5.62,,1
UP003111,APP01418,Income,Successful,38:59.0,50:49.2,3.64,,1
UP003112,APP01419,Identity,Successful,53:47.3,56:01.2,3.64,,1
UP003113,APP01419,Income,Successful,45:38.6,49:28.5,0.5,,1
UP003114,APP01420,Identity,Failed,41:58.3,51:49.8,0.5,TRANSFER_ERROR,1
UP003115,APP01420,Identity,Successful,41:15.9,51:45.6,2.33,,2
UP003116,APP01420,Income,Successful,43:12.0,50:01.4,1.23,,1
UP003117,APP01421,Identity,Successful,41:11.1,51:24.9,3.04,,1
UP003118,APP01421,Income,Successful,43:41.1,47:21.1,6.27,,1
UP003119,APP01422,Identity,Failed,26:09.6,33:02.1,2.17,FILE_TOO_LARGE,1
UP003120,APP01422,Identity,Failed,32:39.1,43:41.7,2.49,TRANSFER_ERROR,2
UP003121,APP01422,Identity,Successful,30:16.8,46:38.6,0.69,,3
UP003122,APP01422,Income,Successful,28:29.6,48:37.5,3.69,,1
UP003123,APP01423,Identity,Successful,25:50.3,37:22.5,4.19,,1
UP003124,APP01423,Income,Successful,16:09.8,20:52.8,3.96,,1
UP003125,APP01424,Identity,Successful,32:09.5,46:12.1,4.28,,1
UP003126,APP01424,Income,Successful,24:22.0,43:04.4,6.35,,1
UP003127,APP01425,Identity,Successful,21:02.5,29:22.5,3.97,,1
UP003128,APP01425,Income,Successful,41:49.3,47:24.0,4.43,,1
UP003129,APP01426,Identity,Successful,25:30.5,42:47.8,5.11,,1
UP003130,APP01426,Income,Successful,28:57.0,45:04.2,2.71,,1
UP003131,APP01427,Identity,Successful,31:43.5,41:02.9,3.85,,1
UP003132,APP01427,Income,Successful,33:57.4,36:13.7,3.22,,1
UP003133,APP01428,Identity,Successful,12:55.8,22:09.1,5.15,,1
UP003134,APP01428,Income,Failed,07:32.4,25:16.4,5.35,FILE_TOO_LARGE,1
UP003135,APP01428,Income,Failed,23:52.5,28:51.8,3.26,UPLOAD_TIMEOUT,2
UP003136,APP01428,Income,Successful,19:25.7,30:27.6,2.2,,3
UP003137,APP01429,Identity,Successful,52:51.0,09:01.7,3.47,,1
UP003138,APP01429,Income,Successful,54:19.6,15:44.9,1.37,,1
UP003139,APP01430,Identity,Successful,14:59.2,16:59.2,2.09,,1
UP003140,APP01430,Income,Successful,15:08.5,19:15.6,2.38,,1
UP003141,APP01431,Identity,Successful,12:47.4,18:15.0,4.5,,1
UP003142,APP01431,Income,Successful,16:26.9,18:26.9,4.01,,1
UP003143,APP01432,Identity,Failed,44:00.0,52:50.1,2.02,UPLOAD_TIMEOUT,1
UP003144,APP01432,Identity,Successful,49:22.1,03:54.0,4.36,,2
UP003145,APP01432,Income,Successful,56:21.7,58:46.6,6.75,,1
UP003146,APP01433,Identity,Successful,13:25.8,26:55.7,2.66,,1
UP003147,APP01433,Income,Successful,11:49.6,23:03.1,6.94,,1
UP003148,APP01434,Identity,Successful,49:10.3,00:36.8,3.62,,1
UP003149,APP01434,Income,Failed,03:12.5,14:31.8,6.72,TRANSFER_ERROR,1
UP003150,APP01434,Income,Successful,59:42.4,09:15.2,2.4,,2
UP003151,APP01435,Identity,Successful,19:02.8,29:26.1,1.76,,1
UP003152,APP01435,Income,Successful,13:09.7,15:44.0,6.39,,1
UP003153,APP01436,Identity,Successful,19:38.3,25:30.3,2.28,,1
UP003154,APP01436,Income,Successful,27:39.9,37:12.5,5.38,,1
UP003155,APP01437,Identity,Successful,25:52.1,37:34.0,2.89,,1
UP003156,APP01437,Income,Successful,22:14.0,36:29.5,0.96,,1
UP003157,APP01438,Identity,Successful,05:05.0,24:59.0,3.38,,1
UP003158,APP01438,Income,Successful,03:27.5,12:40.0,3.96,,1
UP003159,APP01439,Identity,Successful,59:12.0,07:04.5,0.5,,1
UP003160,APP01439,Income,Successful,12:52.0,28:56.0,3.71,,1
UP003161,APP01440,Identity,Successful,32:13.8,51:40.3,2.72,,1
UP003162,APP01440,Income,Successful,41:32.6,51:31.3,5.78,,1
UP003163,APP01441,Identity,Successful,03:46.4,13:09.5,4.25,,1
UP003164,APP01441,Income,Successful,57:50.5,13:54.5,2.52,,1
UP003165,APP01442,Identity,Successful,55:38.4,03:17.1,3.62,,1
UP003166,APP01442,Income,Successful,58:51.7,08:39.5,2.07,,1
UP003167,APP01443,Identity,Successful,33:06.7,46:02.2,1.53,,1
UP003168,APP01443,Income,Successful,37:28.7,43:43.6,3.27,,1
UP003169,APP01444,Identity,Successful,49:47.8,58:13.6,3.37,,1
UP003170,APP01444,Income,Successful,56:04.9,00:12.6,3.72,,1
UP003171,APP01445,Identity,Successful,03:27.0,19:01.7,1.82,,1
UP003172,APP01445,Income,Successful,04:06.9,09:26.9,4.52,,1
UP003173,APP01446,Identity,Successful,30:04.0,43:37.7,3.69,,1
UP003174,APP01446,Income,Successful,31:51.8,44:55.4,1.94,,1
UP003175,APP01447,Identity,Successful,42:24.5,53:52.4,1.66,,1
UP003176,APP01447,Income,Failed,44:18.5,58:30.7,2.43,UPLOAD_TIMEOUT,1
UP003177,APP01447,Income,Successful,50:16.8,56:54.4,1.12,,2
UP003178,APP01448,Identity,Successful,41:26.2,44:47.5,4.88,,1
UP003179,APP01448,Income,Successful,48:11.9,53:15.6,4.18,,1
UP003180,APP01449,Identity,Successful,04:21.4,07:48.5,4.99,,1
UP003181,APP01449,Income,Failed,04:42.3,08:22.4,1.87,TRANSFER_ERROR,1
UP003182,APP01449,Income,Failed,06:08.5,09:07.5,1.15,FILE_TOO_LARGE,2
UP003183,APP01449,Income,Successful,09:32.9,12:06.3,4.74,,3
UP003184,APP01450,Identity,Successful,41:44.6,52:45.1,3.33,,1
UP003185,APP01450,Income,Successful,39:39.3,53:06.7,3.22,,1
UP003186,APP01451,Identity,Successful,25:56.8,43:16.6,7.75,,1
UP003187,APP01451,Income,Failed,22:08.2,37:19.1,6.95,FILE_TOO_LARGE,1
UP003188,APP01451,Income,Successful,29:37.5,34:53.8,3.49,,2
UP003189,APP01452,Identity,Successful,46:10.4,03:44.6,5.38,,1
UP003190,APP01452,Income,Successful,55:33.7,05:46.7,5.23,,1
UP003191,APP01453,Identity,Successful,31:30.3,34:52.5,3.5,,1
UP003192,APP01453,Income,Successful,26:08.1,39:08.2,1.81,,1
UP003193,APP01454,Identity,Successful,57:04.5,11:08.8,2.54,,1
UP003194,APP01454,Income,Successful,58:06.5,01:50.3,0.63,,1
UP003195,APP01455,Identity,Successful,44:43.3,55:04.8,3.5,,1
UP003196,APP01455,Income,Successful,29:48.5,45:53.5,0.5,,1
UP003197,APP01456,Identity,Successful,47:44.5,59:22.8,4.37,,1
UP003198,APP01456,Income,Successful,06:09.1,08:09.1,1.42,,1
UP003199,APP01457,Identity,Successful,51:14.2,07:52.8,1.42,,1
UP003200,APP01457,Income,Successful,51:29.4,09:17.1,3.67,,1
UP003201,APP01458,Identity,Successful,00:18.2,04:05.4,4.51,,1
UP003202,APP01458,Income,Successful,54:59.8,56:59.8,2.46,,1
UP003203,APP01459,Identity,Successful,06:17.7,16:55.8,6.64,,1
UP003204,APP01459,Income,Successful,14:42.3,33:29.9,0.5,,1
UP003205,APP01460,Identity,Successful,12:56.1,35:14.5,1.93,,1
UP003206,APP01460,Income,Successful,04:18.5,08:42.5,5.14,,1
UP003207,APP01461,Identity,Successful,21:40.1,37:17.9,2.36,,1
UP003208,APP01461,Income,Successful,31:47.7,34:18.6,0.5,,1
UP003209,APP01462,Identity,Successful,56:16.9,15:41.3,5.51,,1
UP003210,APP01462,Income,Successful,09:08.2,19:16.1,5.97,,1
UP003211,APP01463,Identity,Successful,12:54.9,20:14.4,4.15,,1
UP003212,APP01463,Income,Successful,25:39.6,31:55.5,2.6,,1
UP003213,APP01464,Identity,Successful,08:29.1,17:41.0,5.04,,1
UP003214,APP01464,Income,Successful,24:46.1,37:53.1,4.59,,1
UP003215,APP01465,Identity,Successful,03:42.5,12:45.6,2.03,,1
UP003216,APP01465,Income,Successful,14:03.4,23:30.6,1.71,,1
UP003217,APP01466,Identity,Successful,51:50.2,58:29.4,4.18,,1
UP003218,APP01466,Income,Successful,01:35.9,09:43.8,3.01,,1
UP003219,APP01467,Identity,Successful,19:25.9,21:25.9,4.71,,1
UP003220,APP01467,Income,Successful,26:52.2,28:52.2,3.17,,1
UP003221,APP01468,Identity,Successful,57:41.8,07:27.7,3.15,,1
UP003222,APP01468,Income,Successful,11:16.1,25:56.9,3.66,,1
UP003223,APP01469,Identity,Successful,13:01.8,27:01.3,3.7,,1
UP003224,APP01469,Income,Successful,21:15.2,26:41.4,3.39,,1
UP003225,APP01470,Identity,Failed,53:52.9,06:32.6,6.16,UPLOAD_TIMEOUT,1
UP003226,APP01470,Identity,Successful,40:54.7,56:32.7,1.53,,2
UP003227,APP01470,Income,Successful,51:39.8,53:39.8,3.78,,1
UP003228,APP01471,Identity,Successful,06:35.4,21:09.2,2.33,,1
UP003229,APP01471,Income,Successful,06:37.2,19:02.8,4.31,,1
UP003230,APP01472,Identity,Successful,49:37.5,05:31.6,4.76,,1
UP003231,APP01472,Income,Successful,59:08.0,08:52.5,2.15,,1
UP003232,APP01473,Identity,Successful,11:01.2,28:32.4,0.58,,1
UP003233,APP01473,Income,Successful,17:26.8,32:05.0,3.86,,1
UP003234,APP01474,Identity,Successful,26:36.3,45:52.6,2.56,,1
UP003235,APP01474,Income,Successful,25:40.3,36:50.7,3.3,,1
UP003236,APP01475,Identity,Successful,40:02.4,42:25.8,2.32,,1
UP003237,APP01475,Income,Successful,53:55.2,58:47.3,3.29,,1
UP003238,APP01476,Identity,Successful,58:50.0,14:21.2,2.86,,1
UP003239,APP01476,Income,Successful,07:49.3,24:46.7,2.35,,1
UP003240,APP01477,Identity,Successful,58:07.4,10:16.9,5.09,,1
UP003241,APP01477,Income,Successful,10:04.4,12:04.4,3.86,,1
UP003242,APP01478,Identity,Successful,17:54.4,33:53.6,4.03,,1
UP003243,APP01478,Income,Successful,10:13.4,34:32.1,0.5,,1
UP003244,APP01479,Identity,Successful,25:51.2,28:01.3,4.45,,1
UP003245,APP01479,Income,Successful,20:50.5,39:48.3,2.35,,1
UP003246,APP01480,Identity,Successful,43:34.4,58:57.6,3.44,,1
UP003247,APP01480,Income,Successful,47:54.7,02:06.6,2.17,,1
UP003248,APP01481,Identity,Successful,05:58.8,18:32.9,3.09,,1
UP003249,APP01481,Income,Failed,09:42.0,24:11.9,5.48,FILE_TOO_LARGE,1
UP003250,APP01481,Income,Failed,59:05.3,01:05.3,4.51,UPLOAD_TIMEOUT,2
UP003251,APP01481,Income,Successful,13:55.4,25:43.0,5.54,,3
UP003252,APP01482,Identity,Successful,34:29.2,48:58.4,4.83,,1
UP003253,APP01482,Income,Successful,45:13.7,55:48.4,5.37,,1
UP003254,APP01483,Identity,Successful,23:33.0,40:37.4,6.22,,1
UP003255,APP01483,Income,Successful,31:42.4,47:45.2,2.37,,1
UP003256,APP01484,Identity,Successful,19:19.4,33:19.6,2.41,,1
UP003257,APP01484,Income,Successful,17:35.6,25:13.3,4.24,,1
UP003258,APP01485,Identity,Successful,27:09.4,47:52.1,3.41,,1
UP003259,APP01485,Income,Failed,37:29.0,47:30.7,4.9,UPLOAD_TIMEOUT,1
UP003260,APP01485,Income,Successful,33:46.5,50:09.5,4.51,,2
UP003261,APP01486,Identity,Failed,57:39.4,14:22.6,2.44,TRANSFER_ERROR,1
UP003262,APP01486,Identity,Successful,08:01.8,22:18.6,5.14,,2
UP003263,APP01486,Income,Successful,07:51.8,22:02.9,4.92,,1
UP003264,APP01487,Identity,Successful,41:12.7,53:15.3,2.05,,1
UP003265,APP01487,Income,Successful,38:55.1,46:39.5,1.43,,1
UP003266,APP01488,Identity,Successful,37:00.4,44:36.5,2.23,,1
UP003267,APP01488,Income,Successful,41:00.4,43:00.4,2.2,,1
UP003268,APP01489,Identity,Successful,09:15.6,22:27.9,2.11,,1
UP003269,APP01489,Income,Failed,23:29.4,33:32.4,6.05,TRANSFER_ERROR,1
UP003270,APP01489,Income,Failed,20:02.1,29:53.5,2.02,UPLOAD_TIMEOUT,2
UP003271,APP01489,Income,Successful,19:30.7,32:30.2,4.15,,3
UP003272,APP01490,Identity,Successful,24:11.3,49:25.1,1.69,,1
UP003273,APP01490,Income,Successful,45:27.3,05:11.6,3.93,,1
UP003274,APP01491,Identity,Successful,14:04.5,26:21.6,0.5,,1
UP003275,APP01491,Income,Successful,14:53.8,27:30.4,3.81,,1
UP003276,APP01492,Identity,Failed,08:37.1,18:04.0,1.35,TRANSFER_ERROR,1
UP003277,APP01492,Identity,Failed,05:44.1,18:09.1,3.88,UPLOAD_TIMEOUT,2
UP003278,APP01492,Identity,Successful,55:27.8,15:52.5,3.68,,3
UP003279,APP01492,Income,Successful,15:12.4,22:32.9,1.82,,1
UP003280,APP01493,Identity,Successful,29:16.7,41:00.1,3.89,,1
UP003281,APP01493,Income,Successful,29:26.6,50:59.6,4.93,,1
UP003282,APP01494,Identity,Successful,40:36.0,45:28.3,3.57,,1
UP003283,APP01494,Income,Successful,34:49.2,44:16.6,2.06,,1
UP003284,APP01495,Identity,Successful,11:36.6,27:33.8,0.98,,1
UP003285,APP01495,Income,Successful,03:33.2,21:00.9,3.62,,1
UP003286,APP01496,Identity,Successful,57:55.7,12:08.4,4.93,,1
UP003287,APP01496,Income,Failed,06:42.8,13:36.4,5.93,TRANSFER_ERROR,1
UP003288,APP01496,Income,Successful,57:50.4,09:24.7,1.51,,2
UP003289,APP01497,Identity,Successful,50:47.0,04:37.1,0.97,,1
UP003290,APP01497,Income,Successful,02:04.9,12:04.7,3.28,,1
UP003291,APP01498,Identity,Successful,33:35.7,43:36.5,3.58,,1
UP003292,APP01498,Income,Successful,25:28.6,38:56.8,5.72,,1
UP003293,APP01499,Identity,Successful,22:43.6,25:10.6,4.52,,1
UP003294,APP01499,Income,Successful,23:44.0,31:33.4,2.62,,1
UP003295,APP01500,Identity,Successful,19:33.2,35:12.4,2.14,,1
UP003296,APP01500,Income,Successful,14:16.6,20:36.8,5.86,,1
UP003297,APP01501,Identity,Successful,46:17.7,54:41.9,6.78,,1
UP003298,APP01501,Income,Successful,57:25.4,01:18.7,4.43,,1
UP003299,APP01502,Identity,Successful,00:20.7,10:30.4,0.81,,1
UP003300,APP01502,Income,Successful,15:37.9,25:07.5,2.23,,1
UP003301,APP01503,Identity,Successful,33:32.1,38:56.0,3.92,,1
UP003302,APP01503,Income,Successful,50:47.3,00:25.7,2.2,,1
UP003303,APP01504,Identity,Successful,08:01.2,27:59.5,1.33,,1
UP003304,APP01504,Income,Failed,07:07.9,29:44.6,4.84,UPLOAD_TIMEOUT,1
UP003305,APP01504,Income,Successful,58:48.7,11:30.7,2.93,,2
UP003306,APP01505,Identity,Successful,04:30.3,09:46.3,4.8,,1
UP003307,APP01505,Income,Successful,18:31.2,24:34.2,3.82,,1
UP003308,APP01506,Identity,Successful,01:07.1,13:54.8,1.19,,1
UP003309,APP01506,Income,Successful,00:54.0,15:58.0,7.3,,1
UP003310,APP01507,Identity,Successful,42:21.3,54:45.8,2.58,,1
UP003311,APP01507,Income,Successful,55:42.6,02:06.1,3.31,,1
UP003312,APP01508,Identity,Successful,40:57.0,53:27.0,5.36,,1
UP003313,APP01508,Income,Successful,42:40.1,53:43.2,3.49,,1
UP003314,APP01509,Identity,Successful,55:02.3,04:21.2,2.71,,1
UP003315,APP01509,Income,Failed,11:28.1,30:38.7,5.49,UPLOAD_TIMEOUT,1
UP003316,APP01509,Income,Failed,12:57.6,19:40.5,2.83,UPLOAD_TIMEOUT,2
UP003317,APP01509,Income,Successful,14:39.3,20:55.7,6.12,,3
UP003318,APP01510,Identity,Successful,51:53.7,53:53.7,5.23,,1
UP003319,APP01510,Income,Successful,48:43.8,56:05.6,2.46,,1
UP003320,APP01511,Identity,Successful,44:10.7,53:07.2,5.06,,1
UP003321,APP01511,Income,Successful,43:33.4,52:44.4,2.55,,1
UP003322,APP01512,Identity,Successful,51:50.1,54:50.5,2.28,,1
UP003323,APP01512,Income,Successful,57:14.1,12:23.9,6.04,,1
UP003324,APP01513,Identity,Successful,38:54.2,57:41.2,3.01,,1
UP003325,APP01513,Income,Successful,47:11.6,53:35.8,5.24,,1
UP003326,APP01514,Identity,Successful,35:32.2,44:09.1,2.74,,1
UP003327,APP01514,Income,Successful,40:55.5,50:32.9,2.32,,1
UP003328,APP01515,Identity,Successful,36:24.4,39:29.5,3.14,,1
UP003329,APP01515,Income,Successful,36:04.1,39:15.9,7.84,,1
UP003330,APP01516,Identity,Successful,54:02.7,00:45.2,0.5,,1
UP003331,APP01516,Income,Failed,59:17.1,12:34.0,4.94,UPLOAD_TIMEOUT,1
UP003332,APP01516,Income,Failed,58:30.4,14:41.9,6.89,UPLOAD_TIMEOUT,2
UP003333,APP01516,Income,Successful,55:17.8,05:31.2,4.54,,3
UP003334,APP01517,Identity,Successful,52:07.1,57:04.6,0.5,,1
UP003335,APP01517,Income,Failed,54:54.8,04:57.0,3.67,UPLOAD_TIMEOUT,1
UP003336,APP01517,Income,Successful,05:27.5,15:09.0,4.54,,2
UP003337,APP01518,Identity,Successful,52:25.2,03:44.1,3.01,,1
UP003338,APP01518,Income,Failed,11:42.7,16:06.7,4.93,FILE_TOO_LARGE,1
UP003339,APP01518,Income,Failed,08:12.1,19:57.6,7.46,UPLOAD_TIMEOUT,2
UP003340,APP01518,Income,Successful,06:15.1,14:58.7,2.12,,3
UP003341,APP01519,Identity,Successful,21:19.0,40:45.7,3.52,,1
UP003342,APP01519,Income,Successful,23:40.0,35:20.0,0.83,,1
UP003343,APP01520,Identity,Successful,03:58.0,10:43.9,3.6,,1
UP003344,APP01520,Income,Successful,08:38.8,16:57.2,2.09,,1
UP003345,APP01521,Identity,Successful,38:43.0,45:03.9,5.33,,1
UP003346,APP01521,Income,Successful,38:57.9,47:26.5,4.22,,1
UP003347,APP01522,Identity,Successful,31:19.2,46:04.9,0.5,,1
UP003348,APP01522,Income,Successful,39:04.4,48:20.1,5.54,,1
UP003349,APP01523,Identity,Failed,26:44.0,36:37.1,5.47,TRANSFER_ERROR,1
UP003350,APP01523,Identity,Successful,28:57.8,44:11.1,2.95,,2
UP003351,APP01523,Income,Successful,33:02.1,45:35.0,3.97,,1
UP003352,APP01524,Identity,Failed,10:09.0,30:48.8,5.49,UPLOAD_TIMEOUT,1
UP003353,APP01524,Identity,Successful,03:43.8,18:35.5,4,,2
UP003354,APP01524,Income,Successful,13:12.0,29:45.1,4.8,,1
UP003355,APP01525,Identity,Successful,59:33.4,01:33.4,3.96,,1
UP003356,APP01525,Income,Successful,11:08.3,25:38.1,3.43,,1
UP003357,APP01526,Identity,Successful,38:05.3,58:02.6,2.58,,1
UP003358,APP01526,Income,Successful,32:10.0,45:17.2,3.96,,1
UP003359,APP01527,Identity,Successful,43:20.2,45:36.8,2.1,,1
UP003360,APP01527,Income,Successful,40:35.1,57:05.4,3.16,,1
UP003361,APP01528,Identity,Successful,43:30.9,45:47.2,1.12,,1
UP003362,APP01528,Income,Successful,50:11.2,53:23.5,5.09,,1
UP003363,APP01529,Identity,Successful,37:39.9,44:11.3,0.66,,1
UP003364,APP01529,Income,Successful,41:12.1,58:19.3,0.5,,1
UP003365,APP01530,Identity,Successful,53:19.4,10:50.8,3.36,,1
UP003366,APP01530,Income,Successful,50:00.7,00:49.8,1.63,,1
UP003367,APP01531,Identity,Successful,40:04.0,57:17.1,4.09,,1
UP003368,APP01531,Income,Successful,40:06.3,01:52.9,5.83,,1
UP003369,APP01532,Identity,Successful,13:15.5,27:08.0,5.66,,1
UP003370,APP01532,Income,Successful,15:18.2,17:18.2,0.5,,1
UP003371,APP01533,Identity,Successful,12:47.8,29:31.2,5.96,,1
UP003372,APP01533,Income,Successful,19:46.5,24:45.9,2.72,,1
UP003373,APP01534,Identity,Successful,47:22.6,53:49.0,2.93,,1
UP003374,APP01534,Income,Successful,46:56.1,54:09.2,4.56,,1
UP003375,APP01535,Identity,Successful,37:03.1,47:35.0,5.19,,1
UP003376,APP01535,Income,Successful,35:37.2,54:25.1,2.97,,1
UP003377,APP01536,Identity,Successful,43:33.9,52:42.4,2.28,,1
UP003378,APP01536,Income,Successful,47:30.6,50:47.9,3.64,,1
UP003379,APP01537,Identity,Successful,14:27.9,28:38.5,5.19,,1
UP003380,APP01537,Income,Successful,22:29.4,37:22.4,4.3,,1
UP003381,APP01538,Identity,Successful,22:39.8,33:12.6,2.9,,1
UP003382,APP01538,Income,Successful,26:56.8,52:45.7,0.82,,1
UP003383,APP01539,Identity,Successful,22:42.0,27:25.3,3.29,,1
UP003384,APP01539,Income,Successful,28:14.8,41:51.8,3.78,,1
UP003385,APP01540,Identity,Successful,23:18.1,29:34.0,3.54,,1
UP003386,APP01540,Income,Successful,24:33.7,31:10.1,4.17,,1
UP003387,APP01541,Identity,Successful,10:57.6,24:00.1,3.7,,1
UP003388,APP01541,Income,Successful,27:53.0,37:14.2,4.57,,1
UP003389,APP01542,Identity,Successful,41:08.9,55:56.6,8.41,,1
UP003390,APP01542,Income,Successful,49:34.2,59:58.2,0.89,,1
UP003391,APP01543,Identity,Successful,40:01.7,42:20.1,3.07,,1
UP003392,APP01543,Income,Successful,47:45.0,53:26.1,5.44,,1
UP003393,APP01544,Identity,Successful,08:00.4,16:19.2,2.42,,1
UP003394,APP01544,Income,Successful,14:57.7,29:19.0,0.86,,1
UP003395,APP01545,Identity,Successful,23:29.5,30:17.7,4.52,,1
UP003396,APP01545,Income,Successful,29:07.5,35:43.3,3.61,,1
UP003397,APP01546,Identity,Successful,10:42.0,26:52.2,4.62,,1
UP003398,APP01546,Income,Successful,22:28.1,40:24.5,3.49,,1
UP003399,APP01547,Identity,Successful,32:16.8,40:31.0,3.48,,1
UP003400,APP01547,Income,Successful,36:17.3,38:17.3,1.3,,1
UP003401,APP01548,Identity,Successful,33:06.6,42:23.2,0.5,,1
UP003402,APP01548,Income,Successful,32:19.5,47:31.6,4.31,,1
UP003403,APP01549,Identity,Successful,52:24.0,14:21.6,1.59,,1
UP003404,APP01549,Income,Successful,59:09.5,05:27.6,0.5,,1
UP003405,APP01550,Identity,Successful,35:49.3,45:13.8,4.67,,1
UP003406,APP01550,Income,Failed,41:53.0,55:13.5,2.91,TRANSFER_ERROR,1
UP003407,APP01550,Income,Successful,43:30.9,45:30.9,5.07,,2
UP003408,APP01551,Identity,Successful,41:05.9,48:18.1,3.75,,1
UP003409,APP01551,Income,Successful,42:16.2,44:16.2,3.03,,1
UP003410,APP01552,Identity,Successful,47:55.6,54:46.4,5.72,,1
UP003411,APP01552,Income,Successful,03:08.6,25:07.5,5,,1
UP003412,APP01553,Identity,Successful,59:55.1,16:03.0,5.04,,1
UP003413,APP01553,Income,Successful,07:36.5,30:37.4,2.98,,1
UP003414,APP01554,Identity,Successful,16:07.4,26:05.5,3.59,,1
UP003415,APP01554,Income,Failed,24:18.7,32:06.1,2.92,TRANSFER_ERROR,1
UP003416,APP01554,Income,Successful,35:03.1,40:44.8,3.23,,2
UP003417,APP01555,Identity,Successful,25:32.1,46:33.9,5.55,,1
UP003418,APP01555,Income,Failed,37:03.0,50:43.8,2.09,UPLOAD_TIMEOUT,1
UP003419,APP01555,Income,Successful,24:28.4,35:13.1,4.48,,2
UP003420,APP01556,Identity,Successful,18:36.3,30:35.5,4.64,,1
UP003421,APP01556,Income,Successful,18:26.9,28:56.3,7.21,,1
UP003422,APP01557,Identity,Successful,44:31.3,52:52.3,1.84,,1
UP003423,APP01557,Income,Successful,39:03.4,43:05.4,1.48,,1
UP003424,APP01558,Identity,Successful,56:55.8,12:45.1,4.23,,1
UP003425,APP01558,Income,Failed,59:45.6,15:49.8,1.45,FILE_TOO_LARGE,1
UP003426,APP01558,Income,Successful,56:55.1,11:22.2,4.73,,2
UP003427,APP01559,Identity,Successful,29:04.9,37:37.5,2.73,,1
UP003428,APP01559,Income,Successful,42:23.1,47:16.6,2.99,,1
UP003429,APP01560,Identity,Successful,57:46.9,05:21.8,3.41,,1
UP003430,APP01560,Income,Successful,21:16.3,33:25.4,2.61,,1
UP003431,APP01561,Identity,Successful,12:44.9,19:31.0,4.05,,1
UP003432,APP01561,Income,Successful,33:06.2,49:47.5,0.5,,1
UP003433,APP01562,Identity,Successful,46:35.9,57:06.1,0.78,,1
UP003434,APP01562,Income,Successful,44:42.0,57:46.9,1.22,,1
UP003435,APP01563,Identity,Successful,26:19.7,37:49.6,4.18,,1
UP003436,APP01563,Income,Successful,36:45.3,45:34.8,3.36,,1
UP003437,APP01564,Identity,Successful,12:55.0,18:54.4,2.1,,1
UP003438,APP01564,Income,Successful,11:24.7,22:03.2,4.71,,1
UP003439,APP01565,Identity,Successful,42:19.9,54:06.8,5.38,,1
UP003440,APP01565,Income,Successful,57:18.1,03:22.5,3.88,,1
UP003441,APP01566,Identity,Successful,27:56.7,43:42.8,3.5,,1
UP003442,APP01566,Income,Successful,29:33.3,47:44.2,2.09,,1
UP003443,APP01567,Identity,Successful,04:51.4,21:34.5,2.11,,1
UP003444,APP01567,Income,Successful,05:32.9,27:24.1,4.68,,1
UP003445,APP01568,Identity,Failed,22:12.2,34:42.9,0.81,TRANSFER_ERROR,1
UP003446,APP01568,Identity,Successful,21:36.9,39:50.8,1.63,,2
UP003447,APP01568,Income,Successful,34:28.1,46:44.1,2.5,,1
UP003448,APP01569,Identity,Successful,55:28.2,08:13.4,1.39,,1
UP003449,APP01569,Income,Successful,52:08.3,15:56.3,2.65,,1
UP003450,APP01570,Identity,Successful,00:17.2,17:41.8,3.41,,1
UP003451,APP01570,Income,Successful,00:59.8,12:54.1,1.98,,1
UP003452,APP01571,Identity,Successful,50:43.7,04:10.7,3.63,,1
UP003453,APP01571,Income,Successful,10:04.4,26:13.5,0.5,,1
UP003454,APP01572,Identity,Successful,22:25.3,25:15.7,3.22,,1
UP003455,APP01572,Income,Successful,27:15.4,44:54.0,4.31,,1
UP003456,APP01573,Identity,Successful,14:52.1,20:36.5,3.39,,1
UP003457,APP01573,Income,Successful,07:00.0,18:32.2,1.92,,1
UP003458,APP01574,Identity,Successful,25:46.8,27:46.8,4.63,,1
UP003459,APP01574,Income,Successful,29:03.8,44:19.8,2.62,,1
UP003460,APP01575,Identity,Successful,37:01.4,47:13.3,2.62,,1
UP003461,APP01575,Income,Successful,39:36.7,53:18.2,5.75,,1
UP003462,APP01576,Identity,Successful,41:55.2,51:41.4,3.56,,1
UP003463,APP01576,Income,Successful,50:41.5,06:29.7,2.58,,1
UP003464,APP01577,Identity,Successful,08:08.3,23:45.9,0.91,,1
UP003465,APP01577,Income,Successful,18:38.0,22:43.8,4.3,,1
UP003466,APP01578,Identity,Successful,05:59.3,15:20.0,0.5,,1
UP003467,APP01578,Income,Successful,00:51.3,02:51.3,6.43,,1
UP003468,APP01579,Identity,Successful,17:14.7,24:24.2,0.5,,1
UP003469,APP01579,Income,Successful,26:33.0,32:45.3,4.56,,1
UP003470,APP01580,Identity,Successful,11:39.7,24:15.6,4.57,,1
UP003471,APP01580,Income,Successful,58:26.6,07:31.8,4.83,,1
UP003472,APP01581,Identity,Successful,31:15.8,48:26.6,2.19,,1
UP003473,APP01581,Income,Successful,21:12.9,25:43.0,6.99,,1
UP003474,APP01582,Identity,Successful,18:56.2,25:42.7,4.62,,1
UP003475,APP01582,Income,Failed,12:39.5,16:17.4,3.28,FILE_TOO_LARGE,1
UP003476,APP01582,Income,Successful,16:10.7,23:17.1,5.71,,2
UP003477,APP01583,Identity,Successful,03:46.0,17:27.8,5.6,,1
UP003478,APP01583,Income,Successful,00:40.4,11:01.9,1.95,,1
UP003479,APP01584,Identity,Successful,31:27.3,36:07.7,0.86,,1
UP003480,APP01584,Income,Successful,40:47.3,44:35.6,2.74,,1
UP003481,APP01585,Identity,Successful,14:36.2,19:52.2,2.41,,1
UP003482,APP01585,Income,Successful,23:56.8,29:59.4,0.5,,1
UP003483,APP01586,Identity,Successful,06:40.4,19:10.6,4.32,,1
UP003484,APP01586,Income,Successful,23:43.3,28:11.8,2.53,,1
UP003485,APP01587,Identity,Successful,31:42.5,37:46.9,6.29,,1
UP003486,APP01587,Income,Successful,35:57.2,39:19.1,2.22,,1
UP003487,APP01588,Identity,Successful,20:07.1,25:26.0,3.13,,1
UP003488,APP01588,Income,Successful,29:33.5,43:11.8,2.95,,1
UP003489,APP01589,Identity,Successful,39:49.3,53:04.6,2.5,,1
UP003490,APP01589,Income,Successful,41:15.5,53:38.9,5.19,,1
UP003491,APP01590,Identity,Failed,40:05.1,55:23.6,4.47,UPLOAD_TIMEOUT,1
UP003492,APP01590,Identity,Successful,42:41.5,51:39.1,2.87,,2
UP003493,APP01590,Income,Successful,51:14.6,01:55.9,0.72,,1
UP003494,APP01591,Identity,Successful,04:50.2,24:44.1,5.21,,1
UP003495,APP01591,Income,Successful,11:19.5,22:52.8,2.63,,1
UP003496,APP01592,Identity,Successful,45:36.2,52:55.0,3.81,,1
UP003497,APP01592,Income,Successful,46:03.6,03:52.1,3.35,,1
UP003498,APP01593,Identity,Successful,14:13.6,25:04.0,3.24,,1
UP003499,APP01593,Income,Successful,16:09.6,31:13.9,0.62,,1
UP003500,APP01594,Identity,Failed,07:01.7,27:56.4,5.89,FILE_TOO_LARGE,1
UP003501,APP01594,Identity,Failed,01:26.7,08:57.3,0.5,TRANSFER_ERROR,2
UP003502,APP01594,Identity,Successful,55:41.7,08:16.9,1.56,,3
UP003503,APP01594,Income,Successful,59:58.2,14:52.4,5.45,,1
UP003504,APP01595,Identity,Successful,37:08.8,49:05.6,4.05,,1
UP003505,APP01595,Income,Successful,41:14.9,45:03.9,3.71,,1
UP003506,APP01596,Identity,Successful,27:33.4,35:44.5,4.45,,1
UP003507,APP01596,Income,Failed,24:28.7,34:11.7,3.8,FILE_TOO_LARGE,1
UP003508,APP01596,Income,Successful,34:07.0,48:39.0,2.72,,2
UP003509,APP01597,Identity,Successful,12:37.8,24:56.7,4.36,,1
UP003510,APP01597,Income,Successful,18:25.9,25:19.7,5.91,,1
UP003511,APP01598,Identity,Successful,00:46.8,19:28.6,2.18,,1
UP003512,APP01598,Income,Successful,10:56.5,14:41.6,3.14,,1
UP003513,APP01599,Identity,Successful,49:45.5,01:44.9,3.76,,1
UP003514,APP01599,Income,Successful,54:49.3,10:42.8,3.26,,1
UP003515,APP01600,Identity,Successful,23:00.0,34:53.5,4.59,,1
UP003516,APP01600,Income,Successful,31:24.1,48:15.8,4.03,,1
UP003517,APP01601,Identity,Successful,47:11.6,09:12.7,1.47,,1
UP003518,APP01601,Income,Successful,51:26.9,07:23.4,5.16,,1
UP003519,APP01602,Identity,Successful,07:15.5,26:42.7,4.53,,1
UP003520,APP01602,Income,Successful,03:40.9,19:22.6,1.63,,1
UP003521,APP01603,Identity,Successful,04:37.0,12:26.2,2.7,,1
UP003522,APP01603,Income,Successful,19:19.4,31:39.4,5.19,,1
UP003523,APP01604,Identity,Successful,35:40.0,42:51.7,2.26,,1
UP003524,APP01604,Income,Successful,35:35.6,50:34.1,2.87,,1
UP003525,APP01605,Identity,Successful,24:10.4,33:52.8,1.45,,1
UP003526,APP01605,Income,Successful,36:36.4,50:27.7,2.9,,1
UP003527,APP01606,Identity,Successful,11:55.8,23:05.1,4.19,,1
UP003528,APP01606,Income,Successful,08:44.6,15:37.4,5.31,,1
UP003529,APP01607,Identity,Failed,24:42.5,48:21.6,6.16,UPLOAD_TIMEOUT,1
UP003530,APP01607,Identity,Successful,29:09.6,33:33.2,4.21,,2
UP003531,APP01607,Income,Successful,36:19.8,48:50.8,3.58,,1
UP003532,APP01608,Identity,Successful,45:15.0,58:14.7,4.21,,1
UP003533,APP01608,Income,Successful,47:21.7,59:29.2,1.52,,1
UP003534,APP01609,Identity,Successful,46:44.7,09:57.7,3.08,,1
UP003535,APP01609,Income,Successful,46:06.4,55:19.7,2.43,,1
UP003536,APP01610,Identity,Successful,30:10.0,44:37.3,6.72,,1
UP003537,APP01610,Income,Successful,42:58.6,53:07.0,2.15,,1
UP003538,APP01611,Identity,Failed,04:47.8,18:14.1,3.47,UPLOAD_TIMEOUT,1
UP003539,APP01611,Identity,Failed,01:47.5,09:19.9,0.85,UPLOAD_TIMEOUT,2
UP003540,APP01611,Identity,Successful,08:48.0,14:40.9,2.38,,3
UP003541,APP01611,Income,Successful,07:56.4,21:48.7,3.41,,1
UP003542,APP01612,Identity,Successful,52:28.6,03:32.0,3.39,,1
UP003543,APP01612,Income,Successful,00:56.4,08:17.0,1.64,,1
UP003544,APP01613,Identity,Successful,07:08.5,19:19.6,4.6,,1
UP003545,APP01613,Income,Successful,08:01.4,15:21.1,3.84,,1
UP003546,APP01614,Identity,Successful,59:27.9,01:27.9,1.54,,1
UP003547,APP01614,Income,Successful,16:07.7,25:10.7,2.48,,1
UP003548,APP01615,Identity,Successful,23:02.7,37:27.5,3.03,,1
UP003549,APP01615,Income,Successful,33:33.3,43:34.0,5.33,,1
UP003550,APP01616,Identity,Successful,15:22.2,30:44.4,4.33,,1
UP003551,APP01616,Income,Successful,21:23.6,39:02.4,2.53,,1
UP003552,APP01617,Identity,Successful,23:10.1,30:06.3,3.93,,1
UP003553,APP01617,Income,Successful,29:20.6,35:17.9,4.75,,1
UP003554,APP01618,Identity,Successful,20:37.6,35:50.0,3.44,,1
UP003555,APP01618,Income,Successful,17:00.2,23:27.3,3.93,,1
UP003556,APP01619,Identity,Successful,43:39.3,58:39.0,3.05,,1
UP003557,APP01619,Income,Failed,38:50.7,42:02.9,1.3,UPLOAD_TIMEOUT,1
UP003558,APP01619,Income,Successful,43:13.7,08:49.4,4.71,,2
UP003559,APP01620,Identity,Successful,13:39.9,22:08.5,4.53,,1
UP003560,APP01620,Income,Successful,16:40.2,32:23.6,0.5,,1
UP003561,APP01621,Identity,Successful,36:40.9,49:54.6,4.38,,1
UP003562,APP01621,Income,Successful,46:51.2,48:51.2,3.02,,1
UP003563,APP01622,Identity,Successful,40:54.7,48:48.6,6.28,,1
UP003564,APP01622,Income,Successful,48:17.4,59:06.2,1.81,,1
UP003565,APP01623,Identity,Successful,02:17.9,04:17.9,2.74,,1
UP003566,APP01623,Income,Failed,00:57.2,02:57.2,1.93,FILE_TOO_LARGE,1
UP003567,APP01623,Income,Successful,07:30.1,21:26.4,2.58,,2
UP003568,APP01624,Identity,Successful,35:42.5,42:45.8,3.64,,1
UP003569,APP01624,Income,Successful,38:39.2,54:17.4,0.5,,1
UP003570,APP01625,Identity,Successful,15:12.2,25:17.1,4.69,,1
UP003571,APP01625,Income,Successful,15:51.3,20:29.5,6.37,,1
UP003572,APP01626,Identity,Successful,23:53.7,36:15.5,0.5,,1
UP003573,APP01626,Income,Successful,28:43.9,50:03.3,2.57,,1
UP003574,APP01627,Identity,Successful,07:04.6,09:43.9,6.85,,1
UP003575,APP01627,Income,Successful,15:19.6,27:46.5,4.58,,1
UP003576,APP01628,Identity,Successful,15:01.4,17:01.4,1.58,,1
UP003577,APP01628,Income,Successful,58:11.5,04:08.3,8.54,,1
UP003578,APP01629,Identity,Successful,37:10.1,53:24.5,1,,1
UP003579,APP01629,Income,Successful,41:42.2,56:53.7,5.25,,1
UP003580,APP01630,Identity,Successful,07:01.9,11:56.6,4.76,,1
UP003581,APP01630,Income,Successful,02:12.3,04:23.1,2.86,,1
UP003582,APP01631,Identity,Successful,21:58.1,25:50.3,5.28,,1
UP003583,APP01631,Income,Successful,29:50.6,37:30.1,3.74,,1
UP003584,APP01632,Identity,Successful,45:47.7,02:39.4,3.28,,1
UP003585,APP01632,Income,Successful,49:41.7,54:02.5,5.1,,1
UP003586,APP01633,Identity,Successful,38:24.2,01:51.4,3.28,,1
UP003587,APP01633,Income,Successful,40:34.8,46:27.5,4.15,,1
UP003588,APP01634,Identity,Successful,45:30.9,51:07.2,3.62,,1
UP003589,APP01634,Income,Successful,47:49.2,00:22.8,2.25,,1
UP003590,APP01635,Identity,Successful,28:11.4,46:14.0,3.85,,1
UP003591,APP01635,Income,Successful,23:34.3,27:39.3,2.96,,1
UP003592,APP01636,Identity,Successful,23:51.0,36:27.0,1.11,,1
UP003593,APP01636,Income,Successful,41:27.5,54:26.4,4.69,,1
UP003594,APP01637,Identity,Successful,56:44.6,11:46.5,2.13,,1
UP003595,APP01637,Income,Successful,56:22.0,06:02.0,3.37,,1
UP003596,APP01638,Identity,Successful,44:38.6,51:40.0,3.23,,1
UP003597,APP01638,Income,Successful,42:52.0,45:46.0,3.59,,1
UP003598,APP01639,Identity,Successful,58:58.4,13:41.9,3.55,,1
UP003599,APP01639,Income,Successful,04:54.8,26:31.0,4.23,,1
UP003600,APP01640,Identity,Successful,23:10.1,36:22.8,6.68,,1
UP003601,APP01640,Income,Successful,29:34.4,47:16.6,5.9,,1
UP003602,APP01641,Identity,Failed,25:14.8,38:05.8,3.63,TRANSFER_ERROR,1
UP003603,APP01641,Identity,Successful,18:25.4,32:55.2,0.5,,2
UP003604,APP01641,Income,Successful,28:29.2,40:11.2,5.35,,1
UP003605,APP01642,Identity,Successful,45:14.0,57:35.6,4.92,,1
UP003606,APP01642,Income,Successful,52:52.4,09:07.7,2.22,,1
UP003607,APP01643,Identity,Successful,36:24.4,58:34.2,1.8,,1
UP003608,APP01643,Income,Successful,48:40.2,58:41.0,5.88,,1
UP003609,APP01644,Identity,Successful,26:44.1,36:47.3,4.47,,1
UP003610,APP01644,Income,Successful,23:38.9,28:57.8,3.34,,1
UP003611,APP01645,Identity,Successful,45:49.4,54:40.1,3.16,,1
UP003612,APP01645,Income,Failed,04:37.0,19:26.7,3.1,UPLOAD_TIMEOUT,1
UP003613,APP01645,Income,Successful,02:16.6,21:02.0,0.5,,2
UP003614,APP01646,Identity,Failed,40:02.2,50:24.9,5.07,TRANSFER_ERROR,1
UP003615,APP01646,Identity,Successful,45:52.1,58:41.9,4.69,,2
UP003616,APP01646,Income,Successful,52:49.8,17:23.8,3.77,,1
UP003617,APP01647,Identity,Successful,40:38.5,46:38.4,2.21,,1
UP003618,APP01647,Income,Successful,52:30.7,09:24.5,3.11,,1
UP003619,APP01648,Identity,Successful,58:08.9,07:34.1,2.3,,1
UP003620,APP01648,Income,Successful,07:17.6,18:57.9,7.44,,1
UP003621,APP01649,Identity,Successful,38:08.0,44:48.5,4.63,,1
UP003622,APP01649,Income,Successful,53:01.0,58:26.3,3.38,,1
UP003623,APP01650,Identity,Successful,18:12.5,23:56.7,2.14,,1
UP003624,APP01650,Income,Successful,31:40.2,33:40.2,4.09,,1
UP003625,APP01651,Identity,Successful,21:00.0,26:49.9,2.54,,1
UP003626,APP01651,Income,Successful,38:06.4,46:23.1,5.54,,1
UP003627,APP01652,Identity,Successful,21:52.6,29:52.2,2.46,,1
UP003628,APP01652,Income,Successful,15:49.0,30:23.7,2.82,,1
UP003629,APP01653,Identity,Successful,39:47.9,47:40.4,4.19,,1
UP003630,APP01653,Income,Successful,44:39.2,56:56.4,1.76,,1
UP003631,APP01654,Identity,Successful,19:56.5,27:14.1,2.14,,1
UP003632,APP01654,Income,Successful,20:22.4,33:41.2,5.07,,1
UP003633,APP01655,Identity,Failed,03:23.8,09:31.3,2.38,FILE_TOO_LARGE,1
UP003634,APP01655,Identity,Successful,10:27.1,18:39.8,4.49,,2
UP003635,APP01655,Income,Successful,07:18.6,24:29.8,4.52,,1
UP003636,APP01656,Identity,Successful,33:15.2,46:27.1,5.89,,1
UP003637,APP01656,Income,Failed,36:16.9,45:58.2,1.01,UPLOAD_TIMEOUT,1
UP003638,APP01656,Income,Successful,34:00.5,45:20.8,2.37,,2
UP003639,APP01657,Identity,Successful,25:03.8,33:26.3,3.77,,1
UP003640,APP01657,Income,Successful,28:20.6,40:34.9,2.08,,1
UP003641,APP01658,Identity,Successful,59:25.1,07:34.7,2.16,,1
UP003642,APP01658,Income,Failed,51:30.6,06:12.8,4.38,UPLOAD_TIMEOUT,1
UP003643,APP01658,Income,Failed,58:55.3,16:29.6,4.63,TRANSFER_ERROR,2
UP003644,APP01658,Income,Successful,56:38.8,15:36.1,3.93,,3
UP003645,APP01659,Identity,Successful,43:42.1,58:20.8,2.52,,1
UP003646,APP01659,Income,Successful,40:37.1,44:28.6,5.59,,1
UP003647,APP01660,Identity,Successful,44:34.2,01:13.3,3.49,,1
UP003648,APP01660,Income,Successful,50:11.0,05:37.3,1.98,,1
UP003649,APP01661,Identity,Successful,03:57.8,10:41.4,4.94,,1
UP003650,APP01661,Income,Successful,10:27.0,25:55.9,2.03,,1
UP003651,APP01662,Identity,Successful,22:22.5,31:14.5,4.25,,1
UP003652,APP01662,Income,Successful,25:54.4,39:10.5,0.86,,1
UP003653,APP01663,Identity,Successful,00:10.6,12:05.0,4.11,,1
UP003654,APP01663,Income,Successful,15:23.9,31:09.7,3.93,,1
UP003655,APP01664,Identity,Successful,47:41.5,00:30.4,8.2,,1
UP003656,APP01664,Income,Successful,47:55.7,02:54.8,4.7,,1
UP003657,APP01665,Identity,Failed,31:40.4,43:25.7,2.83,UPLOAD_TIMEOUT,1
UP003658,APP01665,Identity,Successful,20:33.0,35:46.8,4.9,,2
UP003659,APP01665,Income,Successful,21:50.3,36:18.1,2.16,,1
UP003660,APP01666,Identity,Successful,58:04.2,12:00.0,3.8,,1
UP003661,APP01666,Income,Successful,56:03.4,11:18.1,5.11,,1
UP003662,APP01667,Identity,Successful,58:27.5,15:55.8,1.33,,1
UP003663,APP01667,Income,Successful,04:35.7,19:33.2,4.63,,1
UP003664,APP01668,Identity,Successful,51:59.4,02:35.9,3.95,,1
UP003665,APP01668,Income,Successful,03:31.3,13:48.7,6.77,,1
UP003666,APP01669,Identity,Successful,11:41.6,14:58.0,4.17,,1
UP003667,APP01669,Income,Successful,22:12.4,31:00.8,6.35,,1
UP003668,APP01670,Identity,Successful,07:36.2,20:10.3,4.63,,1
UP003669,APP01670,Income,Successful,11:23.0,24:08.3,3.38,,1
UP003670,APP01671,Identity,Successful,34:47.8,54:17.6,2.15,,1
UP003671,APP01671,Income,Successful,36:17.4,55:27.1,3.75,,1
UP003672,APP01672,Identity,Successful,59:45.7,17:48.3,2.51,,1
UP003673,APP01672,Income,Successful,58:40.1,11:07.3,5.16,,1
UP003674,APP01673,Identity,Successful,14:11.5,28:12.1,4.56,,1
UP003675,APP01673,Income,Successful,16:34.2,29:00.4,5.09,,1
UP003676,APP01674,Identity,Successful,21:27.1,41:15.3,3.22,,1
UP003677,APP01674,Income,Failed,26:00.1,29:51.1,2.16,FILE_TOO_LARGE,1
UP003678,APP01674,Income,Successful,21:18.5,28:19.8,2.6,,2
UP003679,APP01675,Identity,Successful,58:34.2,09:20.4,1.73,,1
UP003680,APP01675,Income,Successful,15:30.2,35:34.3,3.44,,1
UP003681,APP01676,Identity,Successful,21:41.1,37:48.1,6.5,,1
UP003682,APP01676,Income,Successful,27:47.6,44:35.5,1.29,,1
UP003683,APP01677,Identity,Successful,31:09.0,50:50.5,7.72,,1
UP003684,APP01677,Income,Successful,40:18.5,48:58.5,3.71,,1
UP003685,APP01678,Identity,Successful,33:30.0,36:46.1,2.69,,1
UP003686,APP01678,Income,Successful,40:39.2,42:39.2,3.32,,1
UP003687,APP01679,Identity,Successful,33:30.9,40:37.4,4.09,,1
UP003688,APP01679,Income,Failed,50:52.6,04:36.5,0.5,TRANSFER_ERROR,1
UP003689,APP01679,Income,Failed,42:55.8,56:25.7,4.58,TRANSFER_ERROR,2
UP003690,APP01679,Income,Successful,48:56.1,03:38.5,3.82,,3
UP003691,APP01680,Identity,Successful,11:24.1,22:20.8,4.8,,1
UP003692,APP01680,Income,Successful,16:15.5,33:45.6,3.62,,1
UP003693,APP01681,Identity,Successful,14:16.9,21:38.6,2.02,,1
UP003694,APP01681,Income,Successful,17:22.4,27:35.7,1.54,,1
UP003695,APP01682,Identity,Failed,18:12.9,34:35.5,5.53,UPLOAD_TIMEOUT,1
UP003696,APP01682,Identity,Successful,11:24.8,23:27.9,1.89,,2
UP003697,APP01682,Income,Successful,24:36.3,33:39.8,5.78,,1
UP003698,APP01683,Identity,Successful,31:02.1,39:30.7,4.43,,1
UP003699,APP01683,Income,Successful,23:48.6,26:10.1,4.42,,1
UP003700,APP01684,Identity,Successful,55:40.0,01:41.6,2.77,,1
UP003701,APP01684,Income,Successful,06:30.6,08:30.6,1.84,,1
UP003702,APP01685,Identity,Successful,33:35.4,53:04.5,2.07,,1
UP003703,APP01685,Income,Successful,46:44.1,08:56.8,5.43,,1
UP003704,APP01686,Identity,Successful,21:37.1,37:27.1,3.35,,1
UP003705,APP01686,Income,Successful,34:12.0,43:03.2,2.82,,1
UP003706,APP01687,Identity,Successful,17:18.2,36:48.4,4.68,,1
UP003707,APP01687,Income,Successful,27:54.9,32:44.7,1.32,,1
UP003708,APP01688,Identity,Successful,08:31.7,10:31.7,2.97,,1
UP003709,APP01688,Income,Successful,20:44.8,30:07.0,5.54,,1
UP003710,APP01689,Identity,Successful,39:47.0,47:46.4,4.58,,1
UP003711,APP01689,Income,Successful,36:25.5,46:08.4,4.43,,1
UP003712,APP01690,Identity,Successful,35:24.0,37:24.0,2.36,,1
UP003713,APP01690,Income,Successful,29:16.7,31:48.0,2.8,,1
UP003714,APP01691,Identity,Successful,26:52.8,36:15.4,4.86,,1
UP003715,APP01691,Income,Successful,40:09.7,52:32.1,4.11,,1
UP003716,APP01692,Identity,Successful,42:23.8,04:44.5,2.72,,1
UP003717,APP01692,Income,Successful,01:13.0,14:23.0,1.82,,1
UP003718,APP01693,Identity,Successful,26:53.5,39:43.6,0.5,,1
UP003719,APP01693,Income,Successful,32:46.5,45:33.8,6.68,,1
UP003720,APP01694,Identity,Successful,04:13.3,18:55.5,4.17,,1
UP003721,APP01694,Income,Successful,12:23.1,23:15.7,2.34,,1
UP003722,APP01695,Identity,Successful,37:56.2,47:58.1,1.73,,1
UP003723,APP01695,Income,Successful,34:25.6,36:25.6,4.76,,1
UP003724,APP01696,Identity,Successful,20:40.4,28:57.1,4.03,,1
UP003725,APP01696,Income,Successful,18:51.5,34:33.6,4.14,,1
UP003726,APP01697,Identity,Successful,20:19.1,36:36.2,0.92,,1
UP003727,APP01697,Income,Successful,23:59.8,44:37.4,3.64,,1
UP003728,APP01698,Identity,Successful,19:59.4,31:34.5,1.12,,1
UP003729,APP01698,Income,Successful,22:43.3,36:53.0,5.37,,1
UP003730,APP01699,Identity,Successful,28:19.1,37:13.4,4.76,,1
UP003731,APP01699,Income,Successful,38:06.5,50:51.1,4.57,,1
UP003732,APP01700,Identity,Failed,02:40.4,10:22.8,4.42,UPLOAD_TIMEOUT,1
UP003733,APP01700,Identity,Failed,06:05.0,16:19.3,1.66,UPLOAD_TIMEOUT,2
UP003734,APP01700,Identity,Successful,06:14.4,15:02.6,2.99,,3
UP003735,APP01700,Income,Successful,07:10.2,21:49.2,3.84,,1
UP003736,APP01701,Identity,Successful,41:36.9,00:20.9,4.97,,1
UP003737,APP01701,Income,Successful,34:55.5,47:37.7,2.87,,1
UP003738,APP01702,Identity,Successful,13:39.5,20:23.4,0.89,,1
UP003739,APP01702,Income,Successful,22:56.3,37:36.8,4.16,,1
UP003740,APP01703,Identity,Successful,54:02.3,02:33.6,3.31,,1
UP003741,APP01703,Income,Successful,01:16.7,11:11.4,8.11,,1
UP003742,APP01704,Identity,Successful,02:14.3,10:39.4,4.26,,1
UP003743,APP01704,Income,Successful,07:00.5,12:43.0,1.55,,1
UP003744,APP01705,Identity,Successful,38:00.9,41:35.1,2.52,,1
UP003745,APP01705,Income,Successful,38:04.7,49:09.8,5.96,,1
UP003746,APP01706,Identity,Successful,53:59.8,02:51.5,6.74,,1
UP003747,APP01706,Income,Failed,07:33.2,17:56.8,6.25,FILE_TOO_LARGE,1
UP003748,APP01706,Income,Successful,09:35.5,30:08.4,2.46,,2
UP003749,APP01707,Identity,Successful,17:12.4,22:03.5,3.68,,1
UP003750,APP01707,Income,Successful,13:44.4,18:46.2,0.84,,1
UP003751,APP01708,Identity,Successful,12:14.6,22:46.2,5.35,,1
UP003752,APP01708,Income,Successful,06:35.1,09:05.1,3.25,,1
UP003753,APP01709,Identity,Successful,09:39.0,16:19.9,1.97,,1
UP003754,APP01709,Income,Successful,12:25.3,24:07.6,3.16,,1
UP003755,APP01710,Identity,Successful,07:16.0,22:11.5,0.5,,1
UP003756,APP01710,Income,Successful,08:10.6,22:30.2,4.65,,1
UP003757,APP01711,Identity,Successful,32:02.1,38:43.9,3.23,,1
UP003758,APP01711,Income,Successful,35:49.7,42:56.1,1.41,,1
UP003759,APP01712,Identity,Successful,41:37.1,44:55.1,3.11,,1
UP003760,APP01712,Income,Successful,48:00.2,51:16.8,2.58,,1
UP003761,APP01713,Identity,Successful,12:09.3,27:00.2,1.61,,1
UP003762,APP01713,Income,Successful,17:56.4,29:49.2,3.54,,1
UP003763,APP01714,Identity,Successful,48:29.1,01:29.4,5.47,,1
UP003764,APP01714,Income,Successful,50:32.7,59:10.3,4.08,,1
UP003765,APP01715,Identity,Successful,58:36.0,09:17.2,3.39,,1
UP003766,APP01715,Income,Successful,58:59.0,00:59.0,3.66,,1
UP003767,APP01716,Identity,Failed,09:14.3,15:38.4,3.45,UPLOAD_TIMEOUT,1
UP003768,APP01716,Identity,Successful,01:20.5,10:31.9,0.51,,2
UP003769,APP01716,Income,Successful,06:26.3,38:46.6,1.5,,1
UP003770,APP01717,Identity,Successful,15:34.7,24:22.0,1.53,,1
UP003771,APP01717,Income,Successful,22:35.6,37:43.5,5.8,,1
UP003772,APP01718,Identity,Successful,21:22.1,33:00.0,4.49,,1
UP003773,APP01718,Income,Successful,35:24.1,49:29.3,2.57,,1
UP003774,APP01719,Identity,Successful,01:30.3,03:30.3,2.43,,1
UP003775,APP01719,Income,Failed,06:35.6,16:50.1,5.43,FILE_TOO_LARGE,1
UP003776,APP01719,Income,Failed,03:17.6,20:48.5,4.09,UPLOAD_TIMEOUT,2
UP003777,APP01719,Income,Successful,02:15.3,23:14.8,2.97,,3
UP003778,APP01720,Identity,Successful,18:08.1,28:35.3,4.48,,1
UP003779,APP01720,Income,Successful,25:54.1,40:36.2,2.2,,1
UP003780,APP01721,Identity,Successful,54:34.0,08:18.1,4.81,,1
UP003781,APP01721,Income,Successful,57:40.4,18:23.4,4.71,,1
UP003782,APP01722,Identity,Successful,36:00.6,46:13.2,5.57,,1
UP003783,APP01722,Income,Successful,36:39.5,44:44.1,2.46,,1
UP003784,APP01723,Identity,Successful,15:44.2,24:02.7,4.13,,1
UP003785,APP01723,Income,Successful,22:48.0,37:20.4,2.35,,1
UP003786,APP01724,Identity,Successful,18:39.7,33:40.6,4.21,,1
UP003787,APP01724,Income,Successful,25:26.1,32:12.4,5.19,,1
UP003788,APP01725,Identity,Successful,19:37.4,41:02.1,2.43,,1
UP003789,APP01725,Income,Successful,20:30.4,32:49.5,4.7,,1
UP003790,APP01726,Identity,Successful,42:49.3,53:10.1,1.01,,1
UP003791,APP01726,Income,Successful,49:27.7,08:30.4,3.58,,1
UP003792,APP01727,Identity,Successful,18:28.1,25:00.8,2.96,,1
UP003793,APP01727,Income,Successful,22:41.0,33:22.6,5.45,,1
UP003794,APP01728,Identity,Successful,22:16.9,38:56.1,2.01,,1
UP003795,APP01728,Income,Failed,31:09.4,43:41.9,5.87,UPLOAD_TIMEOUT,1
UP003796,APP01728,Income,Failed,31:33.2,42:53.8,4.01,FILE_TOO_LARGE,2
UP003797,APP01728,Income,Successful,42:15.1,53:00.6,3.59,,3
UP003798,APP01729,Identity,Successful,09:29.0,19:45.1,4.24,,1
UP003799,APP01729,Income,Successful,28:47.1,35:13.8,5.78,,1
UP003800,APP01730,Identity,Successful,02:10.4,12:36.1,1.32,,1
UP003801,APP01730,Income,Successful,04:51.7,09:29.0,6.36,,1
UP003802,APP01731,Identity,Successful,19:11.2,21:11.2,0.75,,1
UP003803,APP01731,Income,Successful,20:26.4,32:02.3,2.04,,1
UP003804,APP01732,Identity,Successful,44:21.0,55:07.8,3.83,,1
UP003805,APP01732,Income,Successful,49:09.3,59:56.8,5.01,,1
UP003806,APP01733,Identity,Successful,46:33.4,49:29.0,5.32,,1
UP003807,APP01733,Income,Successful,44:06.8,54:59.8,2.22,,1
UP003808,APP01734,Identity,Successful,37:01.1,54:56.0,1.63,,1
UP003809,APP01734,Income,Successful,42:34.3,01:37.0,1.09,,1
UP003810,APP01735,Identity,Successful,36:00.0,46:20.3,1.75,,1
UP003811,APP01735,Income,Successful,00:33.6,08:38.4,4.27,,1
UP003812,APP01736,Identity,Successful,26:52.0,44:19.5,6.17,,1
UP003813,APP01736,Income,Successful,29:53.7,40:51.2,3.97,,1
UP003814,APP01737,Identity,Successful,55:17.0,07:11.9,3.84,,1
UP003815,APP01737,Income,Successful,00:59.0,19:31.3,1.34,,1
UP003816,APP01738,Identity,Successful,28:41.5,41:08.2,5.8,,1
UP003817,APP01738,Income,Successful,26:18.1,29:38.4,3.66,,1
UP003818,APP01739,Identity,Successful,29:51.6,31:51.6,0.94,,1
UP003819,APP01739,Income,Successful,32:25.7,39:02.9,2.68,,1
UP003820,APP01740,Identity,Successful,22:01.2,31:18.8,0.5,,1
UP003821,APP01740,Income,Successful,33:04.8,35:04.8,4.78,,1
UP003822,APP01741,Identity,Successful,16:58.4,31:31.5,3.89,,1
UP003823,APP01741,Income,Successful,23:16.0,35:34.2,1.75,,1
UP003824,APP01742,Identity,Successful,51:39.2,03:38.1,1.96,,1
UP003825,APP01742,Income,Successful,49:33.8,57:02.8,5.41,,1
UP003826,APP01743,Identity,Successful,21:51.7,24:51.2,6.09,,1
UP003827,APP01743,Income,Successful,23:55.2,35:51.5,6.74,,1
UP003828,APP01744,Identity,Successful,01:02.7,06:25.5,3.15,,1
UP003829,APP01744,Income,Successful,57:44.8,11:54.6,0.65,,1
UP003830,APP01745,Identity,Successful,57:41.2,10:27.4,5.9,,1
UP003831,APP01745,Income,Successful,06:21.9,11:46.7,3.1,,1
UP003832,APP01746,Identity,Successful,26:35.2,34:39.7,4.1,,1
UP003833,APP01746,Income,Successful,26:05.2,29:30.2,5.28,,1
UP003834,APP01747,Identity,Successful,16:59.9,18:59.9,4.16,,1
UP003835,APP01747,Income,Successful,29:28.2,34:48.5,4.03,,1
UP003836,APP01748,Identity,Successful,05:21.8,07:41.9,0.71,,1
UP003837,APP01748,Income,Successful,10:41.4,16:12.2,7.72,,1
UP003838,APP01749,Identity,Successful,51:03.2,12:58.7,3.12,,1
UP003839,APP01749,Income,Successful,53:28.1,03:19.1,5.01,,1
UP003840,APP01750,Identity,Successful,04:51.3,13:46.0,0.5,,1
UP003841,APP01750,Income,Successful,09:56.0,23:55.3,0.5,,1
UP003842,APP01751,Identity,Successful,50:16.3,59:16.8,4.37,,1
UP003843,APP01751,Income,Successful,55:18.8,05:58.3,4.85,,1
UP003844,APP01752,Identity,Successful,18:57.2,27:37.2,2.54,,1
UP003845,APP01752,Income,Successful,25:34.5,34:13.2,2.69,,1
UP003846,APP01753,Identity,Successful,06:59.9,20:44.8,4.21,,1
UP003847,APP01753,Income,Successful,02:05.5,22:36.1,7.37,,1
UP003848,APP01754,Identity,Successful,46:39.2,59:13.5,3.2,,1
UP003849,APP01754,Income,Failed,47:37.5,05:50.5,3.93,UPLOAD_TIMEOUT,1
UP003850,APP01754,Income,Successful,52:25.1,13:40.8,4.01,,2
UP003851,APP01755,Identity,Successful,34:28.2,38:49.6,5.47,,1
UP003852,APP01755,Income,Successful,32:57.6,45:04.9,4.61,,1
UP003853,APP01756,Identity,Successful,10:07.8,24:10.8,7.73,,1
UP003854,APP01756,Income,Successful,12:34.3,29:24.0,1.59,,1
UP003855,APP01757,Identity,Successful,31:28.6,42:03.3,4.39,,1
UP003856,APP01757,Income,Successful,44:11.8,01:44.4,6.32,,1
UP003857,APP01758,Identity,Successful,58:24.2,11:48.9,2.33,,1
UP003858,APP01758,Income,Successful,58:35.5,02:22.2,5.41,,1
UP003859,APP01759,Identity,Successful,02:13.0,09:27.5,5.07,,1
UP003860,APP01759,Income,Successful,07:45.0,18:54.0,3.46,,1
UP003861,APP01760,Identity,Successful,37:50.0,44:57.6,0.5,,1
UP003862,APP01760,Income,Successful,41:09.8,56:21.9,5.6,,1
UP003863,APP01761,Identity,Successful,21:24.9,34:44.5,2.01,,1
UP003864,APP01761,Income,Failed,12:25.2,20:13.3,4.36,UPLOAD_TIMEOUT,1
UP003865,APP01761,Income,Failed,05:28.9,11:59.5,0.5,TRANSFER_ERROR,2
UP003866,APP01761,Income,Successful,16:38.2,31:33.7,4.76,,3
UP003867,APP01762,Identity,Successful,19:39.7,24:09.0,3.28,,1
UP003868,APP01762,Income,Successful,23:20.2,42:25.2,4,,1
UP003869,APP01763,Identity,Successful,48:12.2,01:52.5,3.04,,1
UP003870,APP01763,Income,Successful,50:05.5,54:11.2,3.49,,1
UP003871,APP01764,Identity,Successful,05:09.2,14:16.4,4,,1
UP003872,APP01764,Income,Successful,04:58.0,28:01.9,4.89,,1
UP003873,APP01765,Identity,Successful,04:25.1,14:12.4,4.35,,1
UP003874,APP01765,Income,Successful,02:24.7,04:24.7,3.27,,1
UP003875,APP01766,Identity,Successful,14:20.0,31:54.0,4.91,,1
UP003876,APP01766,Income,Successful,23:42.3,31:47.3,0.5,,1
UP003877,APP01767,Identity,Successful,00:47.6,13:43.5,5.28,,1
UP003878,APP01767,Income,Successful,01:37.6,12:19.9,3.21,,1
UP003879,APP01768,Identity,Successful,43:00.0,51:13.6,3.8,,1
UP003880,APP01768,Income,Successful,52:44.7,05:03.1,7.19,,1
UP003881,APP01769,Identity,Successful,22:42.7,37:25.4,3.19,,1
UP003882,APP01769,Income,Successful,35:01.8,00:05.0,3.01,,1
UP003883,APP01770,Identity,Successful,37:09.1,57:13.4,5.13,,1
UP003884,APP01770,Income,Failed,43:40.9,08:49.9,3.24,UPLOAD_TIMEOUT,1
UP003885,APP01770,Income,Successful,37:39.7,42:51.9,1.53,,2
UP003886,APP01771,Identity,Successful,44:01.9,00:53.6,0.5,,1
UP003887,APP01771,Income,Successful,51:17.5,03:00.3,3.49,,1
UP003888,APP01772,Identity,Successful,07:44.9,26:33.3,3.77,,1
UP003889,APP01772,Income,Successful,15:33.9,26:32.5,5.02,,1
UP003890,APP01773,Identity,Successful,16:29.4,32:39.9,4.68,,1
UP003891,APP01773,Income,Successful,26:32.4,37:46.2,5.44,,1
UP003892,APP01774,Identity,Successful,36:25.2,55:27.8,2.86,,1
UP003893,APP01774,Income,Successful,36:48.7,50:35.6,4.82,,1
UP003894,APP01775,Identity,Successful,50:50.6,56:45.0,5.66,,1
UP003895,APP01775,Income,Successful,00:27.3,14:21.4,4.3,,1
UP003896,APP01776,Identity,Successful,57:00.3,11:08.4,3.32,,1
UP003897,APP01776,Income,Successful,09:45.2,21:58.9,1.37,,1
UP003898,APP01777,Identity,Successful,55:32.7,12:53.8,2.78,,1
UP003899,APP01777,Income,Successful,50:53.9,00:55.2,2.45,,1
UP003900,APP01778,Identity,Successful,40:16.3,52:05.2,0.5,,1
UP003901,APP01778,Income,Successful,51:25.5,07:56.0,3.72,,1
UP003902,APP01779,Identity,Successful,25:00.0,27:00.0,4.06,,1
UP003903,APP01779,Income,Successful,43:15.9,57:06.7,2.03,,1
UP003904,APP01780,Identity,Successful,45:42.9,57:42.3,2.44,,1
UP003905,APP01780,Income,Successful,52:01.5,54:01.5,4.73,,1
UP003906,APP01781,Identity,Successful,34:37.6,43:44.6,1.01,,1
UP003907,APP01781,Income,Successful,35:32.3,37:32.3,1.42,,1
UP003908,APP01782,Identity,Successful,42:19.1,53:07.9,4.09,,1
UP003909,APP01782,Income,Successful,51:46.5,03:55.1,0.93,,1
UP003910,APP01783,Identity,Successful,05:36.5,17:44.4,2.45,,1
UP003911,APP01783,Income,Successful,10:36.3,24:48.0,4.3,,1
UP003912,APP01784,Identity,Successful,29:21.5,36:30.6,0.5,,1
UP003913,APP01784,Income,Successful,33:02.7,37:46.1,3.86,,1
UP003914,APP01785,Identity,Successful,58:10.4,12:09.7,1.92,,1
UP003915,APP01785,Income,Failed,12:19.8,21:55.9,0.5,TRANSFER_ERROR,1
UP003916,APP01785,Income,Successful,07:22.4,17:23.3,5.07,,2
UP003917,APP01786,Identity,Successful,04:41.5,12:09.4,2.11,,1
UP003918,APP01786,Income,Successful,12:52.0,23:24.8,1.23,,1
UP003919,APP01787,Identity,Failed,29:02.0,36:00.0,3.94,TRANSFER_ERROR,1
UP003920,APP01787,Identity,Successful,30:50.6,44:29.1,3.93,,2
UP003921,APP01787,Income,Successful,36:28.4,41:16.6,4.81,,1
UP003922,APP01788,Identity,Successful,38:08.1,51:19.5,3.11,,1
UP003923,APP01788,Income,Successful,52:36.8,56:54.7,3.12,,1
UP003924,APP01789,Identity,Successful,56:40.5,07:46.4,1.01,,1
UP003925,APP01789,Income,Successful,56:24.8,06:48.8,2.39,,1
UP003926,APP01790,Identity,Successful,11:13.3,17:41.8,5.05,,1
UP003927,APP01790,Income,Successful,10:31.7,24:51.8,0.5,,1
UP003928,APP01791,Identity,Successful,14:39.4,20:51.2,4.85,,1
UP003929,APP01791,Income,Successful,26:29.7,34:42.5,1.38,,1
UP003930,APP01792,Identity,Successful,04:32.3,18:11.3,2.67,,1
UP003931,APP01792,Income,Successful,08:43.6,21:15.5,2.81,,1
UP003932,APP01793,Identity,Successful,20:57.1,27:04.0,3.64,,1
UP003933,APP01793,Income,Successful,39:50.2,41:50.2,5.44,,1
UP003934,APP01794,Identity,Successful,53:05.2,02:56.6,2.61,,1
UP003935,APP01794,Income,Successful,03:32.5,08:41.8,3.34,,1
UP003936,APP01795,Identity,Successful,25:36.7,36:28.7,5.16,,1
UP003937,APP01795,Income,Successful,28:29.9,48:57.5,5.42,,1
UP003938,APP01796,Identity,Successful,06:08.6,09:22.4,0.5,,1
UP003939,APP01796,Income,Successful,13:05.6,27:58.4,4.08,,1
UP003940,APP01797,Identity,Successful,52:49.6,15:05.7,3.91,,1
UP003941,APP01797,Income,Successful,58:09.8,13:15.6,1.54,,1
UP003942,APP01798,Identity,Successful,16:14.4,27:49.2,0.5,,1
UP003943,APP01798,Income,Successful,03:00.0,21:49.1,3.99,,1
UP003944,APP01799,Identity,Successful,07:05.9,15:54.5,2.07,,1
UP003945,APP01799,Income,Successful,07:37.9,23:58.7,3.87,,1
UP003946,APP01800,Identity,Successful,13:37.3,27:14.9,5.93,,1
UP003947,APP01800,Income,Successful,27:13.9,37:27.6,2.39,,1
UP003948,APP01801,Identity,Successful,21:29.5,24:52.0,2.04,,1
UP003949,APP01801,Income,Successful,34:19.9,43:18.6,0.5,,1
UP003950,APP01802,Identity,Successful,29:53.7,37:25.6,3.6,,1
UP003951,APP01802,Income,Successful,31:03.1,47:07.8,1.27,,1
UP003952,APP01803,Identity,Successful,57:52.8,05:28.4,2.39,,1
UP003953,APP01803,Income,Successful,13:15.8,26:31.2,4.78,,1
UP003954,APP01804,Identity,Successful,08:51.1,16:27.2,3.66,,1
UP003955,APP01804,Income,Successful,06:46.7,19:19.7,2.92,,1
UP003956,APP01805,Identity,Successful,20:07.9,32:44.9,4.6,,1
UP003957,APP01805,Income,Successful,38:16.2,49:55.1,0.5,,1
UP003958,APP01806,Identity,Successful,08:28.6,15:21.0,3.08,,1
UP003959,APP01806,Income,Successful,20:11.4,24:59.2,4.26,,1
UP003960,APP01807,Identity,Successful,28:37.7,40:47.5,1.7,,1
UP003961,APP01807,Income,Successful,34:07.6,43:05.2,0.5,,1
UP003962,APP01808,Identity,Successful,37:25.6,40:36.8,4.14,,1
UP003963,APP01808,Income,Successful,41:28.3,50:25.6,2.04,,1
UP003964,APP01809,Identity,Successful,46:29.9,58:05.4,4.09,,1
UP003965,APP01809,Income,Successful,48:54.9,02:56.6,3.64,,1
UP003966,APP01810,Identity,Successful,57:09.5,06:38.1,5.78,,1
UP003967,APP01810,Income,Successful,01:32.4,11:24.6,2.53,,1
UP003968,APP01811,Identity,Successful,54:04.6,07:18.9,7.19,,1
UP003969,APP01811,Income,Failed,58:58.8,03:57.6,4.52,UPLOAD_TIMEOUT,1
UP003970,APP01811,Income,Successful,56:55.1,16:28.0,6.16,,2
UP003971,APP01812,Identity,Successful,00:00.9,12:35.9,3.65,,1
UP003972,APP01812,Income,Successful,03:36.1,20:53.1,4.72,,1
UP003973,APP01813,Identity,Successful,01:16.0,10:23.6,5.63,,1
UP003974,APP01813,Income,Successful,57:24.0,16:20.8,5.87,,1
UP003975,APP01814,Identity,Successful,50:58.2,03:26.9,3.85,,1
UP003976,APP01814,Income,Successful,07:11.4,17:09.9,2.33,,1
UP003977,APP01815,Identity,Successful,20:19.3,22:19.3,4.65,,1
UP003978,APP01815,Income,Successful,25:45.3,30:53.5,2.3,,1
UP003979,APP01816,Identity,Successful,49:42.4,08:10.3,8.82,,1
UP003980,APP01816,Income,Successful,56:18.9,10:13.5,4.78,,1
UP003981,APP01817,Identity,Successful,17:17.3,31:07.4,5.18,,1
UP003982,APP01817,Income,Successful,18:29.5,25:32.1,5.1,,1
UP003983,APP01818,Identity,Successful,38:49.9,43:29.1,1.58,,1
UP003984,APP01818,Income,Successful,34:26.4,39:09.4,1.95,,1
UP003985,APP01819,Identity,Successful,20:08.1,40:40.3,3.37,,1
UP003986,APP01819,Income,Successful,11:40.1,16:58.5,2.73,,1
UP003987,APP01820,Identity,Successful,10:30.2,16:54.9,4.55,,1
UP003988,APP01820,Income,Successful,24:05.8,29:30.1,3.67,,1
UP003989,APP01821,Identity,Successful,08:39.3,13:20.0,2.26,,1
UP003990,APP01821,Income,Successful,11:05.7,20:39.4,4.14,,1
UP003991,APP01822,Identity,Successful,04:10.5,10:42.8,3.73,,1
UP003992,APP01822,Income,Successful,09:49.8,15:43.0,2.47,,1
UP003993,APP01823,Identity,Successful,43:40.5,56:43.7,2.46,,1
UP003994,APP01823,Income,Successful,46:23.7,00:04.7,3.37,,1
UP003995,APP01824,Identity,Successful,31:23.7,41:57.0,2.13,,1
UP003996,APP01824,Income,Successful,36:27.9,49:05.4,1.93,,1
UP003997,APP01825,Identity,Successful,56:00.5,07:37.5,0.61,,1
UP003998,APP01825,Income,Successful,02:09.2,14:32.4,4.34,,1
UP003999,APP01826,Identity,Successful,01:49.2,20:58.1,3.56,,1
UP004000,APP01826,Income,Successful,04:10.7,18:00.8,2.89,,1
UP004001,APP01827,Identity,Successful,32:49.2,45:40.2,2.82,,1
UP004002,APP01827,Income,Failed,32:54.5,44:26.1,4.26,TRANSFER_ERROR,1
UP004003,APP01827,Income,Failed,30:26.1,41:14.0,6.85,UPLOAD_TIMEOUT,2
UP004004,APP01827,Income,Successful,38:55.6,52:06.3,3.12,,3
UP004005,APP01828,Identity,Successful,04:39.2,19:21.8,1.11,,1
UP004006,APP01828,Income,Successful,11:12.5,13:12.5,3.22,,1
UP004007,APP01829,Identity,Successful,59:58.8,14:46.6,2,,1
UP004008,APP01829,Income,Successful,05:35.3,12:19.2,3.4,,1
UP004009,APP01830,Identity,Successful,43:18.8,45:18.8,3.17,,1
UP004010,APP01830,Income,Successful,45:01.0,57:56.6,2.34,,1
UP004011,APP01831,Identity,Successful,03:43.3,14:36.3,2.78,,1
UP004012,APP01831,Income,Successful,10:13.3,25:50.1,1.32,,1
UP004013,APP01832,Identity,Failed,11:55.7,23:13.2,0.5,TRANSFER_ERROR,1
UP004014,APP01832,Identity,Successful,09:14.1,25:38.3,3.86,,2
UP004015,APP01832,Income,Successful,26:10.9,32:07.5,1.59,,1
UP004016,APP01833,Identity,Successful,28:46.1,39:41.6,1.26,,1
UP004017,APP01833,Income,Successful,34:56.9,52:51.6,2.56,,1
UP004018,APP01834,Identity,Successful,49:40.1,05:42.0,3.01,,1
UP004019,APP01834,Income,Successful,45:01.6,58:46.7,3.04,,1
UP004020,APP01835,Identity,Successful,42:33.0,54:43.6,3.61,,1
UP004021,APP01835,Income,Successful,58:46.5,05:26.1,3.66,,1
UP004022,APP01836,Identity,Successful,15:28.5,27:31.1,4.53,,1
UP004023,APP01836,Income,Successful,17:53.8,24:28.4,2.27,,1
UP004024,APP01837,Identity,Successful,17:06.1,21:35.1,3.19,,1
UP004025,APP01837,Income,Successful,18:16.6,23:44.1,1.5,,1
UP004026,APP01838,Identity,Successful,52:36.5,05:23.1,7.09,,1
UP004027,APP01838,Income,Successful,50:08.4,52:08.4,0.5,,1
UP004028,APP01839,Identity,Successful,08:15.3,10:15.3,3.89,,1
UP004029,APP01839,Income,Successful,28:10.0,34:59.6,2.33,,1
UP004030,APP01840,Identity,Successful,23:18.3,35:33.9,3.91,,1
UP004031,APP01840,Income,Successful,26:49.1,39:21.1,4,,1
UP004032,APP01841,Identity,Successful,42:30.1,50:28.5,3.29,,1
UP004033,APP01841,Income,Successful,38:19.7,47:42.8,2.22,,1
UP004034,APP01842,Identity,Successful,05:40.0,11:26.4,2.37,,1
UP004035,APP01842,Income,Failed,12:44.0,19:10.7,2.55,FILE_TOO_LARGE,1
UP004036,APP01842,Income,Successful,21:07.9,23:07.9,5.15,,2
UP004037,APP01843,Identity,Successful,06:05.3,11:52.0,2.84,,1
UP004038,APP01843,Income,Successful,08:38.9,14:54.3,1.14,,1
UP004039,APP01844,Identity,Successful,29:26.3,42:48.7,2.44,,1
UP004040,APP01844,Income,Successful,37:17.3,43:52.6,0.5,,1
UP004041,APP01845,Identity,Successful,22:04.2,26:15.5,6.38,,1
UP004042,APP01845,Income,Successful,34:40.2,38:07.3,3,,1
UP004043,APP01846,Identity,Successful,26:59.7,34:37.2,1.03,,1
UP004044,APP01846,Income,Successful,37:35.3,51:35.3,4.69,,1
UP004045,APP01847,Identity,Successful,48:23.8,59:41.6,2.32,,1
UP004046,APP01847,Income,Successful,53:19.3,06:59.2,4.25,,1
UP004047,APP01848,Identity,Successful,31:09.2,40:33.4,2.5,,1
UP004048,APP01848,Income,Successful,28:54.3,44:04.9,3.49,,1
UP004049,APP01849,Identity,Successful,02:11.5,08:38.6,2.25,,1
UP004050,APP01849,Income,Successful,04:41.7,18:10.4,5.49,,1
UP004051,APP01850,Identity,Successful,18:32.5,39:32.5,3.14,,1
UP004052,APP01850,Income,Failed,10:57.5,18:17.6,6.17,UPLOAD_TIMEOUT,1
UP004053,APP01850,Income,Successful,11:52.0,18:06.2,8.1,,2
UP004054,APP01851,Identity,Successful,13:56.5,24:47.9,5.45,,1
UP004055,APP01851,Income,Successful,15:50.3,33:28.1,1.32,,1
UP004056,APP01852,Identity,Successful,19:20.2,31:08.6,2.84,,1
UP004057,APP01852,Income,Successful,18:54.2,28:06.4,4.95,,1
UP004058,APP01853,Identity,Successful,50:47.0,09:13.0,2.93,,1
UP004059,APP01853,Income,Successful,52:42.3,08:27.2,2.18,,1
UP004060,APP01854,Identity,Successful,34:08.7,50:43.7,4.77,,1
UP004061,APP01854,Income,Successful,43:27.8,53:37.7,3.75,,1
UP004062,APP01855,Identity,Successful,36:18.6,42:07.7,2.71,,1
UP004063,APP01855,Income,Successful,29:33.0,46:35.3,4.88,,1
UP004064,APP01856,Identity,Successful,16:21.2,24:53.0,4.59,,1
UP004065,APP01856,Income,Successful,16:40.0,38:10.4,3.13,,1
UP004066,APP01857,Identity,Successful,46:40.4,55:25.9,4.92,,1
UP004067,APP01857,Income,Successful,29:21.3,37:11.9,2.01,,1
UP004068,APP01858,Identity,Successful,29:59.4,45:40.0,3.8,,1
UP004069,APP01858,Income,Successful,27:50.7,40:28.6,5.84,,1
UP004070,APP01859,Identity,Successful,43:07.3,56:51.0,1.23,,1
UP004071,APP01859,Income,Successful,44:14.9,59:23.0,3.17,,1
UP004072,APP01860,Identity,Successful,58:23.1,08:17.3,3.08,,1
UP004073,APP01860,Income,Successful,06:47.8,11:56.1,0.86,,1
UP004074,APP01861,Identity,Successful,50:39.0,00:25.4,3.33,,1
UP004075,APP01861,Income,Successful,02:25.7,13:28.0,2.3,,1
UP004076,APP01862,Identity,Successful,55:30.5,07:31.1,3.16,,1
UP004077,APP01862,Income,Successful,01:12.4,12:36.1,4.64,,1
UP004078,APP01863,Identity,Successful,00:20.8,12:06.0,4.03,,1
UP004079,APP01863,Income,Successful,04:31.4,13:04.3,1.23,,1
UP004080,APP01864,Identity,Successful,45:23.7,02:49.6,1.33,,1
UP004081,APP01864,Income,Successful,49:30.7,03:18.1,4.19,,1
UP004082,APP01865,Identity,Successful,49:08.7,51:08.7,3.73,,1
UP004083,APP01865,Income,Successful,00:24.9,06:04.7,0.5,,1
UP004084,APP01866,Identity,Successful,55:38.8,06:56.2,2.99,,1
UP004085,APP01866,Income,Successful,53:16.6,06:40.2,2.57,,1
UP004086,APP01867,Identity,Successful,11:25.1,21:22.6,3.37,,1
UP004087,APP01867,Income,Successful,10:50.8,18:51.6,6.68,,1
UP004088,APP01868,Identity,Successful,32:59.8,40:51.6,7.15,,1
UP004089,APP01868,Income,Successful,42:25.7,49:14.4,0.84,,1
UP004090,APP01869,Identity,Successful,58:15.4,03:42.6,5.24,,1
UP004091,APP01869,Income,Successful,09:41.6,21:36.1,3.61,,1
UP004092,APP01870,Identity,Successful,08:24.2,24:20.2,2.5,,1
UP004093,APP01870,Income,Successful,28:30.7,36:22.9,5.18,,1
UP004094,APP01871,Identity,Successful,02:50.2,08:23.6,2.37,,1
UP004095,APP01871,Income,Successful,14:13.5,16:13.5,1.97,,1
UP004096,APP01872,Identity,Successful,00:50.5,05:56.2,2.9,,1
UP004097,APP01872,Income,Successful,12:55.8,16:19.0,1.78,,1
UP004098,APP01873,Identity,Successful,48:08.1,59:17.0,6.4,,1
UP004099,APP01873,Income,Failed,54:48.9,10:46.1,2.94,TRANSFER_ERROR,1
UP004100,APP01873,Income,Successful,49:07.3,00:29.5,4.65,,2
UP004101,APP01874,Identity,Successful,28:51.6,42:49.4,3.35,,1
UP004102,APP01874,Income,Successful,43:25.8,51:18.3,4.17,,1
UP004103,APP01875,Identity,Successful,44:27.5,57:53.5,5.05,,1
UP004104,APP01875,Income,Successful,32:56.0,39:48.6,1.66,,1
UP004105,APP01876,Identity,Successful,47:18.1,06:43.1,3.23,,1
UP004106,APP01876,Income,Successful,54:58.8,07:04.0,3.46,,1
UP004107,APP01877,Identity,Successful,28:38.9,37:44.2,4.67,,1
UP004108,APP01877,Income,Successful,24:13.9,46:46.8,4.71,,1
UP004109,APP01878,Identity,Successful,12:58.6,26:32.4,4.93,,1
UP004110,APP01878,Income,Successful,23:36.5,41:31.4,1.37,,1
UP004111,APP01879,Identity,Successful,14:07.1,24:00.8,3.83,,1
UP004112,APP01879,Income,Successful,17:33.3,33:41.1,2.52,,1
UP004113,APP01880,Identity,Successful,34:35.1,52:57.2,5.27,,1
UP004114,APP01880,Income,Successful,41:55.2,49:18.1,1.71,,1
UP004115,APP01881,Identity,Successful,33:45.2,57:31.6,2.76,,1
UP004116,APP01881,Income,Successful,37:27.9,53:32.6,3.64,,1
UP004117,APP01882,Identity,Successful,34:00.9,41:46.6,4.94,,1
UP004118,APP01882,Income,Successful,42:20.4,53:09.9,4.07,,1
UP004119,APP01883,Identity,Failed,29:12.0,47:02.0,0.5,FILE_TOO_LARGE,1
UP004120,APP01883,Identity,Successful,40:30.1,44:35.4,4.6,,2
UP004121,APP01883,Income,Successful,38:07.0,51:37.6,3.43,,1
UP004122,APP01884,Identity,Successful,41:05.9,50:11.7,4.28,,1
UP004123,APP01884,Income,Successful,45:11.2,50:06.2,0.74,,1
UP004124,APP01885,Identity,Successful,21:47.2,42:24.4,1.63,,1
UP004125,APP01885,Income,Successful,23:42.0,36:19.6,2.31,,1
UP004126,APP01886,Identity,Successful,08:31.9,22:42.5,4.56,,1
UP004127,APP01886,Income,Successful,15:10.6,17:10.6,3.43,,1
UP004128,APP01887,Identity,Successful,32:58.8,41:43.5,1.71,,1
UP004129,APP01887,Income,Successful,37:20.1,59:01.1,4.02,,1
UP004130,APP01888,Identity,Successful,32:33.4,51:24.9,5.36,,1
UP004131,APP01888,Income,Successful,34:06.6,47:59.5,5.66,,1
UP004132,APP01889,Identity,Successful,10:45.1,17:43.9,1.56,,1
UP004133,APP01889,Income,Successful,24:31.2,39:34.1,5.01,,1
UP004134,APP01890,Identity,Successful,06:56.4,17:51.4,1.61,,1
UP004135,APP01890,Income,Successful,19:45.2,35:41.3,0.89,,1
UP004136,APP01891,Identity,Successful,37:35.6,39:35.6,3.64,,1
UP004137,APP01891,Income,Successful,49:55.3,58:26.2,5.55,,1
UP004138,APP01892,Identity,Successful,47:12.0,53:09.3,1.01,,1
UP004139,APP01892,Income,Successful,50:13.0,56:15.2,3.06,,1
UP004140,APP01893,Identity,Successful,56:21.4,11:05.4,3.92,,1
UP004141,APP01893,Income,Failed,58:00.7,07:38.7,2.62,UPLOAD_TIMEOUT,1
UP004142,APP01893,Income,Failed,03:22.8,07:50.7,3.18,TRANSFER_ERROR,2
UP004143,APP01893,Income,Successful,05:09.2,14:03.2,3.05,,3
UP004144,APP01894,Identity,Successful,01:09.3,18:05.5,2.27,,1
UP004145,APP01894,Income,Successful,24:02.0,45:06.1,2.37,,1
UP004146,APP01895,Identity,Successful,47:29.3,08:59.2,5.86,,1
UP004147,APP01895,Income,Successful,57:13.3,12:49.4,1.91,,1
UP004148,APP01896,Identity,Successful,04:01.5,18:32.3,3.76,,1
UP004149,APP01896,Income,Successful,02:53.7,17:21.7,2.98,,1
UP004150,APP01897,Identity,Successful,19:11.1,36:20.3,2.38,,1
UP004151,APP01897,Income,Successful,12:22.6,35:34.0,6.93,,1
UP004152,APP01898,Identity,Successful,09:02.3,11:22.2,4.1,,1
UP004153,APP01898,Income,Successful,30:55.5,32:55.5,4.7,,1
UP004154,APP01899,Identity,Successful,05:45.5,07:57.5,4.75,,1
UP004155,APP01899,Income,Successful,21:50.8,34:40.3,0.9,,1
UP004156,APP01900,Identity,Successful,21:12.2,41:41.0,4.34,,1
UP004157,APP01900,Income,Successful,33:28.9,47:19.6,2.15,,1
UP004158,APP01901,Identity,Successful,19:07.5,31:25.1,4.48,,1
UP004159,APP01901,Income,Successful,25:19.9,28:27.3,3.34,,1
UP004160,APP01902,Identity,Successful,20:23.2,25:23.4,0.88,,1
UP004161,APP01902,Income,Successful,35:17.0,50:25.2,2.85,,1
UP004162,APP01903,Identity,Successful,12:48.8,22:58.3,6.66,,1
UP004163,APP01903,Income,Successful,10:50.7,20:23.2,5.32,,1
UP004164,APP01904,Identity,Successful,18:28.6,38:37.4,2.99,,1
UP004165,APP01904,Income,Successful,32:09.4,37:44.9,4.86,,1
UP004166,APP01905,Identity,Successful,53:00.4,04:33.6,3.31,,1
UP004167,APP01905,Income,Failed,49:48.0,54:18.2,5,FILE_TOO_LARGE,1
UP004168,APP01905,Income,Failed,53:27.2,05:04.9,3.26,UPLOAD_TIMEOUT,2
UP004169,APP01905,Income,Successful,52:33.3,00:33.2,5.82,,3
UP004170,APP01906,Identity,Successful,10:43.0,15:07.5,5.09,,1
UP004171,APP01906,Income,Successful,10:00.2,22:30.3,6.69,,1
UP004172,APP01907,Identity,Successful,32:23.0,41:52.6,3.39,,1
UP004173,APP01907,Income,Failed,48:44.4,51:37.7,2.41,TRANSFER_ERROR,1
UP004174,APP01907,Income,Successful,48:30.0,55:42.4,1.96,,2
UP004175,APP01908,Identity,Successful,26:17.3,37:55.7,2.65,,1
UP004176,APP01908,Income,Successful,22:18.0,35:44.7,0.5,,1
UP004177,APP01909,Identity,Successful,45:47.4,05:28.9,2.12,,1
UP004178,APP01909,Income,Successful,44:22.1,51:52.9,1.02,,1
UP004179,APP01910,Identity,Successful,49:14.8,57:17.7,3.78,,1
UP004180,APP01910,Income,Successful,53:23.8,03:26.7,1.19,,1
UP004181,APP01911,Identity,Successful,23:32.7,27:03.2,1.62,,1
UP004182,APP01911,Income,Successful,32:50.4,41:58.6,4.16,,1
UP004183,APP01912,Identity,Successful,43:29.2,54:05.1,2.15,,1
UP004184,APP01912,Income,Successful,41:14.9,57:09.0,3.83,,1
UP004185,APP01913,Identity,Successful,56:23.2,10:29.4,2.85,,1
UP004186,APP01913,Income,Successful,06:20.5,21:20.1,5.21,,1
UP004187,APP01914,Identity,Failed,54:07.2,59:20.5,1.88,UPLOAD_TIMEOUT,1
UP004188,APP01914,Identity,Failed,08:06.4,14:00.3,2.91,TRANSFER_ERROR,2
UP004189,APP01914,Identity,Successful,55:01.7,00:49.8,2.04,,3
UP004190,APP01914,Income,Successful,59:21.7,09:05.4,6.09,,1
UP004191,APP01915,Identity,Successful,46:21.3,52:58.4,5.65,,1
UP004192,APP01915,Income,Successful,49:23.2,01:35.5,4.18,,1
UP004193,APP01916,Identity,Successful,58:18.7,12:49.5,3.13,,1
UP004194,APP01916,Income,Successful,50:10.1,10:53.5,1.06,,1
UP004195,APP01917,Identity,Successful,05:10.5,16:52.1,2.55,,1
UP004196,APP01917,Income,Failed,07:10.2,15:52.9,4.26,UPLOAD_TIMEOUT,1
UP004197,APP01917,Income,Failed,13:12.0,27:15.1,3.61,UPLOAD_TIMEOUT,2
UP004198,APP01917,Income,Successful,09:29.5,24:22.4,4.5,,3
UP004199,APP01918,Identity,Successful,03:05.5,12:01.7,4.76,,1
UP004200,APP01918,Income,Successful,06:12.5,13:00.3,4.5,,1
UP004201,APP01919,Identity,Successful,00:30.5,13:42.9,3.51,,1
UP004202,APP01919,Income,Successful,49:18.0,02:01.0,5.19,,1
UP004203,APP01920,Identity,Successful,26:39.0,37:05.3,3.29,,1
UP004204,APP01920,Income,Successful,37:31.0,45:17.8,0.5,,1
UP004205,APP01921,Identity,Successful,16:00.0,23:45.3,3.24,,1
UP004206,APP01921,Income,Successful,35:21.5,41:07.0,5.88,,1
UP004207,APP01922,Identity,Successful,26:35.9,28:35.9,3.47,,1
UP004208,APP01922,Income,Successful,36:31.8,43:00.8,3.06,,1
UP004209,APP01923,Identity,Failed,51:45.9,02:54.7,4.7,UPLOAD_TIMEOUT,1
UP004210,APP01923,Identity,Successful,02:55.8,05:46.2,3.23,,2
UP004211,APP01923,Income,Successful,58:37.3,15:38.2,2.74,,1
UP004212,APP01924,Identity,Successful,06:36.0,12:44.2,1.79,,1
UP004213,APP01924,Income,Successful,03:46.6,15:51.6,1.8,,1
UP004214,APP01925,Identity,Successful,15:26.4,26:25.4,3.75,,1
UP004215,APP01925,Income,Successful,16:55.7,29:57.2,1.72,,1
UP004216,APP01926,Identity,Successful,17:14.2,30:41.8,5.75,,1
UP004217,APP01926,Income,Successful,20:31.1,32:44.7,1.82,,1
UP004218,APP01927,Identity,Successful,49:37.7,02:49.0,2.34,,1
UP004219,APP01927,Income,Successful,56:08.0,05:06.8,5.74,,1
UP004220,APP01928,Identity,Successful,37:34.1,53:50.3,2.9,,1
UP004221,APP01928,Income,Successful,41:21.6,45:29.6,2.21,,1
UP004222,APP01929,Identity,Successful,25:48.8,37:25.2,4.85,,1
UP004223,APP01929,Income,Failed,36:23.7,50:35.3,4.54,UPLOAD_TIMEOUT,1
UP004224,APP01929,Income,Successful,26:12.6,28:12.6,6.34,,2
UP004225,APP01930,Identity,Successful,05:51.7,07:51.7,5.06,,1
UP004226,APP01930,Income,Successful,14:45.4,24:58.2,1.84,,1
UP004227,APP01931,Identity,Failed,38:34.2,46:22.7,4.48,FILE_TOO_LARGE,1
UP004228,APP01931,Identity,Successful,29:41.4,40:13.7,4.24,,2
UP004229,APP01931,Income,Failed,31:41.7,41:20.4,2.2,UPLOAD_TIMEOUT,1
UP004230,APP01931,Income,Failed,33:43.8,49:06.8,3.3,FILE_TOO_LARGE,2
UP004231,APP01931,Income,Successful,37:29.6,44:38.4,2.05,,3
UP004232,APP01932,Identity,Successful,40:11.3,46:48.0,1.81,,1
UP004233,APP01932,Income,Successful,41:26.1,51:16.6,4.7,,1
UP004234,APP01933,Identity,Successful,45:14.8,49:38.1,6.14,,1
UP004235,APP01933,Income,Successful,57:42.3,08:02.4,3.61,,1
UP004236,APP01934,Identity,Successful,59:41.9,06:59.4,2.65,,1
UP004237,APP01934,Income,Successful,03:59.2,15:52.8,4.39,,1
UP004238,APP01935,Identity,Successful,13:40.5,20:00.1,2.51,,1
UP004239,APP01935,Income,Failed,19:13.9,36:45.0,8.73,UPLOAD_TIMEOUT,1
UP004240,APP01935,Income,Successful,18:44.2,32:21.4,2.85,,2
UP004241,APP01936,Identity,Successful,51:11.8,00:08.7,6.07,,1
UP004242,APP01936,Income,Successful,59:43.6,08:59.0,3.72,,1
UP004243,APP01937,Identity,Successful,29:51.9,53:01.9,3.93,,1
UP004244,APP01937,Income,Successful,19:06.7,27:44.1,2.77,,1
UP004245,APP01938,Identity,Successful,20:45.7,29:31.8,4.42,,1
UP004246,APP01938,Income,Successful,15:58.1,36:24.0,3.72,,1
UP004247,APP01939,Identity,Successful,20:08.3,23:42.2,4.52,,1
UP004248,APP01939,Income,Successful,19:30.8,31:01.5,3.37,,1
UP004249,APP01940,Identity,Successful,17:09.7,19:56.8,3.56,,1
UP004250,APP01940,Income,Successful,27:30.1,31:47.3,4.8,,1
UP004251,APP01941,Identity,Failed,59:14.3,13:47.2,4.58,TRANSFER_ERROR,1
UP004252,APP01941,Identity,Successful,02:18.8,19:34.6,3.19,,2
UP004253,APP01941,Income,Successful,03:49.0,12:52.5,2.27,,1
UP004254,APP01942,Identity,Successful,39:34.2,55:30.3,3.92,,1
UP004255,APP01942,Income,Successful,39:07.6,52:31.1,3.35,,1
UP004256,APP01943,Identity,Failed,04:54.3,19:55.0,5.49,TRANSFER_ERROR,1
UP004257,APP01943,Identity,Failed,16:08.2,27:03.7,3.84,UPLOAD_TIMEOUT,2
UP004258,APP01943,Identity,Successful,59:00.0,06:11.7,3.96,,3
UP004259,APP01943,Income,Successful,24:41.7,26:41.7,4.2,,1
UP004260,APP01944,Identity,Successful,17:52.7,25:31.8,0.54,,1
UP004261,APP01944,Income,Successful,27:52.4,47:00.3,3.88,,1
UP004262,APP01945,Identity,Successful,14:42.0,23:09.8,6.21,,1
UP004263,APP01945,Income,Successful,15:44.9,31:33.6,1.69,,1
UP004264,APP01946,Identity,Successful,32:55.2,47:51.5,1.82,,1
UP004265,APP01946,Income,Successful,32:26.6,48:07.9,6.09,,1
UP004266,APP01947,Identity,Failed,09:10.6,21:43.0,0.5,UPLOAD_TIMEOUT,1
UP004267,APP01947,Identity,Failed,58:48.5,16:42.7,4.59,FILE_TOO_LARGE,2
UP004268,APP01947,Identity,Successful,04:20.7,10:56.6,1.88,,3
UP004269,APP01947,Income,Successful,14:38.5,18:35.1,2.4,,1
UP004270,APP01948,Identity,Successful,40:47.7,00:09.5,0.5,,1
UP004271,APP01948,Income,Successful,36:17.1,39:28.2,5.2,,1
UP004272,APP01949,Identity,Failed,22:29.9,29:30.8,0.84,FILE_TOO_LARGE,1
UP004273,APP01949,Identity,Failed,18:26.3,20:26.3,3.33,FILE_TOO_LARGE,2
UP004274,APP01949,Identity,Successful,17:13.3,19:13.3,4.01,,3
UP004275,APP01949,Income,Successful,24:11.8,37:11.5,2.68,,1
UP004276,APP01950,Identity,Successful,38:02.2,47:46.3,2.98,,1
UP004277,APP01950,Income,Failed,39:01.1,43:32.4,2.38,UPLOAD_TIMEOUT,1
UP004278,APP01950,Income,Failed,37:36.5,41:55.6,5.25,TRANSFER_ERROR,2
UP004279,APP01950,Income,Successful,43:40.4,02:30.3,4.59,,3
UP004280,APP01951,Identity,Successful,08:22.5,10:22.5,3.82,,1
UP004281,APP01951,Income,Successful,21:43.7,25:38.4,4.36,,1
UP004282,APP01952,Identity,Successful,09:56.0,24:08.4,2.87,,1
UP004283,APP01952,Income,Successful,11:27.1,27:52.2,1.57,,1
UP004284,APP01953,Identity,Successful,06:05.8,23:01.6,2.56,,1
UP004285,APP01953,Income,Successful,08:25.9,28:17.1,3.92,,1
UP004286,APP01954,Identity,Successful,05:32.2,17:43.7,1.15,,1
UP004287,APP01954,Income,Successful,21:47.3,34:28.2,2.19,,1
UP004288,APP01955,Identity,Successful,51:06.9,04:20.6,3.46,,1
UP004289,APP01955,Income,Successful,43:41.3,48:59.7,0.5,,1
UP004290,APP01956,Identity,Successful,16:00.0,30:34.5,4.2,,1
UP004291,APP01956,Income,Successful,25:33.6,35:43.8,7.66,,1
UP004292,APP01957,Identity,Successful,37:45.9,49:03.0,5.14,,1
UP004293,APP01957,Income,Successful,30:58.0,34:03.1,1.03,,1
UP004294,APP01958,Identity,Successful,23:27.0,46:03.7,4.52,,1
UP004295,APP01958,Income,Failed,38:27.2,57:57.5,4.65,UPLOAD_TIMEOUT,1
UP004296,APP01958,Income,Failed,39:09.7,50:13.8,3.69,UPLOAD_TIMEOUT,2
UP004297,APP01958,Income,Successful,37:56.0,56:07.5,4.13,,3
UP004298,APP01959,Identity,Successful,25:29.9,29:09.3,6.93,,1
UP004299,APP01959,Income,Successful,27:25.1,32:28.2,2.98,,1
UP004300,APP01960,Identity,Successful,56:53.6,08:47.3,3.13,,1
UP004301,APP01960,Income,Successful,09:15.9,23:02.6,0.99,,1
UP004302,APP01961,Identity,Successful,36:46.5,51:30.6,2.36,,1
UP004303,APP01961,Income,Successful,48:14.7,02:33.9,4.04,,1
UP004304,APP01962,Identity,Successful,52:54.8,54:54.8,3.49,,1
UP004305,APP01962,Income,Successful,59:17.0,05:11.4,3,,1
UP004306,APP01963,Identity,Successful,25:50.8,32:38.3,2.66,,1
UP004307,APP01963,Income,Successful,27:45.4,37:42.0,4.56,,1
UP004308,APP01964,Identity,Successful,20:12.1,26:18.0,2.73,,1
UP004309,APP01964,Income,Successful,15:39.3,27:03.5,4.86,,1
UP004310,APP01965,Identity,Successful,57:42.5,59:42.5,5.51,,1
UP004311,APP01965,Income,Successful,07:38.0,09:38.0,4.9,,1
UP004312,APP01966,Identity,Successful,24:31.5,29:53.7,5.62,,1
UP004313,APP01966,Income,Successful,28:52.5,40:09.0,4.27,,1
UP004314,APP01967,Identity,Successful,28:42.8,37:12.1,4.98,,1
UP004315,APP01967,Income,Successful,35:17.9,52:50.3,2.31,,1
UP004316,APP01968,Identity,Successful,06:58.8,22:53.9,4.42,,1
UP004317,APP01968,Income,Failed,03:40.4,22:26.6,4.06,TRANSFER_ERROR,1
UP004318,APP01968,Income,Successful,13:17.6,25:08.0,2.73,,2
UP004319,APP01969,Identity,Successful,26:58.8,36:21.2,3.49,,1
UP004320,APP01969,Income,Successful,37:49.5,53:54.1,1.41,,1
UP004321,APP01970,Identity,Successful,01:05.4,08:34.7,2.93,,1
UP004322,APP01970,Income,Successful,03:05.4,11:54.2,3.01,,1
UP004323,APP01971,Identity,Successful,34:30.4,52:52.3,3.97,,1
UP004324,APP01971,Income,Successful,39:43.1,50:00.9,0.5,,1
UP004325,APP01972,Identity,Successful,06:01.7,16:06.7,0.5,,1
UP004326,APP01972,Income,Successful,14:21.0,17:39.2,3.05,,1
UP004327,APP01973,Identity,Successful,33:49.5,47:07.5,8.01,,1
UP004328,APP01973,Income,Successful,44:47.5,48:58.0,0.76,,1
UP004329,APP01974,Identity,Successful,01:31.2,06:00.8,4.03,,1
UP004330,APP01974,Income,Successful,11:48.8,13:48.8,6.39,,1
UP004331,APP01975,Identity,Successful,49:57.7,03:54.7,3.34,,1
UP004332,APP01975,Income,Failed,58:12.3,10:35.8,3.09,UPLOAD_TIMEOUT,1
UP004333,APP01975,Income,Failed,06:50.7,16:51.2,3.03,UPLOAD_TIMEOUT,2
UP004334,APP01975,Income,Successful,57:31.9,05:48.1,3.45,,3
UP004335,APP01976,Identity,Successful,16:07.1,34:21.8,3.74,,1
UP004336,APP01976,Income,Successful,10:23.1,31:20.0,2.5,,1
UP004337,APP01977,Identity,Successful,56:07.1,04:20.1,1.96,,1
UP004338,APP01977,Income,Successful,58:53.5,03:44.7,3.72,,1
UP004339,APP01978,Identity,Successful,42:14.6,01:45.0,4.87,,1
UP004340,APP01978,Income,Successful,04:00.3,19:31.9,0.64,,1
UP004341,APP01979,Identity,Successful,08:01.7,18:33.6,6.15,,1
UP004342,APP01979,Income,Failed,59:58.3,17:17.1,0.97,FILE_TOO_LARGE,1
UP004343,APP01979,Income,Successful,13:49.5,23:34.8,5.14,,2
UP004344,APP01980,Identity,Successful,01:24.7,08:54.7,4.64,,1
UP004345,APP01980,Income,Successful,07:54.8,14:11.5,3.77,,1
UP004346,APP01981,Identity,Successful,25:28.6,36:49.9,2.66,,1
UP004347,APP01981,Income,Successful,39:23.6,41:24.4,3.91,,1
UP004348,APP01982,Identity,Successful,29:38.0,37:39.9,2.38,,1
UP004349,APP01982,Income,Successful,28:06.4,37:53.4,2.98,,1
UP004350,APP01983,Identity,Successful,01:29.2,06:24.4,0.61,,1
UP004351,APP01983,Income,Successful,05:11.4,13:01.5,6.57,,1
UP004352,APP01984,Identity,Successful,57:49.9,11:56.6,2.95,,1
UP004353,APP01984,Income,Successful,07:58.0,29:14.3,2.8,,1
UP004354,APP01985,Identity,Successful,21:32.2,30:03.8,1.94,,1
UP004355,APP01985,Income,Successful,35:28.3,49:56.9,4.11,,1
UP004356,APP01986,Identity,Successful,06:51.9,17:48.1,3.56,,1
UP004357,APP01986,Income,Successful,11:40.5,19:45.5,2.69,,1
UP004358,APP01987,Identity,Successful,37:56.9,49:23.1,4.42,,1
UP004359,APP01987,Income,Successful,52:02.5,54:02.5,3.18,,1
UP004360,APP01988,Identity,Successful,27:50.7,33:34.9,3.37,,1
UP004361,APP01988,Income,Successful,35:44.9,37:47.9,4.28,,1
UP004362,APP01989,Identity,Successful,58:17.1,08:03.0,5.25,,1
UP004363,APP01989,Income,Successful,58:11.4,03:08.8,0.5,,1
UP004364,APP01990,Identity,Successful,24:15.7,30:09.2,3.02,,1
UP004365,APP01990,Income,Successful,25:37.9,29:53.0,2.76,,1
UP004366,APP01991,Identity,Successful,45:04.0,57:32.2,7.06,,1
UP004367,APP01991,Income,Successful,01:33.1,13:48.4,5.15,,1
UP004368,APP01992,Identity,Successful,41:34.3,02:35.2,0.5,,1
UP004369,APP01992,Income,Successful,53:37.2,05:13.9,6.91,,1
UP004370,APP01993,Identity,Successful,09:41.9,24:04.2,3.79,,1
UP004371,APP01993,Income,Successful,11:58.2,27:35.7,4.5,,1
UP004372,APP01994,Identity,Successful,58:36.8,00:36.8,4.17,,1
UP004373,APP01994,Income,Successful,08:02.0,10:02.0,5.76,,1
UP004374,APP01995,Identity,Successful,34:16.2,38:20.0,5.1,,1
UP004375,APP01995,Income,Successful,32:01.2,49:10.4,0.97,,1
UP004376,APP01996,Identity,Successful,21:16.1,32:00.5,1.87,,1
UP004377,APP01996,Income,Successful,20:19.4,31:05.9,4.12,,1
UP004378,APP01997,Identity,Successful,47:25.6,55:45.5,0.5,,1
UP004379,APP01997,Income,Successful,54:26.4,56:26.4,4.09,,1
UP004380,APP01998,Identity,Successful,56:11.3,08:45.9,2.74,,1
UP004381,APP01998,Income,Successful,13:38.1,24:02.1,3.05,,1
UP004382,APP01999,Identity,Successful,07:57.5,33:18.2,0.58,,1
UP004383,APP01999,Income,Successful,18:59.8,26:51.6,3.94,,1
UP004384,APP02000,Identity,Successful,17:48.7,31:21.7,1.83,,1
UP004385,APP02000,Income,Successful,10:07.4,15:35.0,2.16,,1
UP004386,APP02001,Identity,Successful,01:03.4,15:56.0,1.98,,1
UP004387,APP02001,Income,Successful,54:48.5,14:49.2,0.5,,1
UP004388,APP02001,Additional Document,Successful,49:47.0,09:02.9,7.51,,1
UP004389,APP02002,Identity,Successful,45:23.7,00:11.4,3.46,,1
UP004390,APP02002,Income,Successful,01:05.4,22:05.3,4.2,,1
UP004391,APP02002,Additional Document,Successful,47:17.6,20:01.1,8.2,,1
UP004392,APP02003,Identity,Successful,24:20.7,44:38.3,5.16,,1
UP004393,APP02003,Income,Successful,32:30.5,56:43.3,3.17,,1
UP004394,APP02003,Additional Document,Failed,28:50.6,51:40.1,7.91,TRANSFER_ERROR,1
UP004395,APP02003,Additional Document,Failed,38:27.6,56:16.7,7.41,UPLOAD_TIMEOUT,2
UP004396,APP02003,Additional Document,Successful,35:36.0,08:17.9,6.95,,3
UP004397,APP02004,Identity,Failed,24:17.6,50:45.7,2.63,UPLOAD_TIMEOUT,1
UP004398,APP02004,Identity,Successful,26:35.1,45:09.9,3.44,,2
UP004399,APP02004,Income,Successful,26:24.7,46:08.8,2.76,,1
UP004400,APP02004,Additional Document,Successful,30:36.0,01:34.2,6.07,,1
UP004401,APP02005,Identity,Successful,54:23.8,14:50.8,3.53,,1
UP004402,APP02005,Income,Successful,58:11.2,19:26.9,7.22,,1
UP004403,APP02005,Additional Document,Successful,55:53.3,14:46.4,8.15,,1
UP004404,APP02006,Identity,Successful,19:42.4,47:15.8,2.88,,1
UP004405,APP02006,Income,Successful,28:18.9,51:56.0,1.25,,1
UP004406,APP02006,Additional Document,Successful,30:15.1,51:29.1,6.82,,1
UP004407,APP02007,Identity,Successful,04:16.2,08:22.6,5.07,,1
UP004408,APP02007,Income,Successful,03:19.2,23:32.0,3.77,,1
UP004409,APP02007,Additional Document,Successful,14:47.3,45:02.0,7.76,,1
UP004410,APP02008,Identity,Successful,53:43.1,07:25.3,5.04,,1
UP004411,APP02008,Income,Failed,59:57.8,12:03.9,0.5,FILE_TOO_LARGE,1
UP004412,APP02008,Income,Successful,00:07.0,09:39.0,4.88,,2
UP004413,APP02008,Additional Document,Successful,00:33.6,19:03.6,8.05,,1
UP004414,APP02009,Identity,Successful,24:07.3,47:43.2,1.29,,1
UP004415,APP02009,Income,Successful,22:26.1,44:21.6,0.5,,1
UP004416,APP02009,Additional Document,Failed,29:26.7,58:37.1,4.66,FILE_TOO_LARGE,1
UP004417,APP02009,Additional Document,Successful,21:37.2,57:46.7,8.18,,2
UP004418,APP02010,Identity,Successful,10:10.5,41:57.0,5.12,,1
UP004419,APP02010,Income,Successful,10:08.5,22:03.0,1.68,,1
UP004420,APP02010,Additional Document,Successful,21:03.3,49:57.0,7.27,,1
UP004421,APP02011,Identity,Successful,40:02.3,49:02.4,4.73,,1
UP004422,APP02011,Income,Successful,33:24.8,45:54.8,6.04,,1
UP004423,APP02011,Additional Document,Successful,40:09.4,05:31.4,5.54,,1
UP004424,APP02012,Identity,Successful,14:39.9,42:33.5,2.34,,1
UP004425,APP02012,Income,Successful,21:48.9,42:41.0,6.42,,1
UP004426,APP02012,Additional Document,Successful,24:26.5,52:37.9,8.07,,1
UP004427,APP02013,Identity,Successful,21:07.4,36:25.9,4.92,,1
UP004428,APP02013,Income,Successful,27:38.2,43:05.5,4.01,,1
UP004429,APP02013,Additional Document,Successful,41:49.4,09:57.5,5.26,,1
UP004430,APP02014,Identity,Successful,18:57.5,45:58.7,0.5,,1
UP004431,APP02014,Income,Successful,24:48.6,49:52.0,8.24,,1
UP004432,APP02014,Additional Document,Successful,33:46.1,00:06.4,10.09,,1
UP004433,APP02015,Identity,Successful,27:28.0,36:13.1,2.38,,1
UP004434,APP02015,Income,Successful,30:46.8,44:20.2,8.43,,1
UP004435,APP02015,Additional Document,Successful,40:38.3,10:58.0,6.47,,1
UP004436,APP02016,Identity,Failed,27:56.3,54:07.7,2.25,UPLOAD_TIMEOUT,1
UP004437,APP02016,Identity,Successful,20:00.0,44:12.3,6.6,,2
UP004438,APP02016,Income,Successful,43:32.2,57:18.5,0.57,,1
UP004439,APP02016,Additional Document,Successful,36:55.8,13:50.8,7.52,,1
UP004440,APP02017,Identity,Successful,44:50.3,59:36.8,5.13,,1
UP004441,APP02017,Income,Failed,02:45.8,19:46.3,2.9,UPLOAD_TIMEOUT,1
UP004442,APP02017,Income,Successful,59:17.6,22:30.6,3.55,,2
UP004443,APP02017,Additional Document,Successful,58:26.0,22:29.5,4.05,,1
UP004444,APP02018,Identity,Successful,46:14.9,01:55.7,7.18,,1
UP004445,APP02018,Income,Successful,54:48.9,18:14.9,4.02,,1
UP004446,APP02018,Additional Document,Successful,02:02.6,35:19.5,6.9,,1
UP004447,APP02019,Identity,Successful,45:04.5,00:12.6,3.74,,1
UP004448,APP02019,Income,Successful,56:04.4,08:54.2,3.7,,1
UP004449,APP02019,Additional Document,Successful,54:38.8,23:10.9,6.44,,1
UP004450,APP02020,Identity,Successful,07:45.3,32:40.5,1.03,,1
UP004451,APP02020,Income,Successful,08:24.2,34:50.6,4.4,,1
UP004452,APP02020,Additional Document,Successful,14:55.5,36:07.5,3.71,,1
UP004453,APP02021,Identity,Successful,56:29.1,10:42.9,4.22,,1
UP004454,APP02021,Income,Successful,54:10.7,06:29.2,4.31,,1
UP004455,APP02021,Additional Document,Successful,55:51.4,16:25.4,6.94,,1
UP004456,APP02022,Identity,Successful,44:01.4,03:09.9,4.18,,1
UP004457,APP02022,Income,Successful,53:52.2,16:18.5,3.08,,1
UP004458,APP02022,Additional Document,Successful,56:52.5,24:23.2,5,,1
UP004459,APP02023,Identity,Successful,23:18.1,45:43.3,3.18,,1
UP004460,APP02023,Income,Successful,33:50.9,53:39.0,0.5,,1
UP004461,APP02023,Additional Document,Successful,29:49.1,03:15.3,7.22,,1
UP004462,APP02024,Identity,Successful,07:15.3,25:22.6,1.51,,1
UP004463,APP02024,Income,Successful,15:55.3,24:30.3,0.89,,1
UP004464,APP02024,Additional Document,Successful,18:00.3,32:28.2,7.6,,1
UP004465,APP02025,Identity,Successful,39:44.0,49:49.4,4,,1
UP004466,APP02025,Income,Failed,42:06.6,55:46.3,1.08,TRANSFER_ERROR,1
UP004467,APP02025,Income,Successful,45:43.9,09:44.0,2.84,,2
UP004468,APP02025,Additional Document,Successful,43:45.0,07:51.8,5.85,,1
UP004469,APP02026,Identity,Successful,25:23.4,56:40.7,7.54,,1
UP004470,APP02026,Income,Successful,28:18.1,46:41.0,1.5,,1
UP004471,APP02026,Additional Document,Successful,37:06.8,56:52.3,7.51,,1
UP004472,APP02027,Identity,Successful,19:29.2,28:41.3,1.89,,1
UP004473,APP02027,Income,Successful,25:55.3,42:28.1,0.5,,1
UP004474,APP02027,Additional Document,Successful,28:40.4,52:35.6,6.92,,1
UP004475,APP02028,Identity,Failed,49:02.8,07:12.2,4.39,TRANSFER_ERROR,1
UP004476,APP02028,Identity,Successful,45:30.8,07:50.3,6.48,,2
UP004477,APP02028,Income,Successful,51:37.1,13:44.1,1.99,,1
UP004478,APP02028,Additional Document,Successful,48:23.3,13:06.3,7.31,,1
UP004479,APP02029,Identity,Successful,21:06.0,41:57.9,3.88,,1
UP004480,APP02029,Income,Successful,26:50.1,46:34.3,3.03,,1
UP004481,APP02029,Additional Document,Failed,31:46.6,51:43.7,10.05,UPLOAD_TIMEOUT,1
UP004482,APP02029,Additional Document,Failed,19:52.4,37:25.9,7.67,TRANSFER_ERROR,2
UP004483,APP02029,Additional Document,Successful,31:14.5,54:38.2,6.29,,3
UP004484,APP02030,Identity,Successful,20:51.7,32:40.4,3.68,,1
UP004485,APP02030,Income,Successful,41:16.1,57:48.0,3.19,,1
UP004486,APP02030,Additional Document,Successful,38:38.4,01:29.7,9.63,,1
UP004487,APP02031,Identity,Successful,28:20.2,45:00.2,3.19,,1
UP004488,APP02031,Income,Successful,31:47.9,50:36.0,4.67,,1
UP004489,APP02031,Additional Document,Successful,30:17.4,55:15.0,5.78,,1
UP004490,APP02032,Identity,Successful,28:37.9,44:34.6,4.57,,1
UP004491,APP02032,Income,Successful,41:40.3,08:34.9,2.1,,1
UP004492,APP02032,Additional Document,Successful,48:29.8,08:49.9,7.21,,1
UP004493,APP02033,Identity,Successful,53:17.6,15:19.2,4.93,,1
UP004494,APP02033,Income,Successful,05:12.8,26:20.0,5.37,,1
UP004495,APP02033,Additional Document,Successful,09:41.5,35:30.0,8.22,,1
UP004496,APP02034,Identity,Successful,13:14.2,26:33.2,3.18,,1
UP004497,APP02034,Income,Failed,17:41.6,32:44.9,4.92,TRANSFER_ERROR,1
UP004498,APP02034,Income,Successful,24:23.5,37:54.8,4.21,,2
UP004499,APP02034,Additional Document,Successful,21:29.6,42:37.4,6.6,,1
UP004500,APP02035,Identity,Successful,09:41.4,29:12.3,2.91,,1
UP004501,APP02035,Income,Successful,10:39.1,27:44.4,0.5,,1
UP004502,APP02035,Additional Document,Successful,23:58.4,51:07.1,8.96,,1
UP004503,APP02036,Identity,Successful,34:07.1,56:48.9,2.41,,1
UP004504,APP02036,Income,Successful,39:39.8,53:40.1,4.75,,1
UP004505,APP02036,Additional Document,Failed,46:56.0,13:31.7,5.29,FILE_TOO_LARGE,1
UP004506,APP02036,Additional Document,Successful,44:58.1,04:25.5,4.87,,2
UP004507,APP02037,Identity,Successful,23:15.6,44:03.6,4.67,,1
UP004508,APP02037,Income,Successful,25:48.5,49:01.4,2.6,,1
UP004509,APP02037,Additional Document,Successful,32:32.2,02:08.5,8.88,,1
UP004510,APP02038,Identity,Failed,44:33.0,02:11.8,4.62,TRANSFER_ERROR,1
UP004511,APP02038,Identity,Successful,40:06.2,09:09.7,3.13,,2
UP004512,APP02038,Income,Successful,49:03.8,02:23.7,4.43,,1
UP004513,APP02038,Additional Document,Failed,55:32.8,18:49.8,5.43,UPLOAD_TIMEOUT,1
UP004514,APP02038,Additional Document,Failed,58:08.1,23:41.3,6.71,UPLOAD_TIMEOUT,2
UP004515,APP02038,Additional Document,Successful,55:41.7,28:23.5,5.92,,3
UP004516,APP02039,Identity,Successful,29:53.5,49:38.7,6.11,,1
UP004517,APP02039,Income,Successful,27:27.4,56:22.9,3.27,,1
UP004518,APP02039,Additional Document,Successful,38:23.2,08:58.4,5.32,,1
UP004519,APP02040,Identity,Successful,36:17.8,54:10.2,5.1,,1
UP004520,APP02040,Income,Failed,35:33.7,04:16.1,4.38,FILE_TOO_LARGE,1
UP004521,APP02040,Income,Successful,32:47.8,50:24.0,5.76,,2
UP004522,APP02040,Additional Document,Successful,41:52.6,11:28.6,10.91,,1
UP004523,APP02041,Identity,Successful,29:48.3,53:53.1,3.52,,1
UP004524,APP02041,Income,Failed,36:35.8,07:29.2,4.7,TRANSFER_ERROR,1
UP004525,APP02041,Income,Successful,38:51.6,00:45.6,4.35,,2
UP004526,APP02041,Additional Document,Successful,47:04.0,10:58.8,5.13,,1
UP004527,APP02042,Identity,Successful,10:12.2,27:39.6,6.75,,1
UP004528,APP02042,Income,Successful,09:29.5,32:42.0,2.71,,1
UP004529,APP02042,Additional Document,Failed,19:05.9,45:37.3,6.24,TRANSFER_ERROR,1
UP004530,APP02042,Additional Document,Failed,18:14.1,42:14.0,6.17,FILE_TOO_LARGE,2
UP004531,APP02042,Additional Document,Successful,27:30.8,57:58.4,5.15,,3
UP004532,APP02043,Identity,Failed,28:48.8,41:27.0,8.04,TRANSFER_ERROR,1
UP004533,APP02043,Identity,Successful,23:34.9,41:16.6,3.94,,2
UP004534,APP02043,Income,Successful,18:12.2,29:04.7,1.61,,1
UP004535,APP02043,Additional Document,Failed,28:00.9,57:23.2,7.53,UPLOAD_TIMEOUT,1
UP004536,APP02043,Additional Document,Successful,27:23.1,56:59.4,6.45,,2
UP004537,APP02044,Identity,Successful,25:18.3,40:56.7,1.86,,1
UP004538,APP02044,Income,Successful,23:31.7,40:15.4,7.84,,1
UP004539,APP02044,Additional Document,Failed,32:01.4,55:18.6,6.2,UPLOAD_TIMEOUT,1
UP004540,APP02044,Additional Document,Successful,29:21.2,02:31.8,7.26,,2
UP004541,APP02045,Identity,Successful,11:34.0,25:48.9,0.8,,1
UP004542,APP02045,Income,Failed,17:25.6,35:30.8,1.8,UPLOAD_TIMEOUT,1
UP004543,APP02045,Income,Successful,21:03.2,30:09.4,4.05,,2
UP004544,APP02045,Additional Document,Successful,24:20.0,47:36.2,6.51,,1
UP004545,APP02046,Identity,Failed,34:02.6,54:55.0,0.5,TRANSFER_ERROR,1
UP004546,APP02046,Identity,Failed,51:31.8,04:34.2,4.94,UPLOAD_TIMEOUT,2
UP004547,APP02046,Identity,Successful,41:02.8,59:47.3,5.05,,3
UP004548,APP02046,Income,Successful,50:47.5,06:48.3,3.06,,1
UP004549,APP02046,Additional Document,Successful,51:34.5,20:20.4,8.72,,1
UP004550,APP02047,Identity,Successful,52:46.8,03:14.3,2.93,,1
UP004551,APP02047,Income,Successful,59:58.3,17:10.1,4.1,,1
UP004552,APP02047,Additional Document,Successful,05:13.7,36:12.4,6.23,,1
UP004553,APP02048,Identity,Successful,19:44.9,39:13.0,6.71,,1
UP004554,APP02048,Income,Successful,26:57.3,40:42.1,2.79,,1
UP004555,APP02048,Additional Document,Failed,16:06.5,43:48.4,4.41,UPLOAD_TIMEOUT,1
UP004556,APP02048,Additional Document,Failed,22:25.7,47:43.1,5.6,UPLOAD_TIMEOUT,2
UP004557,APP02048,Additional Document,Successful,23:28.8,49:20.4,8.79,,3
UP004558,APP02049,Identity,Successful,08:14.4,14:47.8,4.44,,1
UP004559,APP02049,Income,Successful,11:44.6,32:20.0,2.23,,1
UP004560,APP02049,Additional Document,Successful,10:31.2,28:54.4,5.03,,1
UP004561,APP02050,Identity,Successful,25:43.6,43:19.8,3.43,,1
UP004562,APP02050,Income,Successful,29:53.4,41:43.8,5.99,,1
UP004563,APP02050,Additional Document,Failed,29:24.7,50:41.1,8.21,FILE_TOO_LARGE,1
UP004564,APP02050,Additional Document,Successful,26:59.4,48:05.8,8.24,,2
UP004565,APP02051,Identity,Successful,14:00.0,30:37.4,3.44,,1
UP004566,APP02051,Income,Successful,26:22.7,45:12.3,5.11,,1
UP004567,APP02051,Additional Document,Successful,35:15.7,07:27.2,6.63,,1
UP004568,APP02052,Identity,Successful,07:17.5,17:19.7,3.92,,1
UP004569,APP02052,Income,Failed,08:26.3,18:40.4,5.89,UPLOAD_TIMEOUT,1
UP004570,APP02052,Income,Successful,19:40.6,38:39.0,0.75,,2
UP004571,APP02052,Additional Document,Successful,18:36.2,37:03.8,4.69,,1
UP004572,APP02053,Identity,Successful,36:09.2,03:38.7,1.38,,1
UP004573,APP02053,Income,Successful,41:57.7,59:49.2,1.64,,1
UP004574,APP02053,Additional Document,Successful,43:10.9,19:37.8,6.06,,1
UP004575,APP02054,Identity,Successful,35:31.2,04:44.9,3.05,,1
UP004576,APP02054,Income,Successful,50:08.8,13:32.1,2.72,,1
UP004577,APP02054,Additional Document,Successful,58:14.4,24:29.5,6.86,,1
UP004578,APP02055,Identity,Successful,45:04.9,16:54.6,5.18,,1
UP004579,APP02055,Income,Failed,42:52.1,03:52.6,4.29,TRANSFER_ERROR,1
UP004580,APP02055,Income,Successful,47:37.0,11:27.0,5.95,,2
UP004581,APP02055,Additional Document,Successful,57:40.5,19:14.4,4.59,,1
UP004582,APP02056,Identity,Successful,06:14.5,22:06.2,4.88,,1
UP004583,APP02056,Income,Successful,04:05.7,24:29.7,5.13,,1
UP004584,APP02056,Additional Document,Failed,07:07.5,31:24.5,9.57,UPLOAD_TIMEOUT,1
UP004585,APP02056,Additional Document,Failed,18:23.2,45:24.1,8.6,UPLOAD_TIMEOUT,2
UP004586,APP02056,Additional Document,Successful,08:26.7,33:49.0,6.49,,3
UP004587,APP02057,Identity,Successful,18:12.5,48:33.9,4.84,,1
UP004588,APP02057,Income,Successful,17:12.8,31:14.3,4.74,,1
UP004589,APP02057,Additional Document,Successful,28:10.5,45:00.9,6.21,,1
UP004590,APP02058,Identity,Successful,06:43.6,28:21.4,3.25,,1
UP004591,APP02058,Income,Failed,07:31.9,35:49.3,4.69,UPLOAD_TIMEOUT,1
UP004592,APP02058,Income,Successful,05:34.8,26:39.4,5.2,,2
UP004593,APP02058,Additional Document,Successful,13:41.2,42:29.3,7.71,,1
UP004594,APP02059,Identity,Successful,29:01.0,51:50.7,0.5,,1
UP004595,APP02059,Income,Successful,35:38.3,02:21.6,5.74,,1
UP004596,APP02059,Additional Document,Successful,36:49.5,01:48.2,7.03,,1
UP004597,APP02060,Identity,Failed,01:15.7,23:51.2,6,UPLOAD_TIMEOUT,1
UP004598,APP02060,Identity,Successful,02:51.1,23:13.9,0.5,,2
UP004599,APP02060,Income,Successful,15:08.5,31:55.3,3.02,,1
UP004600,APP02060,Additional Document,Failed,17:40.5,45:51.5,4.69,FILE_TOO_LARGE,1
UP004601,APP02060,Additional Document,Successful,16:55.4,39:04.5,9.89,,2
UP004602,APP02061,Identity,Successful,17:21.0,32:13.2,5.12,,1
UP004603,APP02061,Income,Successful,09:48.2,24:56.3,2.25,,1
UP004604,APP02061,Additional Document,Successful,16:07.3,44:06.7,5.87,,1
UP004605,APP02062,Identity,Successful,57:17.9,12:44.9,2.59,,1
UP004606,APP02062,Income,Successful,02:56.3,18:43.3,2.44,,1
UP004607,APP02062,Additional Document,Successful,05:03.1,35:07.3,7.15,,1
UP004608,APP02063,Identity,Successful,26:20.5,40:53.3,3.22,,1
UP004609,APP02063,Income,Successful,27:01.6,33:33.6,2.59,,1
UP004610,APP02063,Additional Document,Successful,41:09.2,04:25.5,6.67,,1
UP004611,APP02064,Identity,Successful,35:40.2,04:10.2,5.94,,1
UP004612,APP02064,Income,Failed,44:48.9,11:54.4,4.32,TRANSFER_ERROR,1
UP004613,APP02064,Income,Successful,41:48.3,56:01.2,2.84,,2
UP004614,APP02064,Additional Document,Failed,45:58.3,13:20.9,8.17,UPLOAD_TIMEOUT,1
UP004615,APP02064,Additional Document,Successful,44:04.3,09:16.1,9.13,,2
UP004616,APP02065,Identity,Failed,07:00.0,20:53.5,3.49,TRANSFER_ERROR,1
UP004617,APP02065,Identity,Successful,21:58.9,34:24.0,3.98,,2
UP004618,APP02065,Income,Successful,25:01.3,36:45.6,4.09,,1
UP004619,APP02065,Additional Document,Successful,35:37.9,00:09.9,6.61,,1
UP004620,APP02066,Identity,Successful,34:14.6,52:03.5,0.5,,1
UP004621,APP02066,Income,Successful,52:57.4,12:11.1,1.4,,1
UP004622,APP02066,Additional Document,Successful,49:38.9,22:32.9,8.95,,1
UP004623,APP02067,Identity,Successful,15:46.9,36:13.7,4.29,,1
UP004624,APP02067,Income,Successful,15:55.2,34:26.8,1.26,,1
UP004625,APP02067,Additional Document,Successful,23:19.2,35:16.0,7.28,,1
UP004626,APP02068,Identity,Successful,23:33.1,44:18.5,4.25,,1
UP004627,APP02068,Income,Successful,25:26.5,43:50.5,3.27,,1
UP004628,APP02068,Additional Document,Successful,20:00.5,45:11.1,5.73,,1
UP004629,APP02069,Identity,Failed,09:41.6,33:38.9,1.82,UPLOAD_TIMEOUT,1
UP004630,APP02069,Identity,Successful,14:36.9,35:43.0,2.84,,2
UP004631,APP02069,Income,Successful,12:12.8,37:19.1,5.23,,1
UP004632,APP02069,Additional Document,Failed,21:33.1,45:50.7,5.99,TRANSFER_ERROR,1
UP004633,APP02069,Additional Document,Failed,26:05.1,57:27.3,9.48,FILE_TOO_LARGE,2
UP004634,APP02069,Additional Document,Successful,21:58.2,42:29.8,7.39,,3
UP004635,APP02070,Identity,Successful,24:37.7,47:52.5,6.55,,1
UP004636,APP02070,Income,Successful,34:20.3,52:15.1,3.05,,1
UP004637,APP02070,Additional Document,Failed,31:10.4,52:12.7,5.62,FILE_TOO_LARGE,1
UP004638,APP02070,Additional Document,Failed,37:28.9,05:39.3,9.46,UPLOAD_TIMEOUT,2
UP004639,APP02070,Additional Document,Successful,53:43.9,23:11.2,6.85,,3
UP004640,APP02071,Identity,Successful,02:15.3,20:25.1,2.41,,1
UP004641,APP02071,Income,Successful,08:18.5,38:08.4,5.33,,1
UP004642,APP02071,Additional Document,Successful,13:24.9,42:08.5,8.55,,1
UP004643,APP02072,Identity,Successful,15:25.8,39:55.8,3.21,,1
UP004644,APP02072,Income,Successful,08:38.8,21:17.7,0.5,,1
UP004645,APP02072,Additional Document,Failed,16:50.0,55:10.5,10.64,TRANSFER_ERROR,1
UP004646,APP02072,Additional Document,Successful,17:10.1,38:31.5,7.69,,2
UP004647,APP02073,Identity,Successful,46:31.9,07:24.5,2.66,,1
UP004648,APP02073,Income,Successful,13:28.7,16:26.8,3.78,,1
UP004649,APP02073,Additional Document,Successful,53:54.9,22:09.6,5.95,,1
UP004650,APP02074,Identity,Successful,27:03.5,51:34.2,3.87,,1
UP004651,APP02074,Income,Successful,22:44.7,50:25.0,3.3,,1
UP004652,APP02074,Additional Document,Failed,26:02.9,51:35.6,6.68,UPLOAD_TIMEOUT,1
UP004653,APP02074,Additional Document,Successful,31:00.4,54:27.2,6.41,,2
UP004654,APP02075,Identity,Successful,36:43.4,01:33.6,1.17,,1
UP004655,APP02075,Income,Successful,35:45.4,45:51.3,8.72,,1
UP004656,APP02075,Additional Document,Successful,40:07.4,57:33.3,8.03,,1
UP004657,APP02076,Identity,Successful,28:51.0,38:50.5,6.02,,1
UP004658,APP02076,Income,Successful,30:24.5,52:50.0,3.2,,1
UP004659,APP02076,Additional Document,Successful,33:09.0,05:30.8,7.85,,1
UP004660,APP02077,Identity,Successful,29:26.5,47:09.8,1.8,,1
UP004661,APP02077,Income,Successful,49:29.4,15:33.6,0.63,,1
UP004662,APP02077,Additional Document,Failed,46:35.6,20:24.7,5.09,FILE_TOO_LARGE,1
UP004663,APP02077,Additional Document,Failed,45:17.9,13:51.5,7.04,UPLOAD_TIMEOUT,2
UP004664,APP02077,Additional Document,Successful,43:45.5,11:17.4,7.55,,3
UP004665,APP02078,Identity,Successful,44:38.6,07:43.0,1.92,,1
UP004666,APP02078,Income,Successful,47:43.1,12:55.7,4.09,,1
UP004667,APP02078,Additional Document,Failed,50:10.2,14:34.9,5.44,UPLOAD_TIMEOUT,1
UP004668,APP02078,Additional Document,Failed,56:25.7,24:58.9,7.6,TRANSFER_ERROR,2
UP004669,APP02078,Additional Document,Successful,10:17.5,42:50.0,7.91,,3
UP004670,APP02079,Identity,Successful,35:52.6,53:09.2,5.96,,1
UP004671,APP02079,Income,Successful,48:09.7,03:45.8,7.28,,1
UP004672,APP02079,Additional Document,Successful,52:12.8,22:39.7,7.52,,1
UP004673,APP02080,Identity,Successful,53:46.2,19:24.0,2.22,,1
UP004674,APP02080,Income,Successful,47:46.6,15:14.2,4.33,,1
UP004675,APP02080,Additional Document,Failed,00:31.0,27:20.3,6.91,FILE_TOO_LARGE,1
UP004676,APP02080,Additional Document,Successful,03:54.7,26:34.8,7.38,,2
UP004677,APP02081,Identity,Successful,37:26.7,52:25.2,3.93,,1
UP004678,APP02081,Income,Failed,53:49.0,07:27.4,3.84,FILE_TOO_LARGE,1
UP004679,APP02081,Income,Successful,57:09.6,14:52.1,5.17,,2
UP004680,APP02081,Additional Document,Failed,00:12.0,24:07.7,5.11,TRANSFER_ERROR,1
UP004681,APP02081,Additional Document,Failed,56:47.1,15:26.1,5.65,TRANSFER_ERROR,2
UP004682,APP02081,Additional Document,Successful,53:22.3,18:07.8,5.57,,3
UP004683,APP02082,Identity,Successful,09:15.3,31:30.8,6.41,,1
UP004684,APP02082,Income,Failed,14:49.4,31:22.4,0.85,FILE_TOO_LARGE,1
UP004685,APP02082,Income,Failed,06:09.0,28:14.2,3.91,UPLOAD_TIMEOUT,2
UP004686,APP02082,Income,Successful,09:59.2,32:04.2,5.93,,3
UP004687,APP02082,Additional Document,Failed,23:48.9,46:03.2,7.83,TRANSFER_ERROR,1
UP004688,APP02082,Additional Document,Failed,19:26.6,49:42.2,9.33,UPLOAD_TIMEOUT,2
UP004689,APP02082,Additional Document,Successful,20:11.4,39:46.9,7.01,,3
UP004690,APP02083,Identity,Successful,27:52.2,43:28.3,2.88,,1
UP004691,APP02083,Income,Successful,32:19.0,51:01.9,6.28,,1
UP004692,APP02083,Additional Document,Successful,37:49.2,50:59.4,7.19,,1
UP004693,APP02084,Identity,Failed,20:35.8,24:40.9,3.27,FILE_TOO_LARGE,1
UP004694,APP02084,Identity,Successful,22:00.5,36:10.6,1.62,,2
UP004695,APP02084,Income,Successful,37:25.9,51:59.4,5,,1
UP004696,APP02084,Additional Document,Successful,34:02.6,48:23.9,8.61,,1
UP004697,APP02085,Identity,Successful,58:03.7,21:41.7,3.72,,1
UP004698,APP02085,Income,Successful,08:47.0,36:46.3,5.16,,1
UP004699,APP02085,Additional Document,Successful,17:35.2,50:57.7,7.34,,1
UP004700,APP02086,Identity,Successful,38:02.9,59:04.8,2.65,,1
UP004701,APP02086,Income,Successful,58:10.6,06:12.3,0.5,,1
UP004702,APP02086,Additional Document,Successful,49:09.1,07:30.4,3.49,,1
UP004703,APP02087,Identity,Successful,44:03.3,07:51.6,5.06,,1
UP004704,APP02087,Income,Failed,47:37.3,04:40.5,6.49,UPLOAD_TIMEOUT,1
UP004705,APP02087,Income,Successful,43:46.9,58:08.6,4.11,,2
UP004706,APP02087,Additional Document,Successful,50:10.5,17:42.2,8.31,,1
UP004707,APP02088,Identity,Failed,50:16.4,13:04.9,5.33,TRANSFER_ERROR,1
UP004708,APP02088,Identity,Failed,41:00.0,02:41.4,1.69,TRANSFER_ERROR,2
UP004709,APP02088,Identity,Successful,52:28.4,20:04.5,3.72,,3
UP004710,APP02088,Income,Successful,46:56.6,55:08.9,6.58,,1
UP004711,APP02088,Additional Document,Successful,04:42.0,33:34.1,8.27,,1
UP004712,APP02089,Identity,Successful,00:00.0,12:21.9,3.63,,1
UP004713,APP02089,Income,Successful,09:37.6,22:34.1,3.59,,1
UP004714,APP02089,Additional Document,Successful,12:09.1,44:35.6,4.3,,1
UP004715,APP02090,Identity,Failed,16:24.9,31:05.3,2.58,TRANSFER_ERROR,1
UP004716,APP02090,Identity,Successful,21:06.8,35:46.0,9.46,,2
UP004717,APP02090,Income,Successful,26:59.0,41:33.5,2.82,,1
UP004718,APP02090,Additional Document,Successful,30:44.0,00:24.7,9.25,,1
UP004719,APP02091,Identity,Successful,06:43.3,20:05.9,5.34,,1
UP004720,APP02091,Income,Successful,25:15.8,38:35.7,3.26,,1
UP004721,APP02091,Additional Document,Successful,17:51.3,38:56.7,7.65,,1
UP004722,APP02092,Identity,Successful,44:17.2,00:02.4,4.76,,1
UP004723,APP02092,Income,Successful,03:56.0,25:42.3,5.1,,1
UP004724,APP02092,Additional Document,Successful,06:20.0,37:02.2,7.79,,1
UP004725,APP02093,Identity,Successful,39:53.1,53:45.6,6.5,,1
UP004726,APP02093,Income,Successful,44:19.5,56:41.0,4.46,,1
UP004727,APP02093,Additional Document,Successful,51:11.3,19:50.1,7.52,,1
UP004728,APP02094,Identity,Successful,46:30.0,10:05.4,3.57,,1
UP004729,APP02094,Income,Successful,51:21.4,08:58.1,2.09,,1
UP004730,APP02094,Additional Document,Successful,52:55.5,24:34.9,8.47,,1
UP004731,APP02095,Identity,Successful,25:50.5,40:09.2,0.5,,1
UP004732,APP02095,Income,Successful,24:33.8,44:23.7,2.05,,1
UP004733,APP02095,Additional Document,Successful,30:27.2,56:12.1,7.38,,1
UP004734,APP02096,Identity,Successful,32:11.4,37:56.8,4.06,,1
UP004735,APP02096,Income,Failed,31:39.1,43:39.0,1.92,FILE_TOO_LARGE,1
UP004736,APP02096,Income,Failed,32:30.6,44:42.6,1.58,UPLOAD_TIMEOUT,2
UP004737,APP02096,Income,Successful,32:15.3,49:59.7,2.95,,3
UP004738,APP02096,Additional Document,Successful,45:57.6,09:11.5,10.91,,1
UP004739,APP02097,Identity,Successful,38:36.6,06:49.4,4.2,,1
UP004740,APP02097,Income,Successful,50:07.1,57:28.1,3.83,,1
UP004741,APP02097,Additional Document,Successful,52:46.9,23:34.6,5.12,,1
UP004742,APP02098,Identity,Successful,22:00.1,48:10.1,4.58,,1
UP004743,APP02098,Income,Successful,40:50.5,03:51.7,5.2,,1
UP004744,APP02098,Additional Document,Failed,42:35.3,13:20.6,7.48,UPLOAD_TIMEOUT,1
UP004745,APP02098,Additional Document,Successful,48:48.5,18:57.4,6.19,,2
UP004746,APP02099,Identity,Successful,39:27.8,02:13.2,3.42,,1
UP004747,APP02099,Income,Successful,45:49.1,00:10.9,3.18,,1
UP004748,APP02099,Additional Document,Successful,49:23.5,17:17.8,7.28,,1
UP004749,APP02100,Identity,Failed,26:33.5,46:43.6,6.32,FILE_TOO_LARGE,1
UP004750,APP02100,Identity,Failed,23:34.6,51:44.9,6.75,UPLOAD_TIMEOUT,2
UP004751,APP02100,Identity,Successful,31:30.5,51:18.8,4.78,,3
UP004752,APP02100,Income,Failed,27:47.5,50:18.4,5.29,TRANSFER_ERROR,1
UP004753,APP02100,Income,Successful,34:52.7,00:17.2,0.96,,2
UP004754,APP02100,Additional Document,Successful,36:24.0,57:26.7,6.88,,1
UP004755,APP02101,Identity,Successful,30:26.7,54:30.5,4.95,,1
UP004756,APP02101,Income,Successful,35:22.3,55:00.0,2.08,,1
UP004757,APP02101,Additional Document,Failed,40:27.6,06:53.5,5.74,UPLOAD_TIMEOUT,1
UP004758,APP02101,Additional Document,Successful,45:07.2,06:06.1,7.46,,2
UP004759,APP02102,Identity,Successful,06:03.3,19:02.3,1.54,,1
UP004760,APP02102,Income,Failed,07:25.1,16:48.0,2.26,TRANSFER_ERROR,1
UP004761,APP02102,Income,Successful,12:06.2,30:28.4,5.15,,2
UP004762,APP02102,Additional Document,Failed,25:42.2,40:58.5,6.43,TRANSFER_ERROR,1
UP004763,APP02102,Additional Document,Successful,10:03.0,30:40.5,6.85,,2
UP004764,APP02103,Identity,Successful,01:19.3,18:22.2,4.47,,1
UP004765,APP02103,Income,Successful,05:15.2,31:06.6,5.94,,1
UP004766,APP02103,Additional Document,Failed,04:05.3,29:22.2,4.13,UPLOAD_TIMEOUT,1
UP004767,APP02103,Additional Document,Successful,18:33.7,45:04.0,4.31,,2
UP004768,APP02104,Identity,Successful,22:31.4,54:57.2,2.89,,1
UP004769,APP02104,Income,Successful,39:50.9,06:31.7,4.01,,1
UP004770,APP02104,Additional Document,Successful,42:48.8,21:04.6,9.7,,1
UP004771,APP02105,Identity,Successful,38:31.5,00:32.5,5.02,,1
UP004772,APP02105,Income,Successful,58:21.3,24:25.1,2.15,,1
UP004773,APP02105,Additional Document,Successful,52:52.9,15:22.1,6.24,,1
UP004774,APP02106,Identity,Successful,17:00.7,42:18.3,0.5,,1
UP004775,APP02106,Income,Successful,15:12.9,33:14.7,1.78,,1
UP004776,APP02106,Additional Document,Failed,29:03.3,01:04.9,3.42,FILE_TOO_LARGE,1
UP004777,APP02106,Additional Document,Failed,33:17.8,06:46.8,6.64,UPLOAD_TIMEOUT,2
UP004778,APP02106,Additional Document,Successful,27:27.1,48:34.8,5.1,,3
UP004779,APP02107,Identity,Successful,35:57.0,57:56.8,0.51,,1
UP004780,APP02107,Income,Failed,43:40.3,56:23.7,5.04,FILE_TOO_LARGE,1
UP004781,APP02107,Income,Successful,38:19.0,49:20.9,6.52,,2
UP004782,APP02107,Additional Document,Successful,51:50.1,22:51.8,5.08,,1
UP004783,APP02108,Identity,Successful,43:38.7,05:21.5,4.59,,1
UP004784,APP02108,Income,Successful,56:10.4,16:38.5,0.83,,1
UP004785,APP02108,Additional Document,Successful,54:19.7,20:14.8,5.9,,1
UP004786,APP02109,Identity,Successful,32:00.4,51:57.7,1.52,,1
UP004787,APP02109,Income,Successful,28:52.5,53:31.5,6.45,,1
UP004788,APP02109,Additional Document,Successful,44:10.5,16:14.8,6.22,,1
UP004789,APP02110,Identity,Successful,47:49.3,12:03.0,1.97,,1
UP004790,APP02110,Income,Failed,07:52.1,16:40.7,1.72,FILE_TOO_LARGE,1
UP004791,APP02110,Income,Successful,54:06.2,13:17.7,4.07,,2
UP004792,APP02110,Additional Document,Successful,56:01.1,27:45.1,9.82,,1
UP004793,APP02111,Identity,Successful,50:16.9,08:58.1,4.35,,1
UP004794,APP02111,Income,Successful,59:25.2,16:45.0,5.42,,1
UP004795,APP02111,Additional Document,Successful,01:44.6,24:23.9,5.57,,1
UP004796,APP02112,Identity,Successful,52:34.2,09:59.4,3.32,,1
UP004797,APP02112,Income,Successful,59:58.5,35:31.9,5.25,,1
UP004798,APP02112,Additional Document,Successful,59:49.9,22:25.2,6.78,,1
UP004799,APP02113,Identity,Successful,23:15.2,39:47.6,5.4,,1
UP004800,APP02113,Income,Successful,35:23.0,56:13.4,3.34,,1
UP004801,APP02113,Additional Document,Successful,44:28.9,08:06.3,6.99,,1
UP004802,APP02114,Identity,Successful,27:57.4,48:39.5,4.75,,1
UP004803,APP02114,Income,Successful,36:13.9,48:58.0,5.23,,1
UP004804,APP02114,Additional Document,Successful,42:09.6,03:58.0,7.78,,1
UP004805,APP02115,Identity,Failed,14:52.9,28:49.5,3.03,TRANSFER_ERROR,1
UP004806,APP02115,Identity,Successful,17:28.9,37:27.4,4.46,,2
UP004807,APP02115,Income,Successful,17:21.1,38:08.6,5.36,,1
UP004808,APP02115,Additional Document,Successful,27:59.2,03:38.4,7.88,,1
UP004809,APP02116,Identity,Failed,23:12.0,47:32.5,2.39,UPLOAD_TIMEOUT,1
UP004810,APP02116,Identity,Successful,37:13.0,08:13.3,3.15,,2
UP004811,APP02116,Income,Failed,34:07.0,55:02.4,0.5,UPLOAD_TIMEOUT,1
UP004812,APP02116,Income,Failed,32:24.1,52:47.2,4.05,UPLOAD_TIMEOUT,2
UP004813,APP02116,Income,Successful,36:47.2,59:04.9,7.74,,3
UP004814,APP02116,Additional Document,Successful,42:27.6,18:14.1,9.32,,1
UP004815,APP02117,Identity,Successful,07:54.6,30:30.3,0.67,,1
UP004816,APP02117,Income,Successful,18:49.8,36:57.8,3.23,,1
UP004817,APP02117,Additional Document,Successful,27:25.5,50:29.9,6.05,,1
UP004818,APP02118,Identity,Successful,54:06.9,21:20.6,0.5,,1
UP004819,APP02118,Income,Successful,59:41.0,17:14.4,2.95,,1
UP004820,APP02118,Additional Document,Failed,08:14.0,36:43.8,3.47,TRANSFER_ERROR,1
UP004821,APP02118,Additional Document,Failed,05:58.1,35:51.3,7.15,UPLOAD_TIMEOUT,2
UP004822,APP02118,Additional Document,Successful,10:04.0,29:42.5,7.53,,3
UP004823,APP02119,Identity,Successful,00:56.3,15:57.3,0.87,,1
UP004824,APP02119,Income,Successful,01:48.4,23:26.0,5.22,,1
UP004825,APP02119,Additional Document,Failed,16:28.6,48:24.8,7.43,UPLOAD_TIMEOUT,1
UP004826,APP02119,Additional Document,Failed,18:16.7,42:30.1,5.96,TRANSFER_ERROR,2
UP004827,APP02119,Additional Document,Successful,16:46.4,46:43.9,9.19,,3
UP004828,APP02120,Identity,Failed,13:14.0,34:17.8,0.5,UPLOAD_TIMEOUT,1
UP004829,APP02120,Identity,Successful,56:45.9,19:31.0,6.52,,2
UP004830,APP02120,Income,Successful,11:19.5,24:36.8,4.48,,1
UP004831,APP02120,Additional Document,Successful,20:16.9,43:13.0,4.93,,1
UP004832,APP02121,Identity,Successful,36:34.0,51:54.5,3.95,,1
UP004833,APP02121,Income,Successful,34:02.0,53:05.9,0.5,,1
UP004834,APP02121,Additional Document,Successful,46:20.7,14:04.1,5.82,,1
UP004835,APP02122,Identity,Successful,13:24.8,30:53.5,4.03,,1
UP004836,APP02122,Income,Successful,21:59.9,36:55.0,4.98,,1
UP004837,APP02122,Additional Document,Successful,29:18.7,58:46.2,6.29,,1
UP004838,APP02123,Identity,Successful,53:57.9,16:53.1,4.76,,1
UP004839,APP02123,Income,Failed,08:46.7,30:13.1,4.4,FILE_TOO_LARGE,1
UP004840,APP02123,Income,Successful,10:24.0,31:13.2,4.13,,2
UP004841,APP02123,Additional Document,Successful,12:37.2,42:11.4,7.2,,1
UP004842,APP02124,Identity,Successful,08:09.9,31:14.2,3.79,,1
UP004843,APP02124,Income,Successful,18:16.0,39:23.2,3.66,,1
UP004844,APP02124,Additional Document,Successful,23:52.9,53:55.0,8.26,,1
UP004845,APP02125,Identity,Successful,35:37.7,53:33.2,4.19,,1
UP004846,APP02125,Income,Successful,31:44.8,52:33.6,6.06,,1
UP004847,APP02125,Additional Document,Successful,37:48.5,06:24.2,8.76,,1
UP004848,APP02126,Identity,Successful,11:32.2,26:19.8,0.62,,1
UP004849,APP02126,Income,Successful,11:08.7,29:06.4,3.64,,1
UP004850,APP02126,Additional Document,Successful,20:57.1,46:23.8,7.93,,1
UP004851,APP02127,Identity,Successful,42:17.2,05:43.7,1.99,,1
UP004852,APP02127,Income,Successful,53:04.6,10:26.8,3.26,,1
UP004853,APP02127,Additional Document,Successful,55:51.2,19:11.5,3.28,,1
UP004854,APP02128,Identity,Successful,27:15.0,40:35.1,7.03,,1
UP004855,APP02128,Income,Failed,30:18.4,38:56.8,3.47,UPLOAD_TIMEOUT,1
UP004856,APP02128,Income,Failed,37:07.4,50:38.4,4.81,UPLOAD_TIMEOUT,2
UP004857,APP02128,Income,Successful,39:09.2,05:02.3,3.73,,3
UP004858,APP02128,Additional Document,Failed,30:43.5,52:14.1,6.46,UPLOAD_TIMEOUT,1
UP004859,APP02128,Additional Document,Successful,41:49.8,54:50.1,6.33,,2
UP004860,APP02129,Identity,Successful,29:18.3,53:16.3,0.5,,1
UP004861,APP02129,Income,Successful,31:35.2,52:22.1,0.5,,1
UP004862,APP02129,Additional Document,Successful,39:35.0,02:17.9,6.58,,1
UP004863,APP02130,Identity,Failed,10:45.0,35:30.1,4.54,UPLOAD_TIMEOUT,1
UP004864,APP02130,Identity,Successful,06:30.1,27:02.7,2.58,,2
UP004865,APP02130,Income,Successful,10:14.6,24:52.7,2.19,,1
UP004866,APP02130,Additional Document,Successful,15:43.0,39:32.3,9.22,,1
UP004867,APP02131,Identity,Successful,27:04.7,43:56.4,4.35,,1
UP004868,APP02131,Income,Failed,42:33.7,16:53.6,2.37,UPLOAD_TIMEOUT,1
UP004869,APP02131,Income,Successful,37:07.1,56:22.6,1.1,,2
UP004870,APP02131,Additional Document,Successful,42:12.6,15:28.7,8.75,,1
UP004871,APP02132,Identity,Failed,29:33.8,47:10.9,4.81,FILE_TOO_LARGE,1
UP004872,APP02132,Identity,Failed,32:14.9,52:53.8,2.88,UPLOAD_TIMEOUT,2
UP004873,APP02132,Identity,Successful,31:01.5,51:02.5,3.88,,3
UP004874,APP02132,Income,Successful,33:45.6,55:00.1,5.13,,1
UP004875,APP02132,Additional Document,Successful,36:49.4,10:13.6,6.42,,1
UP004876,APP02133,Identity,Successful,57:50.0,17:40.5,3.59,,1
UP004877,APP02133,Income,Successful,01:58.1,20:42.7,6.75,,1
UP004878,APP02133,Additional Document,Successful,05:33.8,20:56.5,9.34,,1
UP004879,APP02134,Identity,Successful,16:21.9,37:16.8,4.89,,1
UP004880,APP02134,Income,Successful,05:20.0,22:22.3,2.88,,1
UP004881,APP02134,Additional Document,Successful,22:20.8,49:09.4,8.07,,1
UP004882,APP02135,Identity,Successful,04:51.5,18:37.1,2.52,,1
UP004883,APP02135,Income,Successful,57:57.3,08:11.0,3.35,,1
UP004884,APP02135,Additional Document,Successful,07:01.8,28:15.2,6.7,,1
UP004885,APP02136,Identity,Successful,15:40.9,36:35.5,2.56,,1
UP004886,APP02136,Income,Successful,08:31.8,23:06.4,4.38,,1
UP004887,APP02136,Additional Document,Successful,22:34.7,53:09.6,8.17,,1
UP004888,APP02137,Identity,Successful,21:24.5,39:07.2,1.81,,1
UP004889,APP02137,Income,Successful,21:27.4,38:13.3,5.1,,1
UP004890,APP02137,Additional Document,Successful,23:15.8,51:54.0,7.87,,1
UP004891,APP02138,Identity,Successful,56:31.2,27:37.3,1.56,,1
UP004892,APP02138,Income,Successful,11:52.2,37:23.7,7.29,,1
UP004893,APP02138,Additional Document,Successful,13:26.6,38:56.9,8.59,,1
UP004894,APP02139,Identity,Failed,49:49.2,11:40.2,6.33,UPLOAD_TIMEOUT,1
UP004895,APP02139,Identity,Successful,58:47.6,25:29.7,3.83,,2
UP004896,APP02139,Income,Successful,05:20.3,31:44.7,3.22,,1
UP004897,APP02139,Additional Document,Successful,03:51.8,31:24.1,7.01,,1
UP004898,APP02140,Identity,Successful,36:27.5,05:45.2,1.83,,1
UP004899,APP02140,Income,Failed,37:04.5,56:48.3,3.74,UPLOAD_TIMEOUT,1
UP004900,APP02140,Income,Failed,39:58.0,02:37.9,2.28,UPLOAD_TIMEOUT,2
UP004901,APP02140,Income,Successful,44:47.8,11:12.5,4.57,,3
UP004902,APP02140,Additional Document,Successful,56:03.1,29:33.0,5.24,,1
UP004903,APP02141,Identity,Successful,49:00.0,02:07.9,4.42,,1
UP004904,APP02141,Income,Successful,57:07.4,09:40.4,4.29,,1
UP004905,APP02141,Additional Document,Successful,11:49.4,28:58.8,8.24,,1
UP004906,APP02142,Identity,Successful,45:30.7,04:35.7,4.95,,1
UP004907,APP02142,Income,Successful,01:32.7,23:24.3,2.52,,1
UP004908,APP02142,Additional Document,Successful,56:05.8,32:47.1,6.61,,1
UP004909,APP02143,Identity,Successful,17:05.5,32:18.4,4.15,,1
UP004910,APP02143,Income,Successful,19:30.7,32:47.3,1.04,,1
UP004911,APP02143,Additional Document,Successful,28:26.7,54:33.8,8.19,,1
UP004912,APP02144,Identity,Successful,19:27.6,44:55.3,3.12,,1
UP004913,APP02144,Income,Successful,33:32.7,50:47.8,2.88,,1
UP004914,APP02144,Additional Document,Successful,41:30.7,11:18.8,8.6,,1
UP004915,APP02145,Identity,Successful,48:25.5,04:37.4,4.96,,1
UP004916,APP02145,Income,Successful,37:44.8,54:35.2,0.5,,1
UP004917,APP02145,Additional Document,Successful,43:37.1,08:31.0,5.51,,1
UP004918,APP02146,Identity,Successful,34:53.2,00:31.0,1.46,,1
UP004919,APP02146,Income,Failed,44:39.9,05:16.5,2.28,UPLOAD_TIMEOUT,1
UP004920,APP02146,Income,Successful,46:58.0,16:42.9,5.58,,2
UP004921,APP02146,Additional Document,Successful,54:54.2,29:00.0,6.76,,1
UP004922,APP02147,Identity,Successful,49:48.0,15:33.5,1.52,,1
UP004923,APP02147,Income,Successful,59:57.5,21:49.7,6.56,,1
UP004924,APP02147,Additional Document,Successful,57:33.6,26:48.0,6.63,,1
UP004925,APP02148,Identity,Successful,24:01.8,39:30.2,4.34,,1
UP004926,APP02148,Income,Successful,16:45.3,32:18.2,5.83,,1
UP004927,APP02148,Additional Document,Successful,27:00.1,46:14.2,7.58,,1
UP004928,APP02149,Identity,Successful,20:50.4,46:40.1,1.99,,1
UP004929,APP02149,Income,Successful,23:24.7,44:01.6,3.43,,1
UP004930,APP02149,Additional Document,Successful,40:02.7,01:06.0,7.19,,1
UP004931,APP02150,Identity,Successful,02:38.0,11:39.2,5.21,,1
UP004932,APP02150,Income,Successful,10:30.2,21:45.6,4.24,,1
UP004933,APP02150,Additional Document,Successful,18:33.1,39:45.1,6.44,,1
UP004934,APP02151,Identity,Successful,44:23.2,05:15.8,3.49,,1
UP004935,APP02151,Income,Failed,55:04.4,06:01.2,0.5,TRANSFER_ERROR,1
UP004936,APP02151,Income,Successful,50:04.9,04:45.3,1.78,,2
UP004937,APP02151,Additional Document,Successful,00:31.3,26:33.2,11.47,,1
UP004938,APP02152,Identity,Failed,00:46.4,19:42.7,2.9,UPLOAD_TIMEOUT,1
UP004939,APP02152,Identity,Failed,01:12.8,15:47.3,2.61,UPLOAD_TIMEOUT,2
UP004940,APP02152,Identity,Successful,01:25.6,21:30.2,4.7,,3
UP004941,APP02152,Income,Successful,59:39.8,15:56.3,1.16,,1
UP004942,APP02152,Additional Document,Failed,08:46.1,37:29.9,4.62,UPLOAD_TIMEOUT,1
UP004943,APP02152,Additional Document,Successful,16:24.8,46:13.7,9.36,,2
UP004944,APP02153,Identity,Successful,59:21.2,16:34.3,4.04,,1
UP004945,APP02153,Income,Successful,57:38.2,17:42.1,2.76,,1
UP004946,APP02153,Additional Document,Successful,06:09.6,33:08.3,5.69,,1
UP004947,APP02154,Identity,Successful,24:11.6,36:38.3,5.71,,1
UP004948,APP02154,Income,Successful,23:10.9,42:24.9,0.99,,1
UP004949,APP02154,Additional Document,Failed,31:55.6,01:38.3,6.35,UPLOAD_TIMEOUT,1
UP004950,APP02154,Additional Document,Failed,31:21.7,01:16.2,6.05,FILE_TOO_LARGE,2
UP004951,APP02154,Additional Document,Successful,30:38.8,58:22.6,6.66,,3
UP004952,APP02155,Identity,Successful,29:53.4,00:25.2,4.11,,1
UP004953,APP02155,Income,Successful,33:44.0,52:15.9,0.5,,1
UP004954,APP02155,Additional Document,Successful,31:45.0,00:50.8,6.42,,1
UP004955,APP02156,Identity,Successful,51:33.9,21:26.2,2.61,,1
UP004956,APP02156,Income,Successful,57:43.8,13:58.1,1.52,,1
UP004957,APP02156,Additional Document,Successful,09:24.5,37:19.7,9.67,,1
UP004958,APP02157,Identity,Failed,17:54.6,33:03.1,3.95,FILE_TOO_LARGE,1
UP004959,APP02157,Identity,Successful,13:48.4,28:36.2,5.92,,2
UP004960,APP02157,Income,Successful,10:13.6,29:50.1,6.57,,1
UP004961,APP02157,Additional Document,Successful,14:27.0,31:53.6,5.66,,1
UP004962,APP02158,Identity,Successful,14:37.9,27:24.2,4.03,,1
UP004963,APP02158,Income,Successful,29:32.9,43:54.2,3.24,,1
UP004964,APP02158,Additional Document,Successful,38:53.8,12:42.1,7.39,,1
UP004965,APP02159,Identity,Successful,25:05.1,47:31.4,2.36,,1
UP004966,APP02159,Income,Failed,14:53.7,33:24.7,2.3,UPLOAD_TIMEOUT,1
UP004967,APP02159,Income,Successful,16:10.4,32:04.1,5.12,,2
UP004968,APP02159,Additional Document,Successful,24:27.8,01:05.6,3.98,,1
UP004969,APP02160,Identity,Successful,50:54.6,10:14.3,4.42,,1
UP004970,APP02160,Income,Successful,49:17.0,05:28.2,1.91,,1
UP004971,APP02160,Additional Document,Successful,08:23.4,32:37.6,7.69,,1
UP004972,APP02161,Identity,Successful,52:44.6,12:40.3,2.41,,1
UP004973,APP02161,Income,Successful,50:03.9,01:46.9,6.67,,1
UP004974,APP02161,Additional Document,Successful,03:35.3,30:39.4,3.02,,1
UP004975,APP02162,Identity,Successful,58:59.5,11:02.3,2.78,,1
UP004976,APP02162,Income,Successful,00:14.8,20:36.8,3.08,,1
UP004977,APP02162,Additional Document,Failed,04:07.5,30:37.4,8.37,TRANSFER_ERROR,1
UP004978,APP02162,Additional Document,Failed,12:04.6,34:09.2,4.72,TRANSFER_ERROR,2
UP004979,APP02162,Additional Document,Successful,01:56.7,15:45.3,4.07,,3
UP004980,APP02163,Identity,Successful,59:58.0,16:36.3,5.18,,1
UP004981,APP02163,Income,Successful,10:24.1,31:27.9,1.71,,1
UP004982,APP02163,Additional Document,Successful,18:22.3,42:47.4,5.71,,1
UP004983,APP02164,Identity,Successful,29:58.3,52:56.3,4.91,,1
UP004984,APP02164,Income,Successful,33:11.5,44:28.8,0.96,,1
UP004985,APP02164,Additional Document,Successful,43:54.5,03:14.5,7.55,,1
UP004986,APP02165,Identity,Successful,52:54.2,10:56.1,2.02,,1
UP004987,APP02165,Income,Successful,49:09.7,03:56.8,3.2,,1
UP004988,APP02165,Additional Document,Successful,55:43.4,26:34.0,6.55,,1
UP004989,APP02166,Identity,Failed,50:45.7,20:16.1,6.01,FILE_TOO_LARGE,1
UP004990,APP02166,Identity,Successful,51:16.0,12:37.8,3.44,,2
UP004991,APP02166,Income,Successful,01:28.7,21:06.1,0.5,,1
UP004992,APP02166,Additional Document,Successful,54:51.2,20:29.3,5.26,,1
UP004993,APP02167,Identity,Successful,18:48.6,37:33.6,3.81,,1
UP004994,APP02167,Income,Failed,19:23.7,36:07.4,5.21,TRANSFER_ERROR,1
UP004995,APP02167,Income,Failed,12:09.4,27:40.5,5.79,FILE_TOO_LARGE,2
UP004996,APP02167,Income,Successful,15:12.4,38:42.0,3.32,,3
UP004997,APP02167,Additional Document,Successful,25:44.2,38:17.1,7.22,,1
UP004998,APP02168,Identity,Successful,12:48.2,37:28.8,4.11,,1
UP004999,APP02168,Income,Successful,05:17.5,12:51.4,4.63,,1
UP005000,APP02168,Additional Document,Failed,16:37.6,33:48.4,8.7,UPLOAD_TIMEOUT,1
UP005001,APP02168,Additional Document,Failed,14:25.3,37:17.1,8.2,UPLOAD_TIMEOUT,2
UP005002,APP02168,Additional Document,Successful,14:34.5,28:19.6,7.31,,3
UP005003,APP02169,Identity,Successful,08:09.6,36:35.2,3.36,,1
UP005004,APP02169,Income,Failed,07:55.5,22:44.0,5.25,TRANSFER_ERROR,1
UP005005,APP02169,Income,Successful,09:01.3,31:43.9,1.51,,2
UP005006,APP02169,Additional Document,Successful,17:45.6,51:48.8,7.69,,1
UP005007,APP02170,Identity,Successful,37:11.3,58:49.3,3.89,,1
UP005008,APP02170,Income,Successful,55:39.0,13:11.4,4.89,,1
UP005009,APP02170,Additional Document,Failed,49:19.2,17:46.0,9.93,TRANSFER_ERROR,1
UP005010,APP02170,Additional Document,Successful,48:37.5,16:30.6,6.44,,2
UP005011,APP02171,Identity,Successful,15:45.5,32:36.2,4.7,,1
UP005012,APP02171,Income,Failed,15:20.8,28:51.3,2.77,TRANSFER_ERROR,1
UP005013,APP02171,Income,Successful,19:17.0,35:00.9,1.4,,2
UP005014,APP02171,Additional Document,Successful,19:54.8,39:57.5,6.8,,1
UP005015,APP02172,Identity,Successful,20:21.2,36:58.2,5.18,,1
UP005016,APP02172,Income,Successful,32:48.7,55:08.5,4.75,,1
UP005017,APP02172,Additional Document,Successful,36:19.9,03:26.1,8.23,,1
UP005018,APP02173,Identity,Successful,45:11.5,55:45.6,5.65,,1
UP005019,APP02173,Income,Successful,43:37.0,07:31.3,1.31,,1
UP005020,APP02173,Additional Document,Successful,49:35.3,26:57.7,9.74,,1
UP005021,APP02174,Identity,Failed,54:21.2,15:33.8,3.6,TRANSFER_ERROR,1
UP005022,APP02174,Identity,Successful,56:49.3,15:24.5,1.05,,2
UP005023,APP02174,Income,Successful,58:51.2,20:44.6,4.37,,1
UP005024,APP02174,Additional Document,Successful,06:55.5,33:39.2,10.81,,1
UP005025,APP02175,Identity,Successful,40:48.3,59:57.0,0.5,,1
UP005026,APP02175,Income,Failed,36:24.5,50:50.4,2.42,UPLOAD_TIMEOUT,1
UP005027,APP02175,Income,Failed,39:30.8,50:41.1,6.21,TRANSFER_ERROR,2
UP005028,APP02175,Income,Successful,46:03.5,04:18.7,4.04,,3
UP005029,APP02175,Additional Document,Successful,48:34.9,13:49.6,8.77,,1
UP005030,APP02176,Identity,Successful,08:56.7,23:28.4,2.79,,1
UP005031,APP02176,Income,Successful,03:05.5,21:43.0,7.98,,1
UP005032,APP02176,Additional Document,Successful,23:27.1,40:06.4,3.97,,1
UP005033,APP02177,Identity,Failed,56:38.1,10:18.9,3.58,TRANSFER_ERROR,1
UP005034,APP02177,Identity,Failed,07:29.9,22:49.0,0.91,UPLOAD_TIMEOUT,2
UP005035,APP02177,Identity,Successful,58:11.9,14:13.3,3.19,,3
UP005036,APP02177,Income,Successful,07:49.0,29:53.6,3.47,,1
UP005037,APP02177,Additional Document,Successful,26:33.1,48:14.1,6.85,,1
UP005038,APP02178,Identity,Successful,28:25.2,45:04.7,3.22,,1
UP005039,APP02178,Income,Failed,31:11.1,50:05.2,5.94,UPLOAD_TIMEOUT,1
UP005040,APP02178,Income,Failed,36:18.6,54:47.0,2.33,FILE_TOO_LARGE,2
UP005041,APP02178,Income,Successful,49:37.5,04:49.8,2.18,,3
UP005042,APP02178,Additional Document,Successful,34:08.0,58:50.9,4.91,,1
UP005043,APP02179,Identity,Successful,59:56.5,20:49.2,1.81,,1
UP005044,APP02179,Income,Successful,08:16.0,36:23.4,3.12,,1
UP005045,APP02179,Additional Document,Failed,14:15.1,45:39.3,6.71,UPLOAD_TIMEOUT,1
UP005046,APP02179,Additional Document,Successful,10:17.3,21:29.0,8.38,,2
UP005047,APP02180,Identity,Successful,01:21.5,26:03.4,5.57,,1
UP005048,APP02180,Income,Successful,10:09.9,34:42.1,6.25,,1
UP005049,APP02180,Additional Document,Successful,04:00.3,27:55.8,8.53,,1
UP005050,APP02181,Identity,Successful,52:33.7,05:30.4,1.11,,1
UP005051,APP02181,Income,Successful,56:49.4,07:12.5,2.76,,1
UP005052,APP02181,Additional Document,Successful,09:21.7,32:29.3,9.57,,1
UP005053,APP02182,Identity,Successful,34:16.7,42:47.5,3.73,,1
UP005054,APP02182,Income,Failed,38:03.6,45:04.0,1.63,TRANSFER_ERROR,1
UP005055,APP02182,Income,Successful,40:19.2,57:00.1,2.1,,2
UP005056,APP02182,Additional Document,Successful,38:44.6,54:26.5,7.67,,1
UP005057,APP02183,Identity,Failed,12:36.4,37:51.6,3.54,UPLOAD_TIMEOUT,1
UP005058,APP02183,Identity,Successful,04:34.4,15:49.0,3.96,,2
UP005059,APP02183,Income,Successful,09:48.6,21:17.5,3.74,,1
UP005060,APP02183,Additional Document,Successful,31:59.6,01:02.6,10.52,,1
UP005061,APP02184,Identity,Successful,47:24.9,03:34.4,6.47,,1
UP005062,APP02184,Income,Successful,45:58.9,56:16.1,4.44,,1
UP005063,APP02184,Additional Document,Successful,54:47.4,19:26.1,5.26,,1
UP005064,APP02185,Identity,Failed,26:59.8,45:30.2,2.23,TRANSFER_ERROR,1
UP005065,APP02185,Identity,Failed,39:54.3,56:47.0,5.33,UPLOAD_TIMEOUT,2
UP005066,APP02185,Identity,Successful,32:59.0,51:11.4,1.74,,3
UP005067,APP02185,Income,Successful,29:25.7,51:00.7,3.29,,1
UP005068,APP02185,Additional Document,Successful,42:41.1,09:21.7,10.46,,1
UP005069,APP02186,Identity,Successful,42:24.0,03:45.0,4.17,,1
UP005070,APP02186,Income,Successful,49:11.4,06:18.6,6.21,,1
UP005071,APP02186,Additional Document,Failed,50:29.2,22:53.4,6.31,FILE_TOO_LARGE,1
UP005072,APP02186,Additional Document,Successful,50:26.1,22:09.6,5.65,,2
UP005073,APP02187,Identity,Successful,21:45.8,38:45.2,4.26,,1
UP005074,APP02187,Income,Successful,12:05.5,31:01.9,4.48,,1
UP005075,APP02187,Additional Document,Successful,30:57.6,52:17.6,7.04,,1
UP005076,APP02188,Identity,Failed,00:56.7,20:47.5,4.17,TRANSFER_ERROR,1
UP005077,APP02188,Identity,Successful,57:39.4,11:44.3,1.71,,2
UP005078,APP02188,Income,Successful,05:52.2,29:36.7,1.8,,1
UP005079,APP02188,Additional Document,Successful,05:16.1,31:10.0,4.89,,1
UP005080,APP02189,Identity,Successful,01:59.6,22:37.7,4.22,,1
UP005081,APP02189,Income,Successful,07:59.9,35:52.3,6.84,,1
UP005082,APP02189,Additional Document,Successful,08:49.4,26:40.6,6.77,,1
UP005083,APP02190,Identity,Successful,24:18.7,37:33.3,6.16,,1
UP005084,APP02190,Income,Successful,29:53.1,43:01.2,2.4,,1
UP005085,APP02190,Additional Document,Successful,38:50.3,02:50.6,6.98,,1
UP005086,APP02191,Identity,Successful,59:49.1,13:49.4,0.59,,1
UP005087,APP02191,Income,Failed,05:40.6,20:42.5,2.94,UPLOAD_TIMEOUT,1
UP005088,APP02191,Income,Successful,58:51.3,15:54.8,5.51,,2
UP005089,APP02191,Additional Document,Successful,04:30.0,30:50.1,6.93,,1
UP005090,APP02192,Identity,Failed,57:54.3,17:12.7,1.78,TRANSFER_ERROR,1
UP005091,APP02192,Identity,Successful,59:15.0,21:05.4,5.2,,2
UP005092,APP02192,Income,Successful,09:49.0,25:41.9,4.27,,1
UP005093,APP02192,Additional Document,Successful,08:23.0,36:27.0,7.23,,1
UP005094,APP02193,Identity,Successful,26:52.4,43:53.6,3.15,,1
UP005095,APP02193,Income,Failed,26:07.8,40:20.7,4.95,UPLOAD_TIMEOUT,1
UP005096,APP02193,Income,Failed,30:07.6,48:55.7,6.98,UPLOAD_TIMEOUT,2
UP005097,APP02193,Income,Successful,33:59.2,59:13.7,4.24,,3
UP005098,APP02193,Additional Document,Successful,40:31.0,00:34.5,10.07,,1
UP005099,APP02194,Identity,Failed,05:12.3,21:18.4,1.56,UPLOAD_TIMEOUT,1
UP005100,APP02194,Identity,Successful,06:40.8,26:38.8,2.89,,2
UP005101,APP02194,Income,Successful,58:54.8,33:51.2,4.82,,1
UP005102,APP02194,Additional Document,Successful,07:46.3,36:51.1,8.7,,1
UP005103,APP02195,Identity,Successful,11:09.7,25:44.6,4.78,,1
UP005104,APP02195,Income,Successful,22:08.3,52:37.1,3.71,,1
UP005105,APP02195,Additional Document,Successful,16:03.1,43:37.6,1.05,,1
UP005106,APP02196,Identity,Successful,37:51.7,10:38.3,5.82,,1
UP005107,APP02196,Income,Successful,48:51.2,04:43.4,6,,1
UP005108,APP02196,Additional Document,Successful,46:08.6,15:11.7,4.84,,1
UP005109,APP02197,Identity,Successful,05:37.6,28:43.1,0.5,,1
UP005110,APP02197,Income,Successful,13:43.5,30:34.0,5.3,,1
UP005111,APP02197,Additional Document,Successful,01:43.8,30:46.6,8.57,,1
UP005112,APP02198,Identity,Successful,03:43.1,11:31.5,3.3,,1
UP005113,APP02198,Income,Successful,09:06.3,22:19.6,0.5,,1
UP005114,APP02198,Additional Document,Failed,21:09.2,46:53.1,9.63,UPLOAD_TIMEOUT,1
UP005115,APP02198,Additional Document,Failed,16:10.5,43:06.3,6.94,UPLOAD_TIMEOUT,2
UP005116,APP02198,Additional Document,Successful,19:31.0,44:26.9,7.08,,3
UP005117,APP02199,Identity,Failed,54:31.3,13:04.6,3.08,TRANSFER_ERROR,1
UP005118,APP02199,Identity,Successful,48:03.3,07:34.6,4.84,,2
UP005119,APP02199,Income,Successful,50:23.8,03:03.0,1.48,,1
UP005120,APP02199,Additional Document,Successful,58:53.3,32:19.9,9.82,,1
UP005121,APP02200,Identity,Failed,22:26.3,42:03.6,4.18,UPLOAD_TIMEOUT,1
UP005122,APP02200,Identity,Successful,17:52.3,29:58.5,2.7,,2
UP005123,APP02200,Income,Failed,20:03.5,40:14.3,3.87,UPLOAD_TIMEOUT,1
UP005124,APP02200,Income,Successful,16:45.8,29:04.4,3.74,,2
UP005125,APP02200,Additional Document,Successful,37:16.8,59:06.9,7.54,,1
UP005126,APP02201,Identity,Failed,30:13.2,54:06.4,2.07,TRANSFER_ERROR,1
UP005127,APP02201,Identity,Successful,35:06.3,01:10.1,4.33,,2
UP005128,APP02201,Income,Successful,40:42.8,57:38.1,3.5,,1
UP005129,APP02201,Additional Document,Successful,40:57.2,11:46.4,6.33,,1
UP005130,APP02202,Identity,Successful,34:11.5,47:44.0,4.21,,1
UP005131,APP02202,Income,Successful,42:50.9,00:37.6,1.52,,1
UP005132,APP02202,Additional Document,Successful,56:41.5,21:26.8,5.95,,1
UP005133,APP02203,Identity,Successful,46:00.0,03:42.5,0.5,,1
UP005134,APP02203,Income,Failed,06:25.7,15:10.0,2.13,UPLOAD_TIMEOUT,1
UP005135,APP02203,Income,Successful,55:53.6,08:16.1,0.68,,2
UP005136,APP02203,Additional Document,Successful,10:08.9,32:22.8,5.8,,1
UP005137,APP02204,Identity,Successful,39:45.5,00:10.0,7.23,,1
UP005138,APP02204,Income,Successful,48:13.2,11:11.5,0.97,,1
UP005139,APP02204,Additional Document,Successful,57:28.2,16:10.6,10.35,,1
UP005140,APP02205,Identity,Successful,49:19.2,17:39.1,1.87,,1
UP005141,APP02205,Income,Successful,03:53.8,26:54.4,6.34,,1
UP005142,APP02205,Additional Document,Successful,11:44.3,39:34.2,5.57,,1
UP005143,APP02206,Identity,Successful,19:02.2,28:26.9,5.12,,1
UP005144,APP02206,Income,Successful,27:48.4,47:29.8,6.63,,1
UP005145,APP02206,Additional Document,Successful,34:23.6,57:06.9,8.15,,1
UP005146,APP02207,Identity,Successful,55:04.5,08:40.6,3.28,,1
UP005147,APP02207,Income,Successful,58:17.9,08:50.9,5.38,,1
UP005148,APP02207,Additional Document,Failed,57:26.9,24:44.4,7.28,UPLOAD_TIMEOUT,1
UP005149,APP02207,Additional Document,Successful,01:00.3,36:19.3,8.27,,2
UP005150,APP02208,Identity,Successful,05:44.0,30:39.2,5.01,,1
UP005151,APP02208,Income,Successful,11:14.3,38:22.7,5.71,,1
UP005152,APP02208,Additional Document,Successful,15:18.8,48:19.8,6.38,,1
UP005153,APP02209,Identity,Successful,02:18.5,25:08.6,1.14,,1
UP005154,APP02209,Income,Failed,08:49.0,28:21.3,4.63,UPLOAD_TIMEOUT,1
UP005155,APP02209,Income,Failed,53:00.0,09:59.8,5.57,TRANSFER_ERROR,2
UP005156,APP02209,Income,Successful,10:59.4,19:08.2,4.04,,3
UP005157,APP02209,Additional Document,Successful,09:53.3,36:34.6,7.17,,1
UP005158,APP02210,Identity,Successful,41:37.6,02:15.2,4.21,,1
UP005159,APP02210,Income,Successful,42:38.1,03:16.2,3.43,,1
UP005160,APP02210,Additional Document,Failed,45:27.9,20:30.0,6.21,UPLOAD_TIMEOUT,1
UP005161,APP02210,Additional Document,Successful,54:49.9,31:45.0,5.36,,2
UP005162,APP02211,Identity,Successful,12:33.8,27:55.0,3.72,,1
UP005163,APP02211,Income,Successful,15:56.5,42:30.4,4.01,,1
UP005164,APP02211,Additional Document,Failed,21:15.0,50:00.3,5.8,FILE_TOO_LARGE,1
UP005165,APP02211,Additional Document,Successful,25:51.3,57:48.5,5.25,,2
UP005166,APP02212,Identity,Successful,21:05.0,37:19.6,1.37,,1
UP005167,APP02212,Income,Successful,22:42.3,45:54.4,3.87,,1
UP005168,APP02212,Additional Document,Successful,23:59.4,39:05.7,4.38,,1
UP005169,APP02213,Identity,Failed,03:26.0,28:28.7,2.95,UPLOAD_TIMEOUT,1
UP005170,APP02213,Identity,Failed,08:27.5,30:44.6,4.23,TRANSFER_ERROR,2
UP005171,APP02213,Identity,Successful,01:58.9,18:24.5,3.73,,3
UP005172,APP02213,Income,Successful,16:52.9,35:50.5,4.91,,1
UP005173,APP02213,Additional Document,Successful,26:12.4,54:57.3,5.7,,1
UP005174,APP02214,Identity,Failed,39:56.8,53:54.2,5.35,FILE_TOO_LARGE,1
UP005175,APP02214,Identity,Successful,41:54.5,03:35.2,4.98,,2
UP005176,APP02214,Income,Successful,42:38.2,10:45.7,2.1,,1
UP005177,APP02214,Additional Document,Successful,42:59.8,10:09.2,7.58,,1
UP005178,APP02215,Identity,Successful,58:36.8,12:22.2,0.83,,1
UP005179,APP02215,Income,Successful,03:16.1,14:43.8,2.53,,1
UP005180,APP02215,Additional Document,Successful,03:30.5,36:23.3,9.93,,1
UP005181,APP02216,Identity,Failed,34:04.4,49:08.5,3.24,UPLOAD_TIMEOUT,1
UP005182,APP02216,Identity,Failed,38:49.1,57:19.0,4.83,FILE_TOO_LARGE,2
UP005183,APP02216,Identity,Successful,50:34.7,16:03.5,4.39,,3
UP005184,APP02216,Income,Failed,42:48.3,02:28.9,5.1,UPLOAD_TIMEOUT,1
UP005185,APP02216,Income,Successful,47:51.0,03:46.7,4.32,,2
UP005186,APP02216,Additional Document,Successful,53:53.9,24:47.2,10.24,,1
UP005187,APP02217,Identity,Successful,14:46.4,41:03.8,6.52,,1
UP005188,APP02217,Income,Successful,15:36.8,43:02.6,1.65,,1
UP005189,APP02217,Additional Document,Successful,21:01.5,44:44.6,6.19,,1
UP005190,APP02218,Identity,Successful,21:38.1,34:06.1,4.24,,1
UP005191,APP02218,Income,Successful,32:16.5,52:07.7,3.79,,1
UP005192,APP02218,Additional Document,Failed,38:12.8,58:20.0,6.76,UPLOAD_TIMEOUT,1
UP005193,APP02218,Additional Document,Failed,36:07.6,50:30.4,8.25,UPLOAD_TIMEOUT,2
UP005194,APP02218,Additional Document,Successful,38:45.3,02:01.9,6.74,,3
UP005195,APP02219,Identity,Successful,27:31.0,51:15.6,2.59,,1
UP005196,APP02219,Income,Successful,44:13.5,12:23.8,1.9,,1
UP005197,APP02219,Additional Document,Successful,37:08.1,04:36.8,5.92,,1
UP005198,APP02220,Identity,Successful,10:32.1,38:21.5,2.69,,1
UP005199,APP02220,Income,Successful,18:25.5,37:29.9,3.99,,1
UP005200,APP02220,Additional Document,Successful,17:26.8,41:19.5,6.38,,1
UP005201,APP02221,Identity,Successful,07:02.3,23:50.9,3.1,,1
UP005202,APP02221,Income,Successful,14:14.1,26:43.3,2.12,,1
UP005203,APP02221,Additional Document,Successful,14:13.9,34:09.2,8.63,,1
UP005204,APP02222,Identity,Successful,57:19.1,18:17.4,3.2,,1
UP005205,APP02222,Income,Successful,10:31.5,28:13.7,6.9,,1
UP005206,APP02222,Additional Document,Successful,15:29.9,36:35.9,9.09,,1
UP005207,APP02223,Identity,Successful,26:34.0,49:28.4,4.16,,1
UP005208,APP02223,Income,Successful,27:42.6,58:36.4,2.15,,1
UP005209,APP02223,Additional Document,Failed,26:10.4,52:24.4,7.59,FILE_TOO_LARGE,1
UP005210,APP02223,Additional Document,Successful,39:27.4,12:55.3,4.21,,2
UP005211,APP02224,Identity,Failed,14:08.6,25:21.5,0.5,UPLOAD_TIMEOUT,1
UP005212,APP02224,Identity,Failed,20:56.7,51:17.1,3.95,UPLOAD_TIMEOUT,2
UP005213,APP02224,Identity,Successful,19:34.6,36:40.2,3.46,,3
UP005214,APP02224,Income,Successful,22:47.3,46:04.5,6.35,,1
UP005215,APP02224,Additional Document,Failed,16:49.1,51:26.8,7.45,TRANSFER_ERROR,1
UP005216,APP02224,Additional Document,Successful,25:35.2,52:30.6,6.6,,2
UP005217,APP02225,Identity,Failed,11:01.3,25:07.1,4,TRANSFER_ERROR,1
UP005218,APP02225,Identity,Successful,13:38.8,20:39.1,0.97,,2
UP005219,APP02225,Income,Successful,16:45.9,28:35.4,2.32,,1
UP005220,APP02225,Additional Document,Successful,23:22.4,47:48.2,5.97,,1
UP005221,APP02226,Identity,Failed,44:48.0,00:47.0,1.85,FILE_TOO_LARGE,1
UP005222,APP02226,Identity,Failed,47:33.3,08:54.3,4.73,UPLOAD_TIMEOUT,2
UP005223,APP02226,Identity,Successful,53:36.2,09:42.5,2.31,,3
UP005224,APP02226,Income,Successful,59:45.2,18:55.3,2.91,,1
UP005225,APP02226,Additional Document,Successful,01:58.2,20:38.8,9.5,,1
UP005226,APP02227,Identity,Failed,41:19.0,56:25.6,0.5,UPLOAD_TIMEOUT,1
UP005227,APP02227,Identity,Successful,45:11.4,57:58.9,6.35,,2
UP005228,APP02227,Income,Failed,51:05.8,08:03.5,5.92,FILE_TOO_LARGE,1
UP005229,APP02227,Income,Successful,51:40.1,14:12.3,3.05,,2
UP005230,APP02227,Additional Document,Successful,51:03.9,12:52.4,7.17,,1
UP005231,APP02228,Identity,Successful,12:53.0,43:07.6,4.39,,1
UP005232,APP02228,Income,Successful,33:52.1,59:41.3,1.82,,1
UP005233,APP02228,Additional Document,Failed,31:26.7,02:15.0,8.68,UPLOAD_TIMEOUT,1
UP005234,APP02228,Additional Document,Successful,32:36.6,56:54.7,7.9,,2
UP005235,APP02229,Identity,Successful,44:34.1,10:16.5,0.86,,1
UP005236,APP02229,Income,Successful,03:00.9,28:08.4,2.49,,1
UP005237,APP02229,Additional Document,Successful,00:46.5,25:19.0,8.71,,1
UP005238,APP02230,Identity,Failed,53:10.1,07:44.2,5.82,UPLOAD_TIMEOUT,1
UP005239,APP02230,Identity,Successful,55:27.2,16:03.5,2.37,,2
UP005240,APP02230,Income,Failed,04:04.3,24:59.0,3.39,UPLOAD_TIMEOUT,1
UP005241,APP02230,Income,Successful,09:46.9,23:34.1,0.5,,2
UP005242,APP02230,Additional Document,Successful,10:35.8,45:05.9,4.14,,1
UP005243,APP02231,Identity,Successful,28:50.5,39:46.2,3.49,,1
UP005244,APP02231,Income,Successful,46:10.9,01:56.4,3.02,,1
UP005245,APP02231,Additional Document,Successful,47:45.1,07:43.0,6.46,,1
UP005246,APP02232,Identity,Successful,09:03.5,26:36.0,4.08,,1
UP005247,APP02232,Income,Successful,19:54.0,36:47.5,1.02,,1
UP005248,APP02232,Additional Document,Successful,30:42.9,54:13.5,8.17,,1
UP005249,APP02233,Identity,Successful,28:01.0,44:51.7,4.09,,1
UP005250,APP02233,Income,Successful,30:20.3,43:18.2,1.03,,1
UP005251,APP02233,Additional Document,Successful,36:03.7,58:04.6,9.16,,1
UP005252,APP02234,Identity,Successful,46:24.0,03:06.5,3.46,,1
UP005253,APP02234,Income,Successful,00:56.6,09:34.0,1.32,,1
UP005254,APP02234,Additional Document,Successful,00:21.4,20:31.8,6.34,,1
UP005255,APP02235,Identity,Successful,17:10.5,37:00.8,4.26,,1
UP005256,APP02235,Income,Successful,23:33.3,38:22.3,1.3,,1
UP005257,APP02235,Additional Document,Successful,26:55.7,51:19.5,5.86,,1
UP005258,APP02236,Identity,Successful,54:56.8,11:33.4,2.11,,1
UP005259,APP02236,Income,Failed,04:33.6,23:09.9,3.19,UPLOAD_TIMEOUT,1
UP005260,APP02236,Income,Successful,06:21.0,18:09.1,0.67,,2
UP005261,APP02236,Additional Document,Successful,18:42.6,43:09.7,8.24,,1
UP005262,APP02237,Identity,Failed,16:41.1,32:05.0,3.05,UPLOAD_TIMEOUT,1
UP005263,APP02237,Identity,Failed,14:41.4,32:18.4,3.94,UPLOAD_TIMEOUT,2
UP005264,APP02237,Identity,Successful,19:29.2,34:40.2,1.22,,3
UP005265,APP02237,Income,Successful,21:06.2,39:53.5,3.37,,1
UP005266,APP02237,Additional Document,Successful,25:48.5,57:39.4,7.45,,1
UP005267,APP02238,Identity,Successful,45:36.0,53:18.7,4.55,,1
UP005268,APP02238,Income,Successful,57:58.4,12:21.1,3.03,,1
UP005269,APP02238,Additional Document,Successful,53:30.2,13:34.1,5.12,,1
UP005270,APP02239,Identity,Successful,59:32.6,10:13.8,4.06,,1
UP005271,APP02239,Income,Successful,03:55.2,24:58.5,2.41,,1
UP005272,APP02239,Additional Document,Successful,00:21.5,27:03.1,7.58,,1
UP005273,APP02240,Identity,Successful,23:03.9,31:17.3,1,,1
UP005274,APP02240,Income,Failed,28:21.4,45:19.2,2.16,UPLOAD_TIMEOUT,1
UP005275,APP02240,Income,Failed,41:54.0,01:44.3,2.98,TRANSFER_ERROR,2
UP005276,APP02240,Income,Successful,37:47.3,53:40.6,4.2,,3
UP005277,APP02240,Additional Document,Successful,25:11.1,51:34.7,6.68,,1
UP005278,APP02241,Identity,Successful,13:33.6,29:03.5,5.78,,1
UP005279,APP02241,Income,Successful,58:00.0,14:43.0,4.61,,1
UP005280,APP02241,Additional Document,Successful,16:00.3,44:02.0,8.67,,1
UP005281,APP02242,Identity,Successful,01:36.2,13:25.4,3.9,,1
UP005282,APP02242,Income,Successful,02:19.9,32:52.8,3.9,,1
UP005283,APP02242,Additional Document,Successful,06:17.6,32:42.9,8.71,,1
UP005284,APP02243,Identity,Successful,15:48.1,37:20.3,2.39,,1
UP005285,APP02243,Income,Successful,18:41.7,33:20.5,2.96,,1
UP005286,APP02243,Additional Document,Failed,30:59.1,52:33.9,5.44,FILE_TOO_LARGE,1
UP005287,APP02243,Additional Document,Failed,29:23.2,55:50.8,4.68,TRANSFER_ERROR,2
UP005288,APP02243,Additional Document,Successful,28:03.8,57:26.1,6.23,,3
UP005289,APP02244,Identity,Failed,35:37.2,04:29.7,3.96,UPLOAD_TIMEOUT,1
UP005290,APP02244,Identity,Successful,29:26.6,49:47.7,4.11,,2
UP005291,APP02244,Income,Failed,28:30.0,50:17.1,2.97,TRANSFER_ERROR,1
UP005292,APP02244,Income,Successful,41:29.7,04:44.0,3.06,,2
UP005293,APP02244,Additional Document,Failed,39:09.4,06:21.2,3.93,UPLOAD_TIMEOUT,1
UP005294,APP02244,Additional Document,Failed,44:50.7,10:45.5,7.89,UPLOAD_TIMEOUT,2
UP005295,APP02244,Additional Document,Successful,37:56.7,06:41.0,2.77,,3
UP005296,APP02245,Identity,Successful,36:50.1,58:50.2,3.96,,1
UP005297,APP02245,Income,Successful,41:56.5,10:24.9,6.83,,1
UP005298,APP02245,Additional Document,Successful,37:48.4,05:33.4,4.97,,1
UP005299,APP02246,Identity,Failed,27:40.0,40:22.9,4.17,UPLOAD_TIMEOUT,1
UP005300,APP02246,Identity,Failed,19:31.7,41:55.8,4.11,TRANSFER_ERROR,2
UP005301,APP02246,Identity,Successful,13:43.9,25:34.7,1.9,,3
UP005302,APP02246,Income,Failed,13:53.2,27:20.1,2.37,FILE_TOO_LARGE,1
UP005303,APP02246,Income,Failed,20:10.6,41:04.5,5.13,UPLOAD_TIMEOUT,2
UP005304,APP02246,Income,Successful,25:27.5,47:30.4,5.97,,3
UP005305,APP02246,Additional Document,Successful,17:31.8,39:12.7,9.05,,1
UP005306,APP02247,Identity,Successful,07:53.2,25:56.3,0.5,,1
UP005307,APP02247,Income,Failed,09:08.0,30:40.1,5.86,TRANSFER_ERROR,1
UP005308,APP02247,Income,Failed,07:33.4,26:57.7,7.21,UPLOAD_TIMEOUT,2
UP005309,APP02247,Income,Successful,04:20.3,14:08.9,3.96,,3
UP005310,APP02247,Additional Document,Successful,10:45.2,37:06.3,6.33,,1
UP005311,APP02248,Identity,Successful,17:52.4,32:20.6,5.68,,1
UP005312,APP02248,Income,Successful,18:10.8,33:51.3,4.17,,1
UP005313,APP02248,Additional Document,Failed,16:10.0,40:32.4,9.67,UPLOAD_TIMEOUT,1
UP005314,APP02248,Additional Document,Successful,22:09.1,50:38.2,7.38,,2
UP005315,APP02249,Identity,Successful,09:56.6,16:17.1,1.46,,1
UP005316,APP02249,Income,Failed,08:40.3,25:39.6,6.86,TRANSFER_ERROR,1
UP005317,APP02249,Income,Failed,14:01.5,29:26.4,0.5,UPLOAD_TIMEOUT,2
UP005318,APP02249,Income,Successful,23:51.3,39:59.3,0.95,,3
UP005319,APP02249,Additional Document,Successful,12:06.0,31:18.8,4.29,,1
UP005320,APP02250,Identity,Failed,42:07.7,57:06.7,3.36,TRANSFER_ERROR,1
UP005321,APP02250,Identity,Failed,35:38.0,53:35.8,4.67,UPLOAD_TIMEOUT,2
UP005322,APP02250,Identity,Successful,39:57.6,58:12.2,3.57,,3
UP005323,APP02250,Income,Successful,46:40.5,05:03.0,5.85,,1
UP005324,APP02250,Additional Document,Successful,48:16.6,13:28.1,10.17,,1
UP005325,APP02251,Identity,Successful,47:47.6,07:57.5,3.52,,1
UP005326,APP02251,Income,Successful,07:17.5,30:29.4,2.1,,1
UP005327,APP02251,Additional Document,Failed,03:48.1,30:19.8,7.08,TRANSFER_ERROR,1
UP005328,APP02251,Additional Document,Successful,59:54.2,20:59.8,10.83,,2
UP005329,APP02252,Identity,Failed,38:09.2,58:21.5,3.59,TRANSFER_ERROR,1
UP005330,APP02252,Identity,Successful,41:54.1,59:46.3,4.76,,2
UP005331,APP02252,Income,Successful,37:41.6,08:34.4,5.19,,1
UP005332,APP02252,Additional Document,Failed,40:50.8,10:46.7,10.83,FILE_TOO_LARGE,1
UP005333,APP02252,Additional Document,Successful,41:52.5,08:37.2,7.81,,2
UP005334,APP02253,Identity,Successful,22:27.3,41:30.6,5.4,,1
UP005335,APP02253,Income,Successful,38:16.0,06:21.3,2.52,,1
UP005336,APP02253,Additional Document,Failed,30:30.6,17:18.5,6.6,FILE_TOO_LARGE,1
UP005337,APP02253,Additional Document,Successful,35:42.9,55:08.1,7.78,,2
UP005338,APP02254,Identity,Successful,30:25.0,46:52.3,4.06,,1
UP005339,APP02254,Income,Successful,35:50.1,00:04.4,2.86,,1
UP005340,APP02254,Additional Document,Successful,37:24.6,58:45.3,8.58,,1
UP005341,APP02255,Identity,Successful,10:12.1,26:35.4,2.24,,1
UP005342,APP02255,Income,Successful,17:40.3,37:13.5,3.34,,1
UP005343,APP02255,Additional Document,Successful,23:12.2,48:38.3,6.55,,1
UP005344,APP02256,Identity,Successful,36:25.1,51:11.8,3.78,,1
UP005345,APP02256,Income,Successful,42:07.4,00:53.0,3.57,,1
UP005346,APP02256,Additional Document,Successful,42:28.9,07:18.5,7.43,,1
UP005347,APP02257,Identity,Successful,46:37.7,08:45.0,4.86,,1
UP005348,APP02257,Income,Successful,00:51.4,18:05.5,4.11,,1
UP005349,APP02257,Additional Document,Successful,54:50.5,11:02.7,9.1,,1
UP005350,APP02258,Identity,Successful,53:26.3,12:59.8,2.86,,1
UP005351,APP02258,Income,Successful,41:38.3,05:49.7,4.15,,1
UP005352,APP02258,Additional Document,Failed,56:23.1,27:30.7,9.06,UPLOAD_TIMEOUT,1
UP005353,APP02258,Additional Document,Failed,00:07.3,25:41.8,5.64,TRANSFER_ERROR,2
UP005354,APP02258,Additional Document,Successful,12:44.1,42:07.3,10.2,,3
UP005355,APP02259,Identity,Successful,56:03.7,15:51.6,5.67,,1
UP005356,APP02259,Income,Successful,02:06.8,17:29.7,0.5,,1
UP005357,APP02259,Additional Document,Successful,10:18.8,28:58.6,7.31,,1
UP005358,APP02260,Identity,Successful,54:17.7,00:45.5,3.25,,1
UP005359,APP02260,Income,Successful,59:20.4,18:53.6,5.87,,1
UP005360,APP02260,Additional Document,Successful,09:36.9,27:57.4,9.75,,1
UP005361,APP02261,Identity,Failed,22:29.5,34:12.0,1.4,TRANSFER_ERROR,1
UP005362,APP02261,Identity,Successful,28:51.5,02:28.9,1.07,,2
UP005363,APP02261,Income,Successful,31:44.9,49:33.8,3.17,,1
UP005364,APP02261,Additional Document,Failed,34:51.9,58:00.5,7.9,FILE_TOO_LARGE,1
UP005365,APP02261,Additional Document,Failed,42:46.8,13:38.4,6.97,UPLOAD_TIMEOUT,2
UP005366,APP02261,Additional Document,Successful,35:52.9,05:42.0,9.74,,3
UP005367,APP02262,Identity,Failed,18:00.0,40:44.0,4.76,UPLOAD_TIMEOUT,1
UP005368,APP02262,Identity,Successful,35:13.6,42:46.0,3.49,,2
UP005369,APP02262,Income,Successful,29:15.2,40:41.6,4.89,,1
UP005370,APP02262,Additional Document,Successful,36:52.9,55:58.7,5.7,,1
UP005371,APP02263,Identity,Successful,43:17.3,54:52.2,4.55,,1
UP005372,APP02263,Income,Successful,50:14.4,59:55.8,4.32,,1
UP005373,APP02263,Additional Document,Successful,04:16.8,21:04.8,9.29,,1
UP005374,APP02264,Identity,Successful,45:20.7,10:21.1,0.6,,1
UP005375,APP02264,Income,Successful,56:16.3,25:16.7,2.7,,1
UP005376,APP02264,Additional Document,Failed,59:21.4,30:05.3,9.07,UPLOAD_TIMEOUT,1
UP005377,APP02264,Additional Document,Successful,02:19.4,36:40.6,7.31,,2
UP005378,APP02265,Identity,Successful,50:59.0,11:46.2,3.56,,1
UP005379,APP02265,Income,Failed,51:48.6,14:14.6,3.61,UPLOAD_TIMEOUT,1
UP005380,APP02265,Income,Successful,51:53.8,09:04.8,2.83,,2
UP005381,APP02265,Additional Document,Successful,56:26.1,24:01.7,5.72,,1
UP005382,APP02266,Identity,Successful,47:43.9,55:20.8,4.29,,1
UP005383,APP02266,Income,Successful,58:05.7,10:02.6,4.77,,1
UP005384,APP02266,Additional Document,Failed,59:09.2,12:55.7,5,UPLOAD_TIMEOUT,1
UP005385,APP02266,Additional Document,Failed,54:29.2,09:19.3,6.92,FILE_TOO_LARGE,2
UP005386,APP02266,Additional Document,Successful,10:38.8,33:53.3,6.87,,3
UP005387,APP02267,Identity,Successful,00:00.2,14:12.6,2.12,,1
UP005388,APP02267,Income,Successful,54:36.3,08:54.9,3.25,,1
UP005389,APP02267,Additional Document,Successful,00:30.1,22:10.3,7.76,,1
UP005390,APP02268,Identity,Successful,24:07.8,47:36.1,4.91,,1
UP005391,APP02268,Income,Successful,38:06.6,02:47.7,5.1,,1
UP005392,APP02268,Additional Document,Successful,42:17.4,05:27.5,5.16,,1
UP005393,APP02269,Identity,Successful,21:26.4,41:16.3,0.5,,1
UP005394,APP02269,Income,Successful,18:02.6,36:57.5,3.1,,1
UP005395,APP02269,Additional Document,Successful,25:26.3,45:14.8,10.03,,1
UP005396,APP02270,Identity,Successful,05:53.9,27:06.0,3.89,,1
UP005397,APP02270,Income,Failed,07:38.7,28:31.7,2.44,TRANSFER_ERROR,1
UP005398,APP02270,Income,Failed,55:22.8,09:51.0,3.09,UPLOAD_TIMEOUT,2
UP005399,APP02270,Income,Successful,08:51.7,29:41.0,2.61,,3
UP005400,APP02270,Additional Document,Successful,09:38.2,32:29.6,6.87,,1
UP005401,APP02271,Identity,Successful,16:10.4,40:00.7,5.43,,1
UP005402,APP02271,Income,Successful,19:53.4,40:17.2,1.46,,1
UP005403,APP02271,Additional Document,Successful,30:45.6,59:31.1,3.26,,1
UP005404,APP02272,Identity,Successful,00:20.2,22:44.1,2.28,,1
UP005405,APP02272,Income,Successful,01:44.2,23:20.8,0.9,,1
UP005406,APP02272,Additional Document,Failed,07:19.0,30:44.1,8.82,UPLOAD_TIMEOUT,1
UP005407,APP02272,Additional Document,Successful,17:15.7,37:58.1,5.64,,2
UP005408,APP02273,Identity,Successful,12:34.7,32:24.5,3.85,,1
UP005409,APP02273,Income,Failed,16:22.1,36:29.3,3.35,FILE_TOO_LARGE,1
UP005410,APP02273,Income,Successful,16:34.3,41:48.1,4.87,,2
UP005411,APP02273,Additional Document,Failed,25:58.0,49:38.8,7,UPLOAD_TIMEOUT,1
UP005412,APP02273,Additional Document,Successful,21:31.5,55:58.3,6.64,,2
UP005413,APP02274,Identity,Successful,05:54.6,23:38.6,2.41,,1
UP005414,APP02274,Income,Successful,02:23.0,21:01.7,2.33,,1
UP005415,APP02274,Additional Document,Successful,11:19.0,38:36.8,7.68,,1
UP005416,APP02275,Identity,Successful,26:05.5,38:56.2,1.51,,1
UP005417,APP02275,Income,Successful,28:33.0,49:57.8,2.06,,1
UP005418,APP02275,Additional Document,Successful,37:08.0,00:33.3,11.11,,1
UP005419,APP02276,Identity,Successful,03:48.3,29:13.4,5.01,,1
UP005420,APP02276,Income,Successful,10:11.0,23:53.2,4.99,,1
UP005421,APP02276,Additional Document,Successful,19:04.7,46:07.9,7.17,,1
UP005422,APP02277,Identity,Successful,16:02.3,30:02.2,8.99,,1
UP005423,APP02277,Income,Failed,25:05.2,50:17.3,4.4,UPLOAD_TIMEOUT,1
UP005424,APP02277,Income,Successful,23:46.7,34:54.8,3.42,,2
UP005425,APP02277,Additional Document,Failed,28:39.2,52:42.2,7.66,UPLOAD_TIMEOUT,1
UP005426,APP02277,Additional Document,Successful,34:58.9,45:42.0,5.69,,2
UP005427,APP02278,Identity,Successful,44:03.6,09:11.6,4.6,,1
UP005428,APP02278,Income,Successful,47:34.4,06:54.4,3.87,,1
UP005429,APP02278,Additional Document,Successful,46:43.2,07:52.4,8.96,,1
UP005430,APP02279,Identity,Successful,17:13.4,46:37.6,1.73,,1
UP005431,APP02279,Income,Failed,32:28.3,00:15.9,0.5,UPLOAD_TIMEOUT,1
UP005432,APP02279,Income,Successful,27:15.9,41:37.0,2.1,,2
UP005433,APP02279,Additional Document,Successful,39:42.7,58:16.6,5.25,,1
UP005434,APP02280,Identity,Successful,42:21.1,57:16.4,3.48,,1
UP005435,APP02280,Income,Successful,54:48.0,12:08.0,2.89,,1
UP005436,APP02280,Additional Document,Successful,44:02.6,03:31.1,7.27,,1
UP005437,APP02281,Identity,Successful,51:39.0,07:40.3,3.5,,1
UP005438,APP02281,Income,Successful,00:11.6,12:53.1,0.5,,1
UP005439,APP02281,Additional Document,Failed,00:58.2,12:00.9,5.52,FILE_TOO_LARGE,1
UP005440,APP02281,Additional Document,Successful,02:05.0,29:25.4,4.6,,2
UP005441,APP02282,Identity,Successful,58:33.4,24:32.6,5.4,,1
UP005442,APP02282,Income,Successful,06:02.8,38:12.2,1.96,,1
UP005443,APP02282,Additional Document,Successful,02:20.9,30:26.2,7.42,,1
UP005444,APP02283,Identity,Successful,34:21.4,57:09.9,1.46,,1
UP005445,APP02283,Income,Successful,36:57.7,04:38.3,5.34,,1
UP005446,APP02283,Additional Document,Successful,41:50.4,09:02.1,7.64,,1
UP005447,APP02284,Identity,Successful,44:24.3,08:02.5,5.16,,1
UP005448,APP02284,Income,Successful,50:20.5,11:36.4,3.92,,1
UP005449,APP02284,Additional Document,Failed,53:59.3,23:45.9,7.94,UPLOAD_TIMEOUT,1
UP005450,APP02284,Additional Document,Successful,48:32.3,16:40.2,7.93,,2
UP005451,APP02285,Identity,Failed,37:39.0,55:39.5,3.6,UPLOAD_TIMEOUT,1
UP005452,APP02285,Identity,Successful,43:07.8,59:01.4,1.04,,2
UP005453,APP02285,Income,Failed,42:58.7,00:48.5,2.19,UPLOAD_TIMEOUT,1
UP005454,APP02285,Income,Successful,44:43.0,01:17.8,6.33,,2
UP005455,APP02285,Additional Document,Successful,50:16.2,16:58.1,6.67,,1
UP005456,APP02286,Identity,Failed,02:52.5,22:46.7,3.26,UPLOAD_TIMEOUT,1
UP005457,APP02286,Identity,Successful,02:52.8,20:36.8,6.88,,2
UP005458,APP02286,Income,Successful,00:25.7,27:19.9,4.02,,1
UP005459,APP02286,Additional Document,Successful,06:09.7,45:25.1,4.1,,1
UP005460,APP02287,Identity,Successful,38:42.6,56:51.9,2.96,,1
UP005461,APP02287,Income,Successful,47:35.2,07:33.7,7.96,,1
UP005462,APP02287,Additional Document,Successful,56:48.0,13:18.3,8.29,,1
UP005463,APP02288,Identity,Failed,50:41.4,10:57.6,4.86,UPLOAD_TIMEOUT,1
UP005464,APP02288,Identity,Failed,50:52.3,04:49.6,4.35,FILE_TOO_LARGE,2
UP005465,APP02288,Identity,Successful,53:25.8,05:40.9,3.32,,3
UP005466,APP02288,Income,Successful,58:40.1,16:27.9,2.05,,1
UP005467,APP02288,Additional Document,Successful,04:04.4,28:29.2,8.82,,1
UP005468,APP02289,Identity,Successful,17:40.8,31:54.9,4.41,,1
UP005469,APP02289,Income,Successful,31:09.7,48:51.4,3.06,,1
UP005470,APP02289,Additional Document,Failed,29:20.2,48:51.1,9.33,FILE_TOO_LARGE,1
UP005471,APP02289,Additional Document,Failed,30:55.0,49:36.9,6.67,TRANSFER_ERROR,2
UP005472,APP02289,Additional Document,Successful,38:22.4,03:53.2,6.04,,3
UP005473,APP02290,Identity,Successful,07:59.5,30:51.6,1.6,,1
UP005474,APP02290,Income,Successful,07:49.4,11:40.3,2.77,,1
UP005475,APP02290,Additional Document,Successful,19:02.6,51:27.7,5.42,,1
UP005476,APP02291,Identity,Successful,10:00.0,30:41.7,4.46,,1
UP005477,APP02291,Income,Successful,28:47.8,46:32.1,1.43,,1
UP005478,APP02291,Additional Document,Successful,23:09.3,48:07.1,8.41,,1
UP005479,APP02292,Identity,Successful,23:05.7,30:36.2,4.69,,1
UP005480,APP02292,Income,Successful,29:08.2,47:11.0,4.14,,1
UP005481,APP02292,Additional Document,Successful,42:31.7,01:43.6,6.83,,1
UP005482,APP02293,Identity,Successful,50:29.6,07:21.5,6.78,,1
UP005483,APP02293,Income,Successful,48:52.2,07:57.1,4.11,,1
UP005484,APP02293,Additional Document,Failed,03:18.5,34:58.3,1.98,UPLOAD_TIMEOUT,1
UP005485,APP02293,Additional Document,Successful,06:19.6,30:42.6,5.13,,2
UP005486,APP02294,Identity,Successful,37:20.6,01:34.0,2.09,,1
UP005487,APP02294,Income,Successful,34:44.1,56:44.6,3.44,,1
UP005488,APP02294,Additional Document,Successful,53:22.3,18:54.5,4.56,,1
UP005489,APP02295,Identity,Successful,09:48.8,23:54.2,1.85,,1
UP005490,APP02295,Income,Successful,16:46.3,32:38.3,2.57,,1
UP005491,APP02295,Additional Document,Successful,21:37.8,46:16.9,7.87,,1
UP005492,APP02296,Identity,Successful,24:07.9,43:00.9,5.68,,1
UP005493,APP02296,Income,Successful,33:55.6,50:30.2,4.43,,1
UP005494,APP02296,Additional Document,Successful,30:34.3,51:01.0,8.31,,1
UP005495,APP02297,Identity,Successful,39:24.7,46:52.1,4.49,,1
UP005496,APP02297,Income,Successful,42:21.6,53:06.0,3.94,,1
UP005497,APP02297,Additional Document,Successful,44:07.4,54:24.4,6.17,,1
UP005498,APP02298,Identity,Successful,18:20.9,40:54.0,5.89,,1
UP005499,APP02298,Income,Successful,31:54.5,57:01.0,5.31,,1
UP005500,APP02298,Additional Document,Failed,31:19.6,58:08.0,7.44,FILE_TOO_LARGE,1
UP005501,APP02298,Additional Document,Failed,35:05.8,07:20.4,8.34,FILE_TOO_LARGE,2
UP005502,APP02298,Additional Document,Successful,34:58.7,59:03.5,6.94,,3
UP005503,APP02299,Identity,Failed,52:22.6,17:21.8,3.05,TRANSFER_ERROR,1
UP005504,APP02299,Identity,Failed,01:58.5,15:57.9,0.5,UPLOAD_TIMEOUT,2
UP005505,APP02299,Identity,Successful,47:11.4,04:37.0,4.32,,3
UP005506,APP02299,Income,Failed,01:47.7,19:15.3,2.63,UPLOAD_TIMEOUT,1
UP005507,APP02299,Income,Failed,55:59.6,10:05.8,5.8,UPLOAD_TIMEOUT,2
UP005508,APP02299,Income,Successful,02:46.5,27:29.8,5.14,,3
UP005509,APP02299,Additional Document,Successful,17:13.1,37:28.1,9.43,,1
UP005510,APP02300,Identity,Successful,38:19.9,57:30.7,3.12,,1
UP005511,APP02300,Income,Successful,40:27.3,57:15.1,4.15,,1
UP005512,APP02300,Additional Document,Successful,46:41.9,15:34.4,6.38,,1
UP005513,APP02301,Identity,Successful,52:28.3,11:41.4,0.97,,1
UP005514,APP02301,Income,Successful,45:00.9,10:19.1,4.23,,1
UP005515,APP02301,Additional Document,Successful,48:05.1,22:08.7,6.61,,1
UP005516,APP02302,Identity,Successful,38:32.8,56:24.3,4.57,,1
UP005517,APP02302,Income,Successful,41:54.8,56:17.0,3.42,,1
UP005518,APP02302,Additional Document,Successful,55:09.2,08:54.8,8.32,,1
UP005519,APP02303,Identity,Successful,29:56.4,47:25.6,5.39,,1
UP005520,APP02303,Income,Successful,41:29.0,55:34.8,2.01,,1
UP005521,APP02303,Additional Document,Successful,38:52.8,01:31.1,6.67,,1
UP005522,APP02304,Identity,Successful,35:43.3,52:05.6,4.88,,1
UP005523,APP02304,Income,Failed,54:19.9,09:11.2,2.7,FILE_TOO_LARGE,1
UP005524,APP02304,Income,Successful,42:44.0,04:01.9,2.51,,2
UP005525,APP02304,Additional Document,Successful,50:23.2,16:59.2,5.7,,1
UP005526,APP02305,Identity,Successful,31:11.6,47:46.6,1.95,,1
UP005527,APP02305,Income,Failed,16:00.5,33:48.7,2.75,UPLOAD_TIMEOUT,1
UP005528,APP02305,Income,Failed,28:54.9,52:25.0,3.51,UPLOAD_TIMEOUT,2
UP005529,APP02305,Income,Successful,30:25.4,59:37.4,3.38,,3
UP005530,APP02305,Additional Document,Failed,28:17.9,02:49.3,6.42,UPLOAD_TIMEOUT,1
UP005531,APP02305,Additional Document,Successful,44:44.1,11:42.8,6.46,,2
UP005532,APP02306,Identity,Successful,44:00.3,05:42.6,0.61,,1
UP005533,APP02306,Income,Successful,45:35.4,01:05.4,2.96,,1
UP005534,APP02306,Additional Document,Successful,56:39.0,30:14.8,4.87,,1
UP005535,APP02307,Identity,Successful,47:02.4,04:15.0,0.5,,1
UP005536,APP02307,Income,Successful,53:11.4,04:51.6,3.08,,1
UP005537,APP02307,Additional Document,Successful,48:25.4,59:48.6,9.36,,1
UP005538,APP02308,Identity,Successful,24:39.0,45:32.5,3.47,,1
UP005539,APP02308,Income,Successful,35:51.8,00:32.6,6.85,,1
UP005540,APP02308,Additional Document,Successful,33:27.7,58:41.0,7.11,,1
UP005541,APP02309,Identity,Failed,01:13.3,14:39.3,6.05,TRANSFER_ERROR,1
UP005542,APP02309,Identity,Successful,00:15.3,15:00.2,1.28,,2
UP005543,APP02309,Income,Failed,14:29.5,28:19.4,2.39,FILE_TOO_LARGE,1
UP005544,APP02309,Income,Failed,12:41.3,23:26.7,2.92,FILE_TOO_LARGE,2
UP005545,APP02309,Income,Successful,07:55.1,19:59.8,5.09,,3
UP005546,APP02309,Additional Document,Successful,24:44.0,48:45.5,7.07,,1
UP005547,APP02310,Identity,Failed,33:28.6,39:43.3,1.32,UPLOAD_TIMEOUT,1
UP005548,APP02310,Identity,Successful,41:08.1,00:40.9,3.66,,2
UP005549,APP02310,Income,Successful,47:22.2,54:38.8,0.5,,1
UP005550,APP02310,Additional Document,Successful,53:31.3,10:34.3,7.62,,1
UP005551,APP02311,Identity,Failed,44:02.2,58:17.0,7.13,UPLOAD_TIMEOUT,1
UP005552,APP02311,Identity,Successful,36:00.0,00:27.2,2.7,,2
UP005553,APP02311,Income,Successful,50:02.9,11:01.2,2.78,,1
UP005554,APP02311,Additional Document,Successful,56:23.9,25:18.3,4.7,,1
UP005555,APP02312,Identity,Successful,07:45.0,34:48.6,3.24,,1
UP005556,APP02312,Income,Successful,18:15.6,44:01.1,2.02,,1
UP005557,APP02312,Additional Document,Failed,24:02.1,47:48.0,4.79,UPLOAD_TIMEOUT,1
UP005558,APP02312,Additional Document,Failed,19:26.5,46:23.8,7.59,UPLOAD_TIMEOUT,2
UP005559,APP02312,Additional Document,Successful,34:38.5,03:15.8,6.39,,3
UP005560,APP02313,Identity,Successful,59:50.1,26:12.6,3.2,,1
UP005561,APP02313,Income,Successful,03:12.9,21:17.9,0.5,,1
UP005562,APP02313,Additional Document,Successful,05:05.8,33:50.3,8.14,,1
UP005563,APP02314,Identity,Successful,47:55.6,06:51.3,0.76,,1
UP005564,APP02314,Income,Successful,43:20.0,07:50.8,6.57,,1
UP005565,APP02314,Additional Document,Successful,53:03.5,18:10.3,7.56,,1
UP005566,APP02315,Identity,Successful,31:32.8,42:07.7,2.6,,1
UP005567,APP02315,Income,Successful,34:24.0,59:52.2,5.22,,1
UP005568,APP02315,Additional Document,Successful,44:01.1,11:43.2,8.6,,1
UP005569,APP02316,Identity,Successful,04:06.4,16:36.8,6.6,,1
UP005570,APP02316,Income,Failed,05:34.1,25:56.8,5.51,FILE_TOO_LARGE,1
UP005571,APP02316,Income,Failed,04:30.1,28:18.4,0.5,TRANSFER_ERROR,2
UP005572,APP02316,Income,Successful,07:55.4,17:16.5,3.6,,3
UP005573,APP02316,Additional Document,Successful,20:35.3,41:48.8,7.5,,1
UP005574,APP02317,Identity,Successful,42:46.2,05:36.7,6.02,,1
UP005575,APP02317,Income,Successful,45:58.0,00:40.7,2.51,,1
UP005576,APP02317,Additional Document,Successful,54:32.6,18:21.5,6.55,,1
UP005577,APP02318,Identity,Successful,44:25.0,11:41.8,5.05,,1
UP005578,APP02318,Income,Successful,50:13.5,14:24.1,0.92,,1
UP005579,APP02318,Additional Document,Successful,54:52.7,29:38.7,6.06,,1
UP005580,APP02319,Identity,Successful,07:57.5,24:53.6,6.17,,1
UP005581,APP02319,Income,Failed,15:43.4,38:20.1,4.44,UPLOAD_TIMEOUT,1
UP005582,APP02319,Income,Successful,17:48.1,37:33.4,3.87,,2
UP005583,APP02319,Additional Document,Successful,12:27.9,39:08.8,8.24,,1
UP005584,APP02320,Identity,Successful,36:23.6,42:17.0,4.94,,1
UP005585,APP02320,Income,Failed,42:54.5,07:15.4,5.22,UPLOAD_TIMEOUT,1
UP005586,APP02320,Income,Successful,36:18.6,58:45.0,4.98,,2
UP005587,APP02320,Additional Document,Successful,44:37.8,01:49.8,9.88,,1
UP005588,APP02321,Identity,Successful,46:45.8,08:46.6,3.25,,1
UP005589,APP02321,Income,Successful,47:52.4,07:57.3,4.22,,1
UP005590,APP02321,Additional Document,Successful,42:38.6,09:38.6,4.08,,1
UP005591,APP02322,Identity,Failed,26:04.0,49:25.3,5.72,UPLOAD_TIMEOUT,1
UP005592,APP02322,Identity,Successful,16:38.0,39:47.1,3.3,,2
UP005593,APP02322,Income,Successful,36:58.1,10:15.1,3.09,,1
UP005594,APP02322,Additional Document,Failed,28:33.6,52:15.6,6.54,FILE_TOO_LARGE,1
UP005595,APP02322,Additional Document,Failed,35:49.6,10:39.5,4.52,TRANSFER_ERROR,2
UP005596,APP02322,Additional Document,Successful,34:42.0,04:38.6,9.67,,3
UP005597,APP02323,Identity,Successful,40:07.2,57:59.3,3.3,,1
UP005598,APP02323,Income,Successful,39:46.9,56:39.1,2.88,,1
UP005599,APP02323,Additional Document,Successful,37:13.3,58:02.5,7.14,,1
UP005600,APP02324,Identity,Successful,03:25.3,24:36.6,1.58,,1
UP005601,APP02324,Income,Successful,01:14.7,08:24.4,3.42,,1
UP005602,APP02324,Additional Document,Successful,09:02.1,32:15.5,6.91,,1
UP005603,APP02325,Identity,Successful,42:10.8,13:29.2,3.28,,1
UP005604,APP02325,Income,Failed,37:23.6,53:23.4,2.73,UPLOAD_TIMEOUT,1
UP005605,APP02325,Income,Failed,44:30.5,03:08.8,2.94,FILE_TOO_LARGE,2
UP005606,APP02325,Income,Successful,42:39.0,52:16.4,3.81,,3
UP005607,APP02325,Additional Document,Successful,43:13.9,05:43.6,3.77,,1
UP005608,APP02326,Identity,Successful,47:38.0,01:47.3,1.27,,1
UP005609,APP02326,Income,Successful,35:50.6,47:22.6,1.58,,1
UP005610,APP02326,Additional Document,Successful,54:17.5,10:12.7,11.2,,1
UP005611,APP02327,Identity,Failed,54:22.6,07:04.6,5.34,FILE_TOO_LARGE,1
UP005612,APP02327,Identity,Successful,47:49.2,02:38.0,4.72,,2
UP005613,APP02327,Income,Successful,02:56.9,24:55.1,3.65,,1
UP005614,APP02327,Additional Document,Successful,03:37.4,25:14.6,7.36,,1
UP005615,APP02328,Identity,Failed,32:14.5,54:12.8,8.51,FILE_TOO_LARGE,1
UP005616,APP02328,Identity,Successful,27:21.6,49:13.4,2.82,,2
UP005617,APP02328,Income,Failed,41:46.2,04:04.1,2.67,UPLOAD_TIMEOUT,1
UP005618,APP02328,Income,Failed,35:19.1,53:54.1,0.5,FILE_TOO_LARGE,2
UP005619,APP02328,Income,Successful,24:17.2,31:40.5,2.64,,3
UP005620,APP02328,Additional Document,Successful,42:58.3,16:27.6,5.98,,1
UP005621,APP02329,Identity,Successful,58:55.5,19:41.7,3.22,,1
UP005622,APP02329,Income,Successful,07:55.2,21:15.8,4.3,,1
UP005623,APP02329,Additional Document,Failed,19:14.6,56:46.6,6.89,UPLOAD_TIMEOUT,1
UP005624,APP02329,Additional Document,Successful,16:01.9,43:28.5,5.54,,2
UP005625,APP02330,Identity,Failed,06:59.3,26:28.7,4.36,UPLOAD_TIMEOUT,1
UP005626,APP02330,Identity,Failed,04:29.6,30:22.8,3.38,UPLOAD_TIMEOUT,2
UP005627,APP02330,Identity,Successful,02:30.8,32:13.2,2.64,,3
UP005628,APP02330,Income,Successful,02:18.9,12:18.0,2.04,,1
UP005629,APP02330,Additional Document,Failed,15:40.4,48:54.7,7.54,UPLOAD_TIMEOUT,1
UP005630,APP02330,Additional Document,Successful,05:52.6,37:50.2,3.98,,2
UP005631,APP02331,Identity,Successful,42:45.1,21:09.9,3.09,,1
UP005632,APP02331,Income,Successful,51:53.9,12:35.5,1.61,,1
UP005633,APP02331,Additional Document,Successful,53:03.0,22:29.7,8.94,,1
UP005634,APP02332,Identity,Successful,40:34.2,52:50.2,5.6,,1
UP005635,APP02332,Income,Successful,53:11.6,08:37.0,1.82,,1
UP005636,APP02332,Additional Document,Successful,58:34.2,19:05.0,6.26,,1
UP005637,APP02333,Identity,Successful,39:46.3,55:03.3,1.54,,1
UP005638,APP02333,Income,Successful,34:09.7,46:46.8,4.5,,1
UP005639,APP02333,Additional Document,Successful,43:26.7,58:50.8,8.73,,1
UP005640,APP02334,Identity,Successful,53:57.9,01:08.2,7.36,,1
UP005641,APP02334,Income,Successful,57:21.5,14:36.6,0.74,,1
UP005642,APP02334,Additional Document,Successful,54:50.8,13:58.8,3.96,,1
UP005643,APP02335,Identity,Failed,31:54.5,48:01.4,3,UPLOAD_TIMEOUT,1
UP005644,APP02335,Identity,Successful,34:50.3,53:59.7,5.29,,2
UP005645,APP02335,Income,Successful,39:42.4,51:42.2,4.39,,1
UP005646,APP02335,Additional Document,Successful,44:53.3,09:49.5,8.43,,1
UP005647,APP02336,Identity,Failed,45:47.4,06:13.2,4.85,TRANSFER_ERROR,1
UP005648,APP02336,Identity,Failed,43:50.8,56:24.3,4.58,UPLOAD_TIMEOUT,2
UP005649,APP02336,Identity,Successful,41:58.8,56:11.7,2.77,,3
UP005650,APP02336,Income,Failed,52:32.8,09:07.9,4.52,FILE_TOO_LARGE,1
UP005651,APP02336,Income,Successful,55:50.2,23:55.9,0.5,,2
UP005652,APP02336,Additional Document,Successful,51:51.5,13:35.7,6.17,,1
UP005653,APP02337,Identity,Successful,17:27.5,30:51.0,1.35,,1
UP005654,APP02337,Income,Successful,17:38.3,31:02.0,4.83,,1
UP005655,APP02337,Additional Document,Successful,31:09.5,49:54.9,7.99,,1
UP005656,APP02338,Identity,Successful,09:23.6,32:30.9,0.5,,1
UP005657,APP02338,Income,Failed,22:59.5,36:51.5,2.96,TRANSFER_ERROR,1
UP005658,APP02338,Income,Successful,16:27.5,33:36.3,2.08,,2
UP005659,APP02338,Additional Document,Successful,22:27.6,45:31.5,5.98,,1
UP005660,APP02339,Identity,Successful,28:39.0,45:20.8,3.95,,1
UP005661,APP02339,Income,Successful,27:57.4,45:01.9,5.63,,1
UP005662,APP02339,Additional Document,Successful,26:04.7,50:51.4,7.1,,1
UP005663,APP02340,Identity,Successful,13:21.2,34:25.9,2.1,,1
UP005664,APP02340,Income,Successful,20:54.4,47:23.5,0.83,,1
UP005665,APP02340,Additional Document,Successful,16:58.6,52:12.1,6.32,,1
UP005666,APP02341,Identity,Failed,29:28.2,43:02.0,3.96,TRANSFER_ERROR,1
UP005667,APP02341,Identity,Successful,42:20.3,57:26.3,2.33,,2
UP005668,APP02341,Income,Successful,46:20.4,01:59.4,5.61,,1
UP005669,APP02341,Additional Document,Failed,49:17.2,12:21.5,6.31,TRANSFER_ERROR,1
UP005670,APP02341,Additional Document,Failed,56:50.4,29:47.8,4.9,FILE_TOO_LARGE,2
UP005671,APP02341,Additional Document,Successful,47:04.7,08:50.2,6.01,,3
UP005672,APP02342,Identity,Successful,08:27.1,21:32.7,1.08,,1
UP005673,APP02342,Income,Successful,12:48.1,23:08.7,5.16,,1
UP005674,APP02342,Additional Document,Failed,21:02.5,40:26.6,9.36,TRANSFER_ERROR,1
UP005675,APP02342,Additional Document,Failed,21:17.1,50:16.6,7.36,TRANSFER_ERROR,2
UP005676,APP02342,Additional Document,Successful,22:57.1,37:10.9,7.17,,3
UP005677,APP02343,Identity,Successful,52:41.9,07:35.3,1.47,,1
UP005678,APP02343,Income,Successful,01:31.9,22:11.9,4,,1
UP005679,APP02343,Additional Document,Successful,10:30.3,38:59.6,7.59,,1
UP005680,APP02344,Identity,Failed,52:24.5,13:02.3,2.59,UPLOAD_TIMEOUT,1
UP005681,APP02344,Identity,Failed,04:48.1,29:15.5,0.5,TRANSFER_ERROR,2
UP005682,APP02344,Identity,Successful,04:02.7,25:46.9,4.87,,3
UP005683,APP02344,Income,Successful,15:50.5,38:59.1,5.74,,1
UP005684,APP02344,Additional Document,Successful,18:13.7,38:11.0,6.84,,1
UP005685,APP02345,Identity,Successful,30:51.9,51:34.8,5.71,,1
UP005686,APP02345,Income,Successful,42:38.5,56:04.5,2.1,,1
UP005687,APP02345,Additional Document,Failed,38:42.6,56:04.9,6.27,UPLOAD_TIMEOUT,1
UP005688,APP02345,Additional Document,Failed,39:23.0,55:31.6,7.15,UPLOAD_TIMEOUT,2
UP005689,APP02345,Additional Document,Successful,37:03.6,02:22.9,9.65,,3
UP005690,APP02346,Identity,Successful,32:27.1,55:57.2,2.61,,1
UP005691,APP02346,Income,Successful,54:20.7,14:48.0,3.93,,1
UP005692,APP02346,Additional Document,Successful,48:47.2,23:59.1,8.5,,1
UP005693,APP02347,Identity,Successful,51:18.6,10:00.9,0.5,,1
UP005694,APP02347,Income,Failed,01:10.8,11:26.7,3,UPLOAD_TIMEOUT,1
UP005695,APP02347,Income,Failed,59:34.9,19:36.6,3.91,TRANSFER_ERROR,2
UP005696,APP02347,Income,Successful,55:43.1,12:33.1,1.62,,3
UP005697,APP02347,Additional Document,Failed,03:12.1,24:06.7,7.35,FILE_TOO_LARGE,1
UP005698,APP02347,Additional Document,Failed,01:27.1,21:22.0,3.63,UPLOAD_TIMEOUT,2
UP005699,APP02347,Additional Document,Successful,57:22.3,19:22.4,4.94,,3
UP005700,APP02348,Identity,Successful,55:51.0,20:25.6,4.49,,1
UP005701,APP02348,Income,Successful,11:40.5,32:16.5,4.69,,1
UP005702,APP02348,Additional Document,Failed,11:06.2,34:46.2,7.13,UPLOAD_TIMEOUT,1
UP005703,APP02348,Additional Document,Failed,10:02.6,35:50.3,3.41,UPLOAD_TIMEOUT,2
UP005704,APP02348,Additional Document,Successful,00:27.9,32:22.6,5.97,,3
UP005705,APP02349,Identity,Successful,18:28.2,33:08.3,4.14,,1
UP005706,APP02349,Income,Successful,13:54.5,39:13.8,1.86,,1
UP005707,APP02349,Additional Document,Failed,18:56.7,52:14.9,6.86,FILE_TOO_LARGE,1
UP005708,APP02349,Additional Document,Successful,32:20.8,08:19.8,7.9,,2
UP005709,APP02350,Identity,Failed,04:21.4,13:55.9,4.93,UPLOAD_TIMEOUT,1
UP005710,APP02350,Identity,Failed,15:31.7,35:53.3,6.35,FILE_TOO_LARGE,2
UP005711,APP02350,Identity,Successful,12:27.0,33:10.6,3.15,,3
UP005712,APP02350,Income,Successful,25:23.0,46:57.0,3.06,,1
UP005713,APP02350,Additional Document,Successful,18:36.9,56:39.7,8.4,,1
UP005714,APP02351,Identity,Successful,23:21.7,47:49.4,0.5,,1
UP005715,APP02351,Income,Successful,30:59.7,51:45.2,4.65,,1
UP005716,APP02351,Additional Document,Successful,29:52.6,52:24.4,5.66,,1
UP005717,APP02352,Identity,Successful,17:33.1,33:50.8,5.59,,1
UP005718,APP02352,Income,Successful,13:53.2,30:27.9,1.79,,1
UP005719,APP02352,Additional Document,Successful,18:48.0,38:02.5,8.18,,1
UP005720,APP02353,Identity,Failed,46:44.6,07:53.1,4.31,FILE_TOO_LARGE,1
UP005721,APP02353,Identity,Successful,44:49.1,02:44.8,3.16,,2
UP005722,APP02353,Income,Successful,56:57.9,18:49.1,7.39,,1
UP005723,APP02353,Additional Document,Failed,00:21.7,34:29.5,9.32,UPLOAD_TIMEOUT,1
UP005724,APP02353,Additional Document,Failed,56:42.0,26:32.0,9.62,FILE_TOO_LARGE,2
UP005725,APP02353,Additional Document,Successful,06:24.5,33:11.1,7.57,,3
UP005726,APP02354,Identity,Successful,03:09.7,26:25.3,1.12,,1
UP005727,APP02354,Income,Successful,13:23.5,33:52.5,3.88,,1
UP005728,APP02354,Additional Document,Successful,17:44.0,42:40.4,9.77,,1
UP005729,APP02355,Identity,Failed,33:25.7,54:28.1,4.63,UPLOAD_TIMEOUT,1
UP005730,APP02355,Identity,Successful,36:21.0,00:48.5,2.8,,2
UP005731,APP02355,Income,Successful,37:29.2,58:10.5,3.05,,1
UP005732,APP02355,Additional Document,Successful,39:35.1,03:31.6,6.03,,1
UP005733,APP02356,Identity,Successful,29:54.6,54:53.9,3.78,,1
UP005734,APP02356,Income,Successful,26:09.5,49:09.6,3.53,,1
UP005735,APP02356,Additional Document,Successful,36:06.0,00:20.7,5.4,,1
UP005736,APP02357,Identity,Successful,08:00.0,29:40.1,5.73,,1
UP005737,APP02357,Income,Failed,17:22.9,41:02.4,4.42,TRANSFER_ERROR,1
UP005738,APP02357,Income,Successful,18:32.0,34:45.5,3.39,,2
UP005739,APP02357,Additional Document,Successful,23:07.4,50:22.3,6.92,,1
UP005740,APP02358,Identity,Successful,14:23.2,36:01.4,3.53,,1
UP005741,APP02358,Income,Successful,30:37.9,41:10.4,0.5,,1
UP005742,APP02358,Additional Document,Successful,29:05.5,59:01.1,6.51,,1
UP005743,APP02359,Identity,Successful,13:45.6,38:50.2,2.65,,1
UP005744,APP02359,Income,Successful,29:56.4,49:09.6,5.25,,1
UP005745,APP02359,Additional Document,Successful,22:13.2,50:43.0,10.1,,1
UP005746,APP02360,Identity,Successful,24:58.7,43:36.2,2.85,,1
UP005747,APP02360,Income,Successful,27:31.6,43:57.2,3.64,,1
UP005748,APP02360,Additional Document,Successful,27:56.3,00:59.3,4.86,,1
UP005749,APP02361,Identity,Successful,52:48.3,09:57.5,2.59,,1
UP005750,APP02361,Income,Successful,08:13.2,44:30.3,2.26,,1
UP005751,APP02361,Additional Document,Successful,03:50.2,29:57.5,9.89,,1
UP005752,APP02362,Identity,Failed,04:53.4,24:18.6,2.31,TRANSFER_ERROR,1
UP005753,APP02362,Identity,Failed,09:55.4,20:42.6,3.57,FILE_TOO_LARGE,2
UP005754,APP02362,Identity,Successful,09:03.0,34:31.6,2.94,,3
UP005755,APP02362,Income,Successful,08:57.7,27:57.2,2.02,,1
UP005756,APP02362,Additional Document,Successful,17:31.1,36:15.1,4.64,,1
UP005757,APP02363,Identity,Successful,38:06.3,54:59.9,3.98,,1
UP005758,APP02363,Income,Successful,47:54.1,05:56.6,2.03,,1
UP005759,APP02363,Additional Document,Failed,52:57.5,19:28.3,6.84,FILE_TOO_LARGE,1
UP005760,APP02363,Additional Document,Successful,58:53.8,31:41.5,7.46,,2
UP005761,APP02364,Identity,Successful,26:32.0,36:57.5,0.52,,1
UP005762,APP02364,Income,Successful,32:16.0,51:40.1,3.35,,1
UP005763,APP02364,Additional Document,Successful,32:18.8,54:04.7,7.8,,1
UP005764,APP02365,Identity,Successful,22:58.0,42:15.9,1.45,,1
UP005765,APP02365,Income,Successful,28:22.6,43:49.8,4.26,,1
UP005766,APP02365,Additional Document,Successful,25:17.4,45:31.6,5.34,,1
UP005767,APP02366,Identity,Successful,04:23.2,20:51.7,3.28,,1
UP005768,APP02366,Income,Successful,04:31.8,15:29.9,0.99,,1
UP005769,APP02366,Additional Document,Successful,21:23.2,51:08.0,9.4,,1
UP005770,APP02367,Identity,Successful,18:37.5,37:40.2,3.2,,1
UP005771,APP02367,Income,Successful,28:41.8,51:18.9,3.08,,1
UP005772,APP02367,Additional Document,Successful,22:45.3,42:02.0,8.57,,1
UP005773,APP02368,Identity,Successful,41:30.0,59:52.7,3.64,,1
UP005774,APP02368,Income,Successful,45:09.5,03:51.8,5.3,,1
UP005775,APP02368,Additional Document,Successful,03:50.6,36:46.7,8.23,,1
UP005776,APP02369,Identity,Successful,26:36.7,48:03.9,3.59,,1
UP005777,APP02369,Income,Failed,39:07.9,55:01.5,5,FILE_TOO_LARGE,1
UP005778,APP02369,Income,Successful,32:18.9,54:10.5,3.97,,2
UP005779,APP02369,Additional Document,Successful,39:39.9,04:58.5,9.64,,1
UP005780,APP02370,Identity,Successful,39:47.3,04:57.1,4.24,,1
UP005781,APP02370,Income,Successful,51:04.8,09:53.7,4.16,,1
UP005782,APP02370,Additional Document,Successful,56:55.1,16:41.0,8.04,,1
UP005783,APP02371,Identity,Failed,04:46.0,27:37.7,4.58,FILE_TOO_LARGE,1
UP005784,APP02371,Identity,Failed,08:06.0,26:55.4,2.3,UPLOAD_TIMEOUT,2
UP005785,APP02371,Identity,Successful,04:46.1,23:27.0,3.68,,3
UP005786,APP02371,Income,Successful,15:34.1,44:32.9,5.34,,1
UP005787,APP02371,Additional Document,Failed,22:22.7,54:46.6,7.28,TRANSFER_ERROR,1
UP005788,APP02371,Additional Document,Failed,21:36.9,58:08.5,7.5,TRANSFER_ERROR,2
UP005789,APP02371,Additional Document,Successful,14:23.3,42:26.0,7.93,,3
UP005790,APP02372,Identity,Successful,51:50.6,06:52.9,5.16,,1
UP005791,APP02372,Income,Failed,56:46.1,08:39.5,4.62,FILE_TOO_LARGE,1
UP005792,APP02372,Income,Successful,58:39.6,12:14.0,5.76,,2
UP005793,APP02372,Additional Document,Failed,58:59.5,28:35.4,5.58,TRANSFER_ERROR,1
UP005794,APP02372,Additional Document,Successful,02:43.3,19:30.0,3.83,,2
UP005795,APP02373,Identity,Failed,58:53.6,25:50.4,7.79,UPLOAD_TIMEOUT,1
UP005796,APP02373,Identity,Successful,59:23.3,19:57.3,1.56,,2
UP005797,APP02373,Income,Successful,57:40.7,17:29.0,3.59,,1
UP005798,APP02373,Additional Document,Successful,14:05.5,42:37.6,5.05,,1
UP005799,APP02374,Identity,Successful,56:07.9,00:13.4,2.66,,1
UP005800,APP02374,Income,Successful,09:18.1,27:30.1,3.14,,1
UP005801,APP02374,Additional Document,Successful,09:08.7,29:33.8,5.51,,1
UP005802,APP02375,Identity,Successful,10:49.6,33:20.4,2.25,,1
UP005803,APP02375,Income,Successful,01:38.9,21:50.9,5.16,,1
UP005804,APP02375,Additional Document,Successful,17:09.0,37:57.8,4.65,,1
UP005805,APP02376,Identity,Successful,49:50.8,00:33.3,3.78,,1
UP005806,APP02376,Income,Successful,01:01.5,20:15.7,5.23,,1
UP005807,APP02376,Additional Document,Failed,01:55.6,28:50.4,9.12,UPLOAD_TIMEOUT,1
UP005808,APP02376,Additional Document,Successful,11:38.3,26:14.0,5.18,,2
UP005809,APP02377,Identity,Successful,33:07.3,53:48.4,2.98,,1
UP005810,APP02377,Income,Successful,29:35.1,54:20.5,6.35,,1
UP005811,APP02377,Additional Document,Successful,32:37.8,59:32.5,5.59,,1
UP005812,APP02378,Identity,Successful,32:22.0,59:36.2,6.74,,1
UP005813,APP02378,Income,Successful,34:53.1,53:03.8,3.15,,1
UP005814,APP02378,Additional Document,Successful,35:21.6,59:20.7,3.9,,1
UP005815,APP02379,Identity,Successful,01:59.5,24:49.3,3.8,,1
UP005816,APP02379,Income,Successful,11:09.9,31:32.3,4.68,,1
UP005817,APP02379,Additional Document,Successful,18:28.8,53:37.2,8.53,,1
UP005818,APP02380,Identity,Failed,03:52.5,25:56.3,5.83,UPLOAD_TIMEOUT,1
UP005819,APP02380,Identity,Successful,05:23.7,32:36.3,1.59,,2
UP005820,APP02380,Income,Successful,50:42.7,18:35.0,2.79,,1
UP005821,APP02380,Additional Document,Failed,05:04.7,31:47.5,6.49,TRANSFER_ERROR,1
UP005822,APP02380,Additional Document,Successful,12:04.5,33:55.3,4.79,,2
UP005823,APP02381,Identity,Successful,09:21.7,26:18.8,0.5,,1
UP005824,APP02381,Income,Successful,20:56.3,40:32.6,4.11,,1
UP005825,APP02381,Additional Document,Successful,25:07.8,57:35.5,10,,1
UP005826,APP02382,Identity,Successful,39:33.1,57:32.7,3.74,,1
UP005827,APP02382,Income,Successful,41:08.0,56:36.4,4.52,,1
UP005828,APP02382,Additional Document,Successful,44:20.0,11:03.6,7.11,,1
UP005829,APP02383,Identity,Failed,57:42.8,10:42.3,4.68,UPLOAD_TIMEOUT,1
UP005830,APP02383,Identity,Failed,51:33.3,05:36.5,6.27,FILE_TOO_LARGE,2
UP005831,APP02383,Identity,Successful,46:30.7,59:29.2,2.47,,3
UP005832,APP02383,Income,Successful,47:12.6,57:32.0,4.11,,1
UP005833,APP02383,Additional Document,Successful,00:20.0,30:25.2,6.51,,1
UP005834,APP02384,Identity,Successful,11:22.8,25:49.9,0.81,,1
UP005835,APP02384,Income,Successful,07:27.5,24:20.3,3.75,,1
UP005836,APP02384,Additional Document,Successful,16:10.0,32:53.4,5.44,,1
UP005837,APP02385,Identity,Failed,02:13.3,19:57.8,5.52,UPLOAD_TIMEOUT,1
UP005838,APP02385,Identity,Successful,14:24.6,36:10.1,1.7,,2
UP005839,APP02385,Income,Successful,07:10.1,26:03.1,1.98,,1
UP005840,APP02385,Additional Document,Failed,14:14.8,50:11.9,4.7,TRANSFER_ERROR,1
UP005841,APP02385,Additional Document,Successful,12:05.7,45:15.7,7.72,,2
UP005842,APP02386,Identity,Successful,36:40.8,56:25.2,0.67,,1
UP005843,APP02386,Income,Successful,47:02.7,03:25.3,4.61,,1
UP005844,APP02386,Additional Document,Successful,48:29.3,14:39.5,4.68,,1
UP005845,APP02387,Identity,Successful,10:42.5,23:58.9,2.47,,1
UP005846,APP02387,Income,Successful,17:36.1,30:51.8,4.28,,1
UP005847,APP02387,Additional Document,Successful,20:26.0,43:55.7,8.46,,1
UP005848,APP02388,Identity,Successful,32:35.9,46:17.6,3.9,,1
UP005849,APP02388,Income,Successful,40:31.6,03:03.0,1.57,,1
UP005850,APP02388,Additional Document,Successful,32:51.2,58:29.1,7.36,,1
UP005851,APP02389,Identity,Successful,09:03.0,16:51.7,2.22,,1
UP005852,APP02389,Income,Successful,19:44.5,41:13.6,4.68,,1
UP005853,APP02389,Additional Document,Successful,25:21.2,59:30.5,5.39,,1
UP005854,APP02390,Identity,Successful,39:43.8,04:59.8,1.14,,1
UP005855,APP02390,Income,Successful,57:59.3,29:53.1,6.96,,1
UP005856,APP02390,Additional Document,Successful,44:31.3,05:50.2,4.94,,1
UP005857,APP02391,Identity,Successful,37:11.9,54:11.2,4.97,,1
UP005858,APP02391,Income,Successful,47:50.9,03:19.2,2.34,,1
UP005859,APP02391,Additional Document,Successful,41:59.1,09:32.7,5.69,,1
UP005860,APP02392,Identity,Successful,46:42.0,04:29.7,4.37,,1
UP005861,APP02392,Income,Successful,55:12.0,12:22.9,6.58,,1
UP005862,APP02392,Additional Document,Successful,03:50.6,27:10.9,11.2,,1
UP005863,APP02393,Identity,Successful,18:14.9,34:45.3,6.14,,1
UP005864,APP02393,Income,Failed,35:49.7,01:27.8,4.05,TRANSFER_ERROR,1
UP005865,APP02393,Income,Failed,29:56.5,50:20.0,2.21,UPLOAD_TIMEOUT,2
UP005866,APP02393,Income,Successful,25:15.0,41:13.9,5.43,,3
UP005867,APP02393,Additional Document,Successful,28:03.1,46:05.6,7.76,,1
UP005868,APP02394,Identity,Successful,31:19.9,33:19.9,5,,1
UP005869,APP02394,Income,Successful,28:29.2,36:54.6,4.83,,1
UP005870,APP02394,Additional Document,Successful,36:49.3,06:31.5,6.43,,1
UP005871,APP02395,Identity,Successful,36:48.5,56:06.6,2.01,,1
UP005872,APP02395,Income,Successful,40:17.2,01:48.6,3.3,,1
UP005873,APP02395,Additional Document,Failed,49:20.2,21:24.2,8.72,FILE_TOO_LARGE,1
UP005874,APP02395,Additional Document,Successful,52:05.3,18:34.3,9.6,,2
UP005875,APP02396,Identity,Failed,58:45.2,10:26.6,2.27,UPLOAD_TIMEOUT,1
UP005876,APP02396,Identity,Failed,50:03.6,08:45.3,2.28,UPLOAD_TIMEOUT,2
UP005877,APP02396,Identity,Successful,00:03.7,25:43.3,2.77,,3
UP005878,APP02396,Income,Successful,11:34.0,23:35.5,0.98,,1
UP005879,APP02396,Additional Document,Successful,01:00.8,25:20.3,10.34,,1
UP005880,APP02397,Identity,Successful,41:04.8,54:41.5,6.5,,1
UP005881,APP02397,Income,Successful,42:03.5,46:26.2,6.29,,1
UP005882,APP02397,Additional Document,Successful,48:18.5,17:09.3,5.8,,1
UP005883,APP02398,Identity,Successful,54:10.6,11:37.1,1.9,,1
UP005884,APP02398,Income,Successful,05:57.5,25:04.0,1.29,,1
UP005885,APP02398,Additional Document,Failed,14:05.7,49:19.2,5.33,UPLOAD_TIMEOUT,1
UP005886,APP02398,Additional Document,Successful,08:30.2,39:49.7,5.62,,2
UP005887,APP02399,Identity,Successful,09:09.9,32:31.6,1.36,,1
UP005888,APP02399,Income,Successful,19:34.9,44:29.4,6.46,,1
UP005889,APP02399,Additional Document,Failed,24:01.5,45:49.5,5.14,UPLOAD_TIMEOUT,1
UP005890,APP02399,Additional Document,Successful,25:06.6,00:28.9,7.72,,2
UP005891,APP02400,Identity,Successful,47:19.7,07:30.8,3.83,,1
UP005892,APP02400,Income,Successful,48:06.3,05:50.0,2.91,,1
UP005893,APP02400,Additional Document,Successful,59:26.4,24:02.4,8.48,,1
UP005894,APP02401,Identity,Successful,13:14.4,38:26.8,5.29,,1
UP005895,APP02401,Income,Failed,17:07.9,38:09.0,1.86,UPLOAD_TIMEOUT,1
UP005896,APP02401,Income,Failed,28:33.6,53:06.4,4.32,FILE_TOO_LARGE,2
UP005897,APP02401,Income,Successful,21:18.5,43:13.4,2.36,,3
UP005898,APP02401,Additional Document,Successful,34:17.1,05:12.1,7.49,,1
UP005899,APP02402,Identity,Successful,41:58.0,56:28.4,5.6,,1
UP005900,APP02402,Income,Successful,33:00.9,35:18.5,3.26,,1
UP005901,APP02402,Additional Document,Successful,37:53.6,52:54.0,6.14,,1
UP005902,APP02403,Identity,Successful,20:17.1,43:17.0,4.73,,1
UP005903,APP02403,Income,Successful,33:13.0,43:58.7,2.59,,1
UP005904,APP02403,Additional Document,Successful,42:03.1,03:16.7,4.39,,1
UP005905,APP02404,Identity,Successful,23:18.4,47:34.0,4.2,,1
UP005906,APP02404,Income,Successful,21:59.7,51:33.1,5.27,,1
UP005907,APP02404,Additional Document,Successful,31:51.1,58:03.2,7.71,,1
UP005908,APP02405,Identity,Failed,29:46.6,48:42.0,1.06,TRANSFER_ERROR,1
UP005909,APP02405,Identity,Failed,31:32.1,49:22.3,4.76,UPLOAD_TIMEOUT,2
UP005910,APP02405,Identity,Successful,35:10.1,54:13.9,6.4,,3
UP005911,APP02405,Income,Successful,31:18.0,49:11.5,3.51,,1
UP005912,APP02405,Additional Document,Failed,38:53.4,01:10.2,3.7,TRANSFER_ERROR,1
UP005913,APP02405,Additional Document,Successful,36:47.4,05:06.2,6.87,,2
UP005914,APP02406,Identity,Failed,21:37.8,42:35.9,4.47,UPLOAD_TIMEOUT,1
UP005915,APP02406,Identity,Successful,29:01.8,47:53.4,3.03,,2
UP005916,APP02406,Income,Successful,30:43.7,54:30.2,2.9,,1
UP005917,APP02406,Additional Document,Failed,31:36.0,44:46.2,5.08,TRANSFER_ERROR,1
UP005918,APP02406,Additional Document,Successful,27:54.4,49:57.8,7.05,,2
UP005919,APP02407,Identity,Failed,18:18.3,28:46.1,3.75,UPLOAD_TIMEOUT,1
UP005920,APP02407,Identity,Successful,15:06.4,34:09.3,5.39,,2
UP005921,APP02407,Income,Successful,22:34.1,39:58.1,0.5,,1
UP005922,APP02407,Additional Document,Failed,17:43.6,47:37.4,8.39,UPLOAD_TIMEOUT,1
UP005923,APP02407,Additional Document,Successful,27:26.8,59:02.3,9.59,,2
UP005924,APP02408,Identity,Successful,53:34.0,18:29.0,4.8,,1
UP005925,APP02408,Income,Successful,54:29.3,21:46.0,5.37,,1
UP005926,APP02408,Additional Document,Successful,51:47.0,17:15.0,7.38,,1
UP005927,APP02409,Identity,Successful,36:48.5,49:09.3,4.33,,1
UP005928,APP02409,Income,Successful,46:55.0,04:28.3,1.62,,1
UP005929,APP02409,Additional Document,Failed,52:40.3,20:21.5,5.88,UPLOAD_TIMEOUT,1
UP005930,APP02409,Additional Document,Failed,44:00.1,10:58.5,8.32,UPLOAD_TIMEOUT,2
UP005931,APP02409,Additional Document,Successful,44:48.2,02:41.6,8.62,,3
UP005932,APP02410,Identity,Successful,02:57.2,26:17.9,2.16,,1
UP005933,APP02410,Income,Successful,12:04.6,24:57.8,3.44,,1
UP005934,APP02410,Additional Document,Successful,12:13.4,34:00.7,8.31,,1
UP005935,APP02411,Identity,Successful,53:11.6,17:29.1,3.93,,1
UP005936,APP02411,Income,Failed,11:57.0,23:59.1,1.46,UPLOAD_TIMEOUT,1
UP005937,APP02411,Income,Successful,10:17.6,25:19.2,3.16,,2
UP005938,APP02411,Additional Document,Successful,18:32.2,49:23.5,9.82,,1
UP005939,APP02412,Identity,Successful,28:52.7,39:20.8,4.01,,1
UP005940,APP02412,Income,Successful,21:51.9,44:04.2,5.9,,1
UP005941,APP02412,Additional Document,Successful,38:41.1,12:41.6,6.23,,1
UP005942,APP02413,Identity,Successful,05:59.5,22:57.2,3.36,,1
UP005943,APP02413,Income,Successful,04:06.3,21:37.5,4,,1
UP005944,APP02413,Additional Document,Successful,17:32.0,48:48.9,5.03,,1
UP005945,APP02414,Identity,Successful,30:22.8,42:47.8,4.55,,1
UP005946,APP02414,Income,Successful,27:12.4,50:59.8,7.09,,1
UP005947,APP02414,Additional Document,Successful,37:34.6,04:58.0,6.26,,1
UP005948,APP02415,Identity,Failed,47:31.9,07:49.8,3.04,UPLOAD_TIMEOUT,1
UP005949,APP02415,Identity,Failed,49:30.3,55:49.3,4.59,UPLOAD_TIMEOUT,2
UP005950,APP02415,Identity,Successful,59:51.0,22:22.6,6.05,,3
UP005951,APP02415,Income,Successful,56:03.8,03:39.6,2.18,,1
UP005952,APP02415,Additional Document,Failed,04:13.0,14:39.1,6.89,UPLOAD_TIMEOUT,1
UP005953,APP02415,Additional Document,Successful,02:23.8,27:23.1,4.13,,2
UP005954,APP02416,Identity,Successful,41:11.1,56:36.0,0.5,,1
UP005955,APP02416,Income,Successful,46:43.0,05:46.8,3.94,,1
UP005956,APP02416,Additional Document,Successful,56:13.7,27:23.8,7.22,,1
UP005957,APP02417,Identity,Successful,06:51.7,29:54.5,3.94,,1
UP005958,APP02417,Income,Successful,05:00.6,15:19.7,5.01,,1
UP005959,APP02417,Additional Document,Successful,14:52.8,35:39.0,5.02,,1
UP005960,APP02418,Identity,Successful,03:25.2,24:58.9,5.3,,1
UP005961,APP02418,Income,Failed,17:09.6,38:52.5,8.25,FILE_TOO_LARGE,1
UP005962,APP02418,Income,Failed,17:03.9,29:40.5,2.02,UPLOAD_TIMEOUT,2
UP005963,APP02418,Income,Successful,29:40.0,48:16.1,5.1,,3
UP005964,APP02418,Additional Document,Successful,16:33.0,47:45.5,7.12,,1
UP005965,APP02419,Identity,Successful,18:58.0,35:03.6,1.54,,1
UP005966,APP02419,Income,Successful,07:29.2,26:37.7,0.5,,1
UP005967,APP02419,Additional Document,Failed,19:57.1,42:19.8,3.27,FILE_TOO_LARGE,1
UP005968,APP02419,Additional Document,Successful,14:04.1,37:19.7,5.23,,2
UP005969,APP02420,Identity,Failed,33:14.2,53:36.2,2.15,TRANSFER_ERROR,1
UP005970,APP02420,Identity,Failed,38:15.2,51:10.4,2.87,UPLOAD_TIMEOUT,2
UP005971,APP02420,Identity,Successful,30:59.3,52:13.1,6.96,,3
UP005972,APP02420,Income,Successful,36:02.5,54:27.2,5.5,,1
UP005973,APP02420,Additional Document,Failed,48:55.0,17:47.8,7.71,TRANSFER_ERROR,1
UP005974,APP02420,Additional Document,Successful,42:55.3,11:37.0,7.89,,2
UP005975,APP02421,Identity,Successful,03:48.6,22:41.1,5.57,,1
UP005976,APP02421,Income,Successful,14:01.3,37:35.7,0.5,,1
UP005977,APP02421,Additional Document,Successful,17:14.9,49:33.2,7.06,,1
UP005978,APP02422,Identity,Successful,58:32.7,17:56.4,3.31,,1
UP005979,APP02422,Income,Failed,17:05.7,26:59.0,2.57,TRANSFER_ERROR,1
UP005980,APP02422,Income,Successful,05:12.3,21:28.8,2.05,,2
UP005981,APP02422,Additional Document,Successful,08:56.7,34:53.2,5.77,,1
UP005982,APP02423,Identity,Successful,59:19.5,11:55.2,2.71,,1
UP005983,APP02423,Income,Failed,09:50.4,28:14.1,1.36,FILE_TOO_LARGE,1
UP005984,APP02423,Income,Successful,05:26.5,20:30.2,5.86,,2
UP005985,APP02423,Additional Document,Failed,05:31.0,32:55.5,7.18,UPLOAD_TIMEOUT,1
UP005986,APP02423,Additional Document,Successful,07:10.4,33:18.3,6.69,,2
UP005987,APP02424,Identity,Successful,09:43.3,24:13.7,3.53,,1
UP005988,APP02424,Income,Successful,29:02.9,48:58.4,4.28,,1
UP005989,APP02424,Additional Document,Failed,24:13.0,54:50.6,6.53,TRANSFER_ERROR,1
UP005990,APP02424,Additional Document,Successful,20:38.5,43:49.2,7.28,,2
UP005991,APP02425,Identity,Successful,15:05.1,36:05.2,4.04,,1
UP005992,APP02425,Income,Successful,22:53.0,45:49.4,5.26,,1
UP005993,APP02425,Additional Document,Failed,14:23.2,33:51.5,4.87,FILE_TOO_LARGE,1
UP005994,APP02425,Additional Document,Successful,29:36.7,53:20.5,6.1,,2
UP005995,APP02426,Identity,Successful,27:45.0,46:56.5,2.92,,1
UP005996,APP02426,Income,Successful,39:47.5,57:57.2,3.6,,1
UP005997,APP02426,Additional Document,Failed,48:37.7,13:30.9,5.54,TRANSFER_ERROR,1
UP005998,APP02426,Additional Document,Successful,46:19.6,11:36.3,4.04,,2
UP005999,APP02427,Identity,Successful,27:01.6,44:30.5,3.5,,1
UP006000,APP02427,Income,Successful,38:13.6,02:45.8,1.63,,1
UP006001,APP02427,Additional Document,Successful,42:49.2,06:45.1,7.49,,1
UP006002,APP02428,Identity,Successful,29:48.5,52:08.9,5.69,,1
UP006003,APP02428,Income,Successful,31:51.0,45:41.2,0.61,,1
UP006004,APP02428,Additional Document,Successful,34:36.5,49:01.6,9.49,,1
UP006005,APP02429,Identity,Failed,35:55.9,47:58.9,2.04,UPLOAD_TIMEOUT,1
UP006006,APP02429,Identity,Successful,43:28.2,02:55.7,6.15,,2
UP006007,APP02429,Income,Successful,49:20.4,11:21.2,5.27,,1
UP006008,APP02429,Additional Document,Successful,48:48.6,08:00.8,8.75,,1
UP006009,APP02430,Identity,Successful,30:28.2,44:54.7,3.46,,1
UP006010,APP02430,Income,Successful,38:31.3,53:06.6,2.77,,1
UP006011,APP02430,Additional Document,Failed,45:33.8,11:10.6,4.16,TRANSFER_ERROR,1
UP006012,APP02430,Additional Document,Failed,45:15.7,01:34.6,4.02,TRANSFER_ERROR,2
UP006013,APP02430,Additional Document,Successful,54:24.7,20:26.3,6.03,,3
UP006014,APP02431,Identity,Successful,58:31.1,11:02.2,3.71,,1
UP006015,APP02431,Income,Successful,07:45.2,12:45.8,4.7,,1
UP006016,APP02431,Additional Document,Failed,14:28.7,47:18.8,6.01,UPLOAD_TIMEOUT,1
UP006017,APP02431,Additional Document,Failed,21:11.7,42:52.7,4.77,TRANSFER_ERROR,2
UP006018,APP02431,Additional Document,Successful,10:20.2,31:55.9,5.2,,3
UP006019,APP02432,Identity,Failed,44:40.4,04:42.6,0.68,UPLOAD_TIMEOUT,1
UP006020,APP02432,Identity,Successful,45:32.2,16:19.5,3.01,,2
UP006021,APP02432,Income,Successful,50:59.0,20:59.5,2.64,,1
UP006022,APP02432,Additional Document,Successful,57:14.9,23:03.0,5.44,,1
UP006023,APP02433,Identity,Successful,49:50.0,00:18.3,4.63,,1
UP006024,APP02433,Income,Successful,56:04.1,11:23.3,1.94,,1
UP006025,APP02433,Additional Document,Successful,59:54.6,25:06.8,7.52,,1
UP006026,APP02434,Identity,Successful,27:06.8,40:51.0,2.44,,1
UP006027,APP02434,Income,Successful,22:39.0,33:17.8,0.73,,1
UP006028,APP02434,Additional Document,Failed,24:49.8,46:30.9,11.32,TRANSFER_ERROR,1
UP006029,APP02434,Additional Document,Failed,20:28.3,40:05.9,7.22,UPLOAD_TIMEOUT,2
UP006030,APP02434,Additional Document,Successful,25:12.7,44:05.7,6.94,,3
UP006031,APP02435,Identity,Successful,58:19.7,32:34.4,6.51,,1
UP006032,APP02435,Income,Successful,02:44.0,19:58.0,5.97,,1
UP006033,APP02435,Additional Document,Successful,55:59.1,24:40.6,8.9,,1
UP006034,APP02436,Identity,Successful,30:36.8,51:24.6,6.08,,1
UP006035,APP02436,Income,Successful,33:23.7,54:53.1,3.13,,1
UP006036,APP02436,Additional Document,Failed,50:11.0,21:03.7,7.32,UPLOAD_TIMEOUT,1
UP006037,APP02436,Additional Document,Successful,45:48.0,27:33.6,7.17,,2
UP006038,APP02437,Identity,Successful,29:53.6,45:28.8,4.19,,1
UP006039,APP02437,Income,Successful,29:17.8,46:47.5,2.88,,1
UP006040,APP02437,Additional Document,Successful,33:39.5,00:30.3,7.21,,1
UP006041,APP02438,Identity,Successful,45:26.4,53:14.5,2.74,,1
UP006042,APP02438,Income,Successful,40:15.5,52:49.5,2.91,,1
UP006043,APP02438,Additional Document,Successful,44:56.7,11:29.5,6.37,,1
UP006044,APP02439,Identity,Successful,05:09.9,33:07.4,5.64,,1
UP006045,APP02439,Income,Successful,09:15.9,26:58.2,2.75,,1
UP006046,APP02439,Additional Document,Successful,16:10.3,40:17.0,7.46,,1
UP006047,APP02440,Identity,Successful,23:58.2,44:10.1,4.8,,1
UP006048,APP02440,Income,Successful,29:31.1,42:48.7,7.55,,1
UP006049,APP02440,Additional Document,Successful,27:36.8,53:10.5,9.75,,1
UP006050,APP02441,Identity,Successful,38:08.2,00:35.7,6.46,,1
UP006051,APP02441,Income,Successful,51:18.3,14:39.6,3,,1
UP006052,APP02441,Additional Document,Failed,46:29.8,10:54.1,3.87,TRANSFER_ERROR,1
UP006053,APP02441,Additional Document,Successful,56:07.4,28:50.4,8.51,,2
UP006054,APP02442,Identity,Failed,51:57.6,12:38.6,0.5,TRANSFER_ERROR,1
UP006055,APP02442,Identity,Failed,52:25.6,09:28.4,3.42,UPLOAD_TIMEOUT,2
UP006056,APP02442,Identity,Successful,53:00.8,10:48.0,5.82,,3
UP006057,APP02442,Income,Successful,13:41.8,33:50.8,8.6,,1
UP006058,APP02442,Additional Document,Successful,08:19.1,42:04.4,5.96,,1
UP006059,APP02443,Identity,Successful,53:30.0,58:45.5,4.17,,1
UP006060,APP02443,Income,Successful,52:40.9,24:08.1,1.22,,1
UP006061,APP02443,Additional Document,Successful,00:07.9,26:18.8,6.66,,1
UP006062,APP02444,Identity,Failed,16:31.6,33:22.4,0.5,UPLOAD_TIMEOUT,1
UP006063,APP02444,Identity,Successful,11:14.9,31:16.9,5.09,,2
UP006064,APP02444,Income,Successful,20:33.8,41:24.7,3.03,,1
UP006065,APP02444,Additional Document,Failed,19:54.0,43:13.6,8.11,FILE_TOO_LARGE,1
UP006066,APP02444,Additional Document,Successful,20:14.2,46:26.4,7.61,,2
UP006067,APP02445,Identity,Failed,57:47.7,14:02.6,2.8,UPLOAD_TIMEOUT,1
UP006068,APP02445,Identity,Failed,03:16.3,25:30.1,3.38,UPLOAD_TIMEOUT,2
UP006069,APP02445,Identity,Successful,57:34.8,22:24.2,2.57,,3
UP006070,APP02445,Income,Successful,08:41.9,37:20.0,2.33,,1
UP006071,APP02445,Additional Document,Successful,14:03.5,43:21.0,4.22,,1
UP006072,APP02446,Identity,Successful,06:57.8,33:27.5,0.75,,1
UP006073,APP02446,Income,Successful,17:26.3,39:38.6,3.96,,1
UP006074,APP02446,Additional Document,Successful,26:16.4,48:37.2,8.34,,1
UP006075,APP02447,Identity,Successful,11:24.4,30:57.2,4.45,,1
UP006076,APP02447,Income,Successful,14:12.7,42:25.8,2.5,,1
UP006077,APP02447,Additional Document,Successful,25:04.6,46:43.0,6.42,,1
UP006078,APP02448,Identity,Successful,49:28.1,05:48.8,2.95,,1
UP006079,APP02448,Income,Successful,03:19.4,24:28.9,3.18,,1
UP006080,APP02448,Additional Document,Successful,03:00.9,25:02.0,11.11,,1
UP006081,APP02449,Identity,Successful,40:22.7,52:49.0,4.85,,1
UP006082,APP02449,Income,Successful,44:32.3,58:03.9,1.18,,1
UP006083,APP02449,Additional Document,Successful,49:09.9,16:00.9,6.67,,1
UP006084,APP02450,Identity,Successful,15:36.1,30:07.8,4.84,,1
UP006085,APP02450,Income,Successful,18:01.2,31:15.5,1.48,,1
UP006086,APP02450,Additional Document,Successful,29:17.7,53:33.6,10.42,,1
UP006087,APP02451,Identity,Successful,15:00.1,31:57.9,1.19,,1
UP006088,APP02451,Income,Successful,21:18.6,45:03.5,3.36,,1
UP006089,APP02451,Additional Document,Successful,04:25.6,29:45.4,6.3,,1
UP006090,APP02452,Identity,Successful,56:43.2,13:50.0,2.89,,1
UP006091,APP02452,Income,Successful,07:20.4,32:32.9,3.15,,1
UP006092,APP02452,Additional Document,Successful,18:09.2,41:38.4,6.32,,1
UP006093,APP02453,Identity,Successful,56:14.1,22:39.6,1.21,,1
UP006094,APP02453,Income,Successful,13:38.6,30:53.1,4.14,,1
UP006095,APP02453,Additional Document,Failed,12:02.8,38:42.5,5.47,UPLOAD_TIMEOUT,1
UP006096,APP02453,Additional Document,Successful,21:15.8,46:20.2,6.03,,2
UP006097,APP02454,Identity,Successful,01:42.5,12:13.0,5.43,,1
UP006098,APP02454,Income,Successful,02:57.7,24:20.6,2.68,,1
UP006099,APP02454,Additional Document,Successful,07:12.9,32:17.3,8.64,,1
UP006100,APP02455,Identity,Successful,54:20.7,15:10.8,1.84,,1
UP006101,APP02455,Income,Successful,12:22.2,25:51.0,4.63,,1
UP006102,APP02455,Additional Document,Successful,11:10.4,35:37.7,9.39,,1
UP006103,APP02456,Identity,Failed,46:51.6,06:28.6,1.16,UPLOAD_TIMEOUT,1
UP006104,APP02456,Identity,Failed,45:49.0,12:48.4,2.61,UPLOAD_TIMEOUT,2
UP006105,APP02456,Identity,Successful,59:16.4,11:37.7,4.17,,3
UP006106,APP02456,Income,Failed,00:43.9,15:51.4,0.5,FILE_TOO_LARGE,1
UP006107,APP02456,Income,Failed,53:38.0,18:55.2,6,UPLOAD_TIMEOUT,2
UP006108,APP02456,Income,Successful,01:25.2,20:27.3,1.88,,3
UP006109,APP02456,Additional Document,Successful,04:03.4,27:48.7,6.49,,1
UP006110,APP02457,Identity,Successful,18:45.7,32:23.4,2.11,,1
UP006111,APP02457,Income,Successful,24:46.6,41:01.4,4.49,,1
UP006112,APP02457,Additional Document,Successful,25:03.7,45:21.4,10.31,,1
UP006113,APP02458,Identity,Successful,28:00.0,52:15.6,1.99,,1
UP006114,APP02458,Income,Successful,38:55.3,50:26.6,4.91,,1
UP006115,APP02458,Additional Document,Failed,46:32.5,25:02.1,4.4,TRANSFER_ERROR,1
UP006116,APP02458,Additional Document,Failed,50:24.1,11:30.5,10.91,UPLOAD_TIMEOUT,2
UP006117,APP02458,Additional Document,Successful,45:14.0,05:44.7,6.68,,3
UP006118,APP02459,Identity,Successful,08:32.6,21:53.9,8.12,,1
UP006119,APP02459,Income,Successful,10:35.7,27:39.3,4.92,,1
UP006120,APP02459,Additional Document,Successful,11:22.5,33:18.0,7.67,,1
UP006121,APP02460,Identity,Successful,03:06.3,27:24.2,7.84,,1
UP006122,APP02460,Income,Successful,06:46.8,13:53.3,3.21,,1
UP006123,APP02460,Additional Document,Successful,18:07.4,43:51.9,6.81,,1
UP006124,APP02461,Identity,Successful,52:01.0,09:52.9,3.51,,1
UP006125,APP02461,Income,Successful,00:13.0,06:25.6,3.44,,1
UP006126,APP02461,Additional Document,Failed,02:12.0,25:17.4,5.69,UPLOAD_TIMEOUT,1
UP006127,APP02461,Additional Document,Successful,10:13.0,28:23.7,2.74,,2
UP006128,APP02462,Identity,Successful,04:18.2,23:28.0,5.79,,1
UP006129,APP02462,Income,Successful,06:11.3,17:57.2,3.27,,1
UP006130,APP02462,Additional Document,Failed,14:26.5,38:39.6,7.9,UPLOAD_TIMEOUT,1
UP006131,APP02462,Additional Document,Successful,13:49.0,39:13.3,6.53,,2
UP006132,APP02463,Identity,Successful,40:07.0,57:19.1,1.97,,1
UP006133,APP02463,Income,Successful,29:43.7,45:35.4,4.29,,1
UP006134,APP02463,Additional Document,Successful,38:51.7,05:29.9,5.99,,1
UP006135,APP02464,Identity,Successful,09:27.5,13:34.6,3.22,,1
UP006136,APP02464,Income,Failed,19:55.6,34:05.6,4.43,FILE_TOO_LARGE,1
UP006137,APP02464,Income,Successful,19:13.6,29:04.2,3.57,,2
UP006138,APP02464,Additional Document,Successful,17:10.7,34:09.9,8.06,,1
UP006139,APP02465,Identity,Successful,33:11.8,49:49.9,1.95,,1
UP006140,APP02465,Income,Successful,42:57.0,56:04.9,3.99,,1
UP006141,APP02465,Additional Document,Successful,42:20.1,01:54.3,9.82,,1
UP006142,APP02466,Identity,Successful,09:28.6,24:21.9,5.13,,1
UP006143,APP02466,Income,Successful,12:16.0,35:35.4,2.36,,1
UP006144,APP02466,Additional Document,Failed,20:15.8,34:35.5,6.22,TRANSFER_ERROR,1
UP006145,APP02466,Additional Document,Failed,21:05.0,51:21.8,6.48,UPLOAD_TIMEOUT,2
UP006146,APP02466,Additional Document,Successful,31:19.8,57:08.3,3.85,,3
UP006147,APP02467,Identity,Successful,00:54.9,08:49.1,2.16,,1
UP006148,APP02467,Income,Successful,01:50.5,24:32.7,2.79,,1
UP006149,APP02467,Additional Document,Successful,05:12.8,33:19.1,7.28,,1
UP006150,APP02468,Identity,Successful,02:25.1,23:37.3,1.82,,1
UP006151,APP02468,Income,Successful,00:31.9,15:08.1,2.95,,1
UP006152,APP02468,Additional Document,Successful,06:59.9,25:20.2,7.33,,1
UP006153,APP02469,Identity,Failed,39:23.0,01:32.9,4.87,UPLOAD_TIMEOUT,1
UP006154,APP02469,Identity,Successful,45:47.0,53:19.0,6.35,,2
UP006155,APP02469,Income,Successful,41:05.3,00:19.1,6.6,,1
UP006156,APP02469,Additional Document,Successful,53:56.2,20:15.4,8.03,,1
UP006157,APP02470,Identity,Failed,57:02.4,24:41.6,3.65,TRANSFER_ERROR,1
UP006158,APP02470,Identity,Failed,57:53.2,15:19.1,1.79,FILE_TOO_LARGE,2
UP006159,APP02470,Identity,Successful,00:06.8,17:02.4,6.54,,3
UP006160,APP02470,Income,Successful,56:00.4,20:31.9,2.57,,1
UP006161,APP02470,Additional Document,Successful,04:13.4,27:00.5,9.94,,1
UP006162,APP02471,Identity,Successful,36:09.1,50:58.7,0.5,,1
UP006163,APP02471,Income,Failed,57:25.9,15:44.1,5.14,UPLOAD_TIMEOUT,1
UP006164,APP02471,Income,Successful,52:21.4,06:28.4,3.11,,2
UP006165,APP02471,Additional Document,Successful,59:18.1,19:48.4,6.22,,1
UP006166,APP02472,Identity,Successful,44:30.8,10:40.6,3.08,,1
UP006167,APP02472,Income,Failed,51:19.7,16:20.7,4.63,UPLOAD_TIMEOUT,1
UP006168,APP02472,Income,Successful,52:34.2,12:01.8,3.44,,2
UP006169,APP02472,Additional Document,Successful,03:15.4,34:40.6,7.22,,1
UP006170,APP02473,Identity,Successful,21:36.5,45:49.0,3.84,,1
UP006171,APP02473,Income,Successful,19:08.5,34:02.6,6.02,,1
UP006172,APP02473,Additional Document,Successful,19:54.6,38:00.0,3.57,,1
UP006173,APP02474,Identity,Failed,21:59.8,34:46.2,5.41,UPLOAD_TIMEOUT,1
UP006174,APP02474,Identity,Successful,13:59.8,38:14.8,2.19,,2
UP006175,APP02474,Income,Successful,21:04.6,35:38.1,3.26,,1
UP006176,APP02474,Additional Document,Successful,28:04.3,56:26.2,7.43,,1
UP006177,APP02475,Identity,Successful,33:56.0,50:00.1,3.15,,1
UP006178,APP02475,Income,Successful,47:42.6,11:43.8,3.16,,1
UP006179,APP02475,Additional Document,Successful,45:14.2,16:35.6,5.1,,1
UP006180,APP02476,Identity,Successful,09:08.5,27:19.5,1.7,,1
UP006181,APP02476,Income,Successful,18:42.7,43:31.5,3.35,,1
UP006182,APP02476,Additional Document,Successful,20:30.6,55:47.5,8.26,,1
UP006183,APP02477,Identity,Successful,43:33.0,03:37.2,5.25,,1
UP006184,APP02477,Income,Successful,47:10.9,10:45.0,0.5,,1
UP006185,APP02477,Additional Document,Failed,39:16.7,09:44.6,8.79,TRANSFER_ERROR,1
UP006186,APP02477,Additional Document,Failed,55:07.1,20:03.3,3.59,TRANSFER_ERROR,2
UP006187,APP02477,Additional Document,Successful,53:02.7,17:29.1,6.03,,3
UP006188,APP02478,Identity,Successful,36:45.2,53:09.4,3.68,,1
UP006189,APP02478,Income,Successful,49:46.9,06:14.5,5.51,,1
UP006190,APP02478,Additional Document,Successful,55:47.3,14:32.1,5.05,,1
UP006191,APP02479,Identity,Successful,51:30.5,18:51.0,3.03,,1
UP006192,APP02479,Income,Failed,43:57.0,08:53.3,3.39,UPLOAD_TIMEOUT,1
UP006193,APP02479,Income,Failed,37:39.6,06:20.6,1.44,UPLOAD_TIMEOUT,2
UP006194,APP02479,Income,Successful,51:50.0,11:06.1,2.51,,3
UP006195,APP02479,Additional Document,Failed,45:16.2,14:11.2,8,UPLOAD_TIMEOUT,1
UP006196,APP02479,Additional Document,Successful,46:31.7,11:59.3,4.21,,2
UP006197,APP02480,Identity,Successful,21:27.6,37:56.3,4.85,,1
UP006198,APP02480,Income,Failed,19:59.9,36:04.6,5.64,UPLOAD_TIMEOUT,1
UP006199,APP02480,Income,Successful,22:06.6,45:01.1,4.46,,2
UP006200,APP02480,Additional Document,Failed,31:41.4,52:17.7,8.19,UPLOAD_TIMEOUT,1
UP006201,APP02480,Additional Document,Failed,33:22.9,53:01.5,7.24,TRANSFER_ERROR,2
UP006202,APP02480,Additional Document,Successful,17:46.7,46:35.4,6.43,,3
UP006203,APP02481,Identity,Successful,25:24.2,39:33.8,3.38,,1
UP006204,APP02481,Income,Successful,28:14.6,43:22.3,3.69,,1
UP006205,APP02481,Additional Document,Successful,30:41.8,58:27.1,8.48,,1
UP006206,APP02482,Identity,Successful,11:25.5,23:50.8,2.44,,1
UP006207,APP02482,Income,Successful,10:10.5,20:52.7,5.39,,1
UP006208,APP02482,Additional Document,Successful,03:21.2,32:10.8,8.18,,1
UP006209,APP02483,Identity,Successful,05:28.7,22:49.8,4.97,,1
UP006210,APP02483,Income,Successful,04:59.6,29:10.4,4.02,,1
UP006211,APP02483,Additional Document,Successful,18:00.8,47:17.0,7.07,,1
UP006212,APP02484,Identity,Successful,47:03.9,56:37.3,3.33,,1
UP006213,APP02484,Income,Successful,50:37.0,09:21.5,0.5,,1
UP006214,APP02484,Additional Document,Successful,45:23.4,11:17.9,7.93,,1
UP006215,APP02485,Identity,Successful,39:19.1,02:50.7,2.73,,1
UP006216,APP02485,Income,Successful,48:11.1,06:44.8,4.71,,1
UP006217,APP02485,Additional Document,Successful,11:17.0,31:51.2,6.24,,1
UP006218,APP02486,Identity,Successful,31:09.5,40:45.1,2.38,,1
UP006219,APP02486,Income,Failed,42:27.2,01:56.7,1.67,UPLOAD_TIMEOUT,1
UP006220,APP02486,Income,Successful,38:14.0,52:29.1,5.95,,2
UP006221,APP02486,Additional Document,Failed,48:46.9,11:14.3,6.37,TRANSFER_ERROR,1
UP006222,APP02486,Additional Document,Failed,41:18.2,59:56.8,4.09,TRANSFER_ERROR,2
UP006223,APP02486,Additional Document,Successful,44:49.9,04:12.3,9.01,,3
UP006224,APP02487,Identity,Successful,48:04.0,08:01.6,3.28,,1
UP006225,APP02487,Income,Successful,51:26.7,14:32.4,4.59,,1
UP006226,APP02487,Additional Document,Successful,07:02.3,32:57.4,7.03,,1
UP006227,APP02488,Identity,Successful,23:16.2,44:50.9,5.29,,1
UP006228,APP02488,Income,Successful,38:09.6,50:33.1,3.94,,1
UP006229,APP02488,Additional Document,Successful,35:46.6,56:56.1,6.85,,1
UP006230,APP02489,Identity,Successful,45:58.0,06:54.2,0.5,,1
UP006231,APP02489,Income,Successful,45:46.1,02:12.7,0.82,,1
UP006232,APP02489,Additional Document,Successful,50:55.9,14:32.7,6.66,,1
UP006233,APP02490,Identity,Successful,58:15.2,10:08.6,3.94,,1
UP006234,APP02490,Income,Successful,09:27.1,20:33.3,5.52,,1
UP006235,APP02490,Additional Document,Successful,04:06.1,22:33.7,3.82,,1
UP006236,APP02491,Identity,Successful,09:15.9,29:37.3,4.59,,1
UP006237,APP02491,Income,Successful,14:56.8,40:25.6,8.29,,1
UP006238,APP02491,Additional Document,Successful,26:07.2,48:58.4,3.29,,1
UP006239,APP02492,Identity,Successful,26:41.4,41:20.1,3.51,,1
UP006240,APP02492,Income,Successful,38:54.5,03:47.4,1.84,,1
UP006241,APP02492,Additional Document,Successful,36:35.2,00:35.9,10.4,,1
UP006242,APP02493,Identity,Successful,31:46.4,54:43.7,4.09,,1
UP006243,APP02493,Income,Successful,45:18.3,08:03.6,0.5,,1
UP006244,APP02493,Additional Document,Successful,38:07.0,59:58.0,7.07,,1
UP006245,APP02494,Identity,Failed,08:00.0,22:12.6,6.14,FILE_TOO_LARGE,1
UP006246,APP02494,Identity,Successful,21:27.8,38:03.9,5.28,,2
UP006247,APP02494,Income,Failed,31:26.7,51:14.5,2.71,UPLOAD_TIMEOUT,1
UP006248,APP02494,Income,Successful,29:36.9,58:49.4,5.56,,2
UP006249,APP02494,Additional Document,Successful,26:46.2,59:36.4,8.35,,1
UP006250,APP02495,Identity,Successful,44:06.0,57:29.3,1.89,,1
UP006251,APP02495,Income,Successful,34:04.9,50:20.0,2.54,,1
UP006252,APP02495,Additional Document,Failed,54:13.0,08:55.7,7.86,TRANSFER_ERROR,1
UP006253,APP02495,Additional Document,Successful,55:16.2,17:49.9,10.19,,2
UP006254,APP02496,Identity,Successful,39:05.1,59:27.2,3.01,,1
UP006255,APP02496,Income,Failed,48:25.1,12:53.4,4.78,UPLOAD_TIMEOUT,1
UP006256,APP02496,Income,Successful,47:08.8,04:05.8,1.94,,2
UP006257,APP02496,Additional Document,Successful,47:27.9,16:38.4,9.65,,1
UP006258,APP02497,Identity,Successful,02:29.2,17:34.8,1.05,,1
UP006259,APP02497,Income,Successful,06:43.3,26:05.0,1.29,,1
UP006260,APP02497,Additional Document,Failed,17:05.8,40:19.0,8.97,UPLOAD_TIMEOUT,1
UP006261,APP02497,Additional Document,Successful,08:22.8,29:25.3,7.21,,2
UP006262,APP02498,Identity,Successful,48:39.4,15:30.8,4,,1
UP006263,APP02498,Income,Successful,00:15.6,19:20.5,0.56,,1
UP006264,APP02498,Additional Document,Failed,05:27.3,28:32.4,7.69,TRANSFER_ERROR,1
UP006265,APP02498,Additional Document,Successful,03:20.4,39:06.1,9.67,,2
UP006266,APP02499,Identity,Successful,00:45.7,28:43.8,3.66,,1
UP006267,APP02499,Income,Successful,00:25.9,11:16.8,2.32,,1
UP006268,APP02499,Additional Document,Successful,00:34.7,29:32.6,4.27,,1
UP006269,APP02500,Identity,Successful,44:53.4,13:00.8,3.54,,1
UP006270,APP02500,Income,Successful,49:02.9,13:11.8,4.28,,1
UP006271,APP02500,Additional Document,Failed,46:19.2,12:52.7,5.69,TRANSFER_ERROR,1
UP006272,APP02500,Additional Document,Successful,52:39.0,23:30.0,8.64,,2
UP006273,APP02501,Identity,Successful,18:08.5,45:38.9,3.73,,1
UP006274,APP02501,Income,Successful,31:35.7,55:40.2,2.93,,1
UP006275,APP02501,Additional Document,Failed,38:40.4,06:01.2,6.35,FILE_TOO_LARGE,1
UP006276,APP02501,Additional Document,Failed,35:39.0,03:47.6,3.39,FILE_TOO_LARGE,2
UP006277,APP02501,Additional Document,Successful,37:39.9,12:20.5,8.66,,3
UP006278,APP02502,Identity,Successful,14:22.7,28:49.2,4.18,,1
UP006279,APP02502,Income,Successful,21:26.6,32:04.6,3.43,,1
UP006280,APP02502,Additional Document,Successful,31:35.6,57:28.5,5.16,,1
UP006281,APP02503,Identity,Successful,28:35.1,42:04.4,2.07,,1
UP006282,APP02503,Income,Successful,40:08.0,49:12.9,2,,1
UP006283,APP02503,Additional Document,Successful,42:56.3,06:31.4,8.86,,1
UP006284,APP02504,Identity,Successful,25:17.8,33:44.3,2.4,,1
UP006285,APP02504,Income,Successful,27:53.9,39:54.1,4.89,,1
UP006286,APP02504,Additional Document,Successful,40:43.3,08:09.8,9.05,,1
UP006287,APP02505,Identity,Successful,07:27.2,20:45.9,3.11,,1
UP006288,APP02505,Income,Successful,09:05.2,23:26.0,2.76,,1
UP006289,APP02505,Additional Document,Successful,14:08.5,38:45.7,8.8,,1
UP006290,APP02506,Identity,Successful,45:02.2,52:09.6,4.93,,1
UP006291,APP02506,Income,Successful,36:31.0,01:38.4,4.5,,1
UP006292,APP02506,Additional Document,Successful,54:29.1,20:11.7,6.84,,1
UP006293,APP02507,Identity,Successful,29:13.3,43:02.3,9.83,,1
UP006294,APP02507,Income,Failed,38:46.3,00:14.8,0.5,UPLOAD_TIMEOUT,1
UP006295,APP02507,Income,Failed,46:52.7,03:20.8,1.83,UPLOAD_TIMEOUT,2
UP006296,APP02507,Income,Successful,50:36.3,00:59.4,3.8,,3
UP006297,APP02507,Additional Document,Successful,50:57.3,15:46.3,7.87,,1
UP006298,APP02508,Identity,Successful,59:02.0,16:14.1,3.05,,1
UP006299,APP02508,Income,Successful,04:57.1,30:26.7,3.04,,1
UP006300,APP02508,Additional Document,Successful,13:36.4,44:25.4,5.47,,1
UP006301,APP02509,Identity,Successful,01:59.8,11:06.5,3.77,,1
UP006302,APP02509,Income,Successful,07:28.7,20:08.3,2.89,,1
UP006303,APP02509,Additional Document,Successful,22:24.4,39:15.8,8.29,,1
UP006304,APP02510,Identity,Successful,44:58.2,03:16.0,2.53,,1
UP006305,APP02510,Income,Successful,41:30.7,01:36.7,2.56,,1
UP006306,APP02510,Additional Document,Successful,53:49.7,15:46.9,5.21,,1
UP006307,APP02511,Identity,Successful,35:10.6,01:23.3,5.48,,1
UP006308,APP02511,Income,Successful,48:54.8,14:10.7,3.95,,1
UP006309,APP02511,Additional Document,Successful,48:45.2,23:22.0,9.14,,1
UP006310,APP02512,Identity,Successful,53:05.1,07:28.8,4.66,,1
UP006311,APP02512,Income,Failed,01:10.0,24:45.7,8.01,TRANSFER_ERROR,1
UP006312,APP02512,Income,Successful,54:40.4,18:26.3,6,,2
UP006313,APP02512,Additional Document,Successful,58:16.8,13:47.8,4.45,,1
UP006314,APP02513,Identity,Successful,07:04.7,26:11.8,5.9,,1
UP006315,APP02513,Income,Successful,23:45.6,35:38.9,4.38,,1
UP006316,APP02513,Additional Document,Successful,10:10.6,39:39.1,5.6,,1
UP006317,APP02514,Identity,Successful,32:08.4,57:50.8,5.57,,1
UP006318,APP02514,Income,Successful,30:58.5,47:02.3,4.31,,1
UP006319,APP02514,Additional Document,Successful,36:42.1,00:48.2,5,,1
UP006320,APP02515,Identity,Successful,21:13.8,47:45.7,3.93,,1
UP006321,APP02515,Income,Successful,17:46.4,46:43.6,4.41,,1
UP006322,APP02515,Additional Document,Failed,28:19.7,01:34.6,6.98,FILE_TOO_LARGE,1
UP006323,APP02515,Additional Document,Successful,26:26.9,46:28.1,3.58,,2
UP006324,APP02516,Identity,Successful,48:55.9,14:01.5,3.42,,1
UP006325,APP02516,Income,Failed,56:06.3,17:06.8,3.07,TRANSFER_ERROR,1
UP006326,APP02516,Income,Failed,00:13.3,20:04.6,6.26,UPLOAD_TIMEOUT,2
UP006327,APP02516,Income,Successful,00:22.6,13:13.3,5.38,,3
UP006328,APP02516,Additional Document,Successful,52:36.7,05:07.2,5.46,,1
UP006329,APP02517,Identity,Successful,25:11.1,38:05.5,4.6,,1
UP006330,APP02517,Income,Successful,28:13.7,48:51.9,3.43,,1
UP006331,APP02517,Additional Document,Successful,24:59.2,55:42.5,5.78,,1
UP006332,APP02518,Identity,Failed,35:20.6,52:28.1,3.89,TRANSFER_ERROR,1
UP006333,APP02518,Identity,Failed,30:55.5,56:23.4,3.05,UPLOAD_TIMEOUT,2
UP006334,APP02518,Identity,Successful,31:24.2,49:53.9,5.05,,3
UP006335,APP02518,Income,Successful,22:37.6,43:48.1,4.82,,1
UP006336,APP02518,Additional Document,Successful,40:31.4,12:00.6,9.47,,1
UP006337,APP02519,Identity,Failed,34:34.5,59:41.0,3.71,UPLOAD_TIMEOUT,1
UP006338,APP02519,Identity,Successful,26:25.8,54:39.9,4.72,,2
UP006339,APP02519,Income,Successful,47:39.8,08:25.9,2.55,,1
UP006340,APP02519,Additional Document,Failed,42:36.4,05:56.0,5.59,UPLOAD_TIMEOUT,1
UP006341,APP02519,Additional Document,Successful,43:18.5,03:41.9,6.34,,2
UP006342,APP02520,Identity,Successful,33:09.6,46:46.8,4.57,,1
UP006343,APP02520,Income,Successful,34:24.8,40:13.3,4.22,,1
UP006344,APP02520,Additional Document,Successful,37:54.0,01:11.5,5.02,,1
UP006345,APP02521,Identity,Successful,48:14.8,58:48.9,4.39,,1
UP006346,APP02521,Income,Successful,53:21.6,05:57.8,5.87,,1
UP006347,APP02521,Additional Document,Successful,59:15.3,23:33.4,1.51,,1
UP006348,APP02522,Identity,Successful,32:30.7,55:03.5,6.43,,1
UP006349,APP02522,Income,Successful,24:00.5,38:45.9,2.91,,1
UP006350,APP02522,Additional Document,Successful,47:26.3,04:05.4,9.49,,1
UP006351,APP02523,Identity,Failed,25:23.0,48:32.7,4.54,UPLOAD_TIMEOUT,1
UP006352,APP02523,Identity,Successful,38:35.5,55:39.4,4.55,,2
UP006353,APP02523,Income,Successful,33:36.3,02:17.3,1.63,,1
UP006354,APP02523,Additional Document,Successful,34:08.5,05:00.9,4.91,,1
UP006355,APP02524,Identity,Failed,12:11.6,30:41.3,4.25,UPLOAD_TIMEOUT,1
UP006356,APP02524,Identity,Failed,19:02.2,37:52.6,2.76,UPLOAD_TIMEOUT,2
UP006357,APP02524,Identity,Successful,26:03.9,43:31.8,3.21,,3
UP006358,APP02524,Income,Successful,15:06.3,19:25.0,4.6,,1
UP006359,APP02524,Additional Document,Successful,23:22.3,40:53.5,6.8,,1
UP006360,APP02525,Identity,Successful,58:01.7,15:21.1,1.62,,1
UP006361,APP02525,Income,Successful,12:11.7,35:00.2,6.3,,1
UP006362,APP02525,Additional Document,Successful,12:16.1,39:59.7,8.65,,1
UP006363,APP02526,Identity,Failed,31:53.3,53:38.7,1.49,FILE_TOO_LARGE,1
UP006364,APP02526,Identity,Successful,35:23.0,50:27.1,3.27,,2
UP006365,APP02526,Income,Failed,40:49.8,56:24.8,3.43,UPLOAD_TIMEOUT,1
UP006366,APP02526,Income,Successful,41:48.8,02:07.9,4.25,,2
UP006367,APP02526,Additional Document,Successful,46:06.9,18:17.6,4.92,,1
UP006368,APP02527,Identity,Successful,37:20.3,47:05.1,3.76,,1
UP006369,APP02527,Income,Successful,40:33.3,04:02.2,5.25,,1
UP006370,APP02527,Additional Document,Successful,41:46.5,02:52.0,6.24,,1
UP006371,APP02528,Identity,Successful,13:22.7,34:57.8,1.63,,1
UP006372,APP02528,Income,Successful,14:19.1,34:58.0,0.5,,1
UP006373,APP02528,Additional Document,Successful,20:40.9,38:55.7,10.17,,1
UP006374,APP02529,Identity,Failed,23:32.0,44:53.2,5.66,TRANSFER_ERROR,1
UP006375,APP02529,Identity,Successful,27:15.8,33:20.1,2.41,,2
UP006376,APP02529,Income,Successful,20:22.4,37:50.6,4.59,,1
UP006377,APP02529,Additional Document,Successful,27:26.7,57:21.3,6.2,,1
UP006378,APP02530,Identity,Successful,10:47.7,23:58.5,2.61,,1
UP006379,APP02530,Income,Failed,26:34.4,49:17.8,5.87,FILE_TOO_LARGE,1
UP006380,APP02530,Income,Failed,15:49.7,52:02.1,5.96,UPLOAD_TIMEOUT,2
UP006381,APP02530,Income,Successful,23:43.4,45:03.3,1.84,,3
UP006382,APP02530,Additional Document,Failed,24:52.7,48:13.9,8.53,TRANSFER_ERROR,1
UP006383,APP02530,Additional Document,Successful,29:25.8,56:47.4,11.2,,2
UP006384,APP02531,Identity,Successful,44:21.1,01:52.7,3.15,,1
UP006385,APP02531,Income,Successful,49:38.9,24:29.9,2.7,,1
UP006386,APP02531,Additional Document,Failed,58:48.2,23:26.1,7.2,UPLOAD_TIMEOUT,1
UP006387,APP02531,Additional Document,Failed,03:52.4,29:43.7,8.76,TRANSFER_ERROR,2
UP006388,APP02531,Additional Document,Successful,04:23.6,36:46.6,7.54,,3
UP006389,APP02532,Identity,Successful,47:09.1,07:10.1,3.13,,1
UP006390,APP02532,Income,Successful,45:21.3,06:10.5,4.39,,1
UP006391,APP02532,Additional Document,Successful,47:55.0,09:05.2,7.14,,1
UP006392,APP02533,Identity,Successful,20:55.0,33:44.0,8.03,,1
UP006393,APP02533,Income,Successful,24:52.2,51:59.3,5.27,,1
UP006394,APP02533,Additional Document,Successful,34:30.7,01:06.2,4,,1
UP006395,APP02534,Identity,Successful,34:49.0,50:07.7,0.99,,1
UP006396,APP02534,Income,Successful,48:44.0,09:56.0,4.28,,1
UP006397,APP02534,Additional Document,Successful,44:16.8,16:13.7,5.98,,1
UP006398,APP02535,Identity,Successful,54:35.7,22:36.6,3.75,,1
UP006399,APP02535,Income,Failed,00:58.6,24:34.7,2.53,UPLOAD_TIMEOUT,1
UP006400,APP02535,Income,Successful,04:59.3,14:18.1,5.21,,2
UP006401,APP02535,Additional Document,Successful,06:32.8,37:03.5,7.04,,1
UP006402,APP02536,Identity,Successful,27:31.1,00:05.9,5.35,,1
UP006403,APP02536,Income,Successful,49:23.5,15:11.1,4.88,,1
UP006404,APP02536,Additional Document,Successful,40:07.6,03:51.2,5.15,,1
UP006405,APP02537,Identity,Successful,26:26.8,38:29.9,4.94,,1
UP006406,APP02537,Income,Successful,34:03.5,05:19.1,3.71,,1
UP006407,APP02537,Additional Document,Successful,45:27.9,17:37.1,7.54,,1
UP006408,APP02538,Identity,Successful,26:25.8,55:21.9,3.16,,1
UP006409,APP02538,Income,Failed,28:04.9,53:43.3,2.09,FILE_TOO_LARGE,1
UP006410,APP02538,Income,Failed,29:01.7,42:59.5,2.86,TRANSFER_ERROR,2
UP006411,APP02538,Income,Successful,33:28.1,51:56.3,5.35,,3
UP006412,APP02538,Additional Document,Successful,26:28.9,52:50.6,8.76,,1
UP006413,APP02539,Identity,Successful,52:48.9,04:50.4,2.53,,1
UP006414,APP02539,Income,Failed,59:00.4,24:34.8,3.51,TRANSFER_ERROR,1
UP006415,APP02539,Income,Successful,54:18.1,06:27.2,2.49,,2
UP006416,APP02539,Additional Document,Successful,48:35.5,08:00.3,8.93,,1
UP006417,APP02540,Identity,Failed,25:55.6,46:20.4,2.85,UPLOAD_TIMEOUT,1
UP006418,APP02540,Identity,Failed,35:53.5,52:01.5,1.93,TRANSFER_ERROR,2
UP006419,APP02540,Identity,Successful,25:00.0,36:03.7,4.65,,3
UP006420,APP02540,Income,Successful,42:57.3,01:22.1,0.5,,1
UP006421,APP02540,Additional Document,Successful,51:00.6,15:51.6,9.06,,1
UP006422,APP02541,Identity,Successful,22:45.8,43:38.2,5.17,,1
UP006423,APP02541,Income,Failed,26:54.0,45:33.0,4.53,TRANSFER_ERROR,1
UP006424,APP02541,Income,Successful,23:34.4,47:01.5,4.88,,2
UP006425,APP02541,Additional Document,Successful,32:33.0,03:51.9,8.35,,1
UP006426,APP02542,Identity,Successful,15:21.3,41:00.7,3.88,,1
UP006427,APP02542,Income,Successful,25:18.7,39:26.4,1.06,,1
UP006428,APP02542,Additional Document,Failed,18:07.8,47:55.3,6.11,TRANSFER_ERROR,1
UP006429,APP02542,Additional Document,Successful,29:13.3,57:19.6,7.59,,2
UP006430,APP02543,Identity,Successful,08:10.7,28:31.2,3.28,,1
UP006431,APP02543,Income,Successful,24:27.9,36:31.9,3.78,,1
UP006432,APP02543,Additional Document,Successful,22:48.6,52:55.8,7.74,,1
UP006433,APP02544,Identity,Successful,20:17.4,41:57.4,3.26,,1
UP006434,APP02544,Income,Failed,30:10.3,44:04.1,4.98,UPLOAD_TIMEOUT,1
UP006435,APP02544,Income,Successful,31:11.5,51:11.4,3.54,,2
UP006436,APP02544,Additional Document,Successful,41:28.0,53:44.6,7.6,,1
UP006437,APP02545,Identity,Successful,09:22.1,41:16.4,2.43,,1
UP006438,APP02545,Income,Failed,04:55.8,33:23.4,7.09,UPLOAD_TIMEOUT,1
UP006439,APP02545,Income,Failed,04:06.3,35:53.3,0.63,TRANSFER_ERROR,2
UP006440,APP02545,Income,Successful,15:13.9,33:11.2,2.52,,3
UP006441,APP02545,Additional Document,Successful,13:14.5,44:30.9,5.89,,1
UP006442,APP02546,Identity,Successful,46:02.3,10:49.5,0.5,,1
UP006443,APP02546,Income,Successful,58:35.7,21:53.8,3.01,,1
UP006444,APP02546,Additional Document,Successful,57:22.8,13:03.2,7.77,,1
UP006445,APP02547,Identity,Successful,28:58.9,52:07.3,4.03,,1
UP006446,APP02547,Income,Successful,35:06.0,55:42.9,5.56,,1
UP006447,APP02547,Additional Document,Successful,47:32.1,23:07.8,7.18,,1
UP006448,APP02548,Identity,Failed,32:40.5,55:39.8,0.5,TRANSFER_ERROR,1
UP006449,APP02548,Identity,Successful,27:46.8,44:59.0,0.5,,2
UP006450,APP02548,Income,Successful,34:05.8,49:28.7,4.88,,1
UP006451,APP02548,Additional Document,Successful,33:51.8,54:25.5,3.97,,1
UP006452,APP02549,Identity,Successful,37:19.8,57:09.2,4.93,,1
UP006453,APP02549,Income,Successful,49:11.9,10:55.6,1.16,,1
UP006454,APP02549,Additional Document,Successful,31:23.5,47:46.1,9.16,,1
UP006455,APP02550,Identity,Successful,18:36.7,43:06.8,3.04,,1
UP006456,APP02550,Income,Successful,22:49.6,41:08.6,3.26,,1
UP006457,APP02550,Additional Document,Successful,34:41.3,00:42.3,7.47,,1
UP006458,APP02551,Identity,Successful,03:47.7,19:23.1,5.03,,1
UP006459,APP02551,Income,Successful,16:08.7,33:17.3,2.54,,1
UP006460,APP02551,Additional Document,Successful,10:17.9,29:13.0,6.47,,1
UP006461,APP02552,Identity,Successful,37:21.7,59:43.4,3.25,,1
UP006462,APP02552,Income,Successful,42:55.7,59:06.5,4.66,,1
UP006463,APP02552,Additional Document,Failed,47:55.6,05:07.3,8.68,TRANSFER_ERROR,1
UP006464,APP02552,Additional Document,Successful,55:11.6,15:03.5,5.58,,2
UP006465,APP02553,Identity,Failed,46:10.3,06:37.2,5.61,UPLOAD_TIMEOUT,1
UP006466,APP02553,Identity,Successful,36:28.4,05:07.5,4.02,,2
UP006467,APP02553,Income,Successful,41:19.3,00:30.1,1.83,,1
UP006468,APP02553,Additional Document,Failed,46:53.9,17:10.1,4.75,UPLOAD_TIMEOUT,1
UP006469,APP02553,Additional Document,Successful,50:55.9,16:50.6,8.58,,2
UP006470,APP02554,Identity,Successful,38:52.9,59:19.6,0.5,,1
UP006471,APP02554,Income,Successful,38:13.0,59:46.4,5.48,,1
UP006472,APP02554,Additional Document,Successful,45:59.2,12:40.6,8.42,,1
UP006473,APP02555,Identity,Successful,07:07.1,24:21.9,0.5,,1
UP006474,APP02555,Income,Successful,59:05.1,12:28.0,5.87,,1
UP006475,APP02555,Additional Document,Successful,11:36.1,28:30.2,5.68,,1
UP006476,APP02556,Identity,Failed,10:11.2,28:09.1,5.7,TRANSFER_ERROR,1
UP006477,APP02556,Identity,Failed,09:26.9,22:04.6,2.83,UPLOAD_TIMEOUT,2
UP006478,APP02556,Identity,Successful,08:46.6,22:00.3,3.55,,3
UP006479,APP02556,Income,Failed,13:40.7,24:58.5,8.19,UPLOAD_TIMEOUT,1
UP006480,APP02556,Income,Successful,21:13.5,32:55.4,2.3,,2
UP006481,APP02556,Additional Document,Successful,18:45.1,31:25.8,7.26,,1
UP006482,APP02557,Identity,Successful,20:41.4,44:32.8,1.83,,1
UP006483,APP02557,Income,Successful,30:42.0,50:52.7,2.98,,1
UP006484,APP02557,Additional Document,Successful,26:55.4,55:03.3,5.31,,1
UP006485,APP02558,Identity,Successful,47:07.6,08:15.3,2.38,,1
UP006486,APP02558,Income,Failed,48:22.1,17:24.6,4.03,FILE_TOO_LARGE,1
UP006487,APP02558,Income,Successful,50:07.3,17:57.0,2.83,,2
UP006488,APP02558,Additional Document,Successful,01:34.4,30:44.5,6.5,,1
UP006489,APP02559,Identity,Successful,04:23.2,26:03.6,3.13,,1
UP006490,APP02559,Income,Successful,15:08.0,30:49.9,4.4,,1
UP006491,APP02559,Additional Document,Failed,18:26.6,52:19.2,9.03,UPLOAD_TIMEOUT,1
UP006492,APP02559,Additional Document,Successful,14:37.1,45:19.9,2.96,,2
UP006493,APP02560,Identity,Successful,40:19.1,58:05.0,1.24,,1
UP006494,APP02560,Income,Successful,32:20.5,42:51.5,2.75,,1
UP006495,APP02560,Additional Document,Failed,28:00.4,50:30.7,4.25,TRANSFER_ERROR,1
UP006496,APP02560,Additional Document,Successful,48:47.3,10:02.1,4.41,,2
UP006497,APP02561,Identity,Successful,21:25.8,34:49.3,7.42,,1
UP006498,APP02561,Income,Successful,29:38.0,44:01.0,2.68,,1
UP006499,APP02561,Additional Document,Successful,28:48.0,53:06.8,8.46,,1
UP006500,APP02562,Identity,Successful,56:57.1,17:46.4,2.27,,1
UP006501,APP02562,Income,Successful,00:29.0,21:30.0,0.94,,1
UP006502,APP02562,Additional Document,Failed,58:39.4,15:39.2,5.9,UPLOAD_TIMEOUT,1
UP006503,APP02562,Additional Document,Failed,13:59.1,43:51.8,4.91,TRANSFER_ERROR,2
UP006504,APP02562,Additional Document,Successful,04:37.6,39:08.0,6.02,,3
UP006505,APP02563,Identity,Failed,18:29.5,41:11.5,2.79,UPLOAD_TIMEOUT,1
UP006506,APP02563,Identity,Successful,18:49.4,42:55.7,4.26,,2
UP006507,APP02563,Income,Successful,33:31.0,53:41.1,1.64,,1
UP006508,APP02563,Additional Document,Successful,35:57.9,04:43.6,4.27,,1
UP006509,APP02564,Identity,Successful,50:52.6,06:18.8,0.5,,1
UP006510,APP02564,Income,Successful,05:13.4,21:29.7,2.75,,1
UP006511,APP02564,Additional Document,Failed,11:06.0,37:50.7,12.3,UPLOAD_TIMEOUT,1
UP006512,APP02564,Additional Document,Failed,11:12.2,28:19.4,6.77,TRANSFER_ERROR,2
UP006513,APP02564,Additional Document,Successful,05:12.3,26:46.3,4.82,,3
UP006514,APP02565,Identity,Successful,57:53.0,29:20.5,3.33,,1
UP006515,APP02565,Income,Failed,03:37.9,24:26.3,4.58,UPLOAD_TIMEOUT,1
UP006516,APP02565,Income,Successful,04:12.5,31:25.5,3,,2
UP006517,APP02565,Additional Document,Successful,00:06.6,31:57.4,8.45,,1
UP006518,APP02566,Identity,Successful,01:34.4,14:49.0,2.13,,1
UP006519,APP02566,Income,Successful,56:27.2,25:35.1,1.7,,1
UP006520,APP02566,Additional Document,Failed,59:55.7,26:09.0,4.61,UPLOAD_TIMEOUT,1
UP006521,APP02566,Additional Document,Successful,12:52.4,43:27.2,7.61,,2
UP006522,APP02567,Identity,Successful,00:34.5,25:28.8,1.79,,1
UP006523,APP02567,Income,Successful,16:57.7,43:04.5,0.5,,1
UP006524,APP02567,Additional Document,Successful,10:30.9,24:12.9,7.21,,1
UP006525,APP02568,Identity,Successful,27:19.9,41:23.2,4.1,,1
UP006526,APP02568,Income,Successful,27:38.6,45:48.6,4.53,,1
UP006527,APP02568,Additional Document,Failed,32:09.9,01:23.5,8,TRANSFER_ERROR,1
UP006528,APP02568,Additional Document,Failed,28:05.7,55:21.1,6.35,FILE_TOO_LARGE,2
UP006529,APP02568,Additional Document,Successful,28:53.9,05:16.0,1.86,,3
UP006530,APP02569,Identity,Successful,02:08.4,21:23.5,4.65,,1
UP006531,APP02569,Income,Successful,12:12.9,31:04.1,2.22,,1
UP006532,APP02569,Additional Document,Successful,06:58.1,34:07.9,6.84,,1
UP006533,APP02570,Identity,Successful,54:37.8,09:30.0,4.25,,1
UP006534,APP02570,Income,Successful,04:22.7,20:04.9,6.09,,1
UP006535,APP02570,Additional Document,Failed,03:36.0,27:01.3,9.96,UPLOAD_TIMEOUT,1
UP006536,APP02570,Additional Document,Failed,03:49.8,22:13.7,8.6,TRANSFER_ERROR,2
UP006537,APP02570,Additional Document,Successful,13:31.7,40:23.7,4.78,,3
UP006538,APP02571,Identity,Successful,39:06.8,52:28.4,3.51,,1
UP006539,APP02571,Income,Failed,42:13.8,04:08.4,4.06,UPLOAD_TIMEOUT,1
UP006540,APP02571,Income,Failed,44:32.2,55:59.6,3.63,UPLOAD_TIMEOUT,2
UP006541,APP02571,Income,Successful,55:18.8,08:30.1,1.77,,3
UP006542,APP02571,Additional Document,Successful,48:36.9,13:22.7,8.31,,1
UP006543,APP02572,Identity,Successful,46:18.7,10:14.0,2.8,,1
UP006544,APP02572,Income,Successful,53:25.8,01:18.9,1.1,,1
UP006545,APP02572,Additional Document,Successful,52:58.9,03:57.9,7.36,,1
UP006546,APP02573,Identity,Successful,54:16.2,19:21.3,6.21,,1
UP006547,APP02573,Income,Successful,54:46.3,25:20.6,4.72,,1
UP006548,APP02573,Additional Document,Successful,03:05.6,30:50.8,9.28,,1
UP006549,APP02574,Identity,Successful,36:50.7,53:39.0,6.1,,1
UP006550,APP02574,Income,Failed,28:09.2,47:46.0,4.8,UPLOAD_TIMEOUT,1
UP006551,APP02574,Income,Successful,35:08.3,57:03.9,4.81,,2
UP006552,APP02574,Additional Document,Successful,42:06.1,11:03.9,8.23,,1
UP006553,APP02575,Identity,Successful,45:29.6,05:11.7,4.21,,1
UP006554,APP02575,Income,Successful,59:52.0,12:18.7,2.73,,1
UP006555,APP02575,Additional Document,Successful,00:04.9,16:56.6,7.58,,1
UP006556,APP02576,Identity,Successful,06:56.9,31:53.9,4.85,,1
UP006557,APP02576,Income,Successful,10:32.5,31:49.7,0.5,,1
UP006558,APP02576,Additional Document,Failed,19:58.8,46:28.4,8.51,TRANSFER_ERROR,1
UP006559,APP02576,Additional Document,Failed,12:29.6,46:10.9,3.89,UPLOAD_TIMEOUT,2
UP006560,APP02576,Additional Document,Successful,26:00.2,49:46.9,8.59,,3
UP006561,APP02577,Identity,Successful,00:10.0,09:12.9,3.53,,1
UP006562,APP02577,Income,Successful,58:27.2,15:22.8,3.03,,1
UP006563,APP02577,Additional Document,Successful,06:34.3,29:30.1,6.69,,1
UP006564,APP02578,Identity,Successful,37:41.6,53:12.1,5.77,,1
UP006565,APP02578,Income,Successful,41:50.8,07:03.9,5.92,,1
UP006566,APP02578,Additional Document,Successful,40:08.9,59:51.2,7.56,,1
UP006567,APP02579,Identity,Successful,13:41.9,34:19.0,3.39,,1
UP006568,APP02579,Income,Successful,11:58.5,38:00.6,7.97,,1
UP006569,APP02579,Additional Document,Successful,20:10.7,44:06.7,8.58,,1
UP006570,APP02580,Identity,Successful,22:42.7,37:50.9,1.53,,1
UP006571,APP02580,Income,Successful,26:26.3,44:32.1,4.34,,1
UP006572,APP02580,Additional Document,Successful,35:19.7,57:11.0,7.32,,1
UP006573,APP02581,Identity,Successful,06:23.5,22:22.1,0.5,,1
UP006574,APP02581,Income,Successful,14:03.3,46:51.3,4.63,,1
UP006575,APP02581,Additional Document,Successful,24:57.0,49:59.7,7.45,,1
UP006576,APP02582,Identity,Successful,42:32.5,55:36.3,2.15,,1
UP006577,APP02582,Income,Successful,48:11.7,03:20.8,3.09,,1
UP006578,APP02582,Additional Document,Successful,57:49.4,22:21.4,10.17,,1
UP006579,APP02583,Identity,Successful,23:09.7,45:24.7,6.12,,1
UP006580,APP02583,Income,Failed,21:54.1,44:41.8,2.39,TRANSFER_ERROR,1
UP006581,APP02583,Income,Successful,27:58.3,50:05.7,1.71,,2
UP006582,APP02583,Additional Document,Successful,26:46.6,03:11.9,6.97,,1
UP006583,APP02584,Identity,Failed,56:37.7,16:18.1,3.56,FILE_TOO_LARGE,1
UP006584,APP02584,Identity,Successful,00:27.5,14:06.3,4.36,,2
UP006585,APP02584,Income,Successful,16:39.5,40:04.1,2.85,,1
UP006586,APP02584,Additional Document,Successful,16:01.3,47:01.7,9.39,,1
UP006587,APP02585,Identity,Successful,39:27.4,00:42.9,1.33,,1
UP006588,APP02585,Income,Successful,32:13.3,57:19.3,3.89,,1
UP006589,APP02585,Additional Document,Failed,51:57.7,19:54.4,6.39,UPLOAD_TIMEOUT,1
UP006590,APP02585,Additional Document,Failed,55:54.9,23:48.4,7.84,TRANSFER_ERROR,2
UP006591,APP02585,Additional Document,Successful,45:46.5,13:08.0,6.69,,3
UP006592,APP02586,Identity,Successful,24:25.7,36:13.4,3.68,,1
UP006593,APP02586,Income,Successful,17:49.2,37:14.6,6.99,,1
UP006594,APP02586,Additional Document,Failed,30:57.7,59:21.9,7.57,UPLOAD_TIMEOUT,1
UP006595,APP02586,Additional Document,Successful,22:36.4,45:42.0,6.99,,2
UP006596,APP02587,Identity,Successful,48:23.8,06:42.8,6.99,,1
UP006597,APP02587,Income,Successful,57:31.5,24:09.5,4.3,,1
UP006598,APP02587,Additional Document,Successful,52:35.4,25:25.3,9.43,,1
UP006599,APP02588,Identity,Successful,37:32.5,06:37.9,1.24,,1
UP006600,APP02588,Income,Failed,28:00.0,50:12.9,4.4,FILE_TOO_LARGE,1
UP006601,APP02588,Income,Failed,25:36.7,40:26.0,6.25,UPLOAD_TIMEOUT,2
UP006602,APP02588,Income,Successful,33:16.8,01:00.6,5.4,,3
UP006603,APP02588,Additional Document,Successful,26:31.0,52:00.1,10,,1
UP006604,APP02589,Identity,Successful,10:06.5,25:52.4,0.5,,1
UP006605,APP02589,Income,Successful,18:09.4,43:49.6,4.94,,1
UP006606,APP02589,Additional Document,Failed,18:57.0,36:39.9,7.96,UPLOAD_TIMEOUT,1
UP006607,APP02589,Additional Document,Successful,20:44.9,49:35.6,1.93,,2
UP006608,APP02590,Identity,Successful,37:16.3,45:07.8,3.98,,1
UP006609,APP02590,Income,Successful,36:04.9,56:36.2,0.5,,1
UP006610,APP02590,Additional Document,Successful,48:22.1,12:01.6,5.06,,1
UP006611,APP02591,Identity,Successful,08:29.5,30:08.1,4.59,,1
UP006612,APP02591,Income,Successful,07:16.5,21:25.2,6.08,,1
UP006613,APP02591,Additional Document,Successful,29:01.9,46:42.6,9.28,,1
UP006614,APP02592,Identity,Successful,07:46.1,15:25.4,2.13,,1
UP006615,APP02592,Income,Successful,13:29.4,19:37.7,5.23,,1
UP006616,APP02592,Additional Document,Failed,09:43.3,35:58.2,5.45,UPLOAD_TIMEOUT,1
UP006617,APP02592,Additional Document,Successful,16:28.1,43:35.8,7.75,,2
UP006618,APP02593,Identity,Failed,29:02.8,55:04.9,3.47,UPLOAD_TIMEOUT,1
UP006619,APP02593,Identity,Failed,35:39.2,02:24.1,3.57,UPLOAD_TIMEOUT,2
UP006620,APP02593,Identity,Successful,27:58.1,44:43.2,2.86,,3
UP006621,APP02593,Income,Successful,37:14.7,52:42.2,2.52,,1
UP006622,APP02593,Additional Document,Failed,41:12.7,08:21.0,3.96,FILE_TOO_LARGE,1
UP006623,APP02593,Additional Document,Failed,42:22.5,07:55.5,6,UPLOAD_TIMEOUT,2
UP006624,APP02593,Additional Document,Successful,33:39.0,05:32.7,6.95,,3
UP006625,APP02594,Identity,Failed,01:48.2,30:32.9,3.94,UPLOAD_TIMEOUT,1
UP006626,APP02594,Identity,Successful,05:21.7,23:20.4,3.09,,2
UP006627,APP02594,Income,Successful,09:54.5,23:59.1,2.67,,1
UP006628,APP02594,Additional Document,Successful,15:14.6,43:50.4,7.45,,1
UP006629,APP02595,Identity,Successful,48:22.2,00:46.7,5.14,,1
UP006630,APP02595,Income,Successful,54:36.5,07:22.1,3.35,,1
UP006631,APP02595,Additional Document,Failed,02:36.1,21:33.3,5.67,UPLOAD_TIMEOUT,1
UP006632,APP02595,Additional Document,Successful,06:05.9,22:08.1,6.48,,2
UP006633,APP02596,Identity,Successful,39:46.0,08:20.6,2,,1
UP006634,APP02596,Income,Successful,40:36.7,03:52.0,2.55,,1
UP006635,APP02596,Additional Document,Failed,40:10.8,12:39.4,7.93,UPLOAD_TIMEOUT,1
UP006636,APP02596,Additional Document,Successful,49:35.6,20:28.0,7.33,,2
UP006637,APP02597,Identity,Failed,01:03.2,23:25.8,3.52,UPLOAD_TIMEOUT,1
UP006638,APP02597,Identity,Failed,55:18.9,21:26.9,4.99,TRANSFER_ERROR,2
UP006639,APP02597,Identity,Successful,04:22.3,20:36.3,2.1,,3
UP006640,APP02597,Income,Successful,06:32.4,18:16.8,3.79,,1
UP006641,APP02597,Additional Document,Successful,02:05.4,22:13.3,5.88,,1
UP006642,APP02598,Identity,Successful,35:32.7,58:00.6,3.38,,1
UP006643,APP02598,Income,Successful,42:42.1,02:10.7,2.18,,1
UP006644,APP02598,Additional Document,Successful,49:49.3,18:12.4,8.21,,1
UP006645,APP02599,Identity,Successful,56:54.4,18:04.7,1.48,,1
UP006646,APP02599,Income,Failed,49:38.1,02:01.6,2.13,FILE_TOO_LARGE,1
UP006647,APP02599,Income,Successful,56:20.6,15:36.0,5.82,,2
UP006648,APP02599,Additional Document,Successful,55:08.1,24:23.4,8.71,,1
UP006649,APP02600,Identity,Successful,30:26.0,40:21.6,5.83,,1
UP006650,APP02600,Income,Successful,33:47.8,56:01.0,0.5,,1
UP006651,APP02600,Additional Document,Failed,40:15.2,02:33.1,7.65,TRANSFER_ERROR,1
UP006652,APP02600,Additional Document,Failed,41:54.7,05:30.5,5.76,FILE_TOO_LARGE,2
UP006653,APP02600,Additional Document,Successful,41:16.2,04:03.9,7.18,,3
UP006654,APP02601,Identity,Successful,04:32.2,28:33.0,4.28,,1
UP006655,APP02601,Income,Successful,04:43.2,26:05.9,3.74,,1
UP006656,APP02601,Additional Document,Failed,05:31.0,35:30.4,6.4,FILE_TOO_LARGE,1
UP006657,APP02601,Additional Document,Failed,20:27.9,53:05.7,5.61,UPLOAD_TIMEOUT,2
UP006658,APP02601,Additional Document,Successful,10:09.9,32:39.8,6.53,,3
UP006659,APP02602,Identity,Successful,54:33.2,10:50.5,5.94,,1
UP006660,APP02602,Income,Successful,59:48.9,22:30.3,1.39,,1
UP006661,APP02602,Additional Document,Failed,08:40.8,30:52.3,6.19,UPLOAD_TIMEOUT,1
UP006662,APP02602,Additional Document,Successful,05:54.4,35:19.3,5.7,,2
UP006663,APP02603,Identity,Successful,18:58.0,28:08.2,4.66,,1
UP006664,APP02603,Income,Successful,30:51.2,55:03.3,3.89,,1
UP006665,APP02603,Additional Document,Successful,35:27.8,52:33.3,9.89,,1
UP006666,APP02604,Identity,Failed,00:11.1,17:40.4,2.07,UPLOAD_TIMEOUT,1
UP006667,APP02604,Identity,Successful,00:04.5,19:26.4,3.6,,2
UP006668,APP02604,Income,Failed,57:52.9,22:37.8,2.11,UPLOAD_TIMEOUT,1
UP006669,APP02604,Income,Successful,01:42.2,19:00.2,3.49,,2
UP006670,APP02604,Additional Document,Successful,02:54.2,33:01.4,5.83,,1
UP006671,APP02605,Identity,Successful,24:54.5,50:51.1,1.33,,1
UP006672,APP02605,Income,Successful,28:43.1,39:16.2,2.08,,1
UP006673,APP02605,Additional Document,Failed,29:25.7,55:02.0,4.98,UPLOAD_TIMEOUT,1
UP006674,APP02605,Additional Document,Failed,47:40.5,18:53.8,9.12,FILE_TOO_LARGE,2
UP006675,APP02605,Additional Document,Successful,50:22.9,12:53.0,7.71,,3
UP006676,APP02606,Identity,Successful,20:25.0,37:28.0,3.78,,1
UP006677,APP02606,Income,Failed,18:32.0,28:42.0,3.03,UPLOAD_TIMEOUT,1
UP006678,APP02606,Income,Failed,20:46.4,40:39.9,3.51,UPLOAD_TIMEOUT,2
UP006679,APP02606,Income,Successful,23:50.2,35:05.4,0.74,,3
UP006680,APP02606,Additional Document,Failed,30:06.4,02:12.7,9.85,TRANSFER_ERROR,1
UP006681,APP02606,Additional Document,Successful,36:29.9,52:59.2,12.2,,2
UP006682,APP02607,Identity,Successful,04:06.3,18:52.9,7.02,,1
UP006683,APP02607,Income,Successful,01:14.0,25:24.5,4.55,,1
UP006684,APP02607,Additional Document,Failed,59:03.9,29:23.4,7.03,UPLOAD_TIMEOUT,1
UP006685,APP02607,Additional Document,Failed,13:33.9,38:59.0,9.16,UPLOAD_TIMEOUT,2
UP006686,APP02607,Additional Document,Successful,05:34.5,33:30.5,8.12,,3
UP006687,APP02608,Identity,Successful,37:45.8,58:29.4,4.9,,1
UP006688,APP02608,Income,Successful,39:49.6,05:05.3,1.46,,1
UP006689,APP02608,Additional Document,Successful,42:20.5,10:23.6,6.1,,1
UP006690,APP02609,Identity,Successful,58:59.5,26:46.7,4.12,,1
UP006691,APP02609,Income,Successful,55:41.8,11:52.1,4.12,,1
UP006692,APP02609,Additional Document,Failed,59:32.8,22:26.7,4.38,UPLOAD_TIMEOUT,1
UP006693,APP02609,Additional Document,Successful,02:52.8,19:21.5,8.01,,2
UP006694,APP02610,Identity,Successful,16:02.3,35:06.9,5.42,,1
UP006695,APP02610,Income,Successful,08:58.1,28:50.9,2.54,,1
UP006696,APP02610,Additional Document,Successful,06:11.0,28:06.1,9.63,,1
UP006697,APP02611,Identity,Successful,01:13.7,25:07.9,3.92,,1
UP006698,APP02611,Income,Successful,11:47.1,37:32.9,2.47,,1
UP006699,APP02611,Additional Document,Successful,20:25.0,52:33.0,5.49,,1
UP006700,APP02612,Identity,Successful,17:22.6,35:55.8,3.92,,1
UP006701,APP02612,Income,Successful,19:07.0,40:11.5,2.36,,1
UP006702,APP02612,Additional Document,Successful,30:53.6,00:59.8,2.92,,1
UP006703,APP02613,Identity,Failed,36:09.4,04:02.4,1.79,TRANSFER_ERROR,1
UP006704,APP02613,Identity,Successful,27:21.1,56:34.2,5.6,,2
UP006705,APP02613,Income,Failed,40:58.4,52:44.1,5.27,TRANSFER_ERROR,1
UP006706,APP02613,Income,Successful,42:49.6,05:33.8,2.24,,2
UP006707,APP02613,Additional Document,Successful,43:58.5,22:27.0,4.47,,1
UP006708,APP02614,Identity,Failed,21:49.6,50:54.3,0.97,UPLOAD_TIMEOUT,1
UP006709,APP02614,Identity,Successful,19:31.5,47:40.6,3.56,,2
UP006710,APP02614,Income,Successful,28:42.5,49:00.0,3.65,,1
UP006711,APP02614,Additional Document,Successful,30:46.2,57:45.5,6.83,,1
UP006712,APP02615,Identity,Successful,41:07.5,55:39.2,5.51,,1
UP006713,APP02615,Income,Successful,45:09.4,59:44.7,3.74,,1
UP006714,APP02615,Additional Document,Successful,47:51.3,09:09.3,3.77,,1
UP006715,APP02616,Identity,Successful,39:47.4,47:10.7,4.24,,1
UP006716,APP02616,Income,Successful,43:21.0,54:19.3,4.37,,1
UP006717,APP02616,Additional Document,Successful,52:15.3,14:34.6,9.35,,1
UP006718,APP02617,Identity,Successful,40:29.1,56:44.6,5.15,,1
UP006719,APP02617,Income,Successful,41:00.1,08:20.7,4.69,,1
UP006720,APP02617,Additional Document,Failed,48:14.6,20:29.6,5.76,UPLOAD_TIMEOUT,1
UP006721,APP02617,Additional Document,Successful,46:13.5,18:41.4,8.38,,2
UP006722,APP02618,Identity,Failed,40:07.4,51:36.6,3.41,TRANSFER_ERROR,1
UP006723,APP02618,Identity,Successful,31:25.8,48:08.9,3.14,,2
UP006724,APP02618,Income,Successful,40:02.4,57:57.3,5.5,,1
UP006725,APP02618,Additional Document,Successful,51:14.4,11:35.5,5.14,,1
UP006726,APP02619,Identity,Failed,08:50.4,27:31.3,3.58,UPLOAD_TIMEOUT,1
UP006727,APP02619,Identity,Failed,13:28.7,33:19.8,1.78,TRANSFER_ERROR,2
UP006728,APP02619,Identity,Successful,19:45.7,44:22.5,5.07,,3
UP006729,APP02619,Income,Successful,20:18.7,30:55.7,5.71,,1
UP006730,APP02619,Additional Document,Successful,22:53.6,52:01.2,8.13,,1
UP006731,APP02620,Identity,Failed,52:48.8,19:46.0,5.66,TRANSFER_ERROR,1
UP006732,APP02620,Identity,Successful,03:59.7,14:16.7,5.79,,2
UP006733,APP02620,Income,Successful,12:03.5,25:21.0,2.79,,1
UP006734,APP02620,Additional Document,Successful,04:37.7,25:44.8,8.09,,1
UP006735,APP02621,Identity,Successful,58:22.6,16:42.6,3.31,,1
UP006736,APP02621,Income,Successful,09:33.3,20:35.6,3.42,,1
UP006737,APP02621,Additional Document,Successful,18:06.3,25:56.5,7.58,,1
UP006738,APP02622,Identity,Successful,20:04.6,34:45.6,1.38,,1
UP006739,APP02622,Income,Successful,28:15.9,49:03.4,1.9,,1
UP006740,APP02622,Additional Document,Successful,32:13.1,02:12.0,8.09,,1
UP006741,APP02623,Identity,Failed,55:35.7,17:00.8,5.82,FILE_TOO_LARGE,1
UP006742,APP02623,Identity,Successful,55:25.4,10:12.3,5.62,,2
UP006743,APP02623,Income,Failed,01:51.3,11:25.0,4.96,FILE_TOO_LARGE,1
UP006744,APP02623,Income,Successful,01:10.1,12:47.8,5.63,,2
UP006745,APP02623,Additional Document,Successful,57:09.6,32:04.3,7.14,,1
UP006746,APP02624,Identity,Successful,16:47.3,38:10.6,3.75,,1
UP006747,APP02624,Income,Successful,17:27.2,32:44.9,2.45,,1
UP006748,APP02624,Additional Document,Failed,20:48.6,40:14.0,6.88,UPLOAD_TIMEOUT,1
UP006749,APP02624,Additional Document,Failed,21:30.4,45:57.8,6.45,TRANSFER_ERROR,2
UP006750,APP02624,Additional Document,Successful,20:02.4,35:07.8,8.66,,3
UP006751,APP02625,Identity,Successful,31:25.4,53:04.9,3.94,,1
UP006752,APP02625,Income,Successful,29:37.1,57:56.5,1.19,,1
UP006753,APP02625,Additional Document,Failed,34:17.5,01:14.7,8.32,UPLOAD_TIMEOUT,1
UP006754,APP02625,Additional Document,Successful,34:22.4,03:24.4,6.92,,2
UP006755,APP02626,Identity,Successful,55:54.0,18:45.6,0.5,,1
UP006756,APP02626,Income,Failed,04:28.5,22:28.6,0.66,UPLOAD_TIMEOUT,1
UP006757,APP02626,Income,Successful,56:59.5,21:21.5,5.01,,2
UP006758,APP02626,Additional Document,Successful,54:56.9,26:23.0,7.25,,1
UP006759,APP02627,Identity,Successful,32:20.8,50:34.7,7.07,,1
UP006760,APP02627,Income,Successful,38:21.4,56:38.3,4.37,,1
UP006761,APP02627,Additional Document,Successful,39:01.6,03:11.2,8.31,,1
UP006762,APP02628,Identity,Successful,31:17.3,54:20.0,1.15,,1
UP006763,APP02628,Income,Successful,25:13.3,33:42.6,3.82,,1
UP006764,APP02628,Additional Document,Successful,43:30.1,06:42.6,8.41,,1
UP006765,APP02629,Identity,Failed,25:49.8,39:54.2,3.49,TRANSFER_ERROR,1
UP006766,APP02629,Identity,Successful,28:54.4,42:11.2,3.48,,2
UP006767,APP02629,Income,Successful,38:01.5,53:31.7,2.02,,1
UP006768,APP02629,Additional Document,Successful,38:39.9,52:49.5,4.79,,1
UP006769,APP02630,Identity,Successful,07:41.0,26:58.1,4.19,,1
UP006770,APP02630,Income,Successful,10:37.8,31:54.2,0.77,,1
UP006771,APP02630,Additional Document,Failed,13:35.7,38:48.7,8.38,TRANSFER_ERROR,1
UP006772,APP02630,Additional Document,Successful,17:32.3,45:44.7,5.08,,2
UP006773,APP02631,Identity,Failed,25:30.5,45:22.4,1.11,UPLOAD_TIMEOUT,1
UP006774,APP02631,Identity,Successful,18:08.9,45:43.8,1.46,,2
UP006775,APP02631,Income,Failed,29:40.3,44:20.7,2.95,UPLOAD_TIMEOUT,1
UP006776,APP02631,Income,Successful,33:06.6,59:00.0,7.93,,2
UP006777,APP02631,Additional Document,Successful,24:39.3,57:26.6,8.06,,1
UP006778,APP02632,Identity,Successful,16:32.3,18:41.2,7.72,,1
UP006779,APP02632,Income,Successful,28:57.9,50:30.2,1.53,,1
UP006780,APP02632,Additional Document,Failed,35:24.4,57:57.2,5.45,FILE_TOO_LARGE,1
UP006781,APP02632,Additional Document,Failed,31:46.9,02:56.2,8.48,UPLOAD_TIMEOUT,2
UP006782,APP02632,Additional Document,Successful,24:12.4,45:43.0,8.14,,3
UP006783,APP02633,Identity,Successful,46:01.4,06:25.4,4.55,,1
UP006784,APP02633,Income,Successful,45:44.3,04:02.5,4.44,,1
UP006785,APP02633,Additional Document,Successful,59:33.7,40:41.8,5.59,,1
UP006786,APP02634,Identity,Successful,48:22.6,08:52.5,3.47,,1
UP006787,APP02634,Income,Successful,56:27.2,12:09.6,1.38,,1
UP006788,APP02634,Additional Document,Successful,01:10.1,16:36.3,5.67,,1
UP006789,APP02635,Identity,Successful,14:15.6,36:32.5,3.89,,1
UP006790,APP02635,Income,Successful,30:42.5,58:06.3,3.11,,1
UP006791,APP02635,Additional Document,Successful,42:43.0,06:40.8,6.93,,1
UP006792,APP02636,Identity,Failed,32:52.0,45:19.8,1.73,TRANSFER_ERROR,1
UP006793,APP02636,Identity,Failed,35:26.1,57:08.8,3.66,UPLOAD_TIMEOUT,2
UP006794,APP02636,Identity,Successful,33:58.8,46:44.1,3.15,,3
UP006795,APP02636,Income,Successful,46:34.1,06:27.2,2.38,,1
UP006796,APP02636,Additional Document,Successful,43:24.9,05:29.7,5.07,,1
UP006797,APP02637,Identity,Successful,56:07.5,13:12.9,2.8,,1
UP006798,APP02637,Income,Successful,56:19.6,15:55.2,5.41,,1
UP006799,APP02637,Additional Document,Successful,58:36.6,22:03.3,9.3,,1
UP006800,APP02638,Identity,Successful,03:56.7,22:51.1,1.1,,1
UP006801,APP02638,Income,Successful,08:11.6,28:42.3,3.95,,1
UP006802,APP02638,Additional Document,Failed,19:00.8,41:40.5,6,UPLOAD_TIMEOUT,1
UP006803,APP02638,Additional Document,Successful,14:34.1,46:24.5,8.73,,2
UP006804,APP02639,Identity,Successful,48:54.8,02:48.5,5.54,,1
UP006805,APP02639,Income,Successful,56:43.0,16:01.3,4.96,,1
UP006806,APP02639,Additional Document,Successful,08:22.4,34:59.4,6.66,,1
UP006807,APP02640,Identity,Failed,09:17.2,33:13.3,4.47,FILE_TOO_LARGE,1
UP006808,APP02640,Identity,Successful,18:14.5,43:56.9,1.81,,2
UP006809,APP02640,Income,Successful,21:36.7,36:17.0,4.46,,1
UP006810,APP02640,Additional Document,Failed,21:55.3,49:00.1,8.54,UPLOAD_TIMEOUT,1
UP006811,APP02640,Additional Document,Failed,33:04.4,58:19.8,4.28,UPLOAD_TIMEOUT,2
UP006812,APP02640,Additional Document,Successful,23:31.3,55:35.3,3.95,,3
UP006813,APP02641,Identity,Successful,44:12.7,10:11.0,4.29,,1
UP006814,APP02641,Income,Successful,43:39.4,02:36.7,2.43,,1
UP006815,APP02641,Additional Document,Successful,55:19.9,32:36.2,2.54,,1
UP006816,APP02642,Identity,Successful,19:38.1,39:15.0,8.33,,1
UP006817,APP02642,Income,Successful,16:24.0,31:20.1,1.24,,1
UP006818,APP02642,Additional Document,Failed,17:49.4,40:21.0,8.23,TRANSFER_ERROR,1
UP006819,APP02642,Additional Document,Successful,30:14.2,55:04.3,7.13,,2
UP006820,APP02643,Identity,Successful,00:17.1,20:13.3,4.47,,1
UP006821,APP02643,Income,Successful,55:40.7,15:25.7,0.5,,1
UP006822,APP02643,Additional Document,Successful,06:19.4,28:06.1,4.89,,1
UP006823,APP02644,Identity,Successful,48:13.8,02:25.9,4.78,,1
UP006824,APP02644,Income,Successful,50:01.5,08:58.0,2.52,,1
UP006825,APP02644,Additional Document,Successful,52:51.6,12:45.8,8.37,,1
UP006826,APP02645,Identity,Successful,48:46.0,08:43.9,3.83,,1
UP006827,APP02645,Income,Successful,48:49.1,14:40.4,6.69,,1
UP006828,APP02645,Additional Document,Successful,55:31.6,15:04.4,10.3,,1
UP006829,APP02646,Identity,Successful,34:12.2,51:55.9,6.1,,1
UP006830,APP02646,Income,Failed,43:00.1,07:29.0,2.42,UPLOAD_TIMEOUT,1
UP006831,APP02646,Income,Failed,44:10.0,06:35.6,3.21,TRANSFER_ERROR,2
UP006832,APP02646,Income,Successful,41:29.9,05:16.9,4.36,,3
UP006833,APP02646,Additional Document,Successful,50:31.3,24:07.3,5.26,,1
UP006834,APP02647,Identity,Successful,51:41.9,09:36.2,6.26,,1
UP006835,APP02647,Income,Successful,52:34.5,10:55.9,4.42,,1
UP006836,APP02647,Additional Document,Successful,53:13.4,20:54.0,4.86,,1
UP006837,APP02648,Identity,Successful,04:10.4,22:39.9,5.22,,1
UP006838,APP02648,Income,Successful,59:30.7,19:33.7,2.85,,1
UP006839,APP02648,Additional Document,Successful,04:26.5,32:05.9,4.51,,1
UP006840,APP02649,Identity,Successful,45:42.0,15:21.0,3.19,,1
UP006841,APP02649,Income,Successful,46:00.8,04:02.7,4.7,,1
UP006842,APP02649,Additional Document,Successful,54:25.7,27:05.1,6.64,,1
UP006843,APP02650,Identity,Failed,58:41.6,27:19.7,6.77,UPLOAD_TIMEOUT,1
UP006844,APP02650,Identity,Successful,59:45.5,20:20.5,5.24,,2
UP006845,APP02650,Income,Successful,03:20.3,29:02.4,8.14,,1
UP006846,APP02650,Additional Document,Successful,06:23.0,39:40.7,7.56,,1
UP006847,APP02651,Identity,Successful,41:57.8,01:07.3,5.13,,1
UP006848,APP02651,Income,Successful,40:41.7,08:09.0,4.23,,1
UP006849,APP02651,Additional Document,Successful,46:41.9,14:13.1,7.01,,1
UP006850,APP02652,Identity,Successful,11:21.7,25:36.6,8.42,,1
UP006851,APP02652,Income,Successful,26:31.6,49:12.2,5.59,,1
UP006852,APP02652,Additional Document,Successful,22:42.1,50:53.1,7.04,,1
UP006853,APP02653,Identity,Successful,50:33.3,10:37.2,1.98,,1
UP006854,APP02653,Income,Successful,51:35.6,14:29.9,6.56,,1
UP006855,APP02653,Additional Document,Successful,58:13.9,27:43.4,7.1,,1
UP006856,APP02654,Identity,Successful,15:51.7,35:13.9,0.5,,1
UP006857,APP02654,Income,Successful,24:08.7,36:40.7,2.31,,1
UP006858,APP02654,Additional Document,Successful,22:03.5,01:09.9,5.13,,1
UP006859,APP02655,Identity,Successful,02:26.0,29:47.2,6.08,,1
UP006860,APP02655,Income,Successful,55:09.0,09:25.1,3.74,,1
UP006861,APP02655,Additional Document,Successful,02:25.0,30:30.4,9.04,,1
UP006862,APP02656,Identity,Successful,36:53.9,52:00.9,1.58,,1
UP006863,APP02656,Income,Successful,45:17.0,57:32.9,3.32,,1
UP006864,APP02656,Additional Document,Successful,56:21.0,17:54.6,5.65,,1
UP006865,APP02657,Identity,Successful,31:19.0,51:16.3,3.83,,1
UP006866,APP02657,Income,Failed,30:38.2,41:11.7,5.15,TRANSFER_ERROR,1
UP006867,APP02657,Income,Successful,31:33.9,46:11.8,0.7,,2
UP006868,APP02657,Additional Document,Failed,53:42.5,14:26.5,5.55,TRANSFER_ERROR,1
UP006869,APP02657,Additional Document,Failed,34:15.8,56:23.0,10.83,TRANSFER_ERROR,2
UP006870,APP02657,Additional Document,Successful,46:33.6,15:50.5,9.13,,3
UP006871,APP02658,Identity,Successful,00:15.6,10:57.6,2.15,,1
UP006872,APP02658,Income,Successful,13:59.7,36:00.2,2.62,,1
UP006873,APP02658,Additional Document,Successful,08:53.8,37:38.3,9.89,,1
UP006874,APP02659,Identity,Failed,25:19.4,55:46.3,2.47,UPLOAD_TIMEOUT,1
UP006875,APP02659,Identity,Successful,31:48.6,45:34.8,3.73,,2
UP006876,APP02659,Income,Successful,41:07.6,59:09.3,6.37,,1
UP006877,APP02659,Additional Document,Successful,45:06.3,17:54.9,7.32,,1
UP006878,APP02660,Identity,Failed,25:12.4,45:15.1,2.61,FILE_TOO_LARGE,1
UP006879,APP02660,Identity,Successful,25:34.5,45:06.8,5.05,,2
UP006880,APP02660,Income,Successful,33:53.3,44:15.9,4.18,,1
UP006881,APP02660,Additional Document,Successful,37:33.6,04:15.0,4.51,,1
UP006882,APP02661,Identity,Successful,18:26.9,30:57.4,4.24,,1
UP006883,APP02661,Income,Successful,17:28.6,36:30.8,4.06,,1
UP006884,APP02661,Additional Document,Failed,19:33.0,52:59.2,8.2,TRANSFER_ERROR,1
UP006885,APP02661,Additional Document,Failed,23:57.0,51:57.6,9.83,UPLOAD_TIMEOUT,2
UP006886,APP02661,Additional Document,Successful,22:25.6,48:38.3,6.84,,3
UP006887,APP02662,Identity,Successful,34:57.6,50:46.6,6.36,,1
UP006888,APP02662,Income,Successful,33:42.6,48:49.0,3.48,,1
UP006889,APP02662,Additional Document,Successful,35:29.4,58:35.9,5.21,,1
UP006890,APP02663,Identity,Successful,53:04.1,09:12.7,5.62,,1
UP006891,APP02663,Income,Successful,52:46.9,08:15.8,3.81,,1
UP006892,APP02663,Additional Document,Successful,03:18.8,26:52.4,10.02,,1
UP006893,APP02664,Identity,Successful,05:32.9,26:57.8,4.43,,1
UP006894,APP02664,Income,Successful,05:06.0,28:08.9,3.7,,1
UP006895,APP02664,Additional Document,Successful,06:29.4,34:57.8,9.94,,1
UP006896,APP02665,Identity,Successful,33:53.8,58:07.9,7.22,,1
UP006897,APP02665,Income,Successful,43:32.1,03:56.1,0.5,,1
UP006898,APP02665,Additional Document,Successful,46:11.8,12:13.7,5.59,,1
UP006899,APP02666,Identity,Successful,02:11.4,24:34.5,2.3,,1
UP006900,APP02666,Income,Successful,06:08.2,32:49.2,1.03,,1
UP006901,APP02666,Additional Document,Successful,05:36.5,37:40.3,7.93,,1
UP006902,APP02667,Identity,Successful,16:40.2,40:49.9,3.25,,1
UP006903,APP02667,Income,Successful,30:07.4,51:21.2,5.05,,1
UP006904,APP02667,Additional Document,Successful,31:32.1,54:21.2,6.2,,1
UP006905,APP02668,Identity,Successful,16:29.0,20:46.0,1.21,,1
UP006906,APP02668,Income,Failed,33:41.3,57:45.7,5.53,UPLOAD_TIMEOUT,1
UP006907,APP02668,Income,Successful,32:39.8,51:44.8,3.89,,2
UP006908,APP02668,Additional Document,Successful,31:19.5,56:16.2,4.34,,1
UP006909,APP02669,Identity,Successful,40:33.8,01:20.9,4.43,,1
UP006910,APP02669,Income,Successful,46:25.9,57:47.7,3.48,,1
UP006911,APP02669,Additional Document,Successful,42:31.0,04:17.7,4.87,,1
UP006912,APP02670,Identity,Successful,22:52.6,42:51.5,1.8,,1
UP006913,APP02670,Income,Successful,27:53.8,46:47.2,5.68,,1
UP006914,APP02670,Additional Document,Successful,33:24.2,52:41.0,7.39,,1
UP006915,APP02671,Identity,Successful,31:34.7,56:28.6,1.55,,1
UP006916,APP02671,Income,Successful,42:57.7,12:36.3,2.73,,1
UP006917,APP02671,Additional Document,Failed,42:01.4,09:46.3,8.19,UPLOAD_TIMEOUT,1
UP006918,APP02671,Additional Document,Failed,42:45.7,11:11.8,6.65,FILE_TOO_LARGE,2
UP006919,APP02671,Additional Document,Successful,42:09.1,06:28.0,8.63,,3
UP006920,APP02672,Identity,Failed,23:05.0,43:16.2,6.49,UPLOAD_TIMEOUT,1
UP006921,APP02672,Identity,Successful,20:20.7,38:19.3,2.8,,2
UP006922,APP02672,Income,Successful,21:50.8,53:47.8,4.96,,1
UP006923,APP02672,Additional Document,Successful,24:25.1,48:24.7,9.7,,1
UP006924,APP02673,Identity,Successful,30:19.5,44:18.4,3.17,,1
UP006925,APP02673,Income,Successful,33:02.1,40:55.9,6.51,,1
UP006926,APP02673,Additional Document,Successful,55:44.7,21:00.0,6.11,,1
UP006927,APP02674,Identity,Successful,49:15.1,12:00.3,4.9,,1
UP006928,APP02674,Income,Successful,56:13.5,11:00.7,5.43,,1
UP006929,APP02674,Additional Document,Successful,05:31.9,16:10.0,5.53,,1
UP006930,APP02675,Identity,Successful,11:50.1,34:47.4,2.59,,1
UP006931,APP02675,Income,Successful,16:35.5,37:18.3,3,,1
UP006932,APP02675,Additional Document,Successful,20:06.6,54:45.4,7.69,,1
UP006933,APP02676,Identity,Successful,19:12.5,47:06.4,2.97,,1
UP006934,APP02676,Income,Successful,19:57.4,44:23.5,2.9,,1
UP006935,APP02676,Additional Document,Successful,26:42.4,44:32.2,8.14,,1
UP006936,APP02677,Identity,Successful,05:43.3,32:00.9,4.77,,1
UP006937,APP02677,Income,Successful,09:41.8,30:33.3,2.62,,1
UP006938,APP02677,Additional Document,Failed,23:39.8,51:56.7,10.08,UPLOAD_TIMEOUT,1
UP006939,APP02677,Additional Document,Failed,15:52.1,46:16.8,10.72,FILE_TOO_LARGE,2
UP006940,APP02677,Additional Document,Successful,19:26.4,50:04.0,6.67,,3
UP006941,APP02678,Identity,Successful,32:17.1,51:58.9,2.5,,1
UP006942,APP02678,Income,Successful,41:45.6,57:37.8,4.92,,1
UP006943,APP02678,Additional Document,Failed,44:40.9,24:15.1,5.77,TRANSFER_ERROR,1
UP006944,APP02678,Additional Document,Successful,43:21.3,04:46.8,6.77,,2
UP006945,APP02679,Identity,Successful,45:14.2,56:59.8,3.67,,1
UP006946,APP02679,Income,Successful,41:58.4,05:30.7,1.53,,1
UP006947,APP02679,Additional Document,Successful,03:34.8,28:16.5,7.41,,1
UP006948,APP02680,Identity,Successful,52:40.7,07:21.2,4.9,,1
UP006949,APP02680,Income,Successful,57:06.5,20:35.6,3.31,,1
UP006950,APP02680,Additional Document,Failed,06:36.7,28:27.6,10.09,FILE_TOO_LARGE,1
UP006951,APP02680,Additional Document,Successful,10:05.6,42:33.4,5.73,,2
UP006952,APP02681,Identity,Successful,30:22.2,41:19.3,5.37,,1
UP006953,APP02681,Income,Successful,20:35.5,39:03.2,5.35,,1
UP006954,APP02681,Additional Document,Failed,33:37.9,46:44.5,5.65,FILE_TOO_LARGE,1
UP006955,APP02681,Additional Document,Successful,28:32.5,50:55.6,5.61,,2
UP006956,APP02682,Identity,Successful,19:26.8,34:02.9,3.23,,1
UP006957,APP02682,Income,Successful,25:34.0,45:41.9,0.97,,1
UP006958,APP02682,Additional Document,Successful,42:27.7,11:20.4,5.92,,1
UP006959,APP02683,Identity,Successful,12:38.3,23:50.3,3.88,,1
UP006960,APP02683,Income,Successful,11:07.4,27:36.3,3.23,,1
UP006961,APP02683,Additional Document,Successful,21:33.1,34:58.4,5.96,,1
UP006962,APP02684,Identity,Successful,10:22.5,25:38.0,3.1,,1
UP006963,APP02684,Income,Successful,12:09.8,31:03.4,2.35,,1
UP006964,APP02684,Additional Document,Successful,19:02.7,54:14.5,8.98,,1
UP006965,APP02685,Identity,Failed,10:20.4,35:37.0,1.72,UPLOAD_TIMEOUT,1
UP006966,APP02685,Identity,Successful,21:54.8,38:35.5,2.69,,2
UP006967,APP02685,Income,Successful,19:50.6,39:31.3,2.04,,1
UP006968,APP02685,Additional Document,Successful,27:16.2,57:58.1,8.41,,1
UP006969,APP02686,Identity,Successful,07:37.3,29:36.3,3.06,,1
UP006970,APP02686,Income,Successful,21:51.3,44:30.5,2.82,,1
UP006971,APP02686,Additional Document,Successful,32:54.5,03:42.5,5.65,,1
UP006972,APP02687,Identity,Successful,45:38.0,00:04.2,1.92,,1
UP006973,APP02687,Income,Successful,58:00.2,17:51.0,1.09,,1
UP006974,APP02687,Additional Document,Successful,56:10.8,22:51.1,8.67,,1
UP006975,APP02688,Identity,Successful,34:55.7,51:58.1,5.07,,1
UP006976,APP02688,Income,Successful,39:16.6,03:37.5,2.47,,1
UP006977,APP02688,Additional Document,Successful,51:03.7,18:33.2,7.66,,1
UP006978,APP02689,Identity,Failed,30:28.3,53:29.0,2.32,UPLOAD_TIMEOUT,1
UP006979,APP02689,Identity,Successful,37:12.8,01:22.8,3.07,,2
UP006980,APP02689,Income,Successful,34:59.0,01:58.9,1.56,,1
UP006981,APP02689,Additional Document,Successful,36:29.9,02:41.3,8.13,,1
UP006982,APP02690,Identity,Successful,01:09.9,24:50.4,2.41,,1
UP006983,APP02690,Income,Successful,01:20.1,15:12.7,2.74,,1
UP006984,APP02690,Additional Document,Successful,10:04.7,44:37.3,8.68,,1
UP006985,APP02691,Identity,Successful,39:21.2,59:12.7,6.01,,1
UP006986,APP02691,Income,Successful,38:13.5,57:01.6,2.04,,1
UP006987,APP02691,Additional Document,Successful,45:02.6,13:29.9,8.17,,1
UP006988,APP02692,Identity,Successful,48:04.4,15:55.8,5.24,,1
UP006989,APP02692,Income,Failed,34:22.8,54:27.8,1.91,UPLOAD_TIMEOUT,1
UP006990,APP02692,Income,Failed,34:36.7,49:05.0,3.27,FILE_TOO_LARGE,2
UP006991,APP02692,Income,Successful,42:56.9,59:45.3,4.73,,3
UP006992,APP02692,Additional Document,Successful,45:51.0,12:25.3,4.93,,1
UP006993,APP02693,Identity,Successful,35:12.3,50:31.8,4.67,,1
UP006994,APP02693,Income,Failed,35:09.3,45:33.4,4.62,TRANSFER_ERROR,1
UP006995,APP02693,Income,Successful,37:37.9,50:56.9,3.29,,2
UP006996,APP02693,Additional Document,Successful,44:57.1,09:55.6,5.6,,1
UP006997,APP02694,Identity,Successful,53:23.5,11:02.8,0.95,,1
UP006998,APP02694,Income,Successful,43:36.3,59:31.0,4.04,,1
UP006999,APP02694,Additional Document,Failed,54:27.3,15:04.4,9.61,UPLOAD_TIMEOUT,1
UP007000,APP02694,Additional Document,Successful,58:37.6,28:13.5,7.93,,2
UP007001,APP02695,Identity,Successful,47:29.6,08:14.6,3.48,,1
UP007002,APP02695,Income,Successful,53:04.1,08:24.5,1.6,,1
UP007003,APP02695,Additional Document,Failed,05:42.7,31:20.7,8.02,TRANSFER_ERROR,1
UP007004,APP02695,Additional Document,Successful,03:51.7,29:15.4,5.21,,2
UP007005,APP02696,Identity,Failed,05:11.2,28:49.0,2.1,TRANSFER_ERROR,1
UP007006,APP02696,Identity,Successful,57:58.1,15:14.1,3.47,,2
UP007007,APP02696,Income,Successful,01:40.3,19:16.1,5.51,,1
UP007008,APP02696,Additional Document,Successful,02:42.2,30:44.7,2.04,,1
UP007009,APP02697,Identity,Successful,11:33.9,32:54.6,5.38,,1
UP007010,APP02697,Income,Failed,20:17.8,36:56.3,2.52,UPLOAD_TIMEOUT,1
UP007011,APP02697,Income,Failed,11:11.7,33:37.5,2.84,UPLOAD_TIMEOUT,2
UP007012,APP02697,Income,Successful,19:38.8,31:17.8,7.8,,3
UP007013,APP02697,Additional Document,Successful,14:50.5,38:20.3,9.53,,1
UP007014,APP02698,Identity,Failed,49:19.1,07:42.9,2.04,TRANSFER_ERROR,1
UP007015,APP02698,Identity,Successful,43:07.6,00:56.7,4.09,,2
UP007016,APP02698,Income,Successful,49:28.5,09:30.8,2.87,,1
UP007017,APP02698,Additional Document,Failed,44:09.2,06:02.9,8.26,UPLOAD_TIMEOUT,1
UP007018,APP02698,Additional Document,Successful,52:25.2,22:39.0,6.06,,2
UP007019,APP02699,Identity,Failed,53:23.6,11:47.7,2.45,UPLOAD_TIMEOUT,1
UP007020,APP02699,Identity,Successful,02:22.8,15:11.2,4.2,,2
UP007021,APP02699,Income,Failed,10:52.8,27:48.1,5.61,UPLOAD_TIMEOUT,1
UP007022,APP02699,Income,Failed,08:04.6,16:59.8,3.46,TRANSFER_ERROR,2
UP007023,APP02699,Income,Successful,04:19.9,19:11.2,3.3,,3
UP007024,APP02699,Additional Document,Successful,02:22.6,31:35.1,5.25,,1
UP007025,APP02700,Identity,Successful,23:22.3,37:54.7,0.5,,1
UP007026,APP02700,Income,Successful,30:39.9,44:10.1,2.01,,1
UP007027,APP02700,Additional Document,Successful,34:36.6,46:49.2,5.37,,1
UP007028,APP02701,Identity,Successful,05:33.9,23:26.2,0.94,,1
UP007029,APP02701,Income,Successful,16:09.7,30:56.6,2.32,,1
UP007030,APP02701,Additional Document,Successful,15:06.2,37:31.1,8.6,,1
UP007031,APP02702,Identity,Successful,32:56.7,50:03.7,4.35,,1
UP007032,APP02702,Income,Successful,26:54.3,56:36.8,0.67,,1
UP007033,APP02702,Additional Document,Successful,51:13.1,16:02.6,6.78,,1
UP007034,APP02703,Identity,Failed,40:24.0,45:49.0,1.65,UPLOAD_TIMEOUT,1
UP007035,APP02703,Identity,Failed,35:42.5,50:14.7,3.67,TRANSFER_ERROR,2
UP007036,APP02703,Identity,Successful,55:17.6,17:53.7,8.59,,3
UP007037,APP02703,Income,Successful,55:24.8,27:12.9,2.79,,1
UP007038,APP02703,Additional Document,Failed,52:50.0,23:37.0,6.44,UPLOAD_TIMEOUT,1
UP007039,APP02703,Additional Document,Successful,58:09.3,27:45.6,5.31,,2
UP007040,APP02704,Identity,Successful,17:35.9,28:26.9,4.52,,1
UP007041,APP02704,Income,Successful,11:38.4,37:13.8,3.26,,1
UP007042,APP02704,Additional Document,Successful,22:36.4,57:48.1,7.73,,1
UP007043,APP02705,Identity,Successful,24:36.8,42:47.8,6.19,,1
UP007044,APP02705,Income,Successful,28:00.2,48:03.4,2.3,,1
UP007045,APP02705,Additional Document,Successful,41:43.3,13:37.8,6.32,,1
UP007046,APP02706,Identity,Successful,46:51.5,15:49.2,1.69,,1
UP007047,APP02706,Income,Successful,48:28.0,03:30.0,4.22,,1
UP007048,APP02706,Additional Document,Failed,56:30.5,14:52.0,4.31,UPLOAD_TIMEOUT,1
UP007049,APP02706,Additional Document,Successful,54:55.6,23:24.6,6.56,,2
UP007050,APP02707,Identity,Successful,51:28.1,59:55.8,5,,1
UP007051,APP02707,Income,Successful,55:19.2,09:08.6,2.62,,1
UP007052,APP02707,Additional Document,Successful,57:38.8,21:40.8,8.2,,1
UP007053,APP02708,Identity,Successful,38:06.6,40:57.2,4.17,,1
UP007054,APP02708,Income,Successful,49:46.7,11:29.7,5.2,,1
UP007055,APP02708,Additional Document,Failed,54:10.8,16:55.9,9.32,UPLOAD_TIMEOUT,1
UP007056,APP02708,Additional Document,Successful,50:31.0,21:37.7,8.75,,2
UP007057,APP02709,Identity,Successful,25:34.5,43:32.2,5.06,,1
UP007058,APP02709,Income,Successful,18:01.9,32:47.8,3.11,,1
UP007059,APP02709,Additional Document,Successful,45:36.1,19:37.5,6.13,,1
UP007060,APP02710,Identity,Successful,36:18.6,54:08.6,3.16,,1
UP007061,APP02710,Income,Successful,46:26.0,11:16.5,3.36,,1
UP007062,APP02710,Additional Document,Successful,45:30.0,22:34.9,8.24,,1
UP007063,APP02711,Identity,Failed,33:30.4,54:10.4,2.44,FILE_TOO_LARGE,1
UP007064,APP02711,Identity,Successful,33:06.7,53:53.6,1.53,,2
UP007065,APP02711,Income,Successful,39:29.6,00:07.4,6.36,,1
UP007066,APP02711,Additional Document,Successful,46:06.1,14:20.3,8.7,,1
UP007067,APP02712,Identity,Failed,00:48.7,23:30.3,3.81,FILE_TOO_LARGE,1
UP007068,APP02712,Identity,Successful,11:37.2,24:44.5,5.52,,2
UP007069,APP02712,Income,Failed,09:17.9,22:53.8,4.67,TRANSFER_ERROR,1
UP007070,APP02712,Income,Successful,12:49.8,29:15.8,3.08,,2
UP007071,APP02712,Additional Document,Successful,18:04.6,40:04.8,6.11,,1
UP007072,APP02713,Identity,Successful,16:37.6,35:06.1,3.06,,1
UP007073,APP02713,Income,Successful,16:18.3,29:54.6,3.57,,1
UP007074,APP02713,Additional Document,Successful,25:40.7,49:45.9,4.19,,1
UP007075,APP02714,Identity,Successful,25:18.0,49:51.3,0.87,,1
UP007076,APP02714,Income,Successful,26:08.7,48:53.9,0.78,,1
UP007077,APP02714,Additional Document,Successful,36:04.7,07:18.2,5.67,,1
UP007078,APP02715,Identity,Successful,29:13.1,54:43.1,1.72,,1
UP007079,APP02715,Income,Successful,25:58.9,42:04.8,3.75,,1
UP007080,APP02715,Additional Document,Successful,40:34.7,10:17.7,5.64,,1
UP007081,APP02716,Identity,Failed,04:48.0,21:08.8,2.03,UPLOAD_TIMEOUT,1
UP007082,APP02716,Identity,Successful,08:56.5,33:54.7,7.17,,2
UP007083,APP02716,Income,Successful,21:45.2,45:04.7,3.9,,1
UP007084,APP02716,Additional Document,Successful,26:56.1,48:27.1,7.84,,1
UP007085,APP02717,Identity,Successful,38:28.1,58:37.2,3.74,,1
UP007086,APP02717,Income,Successful,45:57.9,02:42.8,2.19,,1
UP007087,APP02717,Additional Document,Successful,48:35.4,09:07.1,6.08,,1
UP007088,APP02718,Identity,Successful,35:42.6,49:24.2,2.79,,1
UP007089,APP02718,Income,Successful,31:12.0,43:01.4,2.32,,1
UP007090,APP02718,Additional Document,Successful,41:35.9,57:14.1,3.09,,1
UP007091,APP02719,Identity,Successful,12:55.7,24:06.4,3.16,,1
UP007092,APP02719,Income,Successful,17:50.1,36:20.7,4.17,,1
UP007093,APP02719,Additional Document,Successful,24:58.8,53:56.3,9.65,,1
UP007094,APP02720,Identity,Successful,56:03.6,24:09.9,1.97,,1
UP007095,APP02720,Income,Successful,03:01.8,10:18.1,2.95,,1
UP007096,APP02720,Additional Document,Successful,09:16.2,28:38.8,11.13,,1
UP007097,APP02721,Identity,Successful,45:19.8,04:34.7,6.02,,1
UP007098,APP02721,Income,Successful,52:47.0,08:02.0,4.46,,1
UP007099,APP02721,Additional Document,Successful,53:28.8,12:44.4,2.27,,1
UP007100,APP02722,Identity,Successful,34:04.7,59:36.4,6.59,,1
UP007101,APP02722,Income,Successful,37:04.9,01:22.9,0.5,,1
UP007102,APP02722,Additional Document,Successful,45:14.1,15:28.5,8.42,,1
UP007103,APP02723,Identity,Successful,19:55.0,43:15.6,0.5,,1
UP007104,APP02723,Income,Successful,35:35.4,54:07.3,6.07,,1
UP007105,APP02723,Additional Document,Successful,36:53.9,54:57.1,7.75,,1
UP007106,APP02724,Identity,Successful,10:19.5,21:32.8,4.36,,1
UP007107,APP02724,Income,Successful,13:16.8,26:10.3,1.25,,1
UP007108,APP02724,Additional Document,Successful,20:38.5,44:31.5,9.17,,1
UP007109,APP02725,Identity,Successful,11:52.8,30:12.8,2.5,,1
UP007110,APP02725,Income,Successful,17:26.3,34:29.1,3.38,,1
UP007111,APP02725,Additional Document,Successful,16:38.8,47:28.2,6.27,,1
UP007112,APP02726,Identity,Successful,20:21.6,42:05.1,3.13,,1
UP007113,APP02726,Income,Successful,26:05.6,46:42.7,4.7,,1
UP007114,APP02726,Additional Document,Successful,27:10.6,55:23.7,7.68,,1
UP007115,APP02727,Identity,Successful,26:38.1,39:09.5,0.5,,1
UP007116,APP02727,Income,Successful,40:42.6,03:38.7,5.27,,1
UP007117,APP02727,Additional Document,Failed,42:07.7,05:37.7,9.06,FILE_TOO_LARGE,1
UP007118,APP02727,Additional Document,Successful,46:19.8,12:05.6,6.43,,2
UP007119,APP02728,Identity,Failed,16:20.9,32:42.0,3.6,FILE_TOO_LARGE,1
UP007120,APP02728,Identity,Successful,11:36.7,40:16.0,5.18,,2
UP007121,APP02728,Income,Successful,09:15.9,24:42.9,2.02,,1
UP007122,APP02728,Additional Document,Successful,17:12.1,32:34.7,6.81,,1
UP007123,APP02729,Identity,Successful,57:56.5,10:59.1,4.19,,1
UP007124,APP02729,Income,Successful,00:43.4,22:35.8,2.94,,1
UP007125,APP02729,Additional Document,Successful,05:19.5,23:14.8,9.56,,1
UP007126,APP02730,Identity,Successful,41:07.2,57:22.7,1.9,,1
UP007127,APP02730,Income,Successful,56:12.6,20:39.9,2.19,,1
UP007128,APP02730,Additional Document,Successful,55:32.5,10:47.3,6.95,,1
UP007129,APP02731,Identity,Successful,28:22.5,50:35.1,6.88,,1
UP007130,APP02731,Income,Successful,27:55.2,49:11.5,1.33,,1
UP007131,APP02731,Additional Document,Successful,31:01.3,47:34.5,5.16,,1
UP007132,APP02732,Identity,Successful,16:21.4,40:16.6,3.25,,1
UP007133,APP02732,Income,Successful,33:01.1,51:07.9,3.54,,1
UP007134,APP02732,Additional Document,Successful,26:58.6,50:35.3,8.18,,1
UP007135,APP02733,Identity,Successful,42:20.7,59:52.8,3.08,,1
UP007136,APP02733,Income,Successful,54:24.8,10:19.4,1.45,,1
UP007137,APP02733,Additional Document,Failed,05:07.3,26:15.7,9.36,UPLOAD_TIMEOUT,1
UP007138,APP02733,Additional Document,Failed,51:46.3,24:23.4,6.97,UPLOAD_TIMEOUT,2
UP007139,APP02733,Additional Document,Successful,03:46.2,25:16.5,6.92,,3
UP007140,APP02734,Identity,Successful,47:26.5,03:51.6,3.79,,1
UP007141,APP02734,Income,Successful,48:08.0,03:57.5,3.05,,1
UP007142,APP02734,Additional Document,Successful,09:18.9,33:41.2,8.93,,1
UP007143,APP02735,Identity,Successful,27:43.9,48:03.0,3.53,,1
UP007144,APP02735,Income,Successful,20:27.2,35:17.9,4.81,,1
UP007145,APP02735,Additional Document,Successful,34:41.5,06:38.8,6.16,,1
UP007146,APP02736,Identity,Successful,42:33.4,54:11.8,3.77,,1
UP007147,APP02736,Income,Successful,38:58.9,59:31.8,5.09,,1
UP007148,APP02736,Additional Document,Successful,44:28.6,06:29.5,14,,1
UP007149,APP02737,Identity,Successful,23:35.7,30:24.3,4.08,,1
UP007150,APP02737,Income,Successful,26:20.2,55:21.0,5.85,,1
UP007151,APP02737,Additional Document,Successful,32:29.2,51:42.9,7.83,,1
UP007152,APP02738,Identity,Successful,14:36.9,37:04.1,3.15,,1
UP007153,APP02738,Income,Failed,23:03.3,46:47.0,4.75,UPLOAD_TIMEOUT,1
UP007154,APP02738,Income,Successful,17:52.3,36:22.4,1.29,,2
UP007155,APP02738,Additional Document,Failed,13:39.9,49:02.3,6.53,TRANSFER_ERROR,1
UP007156,APP02738,Additional Document,Successful,24:59.6,54:18.0,6.49,,2
UP007157,APP02739,Identity,Successful,46:10.6,06:21.9,0.5,,1
UP007158,APP02739,Income,Successful,44:16.7,59:19.3,2.13,,1
UP007159,APP02739,Additional Document,Successful,55:19.0,09:55.7,10.62,,1
UP007160,APP02740,Identity,Successful,45:33.5,07:15.0,4.55,,1
UP007161,APP02740,Income,Successful,52:30.5,13:02.4,0.51,,1
UP007162,APP02740,Additional Document,Failed,57:08.8,31:31.6,6.63,TRANSFER_ERROR,1
UP007163,APP02740,Additional Document,Successful,11:36.5,43:06.9,8.13,,2
UP007164,APP02741,Identity,Successful,06:06.0,27:17.8,3.66,,1
UP007165,APP02741,Income,Successful,12:12.3,38:49.9,2.5,,1
UP007166,APP02741,Additional Document,Successful,19:58.1,51:06.2,9.2,,1
UP007167,APP02742,Identity,Successful,21:18.6,33:59.4,2.04,,1
UP007168,APP02742,Income,Successful,31:33.2,43:02.8,1.96,,1
UP007169,APP02742,Additional Document,Failed,32:38.3,58:26.7,5.13,FILE_TOO_LARGE,1
UP007170,APP02742,Additional Document,Successful,33:08.7,54:27.8,9.94,,2
UP007171,APP02743,Identity,Successful,06:10.4,27:21.0,5.37,,1
UP007172,APP02743,Income,Successful,12:53.0,35:56.7,4.52,,1
UP007173,APP02743,Additional Document,Successful,13:00.1,28:25.6,12.22,,1
UP007174,APP02744,Identity,Successful,42:03.5,03:31.5,4.89,,1
UP007175,APP02744,Income,Successful,45:28.3,01:41.4,5.84,,1
UP007176,APP02744,Additional Document,Successful,51:38.1,18:17.5,6.07,,1
UP007177,APP02745,Identity,Successful,03:01.9,21:46.6,4.29,,1
UP007178,APP02745,Income,Successful,57:11.7,11:10.3,3.53,,1
UP007179,APP02745,Additional Document,Successful,59:38.0,26:46.9,8.24,,1
UP007180,APP02746,Identity,Successful,09:03.5,15:17.5,4.16,,1
UP007181,APP02746,Income,Successful,18:34.7,27:05.6,1.95,,1
UP007182,APP02746,Additional Document,Failed,26:45.7,54:59.4,7.42,FILE_TOO_LARGE,1
UP007183,APP02746,Additional Document,Successful,24:59.8,52:24.5,8.66,,2
UP007184,APP02747,Identity,Failed,24:45.7,41:37.6,3.82,UPLOAD_TIMEOUT,1
UP007185,APP02747,Identity,Successful,18:33.9,40:03.9,2.98,,2
UP007186,APP02747,Income,Failed,17:23.1,33:33.7,2.06,FILE_TOO_LARGE,1
UP007187,APP02747,Income,Failed,35:58.5,58:56.3,1.23,UPLOAD_TIMEOUT,2
UP007188,APP02747,Income,Successful,28:07.1,48:24.5,2.62,,3
UP007189,APP02747,Additional Document,Successful,26:20.3,52:50.4,4.64,,1
UP007190,APP02748,Identity,Successful,09:18.4,23:05.4,0.5,,1
UP007191,APP02748,Income,Successful,06:26.6,16:33.5,5.11,,1
UP007192,APP02748,Additional Document,Successful,16:35.8,38:50.4,7.43,,1
UP007193,APP02749,Identity,Successful,05:30.5,26:21.1,5.18,,1
UP007194,APP02749,Income,Successful,22:19.2,41:22.0,3.65,,1
UP007195,APP02749,Additional Document,Successful,25:46.0,46:30.2,9.12,,1
UP007196,APP02750,Identity,Successful,47:13.1,09:26.6,4.84,,1
UP007197,APP02750,Income,Successful,48:13.4,15:13.0,3.88,,1
UP007198,APP02750,Additional Document,Successful,48:54.7,12:37.7,3.85,,1
UP007199,APP02751,Identity,Successful,18:54.2,41:38.6,4.44,,1
UP007200,APP02751,Income,Successful,20:02.0,37:23.4,7.26,,1
UP007201,APP02751,Additional Document,Successful,22:33.1,55:10.5,8.71,,1
UP007202,APP02752,Identity,Failed,02:22.6,18:25.3,1,TRANSFER_ERROR,1
UP007203,APP02752,Identity,Successful,58:06.9,15:09.5,0.5,,2
UP007204,APP02752,Income,Successful,10:56.4,32:23.7,5.15,,1
UP007205,APP02752,Additional Document,Successful,08:33.1,35:55.4,6.72,,1
UP007206,APP02753,Identity,Successful,01:37.4,17:17.3,3.38,,1
UP007207,APP02753,Income,Successful,14:43.0,35:22.6,2.61,,1
UP007208,APP02753,Additional Document,Successful,08:21.6,37:51.1,5.94,,1
UP007209,APP02754,Identity,Successful,26:07.1,46:52.2,2.4,,1
UP007210,APP02754,Income,Successful,33:17.9,00:44.3,2.41,,1
UP007211,APP02754,Additional Document,Failed,31:30.4,56:19.9,7.04,FILE_TOO_LARGE,1
UP007212,APP02754,Additional Document,Successful,30:45.1,58:37.4,6.24,,2
UP007213,APP02755,Identity,Failed,11:53.5,40:15.6,3.29,UPLOAD_TIMEOUT,1
UP007214,APP02755,Identity,Successful,16:17.0,30:11.5,4.86,,2
UP007215,APP02755,Income,Successful,22:02.9,44:29.5,2.13,,1
UP007216,APP02755,Additional Document,Successful,12:58.5,37:41.6,6.15,,1
UP007217,APP02756,Identity,Successful,32:01.2,47:30.1,3.13,,1
UP007218,APP02756,Income,Successful,44:24.0,02:17.8,1.3,,1
UP007219,APP02756,Additional Document,Failed,41:25.4,10:05.3,5.25,UPLOAD_TIMEOUT,1
UP007220,APP02756,Additional Document,Successful,39:37.7,02:00.5,6.68,,2
UP007221,APP02757,Identity,Successful,28:35.6,51:53.9,2.15,,1
UP007222,APP02757,Income,Successful,41:42.3,57:59.6,4.54,,1
UP007223,APP02757,Additional Document,Successful,41:34.0,05:09.7,7.53,,1
UP007224,APP02758,Identity,Successful,12:13.5,32:47.3,7.56,,1
UP007225,APP02758,Income,Successful,13:47.7,34:31.6,2.13,,1
UP007226,APP02758,Additional Document,Successful,06:53.5,26:15.1,8.94,,1
UP007227,APP02759,Identity,Successful,29:19.7,42:29.9,2.69,,1
UP007228,APP02759,Income,Successful,27:34.6,42:14.2,6.85,,1
UP007229,APP02759,Additional Document,Successful,47:00.9,01:48.8,7.68,,1
UP007230,APP02760,Identity,Successful,01:58.2,18:45.6,3.41,,1
UP007231,APP02760,Income,Successful,54:20.8,15:01.8,5.63,,1
UP007232,APP02760,Additional Document,Failed,07:28.5,36:23.4,5.05,UPLOAD_TIMEOUT,1
UP007233,APP02760,Additional Document,Successful,09:57.3,27:57.8,3.85,,2
UP007234,APP02761,Identity,Successful,47:02.6,07:30.1,1.02,,1
UP007235,APP02761,Income,Successful,54:05.6,12:17.0,2.36,,1
UP007236,APP02761,Additional Document,Successful,58:00.8,20:51.8,9.5,,1
UP007237,APP02762,Identity,Successful,54:59.8,13:36.6,3.02,,1
UP007238,APP02762,Income,Successful,02:54.7,20:57.7,5.86,,1
UP007239,APP02762,Additional Document,Successful,16:04.0,35:32.5,6.57,,1
UP007240,APP02763,Identity,Successful,52:35.7,14:23.1,0.81,,1
UP007241,APP02763,Income,Failed,57:34.3,19:58.5,3.81,TRANSFER_ERROR,1
UP007242,APP02763,Income,Successful,00:59.7,24:46.9,4.19,,2
UP007243,APP02763,Additional Document,Successful,09:09.5,31:01.6,8.8,,1
UP007244,APP02764,Identity,Successful,10:18.6,33:14.8,0.82,,1
UP007245,APP02764,Income,Successful,10:56.2,28:49.5,1.91,,1
UP007246,APP02764,Additional Document,Failed,13:06.0,38:03.1,4.24,UPLOAD_TIMEOUT,1
UP007247,APP02764,Additional Document,Successful,26:19.6,57:26.7,7.75,,2
UP007248,APP02765,Identity,Successful,32:35.8,55:40.4,1.98,,1
UP007249,APP02765,Income,Successful,26:49.5,50:59.5,2.32,,1
UP007250,APP02765,Additional Document,Successful,43:13.6,04:05.7,5.74,,1
UP007251,APP02766,Identity,Successful,59:11.9,19:21.4,3.35,,1
UP007252,APP02766,Income,Successful,52:52.3,11:28.9,3.53,,1
UP007253,APP02766,Additional Document,Successful,02:07.4,31:43.9,4.54,,1
UP007254,APP02767,Identity,Successful,32:21.6,53:13.5,3.98,,1
UP007255,APP02767,Income,Failed,36:05.4,57:54.4,2.76,UPLOAD_TIMEOUT,1
UP007256,APP02767,Income,Failed,27:06.2,45:52.8,0.99,TRANSFER_ERROR,2
UP007257,APP02767,Income,Successful,31:11.5,45:28.7,4.66,,3
UP007258,APP02767,Additional Document,Successful,29:16.7,56:18.6,4.89,,1
UP007259,APP02768,Identity,Successful,19:39.8,37:03.1,5.88,,1
UP007260,APP02768,Income,Successful,21:23.7,47:30.4,4.53,,1
UP007261,APP02768,Additional Document,Successful,44:06.0,09:31.7,5.91,,1
UP007262,APP02769,Identity,Successful,43:19.4,05:04.8,2.56,,1
UP007263,APP02769,Income,Successful,51:26.6,01:00.6,1.21,,1
UP007264,APP02769,Additional Document,Successful,48:47.0,03:48.9,4.9,,1
UP007265,APP02770,Identity,Successful,33:55.8,50:36.9,2.33,,1
UP007266,APP02770,Income,Successful,47:44.2,02:59.7,3.19,,1
UP007267,APP02770,Additional Document,Failed,04:06.5,27:02.0,3.82,TRANSFER_ERROR,1
UP007268,APP02770,Additional Document,Successful,56:00.1,18:58.2,9.12,,2
UP007269,APP02771,Identity,Successful,22:01.4,33:26.1,5.08,,1
UP007270,APP02771,Income,Failed,25:34.2,42:18.7,3.87,UPLOAD_TIMEOUT,1
UP007271,APP02771,Income,Successful,22:36.6,41:30.4,3.73,,2
UP007272,APP02771,Additional Document,Successful,31:02.9,52:48.9,8.07,,1
UP007273,APP02772,Identity,Failed,56:08.1,21:42.5,2.03,FILE_TOO_LARGE,1
UP007274,APP02772,Identity,Successful,47:21.4,15:29.9,4.02,,2
UP007275,APP02772,Income,Successful,58:09.9,11:39.6,4.02,,1
UP007276,APP02772,Additional Document,Failed,55:16.2,15:31.5,9.54,TRANSFER_ERROR,1
UP007277,APP02772,Additional Document,Successful,59:11.6,31:03.4,5.98,,2
UP007278,APP02773,Identity,Successful,01:25.8,20:20.2,4.33,,1
UP007279,APP02773,Income,Successful,03:07.2,25:12.8,2.54,,1
UP007280,APP02773,Additional Document,Failed,15:25.3,31:48.4,6.16,FILE_TOO_LARGE,1
UP007281,APP02773,Additional Document,Successful,16:00.5,41:40.6,8.05,,2
UP007282,APP02774,Identity,Successful,44:26.4,11:46.7,3.77,,1
UP007283,APP02774,Income,Successful,56:32.9,18:13.1,4.43,,1
UP007284,APP02774,Additional Document,Failed,05:41.0,32:53.9,9.95,TRANSFER_ERROR,1
UP007285,APP02774,Additional Document,Failed,09:36.9,42:50.9,5.52,FILE_TOO_LARGE,2
UP007286,APP02774,Additional Document,Successful,59:11.8,36:01.4,6.7,,3
UP007287,APP02775,Identity,Successful,25:54.9,48:35.5,3.24,,1
UP007288,APP02775,Income,Successful,27:33.9,45:18.5,3.89,,1
UP007289,APP02775,Additional Document,Successful,40:58.5,07:34.9,5.36,,1
UP007290,APP02776,Identity,Successful,04:28.9,21:27.4,5.44,,1
UP007291,APP02776,Income,Failed,12:44.0,25:06.0,1.59,TRANSFER_ERROR,1
UP007292,APP02776,Income,Successful,11:03.5,20:15.3,6.76,,2
UP007293,APP02776,Additional Document,Failed,15:21.4,30:16.2,6.48,FILE_TOO_LARGE,1
UP007294,APP02776,Additional Document,Successful,23:48.0,47:27.1,8.01,,2
UP007295,APP02777,Identity,Successful,33:00.0,50:45.5,7.26,,1
UP007296,APP02777,Income,Successful,53:24.1,11:49.2,4.57,,1
UP007297,APP02777,Additional Document,Successful,52:03.3,23:01.5,8.26,,1
UP007298,APP02778,Identity,Successful,35:17.6,56:27.3,4.39,,1
UP007299,APP02778,Income,Successful,34:48.7,59:46.8,4.12,,1
UP007300,APP02778,Additional Document,Successful,46:17.1,09:45.1,7.56,,1
UP007301,APP02779,Identity,Successful,25:04.6,38:22.7,2.21,,1
UP007302,APP02779,Income,Successful,41:27.3,56:19.4,3.23,,1
UP007303,APP02779,Additional Document,Successful,34:28.4,58:26.1,5.27,,1
UP007304,APP02780,Identity,Successful,27:13.0,51:04.9,7.38,,1
UP007305,APP02780,Income,Successful,31:37.0,49:14.1,6.24,,1
UP007306,APP02780,Additional Document,Successful,33:37.8,59:48.3,8.7,,1
UP007307,APP02781,Identity,Successful,01:14.6,14:38.7,6.84,,1
UP007308,APP02781,Income,Successful,06:51.4,24:34.8,4.31,,1
UP007309,APP02781,Additional Document,Successful,03:55.1,23:02.5,6.77,,1
UP007310,APP02782,Identity,Successful,14:44.1,38:35.1,3.63,,1
UP007311,APP02782,Income,Successful,20:42.8,53:11.6,2.11,,1
UP007312,APP02782,Additional Document,Failed,16:36.3,42:21.4,3.87,UPLOAD_TIMEOUT,1
UP007313,APP02782,Additional Document,Successful,16:03.5,41:06.9,5.92,,2
UP007314,APP02783,Identity,Successful,57:54.8,24:53.8,1.69,,1
UP007315,APP02783,Income,Successful,01:05.7,16:54.5,3.11,,1
UP007316,APP02783,Additional Document,Failed,19:20.5,51:31.1,8,FILE_TOO_LARGE,1
UP007317,APP02783,Additional Document,Successful,15:32.8,37:49.8,8.67,,2
UP007318,APP02784,Identity,Failed,07:49.1,33:04.1,2.25,UPLOAD_TIMEOUT,1
UP007319,APP02784,Identity,Failed,02:21.1,30:03.3,5.48,UPLOAD_TIMEOUT,2
UP007320,APP02784,Identity,Successful,00:24.2,20:53.9,6.2,,3
UP007321,APP02784,Income,Successful,08:57.9,33:47.2,0.5,,1
UP007322,APP02784,Additional Document,Successful,04:51.9,35:30.7,7.6,,1
UP007323,APP02785,Identity,Successful,39:37.0,57:27.9,1.37,,1
UP007324,APP02785,Income,Successful,45:23.0,03:08.3,1.14,,1
UP007325,APP02785,Additional Document,Successful,45:39.8,03:40.3,5.73,,1
UP007326,APP02786,Identity,Successful,15:30.9,34:59.7,3.12,,1
UP007327,APP02786,Income,Successful,16:20.9,32:13.6,3.81,,1
UP007328,APP02786,Additional Document,Successful,27:58.4,47:01.6,5.27,,1
UP007329,APP02787,Identity,Successful,45:00.0,04:49.6,0.5,,1
UP007330,APP02787,Income,Successful,01:23.3,23:07.6,3.69,,1
UP007331,APP02787,Additional Document,Failed,04:17.0,28:34.3,9.7,UPLOAD_TIMEOUT,1
UP007332,APP02787,Additional Document,Successful,01:50.6,20:32.9,6.51,,2
UP007333,APP02788,Identity,Successful,03:40.1,16:21.2,6.86,,1
UP007334,APP02788,Income,Successful,00:50.7,20:35.4,0.5,,1
UP007335,APP02788,Additional Document,Failed,14:44.9,34:40.3,5.55,FILE_TOO_LARGE,1
UP007336,APP02788,Additional Document,Successful,13:39.9,35:54.8,8.04,,2
UP007337,APP02789,Identity,Successful,58:31.6,21:05.5,2.71,,1
UP007338,APP02789,Income,Successful,03:12.5,29:31.8,5.48,,1
UP007339,APP02789,Additional Document,Successful,12:43.7,26:55.0,7.76,,1
UP007340,APP02790,Identity,Successful,50:14.7,05:23.1,1.42,,1
UP007341,APP02790,Income,Successful,04:21.3,19:02.9,4.02,,1
UP007342,APP02790,Additional Document,Successful,05:02.7,19:10.2,8.02,,1
UP007343,APP02791,Identity,Successful,42:25.7,08:31.0,3.87,,1
UP007344,APP02791,Income,Failed,56:57.5,32:21.7,5.16,FILE_TOO_LARGE,1
UP007345,APP02791,Income,Failed,01:42.1,20:30.2,0.5,FILE_TOO_LARGE,2
UP007346,APP02791,Income,Successful,00:28.1,35:58.4,3.31,,3
UP007347,APP02791,Additional Document,Successful,04:21.6,43:31.3,10.85,,1
UP007348,APP02792,Identity,Successful,58:33.6,13:22.4,1.84,,1
UP007349,APP02792,Income,Successful,55:17.9,25:17.2,3.08,,1
UP007350,APP02792,Additional Document,Successful,02:25.5,21:45.1,5.98,,1
UP007351,APP02793,Identity,Successful,18:52.2,34:45.8,1.86,,1
UP007352,APP02793,Income,Successful,33:45.5,58:33.1,2.14,,1
UP007353,APP02793,Additional Document,Successful,37:03.6,59:08.8,5.16,,1
UP007354,APP02794,Identity,Successful,48:24.1,04:48.7,2.6,,1
UP007355,APP02794,Income,Successful,09:51.1,25:16.0,0.5,,1
UP007356,APP02794,Additional Document,Successful,59:31.3,23:07.0,4.07,,1
UP007357,APP02795,Identity,Successful,33:00.0,52:01.1,6.1,,1
UP007358,APP02795,Income,Successful,51:34.8,09:39.7,5.87,,1
UP007359,APP02795,Additional Document,Successful,58:09.9,28:41.8,7.92,,1
UP007360,APP02796,Identity,Successful,02:23.8,20:05.3,1.54,,1
UP007361,APP02796,Income,Successful,13:46.4,26:33.6,2.15,,1
UP007362,APP02796,Additional Document,Successful,13:02.3,38:43.6,6.93,,1
UP007363,APP02797,Identity,Successful,06:08.0,24:43.0,2.92,,1
UP007364,APP02797,Income,Successful,00:38.8,22:12.1,3.06,,1
UP007365,APP02797,Additional Document,Failed,08:52.2,29:55.7,6.54,TRANSFER_ERROR,1
UP007366,APP02797,Additional Document,Successful,06:06.4,40:17.6,9.5,,2
UP007367,APP02798,Identity,Successful,08:29.4,25:37.8,3.23,,1
UP007368,APP02798,Income,Successful,24:34.4,37:38.0,2.67,,1
UP007369,APP02798,Additional Document,Successful,19:22.4,40:35.7,11.16,,1
UP007370,APP02799,Identity,Successful,08:20.0,30:55.1,0.5,,1
UP007371,APP02799,Income,Successful,20:50.5,44:40.9,6.08,,1
UP007372,APP02799,Additional Document,Successful,22:46.9,51:41.1,5.1,,1
UP007373,APP02800,Identity,Failed,58:15.0,18:19.1,4.6,UPLOAD_TIMEOUT,1
UP007374,APP02800,Identity,Successful,51:17.6,15:08.3,5.26,,2
UP007375,APP02800,Income,Successful,08:23.2,25:58.4,2.1,,1
UP007376,APP02800,Additional Document,Successful,07:57.4,32:38.2,5.76,,1
UP007377,APP02801,Identity,Successful,36:11.2,58:44.1,3.08,,1
UP007378,APP02801,Income,Successful,46:46.8,09:44.4,0.71,,1
UP007379,APP02801,Additional Document,Successful,51:17.5,25:02.4,3.98,,1
UP007380,APP02802,Identity,Failed,48:19.8,16:22.1,4.4,FILE_TOO_LARGE,1
UP007381,APP02802,Identity,Failed,56:29.0,12:48.5,3.48,UPLOAD_TIMEOUT,2
UP007382,APP02802,Identity,Successful,50:25.3,08:19.1,5.2,,3
UP007383,APP02802,Income,Successful,56:08.6,25:00.8,2.83,,1
UP007384,APP02802,Additional Document,Successful,00:57.7,23:40.7,8.92,,1
UP007385,APP02803,Identity,Successful,17:48.9,39:47.9,1.6,,1
UP007386,APP02803,Income,Successful,22:48.9,45:29.9,2.77,,1
UP007387,APP02803,Additional Document,Successful,25:30.3,56:37.4,8.32,,1
UP007388,APP02804,Identity,Failed,57:29.9,13:24.0,6.34,UPLOAD_TIMEOUT,1
UP007389,APP02804,Identity,Failed,53:34.0,10:07.9,2.19,FILE_TOO_LARGE,2
UP007390,APP02804,Identity,Successful,59:56.6,14:25.6,3.09,,3
UP007391,APP02804,Income,Successful,58:28.9,12:45.5,7.55,,1
UP007392,APP02804,Additional Document,Successful,04:52.2,29:02.6,7.75,,1
UP007393,APP02805,Identity,Successful,49:44.0,08:32.3,3.83,,1
UP007394,APP02805,Income,Failed,01:38.1,18:43.0,5.17,UPLOAD_TIMEOUT,1
UP007395,APP02805,Income,Successful,57:43.0,13:04.7,2.93,,2
UP007396,APP02805,Additional Document,Successful,03:20.6,25:16.5,8.55,,1
UP007397,APP02806,Identity,Successful,01:31.8,29:34.5,4.47,,1
UP007398,APP02806,Income,Successful,05:51.7,29:44.4,6.7,,1
UP007399,APP02806,Additional Document,Successful,03:41.4,26:54.3,1.98,,1
UP007400,APP02807,Identity,Successful,39:58.6,01:47.4,2.69,,1
UP007401,APP02807,Income,Successful,47:38.1,15:52.2,7.29,,1
UP007402,APP02807,Additional Document,Failed,42:19.1,11:21.6,7.13,UPLOAD_TIMEOUT,1
UP007403,APP02807,Additional Document,Successful,53:11.5,22:49.1,6.19,,2
UP007404,APP02808,Identity,Successful,14:21.8,33:08.3,0.5,,1
UP007405,APP02808,Income,Successful,18:45.7,44:47.4,2.4,,1
UP007406,APP02808,Additional Document,Successful,21:29.8,53:09.4,7.92,,1
UP007407,APP02809,Identity,Successful,02:11.3,23:37.9,3.06,,1
UP007408,APP02809,Income,Successful,02:48.2,31:44.1,5.85,,1
UP007409,APP02809,Additional Document,Successful,09:22.7,41:18.4,6.4,,1
UP007410,APP02810,Identity,Successful,39:40.9,49:25.6,4.01,,1
UP007411,APP02810,Income,Failed,49:47.4,05:01.9,1.12,UPLOAD_TIMEOUT,1
UP007412,APP02810,Income,Failed,38:19.2,46:42.5,3.49,UPLOAD_TIMEOUT,2
UP007413,APP02810,Income,Successful,43:58.5,58:29.9,4.17,,3
UP007414,APP02810,Additional Document,Successful,45:31.4,13:31.2,6.29,,1
UP007415,APP02811,Identity,Successful,23:55.9,42:58.0,2.55,,1
UP007416,APP02811,Income,Successful,31:07.5,52:38.9,2.49,,1
UP007417,APP02811,Additional Document,Successful,37:07.8,59:24.0,3.01,,1
UP007418,APP02812,Identity,Failed,34:32.0,50:06.8,0.5,UPLOAD_TIMEOUT,1
UP007419,APP02812,Identity,Successful,34:36.2,49:16.9,6.17,,2
UP007420,APP02812,Income,Successful,37:28.6,51:38.0,6.16,,1
UP007421,APP02812,Additional Document,Successful,44:22.9,08:46.5,7.16,,1
UP007422,APP02813,Identity,Successful,13:50.5,34:17.3,2.24,,1
UP007423,APP02813,Income,Successful,09:07.3,25:13.0,3.25,,1
UP007424,APP02813,Additional Document,Successful,27:37.2,43:50.7,7.19,,1
UP007425,APP02814,Identity,Successful,49:11.7,04:58.6,0.5,,1
UP007426,APP02814,Income,Successful,01:22.9,17:21.2,6.7,,1
UP007427,APP02814,Additional Document,Successful,59:21.9,17:01.7,7.07,,1
UP007428,APP02815,Identity,Successful,54:08.9,13:32.5,3.71,,1
UP007429,APP02815,Income,Successful,00:20.2,22:05.9,1.03,,1
UP007430,APP02815,Additional Document,Failed,52:58.8,24:36.2,6.57,UPLOAD_TIMEOUT,1
UP007431,APP02815,Additional Document,Successful,57:13.0,17:49.4,8.02,,2
UP007432,APP02816,Identity,Successful,47:09.6,59:00.7,2.56,,1
UP007433,APP02816,Income,Failed,02:04.6,16:28.4,3.49,TRANSFER_ERROR,1
UP007434,APP02816,Income,Successful,04:50.7,17:28.1,2.47,,2
UP007435,APP02816,Additional Document,Successful,00:43.1,15:09.5,9.18,,1
UP007436,APP02817,Identity,Successful,16:59.5,30:09.7,5.09,,1
UP007437,APP02817,Income,Successful,15:12.9,26:57.1,2.44,,1
UP007438,APP02817,Additional Document,Successful,22:54.4,40:25.0,9.46,,1
UP007439,APP02818,Identity,Successful,29:38.7,47:30.9,2.72,,1
UP007440,APP02818,Income,Failed,39:30.8,59:55.1,3.44,UPLOAD_TIMEOUT,1
UP007441,APP02818,Income,Successful,50:10.8,16:20.6,3.04,,2
UP007442,APP02818,Additional Document,Failed,54:28.5,16:04.7,8.98,UPLOAD_TIMEOUT,1
UP007443,APP02818,Additional Document,Successful,38:51.5,04:31.2,5.14,,2
UP007444,APP02819,Identity,Successful,04:14.3,14:11.3,5.64,,1
UP007445,APP02819,Income,Successful,03:31.5,21:31.1,4.45,,1
UP007446,APP02819,Additional Document,Successful,05:51.0,27:55.7,10.43,,1
UP007447,APP02820,Identity,Successful,48:50.0,04:25.5,2.56,,1
UP007448,APP02820,Income,Successful,51:47.4,07:32.8,4.56,,1
UP007449,APP02820,Additional Document,Failed,06:47.6,34:14.3,8.34,UPLOAD_TIMEOUT,1
UP007450,APP02820,Additional Document,Successful,09:22.9,45:35.6,8.49,,2
UP007451,APP02821,Identity,Successful,35:37.3,56:02.8,0.5,,1
UP007452,APP02821,Income,Failed,46:37.1,12:07.3,0.68,UPLOAD_TIMEOUT,1
UP007453,APP02821,Income,Successful,58:02.7,24:19.7,4.35,,2
UP007454,APP02821,Additional Document,Failed,57:28.5,22:21.6,5.97,UPLOAD_TIMEOUT,1
UP007455,APP02821,Additional Document,Successful,57:51.6,37:31.6,8.62,,2
UP007456,APP02822,Identity,Failed,52:27.9,17:54.5,1.63,UPLOAD_TIMEOUT,1
UP007457,APP02822,Identity,Successful,52:11.2,19:08.5,5.09,,2
UP007458,APP02822,Income,Successful,04:19.6,26:10.1,5.14,,1
UP007459,APP02822,Additional Document,Successful,13:13.0,34:30.6,4.95,,1
UP007460,APP02823,Identity,Successful,25:53.6,37:44.2,4.44,,1
UP007461,APP02823,Income,Successful,34:30.9,57:50.1,1.75,,1
UP007462,APP02823,Additional Document,Successful,41:37.8,00:54.2,5.96,,1
UP007463,APP02824,Identity,Successful,44:07.8,05:25.9,4.2,,1
UP007464,APP02824,Income,Successful,54:26.1,15:37.6,1.86,,1
UP007465,APP02824,Additional Document,Successful,54:34.5,19:03.7,8.14,,1
UP007466,APP02825,Identity,Successful,19:31.8,32:32.2,3.54,,1
UP007467,APP02825,Income,Successful,26:51.1,43:36.0,5.76,,1
UP007468,APP02825,Additional Document,Failed,35:30.9,13:08.7,5.77,UPLOAD_TIMEOUT,1
UP007469,APP02825,Additional Document,Successful,33:56.1,05:16.3,7.38,,2
UP007470,APP02826,Identity,Successful,37:44.0,55:02.6,5.75,,1
UP007471,APP02826,Income,Successful,41:33.4,02:12.7,1.3,,1
UP007472,APP02826,Additional Document,Failed,50:45.9,08:40.8,4.86,UPLOAD_TIMEOUT,1
UP007473,APP02826,Additional Document,Successful,42:43.2,10:44.9,7.28,,2
UP007474,APP02827,Identity,Successful,17:00.6,31:27.7,2.41,,1
UP007475,APP02827,Income,Successful,12:34.2,34:40.1,6.18,,1
UP007476,APP02827,Additional Document,Successful,19:19.7,40:38.1,8.37,,1
UP007477,APP02828,Identity,Successful,48:01.3,06:24.6,0.56,,1
UP007478,APP02828,Income,Successful,55:37.6,17:32.5,0.5,,1
UP007479,APP02828,Additional Document,Successful,04:11.7,27:26.7,7.13,,1
UP007480,APP02829,Identity,Successful,48:07.6,16:43.8,3.22,,1
UP007481,APP02829,Income,Failed,41:02.2,03:58.2,1.47,FILE_TOO_LARGE,1
UP007482,APP02829,Income,Successful,47:05.0,06:24.5,3.87,,2
UP007483,APP02829,Additional Document,Successful,48:32.0,16:46.0,7.55,,1
UP007484,APP02830,Identity,Successful,17:35.2,31:41.9,4.21,,1
UP007485,APP02830,Income,Failed,30:12.3,57:31.9,5.33,TRANSFER_ERROR,1
UP007486,APP02830,Income,Successful,20:00.7,42:31.0,3.65,,2
UP007487,APP02830,Additional Document,Successful,28:14.2,48:33.4,2.61,,1
UP007488,APP02831,Identity,Successful,15:51.8,45:05.7,2.32,,1
UP007489,APP02831,Income,Failed,13:46.3,30:12.9,2.06,UPLOAD_TIMEOUT,1
UP007490,APP02831,Income,Failed,28:17.5,52:21.7,1.87,TRANSFER_ERROR,2
UP007491,APP02831,Income,Successful,13:19.2,31:48.2,4.92,,3
UP007492,APP02831,Additional Document,Successful,21:51.7,43:15.8,6.83,,1
UP007493,APP02832,Identity,Successful,53:51.7,05:54.5,1.87,,1
UP007494,APP02832,Income,Successful,01:20.2,21:20.2,0.5,,1
UP007495,APP02832,Additional Document,Successful,52:09.9,14:14.5,8.07,,1
UP007496,APP02833,Identity,Successful,02:14.7,30:21.1,1.12,,1
UP007497,APP02833,Income,Successful,14:15.2,40:28.6,5.97,,1
UP007498,APP02833,Additional Document,Successful,23:17.8,54:41.6,6.22,,1
UP007499,APP02834,Identity,Successful,30:19.6,55:49.1,2.52,,1
UP007500,APP02834,Income,Failed,35:10.9,00:51.5,3.1,UPLOAD_TIMEOUT,1
UP007501,APP02834,Income,Failed,39:59.6,55:23.9,0.82,UPLOAD_TIMEOUT,2
UP007502,APP02834,Income,Successful,35:06.7,45:42.6,4.21,,3
UP007503,APP02834,Additional Document,Successful,38:20.5,00:02.6,9.17,,1
UP007504,APP02835,Identity,Successful,31:57.1,49:56.4,6.86,,1
UP007505,APP02835,Income,Successful,42:15.7,04:13.2,2.74,,1
UP007506,APP02835,Additional Document,Failed,39:59.8,56:27.4,5.84,UPLOAD_TIMEOUT,1
UP007507,APP02835,Additional Document,Successful,46:44.9,13:22.3,4.89,,2
UP007508,APP02836,Identity,Successful,34:21.5,56:33.4,6.43,,1
UP007509,APP02836,Income,Successful,31:58.9,46:14.1,3.13,,1
UP007510,APP02836,Additional Document,Failed,40:18.7,06:25.5,4.53,UPLOAD_TIMEOUT,1
UP007511,APP02836,Additional Document,Successful,53:20.6,21:11.6,4.06,,2
UP007512,APP02837,Identity,Failed,36:04.5,57:43.3,2.54,FILE_TOO_LARGE,1
UP007513,APP02837,Identity,Successful,47:51.5,05:59.4,5.45,,2
UP007514,APP02837,Income,Successful,44:27.2,03:23.0,5.94,,1
UP007515,APP02837,Additional Document,Successful,51:22.0,20:00.0,8.09,,1
UP007516,APP02838,Identity,Successful,33:40.6,52:22.7,2.79,,1
UP007517,APP02838,Income,Successful,28:54.2,51:14.2,0.5,,1
UP007518,APP02838,Additional Document,Failed,41:23.3,14:40.2,8.53,TRANSFER_ERROR,1
UP007519,APP02838,Additional Document,Successful,27:45.8,02:06.8,6.19,,2
UP007520,APP02839,Identity,Successful,52:49.5,10:58.0,0.65,,1
UP007521,APP02839,Income,Successful,00:05.3,21:16.6,6.33,,1
UP007522,APP02839,Additional Document,Failed,10:57.6,36:19.7,6.29,TRANSFER_ERROR,1
UP007523,APP02839,Additional Document,Failed,09:42.7,34:22.4,8.72,TRANSFER_ERROR,2
UP007524,APP02839,Additional Document,Successful,13:29.8,41:29.9,7.66,,3
UP007525,APP02840,Identity,Failed,25:27.5,47:44.8,1.87,TRANSFER_ERROR,1
UP007526,APP02840,Identity,Successful,26:29.1,41:31.6,2.73,,2
UP007527,APP02840,Income,Successful,39:56.1,51:17.8,2.61,,1
UP007528,APP02840,Additional Document,Successful,30:05.1,01:17.4,9.17,,1
UP007529,APP02841,Identity,Successful,19:37.0,33:01.2,4.98,,1
UP007530,APP02841,Income,Successful,30:31.7,47:19.5,5.31,,1
UP007531,APP02841,Additional Document,Successful,37:10.3,08:35.4,1.64,,1
UP007532,APP02842,Identity,Successful,17:05.9,32:02.5,5.17,,1
UP007533,APP02842,Income,Successful,20:01.7,33:21.0,4.31,,1
UP007534,APP02842,Additional Document,Successful,14:44.2,35:23.3,5.23,,1
UP007535,APP02843,Identity,Successful,25:42.6,47:00.9,2.23,,1
UP007536,APP02843,Income,Failed,39:55.2,47:59.3,5.02,TRANSFER_ERROR,1
UP007537,APP02843,Income,Successful,33:41.2,45:33.1,1.2,,2
UP007538,APP02843,Additional Document,Successful,38:25.5,01:36.3,6.54,,1
UP007539,APP02844,Identity,Successful,38:08.0,51:51.3,0.76,,1
UP007540,APP02844,Income,Successful,37:28.5,54:23.4,2.64,,1
UP007541,APP02844,Additional Document,Successful,44:28.6,10:19.4,8.55,,1
UP007542,APP02845,Identity,Successful,19:00.4,37:37.1,0.5,,1
UP007543,APP02845,Income,Successful,32:36.7,34:36.7,5.71,,1
UP007544,APP02845,Additional Document,Successful,34:40.2,46:47.2,3.55,,1
UP007545,APP02846,Identity,Successful,36:46.1,52:13.7,3.19,,1
UP007546,APP02846,Income,Failed,44:41.1,05:41.7,4.15,TRANSFER_ERROR,1
UP007547,APP02846,Income,Successful,39:34.3,54:28.5,5.14,,2
UP007548,APP02846,Additional Document,Successful,46:55.6,16:14.6,6.81,,1
UP007549,APP02847,Identity,Successful,11:48.8,25:03.2,3.37,,1
UP007550,APP02847,Income,Successful,10:55.1,38:41.7,5.58,,1
UP007551,APP02847,Additional Document,Failed,16:10.6,48:18.5,5.99,TRANSFER_ERROR,1
UP007552,APP02847,Additional Document,Successful,17:53.9,34:59.2,5.19,,2
UP007553,APP02848,Identity,Successful,13:41.4,29:48.2,7.88,,1
UP007554,APP02848,Income,Successful,20:32.5,39:08.5,0.58,,1
UP007555,APP02848,Additional Document,Failed,27:19.3,42:12.8,9.74,UPLOAD_TIMEOUT,1
UP007556,APP02848,Additional Document,Successful,23:13.3,48:02.9,6.78,,2
UP007557,APP02849,Identity,Successful,21:51.2,39:40.5,0.5,,1
UP007558,APP02849,Income,Successful,30:28.8,42:41.3,4.78,,1
UP007559,APP02849,Additional Document,Successful,37:53.6,02:04.0,5.48,,1
UP007560,APP02850,Identity,Successful,57:04.8,09:25.3,1.32,,1
UP007561,APP02850,Income,Successful,04:37.1,17:14.3,2.47,,1
UP007562,APP02850,Additional Document,Successful,11:28.0,32:47.3,5.61,,1
UP007563,APP02851,Identity,Successful,58:26.2,25:56.3,0.73,,1
UP007564,APP02851,Income,Successful,05:15.0,26:16.4,2.84,,1
UP007565,APP02851,Additional Document,Successful,17:14.5,48:57.7,6.53,,1
UP007566,APP02852,Identity,Successful,17:18.2,38:08.4,4.88,,1
UP007567,APP02852,Income,Successful,23:26.5,43:40.4,6.35,,1
UP007568,APP02852,Additional Document,Failed,23:24.1,55:10.8,6.3,UPLOAD_TIMEOUT,1
UP007569,APP02852,Additional Document,Successful,26:23.2,45:37.8,2.65,,2
UP007570,APP02853,Identity,Successful,31:57.3,49:17.0,4.74,,1
UP007571,APP02853,Income,Successful,52:09.1,06:01.2,0.5,,1
UP007572,APP02853,Additional Document,Successful,57:10.7,25:39.3,6.48,,1
UP007573,APP02854,Identity,Successful,49:07.1,06:34.9,4.44,,1
UP007574,APP02854,Income,Successful,08:37.5,19:23.3,2.43,,1
UP007575,APP02854,Additional Document,Failed,03:55.6,28:07.6,4.84,UPLOAD_TIMEOUT,1
UP007576,APP02854,Additional Document,Successful,01:16.1,26:34.1,6.24,,2
UP007577,APP02855,Identity,Successful,38:34.3,54:21.8,3.41,,1
UP007578,APP02855,Income,Successful,53:05.1,19:06.8,4.52,,1
UP007579,APP02855,Additional Document,Successful,49:56.3,18:44.2,9.63,,1
UP007580,APP02856,Identity,Successful,57:51.1,16:26.5,5.82,,1
UP007581,APP02856,Income,Successful,05:29.2,26:35.9,4.07,,1
UP007582,APP02856,Additional Document,Failed,13:20.0,34:23.7,9.17,FILE_TOO_LARGE,1
UP007583,APP02856,Additional Document,Successful,04:52.6,24:37.3,8.31,,2
UP007584,APP02857,Identity,Failed,10:06.2,18:25.6,3.04,UPLOAD_TIMEOUT,1
UP007585,APP02857,Identity,Successful,53:18.2,13:05.6,6.38,,2
UP007586,APP02857,Income,Successful,08:39.3,28:22.3,2.12,,1
UP007587,APP02857,Additional Document,Successful,13:43.6,46:52.8,5.99,,1
UP007588,APP02858,Identity,Successful,57:04.3,24:28.0,2.85,,1
UP007589,APP02858,Income,Successful,58:31.4,17:39.2,4.36,,1
UP007590,APP02858,Additional Document,Failed,54:43.5,12:35.7,9.03,UPLOAD_TIMEOUT,1
UP007591,APP02858,Additional Document,Failed,48:26.0,17:30.9,4.68,TRANSFER_ERROR,2
UP007592,APP02858,Additional Document,Successful,54:57.0,18:37.3,4.3,,3
UP007593,APP02859,Identity,Successful,24:16.6,42:02.8,2.49,,1
UP007594,APP02859,Income,Successful,19:26.0,46:05.1,1.92,,1
UP007595,APP02859,Additional Document,Successful,31:44.6,03:10.5,4.68,,1
UP007596,APP02860,Identity,Successful,36:25.2,45:54.8,4.89,,1
UP007597,APP02860,Income,Successful,34:18.3,55:40.3,2.25,,1
UP007598,APP02860,Additional Document,Successful,41:04.3,12:25.7,9.1,,1
UP007599,APP02861,Identity,Successful,31:06.5,51:01.0,4.11,,1
UP007600,APP02861,Income,Successful,40:16.3,00:45.3,4.91,,1
UP007601,APP02861,Additional Document,Failed,38:36.1,05:49.6,7.93,TRANSFER_ERROR,1
UP007602,APP02861,Additional Document,Successful,48:38.8,11:08.4,6.94,,2
UP007603,APP02862,Identity,Successful,13:21.2,36:18.3,5.48,,1
UP007604,APP02862,Income,Successful,18:40.7,37:59.2,5.24,,1
UP007605,APP02862,Additional Document,Successful,26:03.1,56:09.0,8.49,,1
UP007606,APP02863,Identity,Successful,05:52.4,29:21.5,2.61,,1
UP007607,APP02863,Income,Successful,18:06.5,35:30.4,3.31,,1
UP007608,APP02863,Additional Document,Successful,14:31.0,37:15.2,6.6,,1
UP007609,APP02864,Identity,Successful,56:21.8,21:24.5,4.51,,1
UP007610,APP02864,Income,Successful,04:32.4,22:07.8,1.32,,1
UP007611,APP02864,Additional Document,Failed,10:31.6,32:35.2,7.63,FILE_TOO_LARGE,1
UP007612,APP02864,Additional Document,Failed,07:05.1,24:39.0,5.07,UPLOAD_TIMEOUT,2
UP007613,APP02864,Additional Document,Successful,07:37.2,29:47.6,4.85,,3
UP007614,APP02865,Identity,Successful,47:03.7,02:39.8,4.55,,1
UP007615,APP02865,Income,Failed,51:22.6,11:03.3,0.68,UPLOAD_TIMEOUT,1
UP007616,APP02865,Income,Successful,44:39.0,05:19.8,3.36,,2
UP007617,APP02865,Additional Document,Successful,58:28.8,24:52.1,8.61,,1
UP007618,APP02866,Identity,Successful,52:47.9,13:27.8,4.28,,1
UP007619,APP02866,Income,Successful,08:37.6,22:42.8,5.47,,1
UP007620,APP02866,Additional Document,Successful,09:24.1,32:25.7,5.19,,1
UP007621,APP02867,Identity,Successful,02:01.0,19:58.4,4.32,,1
UP007622,APP02867,Income,Failed,02:12.2,05:42.5,2.39,TRANSFER_ERROR,1
UP007623,APP02867,Income,Successful,11:35.3,26:00.4,4.55,,2
UP007624,APP02867,Additional Document,Failed,12:47.8,38:34.4,7.02,UPLOAD_TIMEOUT,1
UP007625,APP02867,Additional Document,Successful,10:46.5,34:39.6,6.31,,2
UP007626,APP02868,Identity,Successful,54:10.9,18:15.2,3.8,,1
UP007627,APP02868,Income,Successful,09:04.8,28:49.9,2.55,,1
UP007628,APP02868,Additional Document,Failed,11:52.5,40:47.6,7.28,UPLOAD_TIMEOUT,1
UP007629,APP02868,Additional Document,Failed,08:14.7,28:24.3,8.57,UPLOAD_TIMEOUT,2
UP007630,APP02868,Additional Document,Successful,06:14.7,15:34.1,5.87,,3
UP007631,APP02869,Identity,Successful,50:24.6,03:23.8,4.41,,1
UP007632,APP02869,Income,Successful,57:13.3,10:44.4,3.08,,1
UP007633,APP02869,Additional Document,Failed,01:10.2,26:10.7,5.7,UPLOAD_TIMEOUT,1
UP007634,APP02869,Additional Document,Successful,58:44.1,25:36.6,6.53,,2
UP007635,APP02870,Identity,Successful,44:38.1,01:38.1,2.37,,1
UP007636,APP02870,Income,Successful,50:57.2,08:45.9,5.39,,1
UP007637,APP02870,Additional Document,Successful,55:06.7,10:47.5,4.3,,1
UP007638,APP02871,Identity,Successful,09:53.7,31:29.0,3.64,,1
UP007639,APP02871,Income,Successful,16:19.1,36:38.6,3.66,,1
UP007640,APP02871,Additional Document,Successful,14:25.5,39:05.5,4.65,,1
UP007641,APP02872,Identity,Successful,23:28.6,46:53.6,3.1,,1
UP007642,APP02872,Income,Successful,32:21.5,48:55.5,4.3,,1
UP007643,APP02872,Additional Document,Successful,32:01.0,02:03.3,9.21,,1
UP007644,APP02873,Identity,Successful,55:47.2,19:41.8,1.54,,1
UP007645,APP02873,Income,Successful,00:21.9,27:20.9,0.5,,1
UP007646,APP02873,Additional Document,Successful,08:56.0,31:15.7,6.64,,1
UP007647,APP02874,Identity,Successful,46:30.2,11:40.1,3.19,,1
UP007648,APP02874,Income,Successful,56:36.6,17:42.9,3.93,,1
UP007649,APP02874,Additional Document,Failed,52:57.1,26:49.9,4,UPLOAD_TIMEOUT,1
UP007650,APP02874,Additional Document,Successful,02:00.7,26:00.5,8.8,,2
UP007651,APP02875,Identity,Successful,20:35.9,34:30.5,6.53,,1
UP007652,APP02875,Income,Successful,10:47.4,33:02.2,5.85,,1
UP007653,APP02875,Additional Document,Successful,15:00.9,42:28.0,5.83,,1
UP007654,APP02876,Identity,Successful,52:28.3,12:13.7,4.21,,1
UP007655,APP02876,Income,Failed,02:02.9,28:22.1,2.46,UPLOAD_TIMEOUT,1
UP007656,APP02876,Income,Failed,59:18.7,18:37.2,5.78,UPLOAD_TIMEOUT,2
UP007657,APP02876,Income,Successful,55:59.2,20:52.2,2.37,,3
UP007658,APP02876,Additional Document,Successful,02:17.9,28:49.7,6.15,,1
UP007659,APP02877,Identity,Failed,14:58.8,37:41.5,3.03,UPLOAD_TIMEOUT,1
UP007660,APP02877,Identity,Successful,15:00.7,34:21.7,7.03,,2
UP007661,APP02877,Income,Failed,18:00.1,30:37.3,2.33,UPLOAD_TIMEOUT,1
UP007662,APP02877,Income,Successful,24:37.0,39:19.3,1.11,,2
UP007663,APP02877,Additional Document,Failed,24:35.8,55:34.3,9.28,TRANSFER_ERROR,1
UP007664,APP02877,Additional Document,Failed,20:44.4,49:24.6,6.76,UPLOAD_TIMEOUT,2
UP007665,APP02877,Additional Document,Successful,26:57.0,44:00.8,7.97,,3
UP007666,APP02878,Identity,Successful,09:08.5,24:07.3,0.5,,1
UP007667,APP02878,Income,Successful,28:00.2,41:15.0,3.11,,1
UP007668,APP02878,Additional Document,Successful,23:52.0,46:02.3,5.93,,1
UP007669,APP02879,Identity,Successful,11:44.6,37:46.2,8.36,,1
UP007670,APP02879,Income,Successful,16:28.1,36:39.9,4.46,,1
UP007671,APP02879,Additional Document,Successful,26:42.3,02:53.3,5.77,,1
UP007672,APP02880,Identity,Successful,50:38.6,09:29.5,0.5,,1
UP007673,APP02880,Income,Failed,53:11.9,16:46.6,2.74,UPLOAD_TIMEOUT,1
UP007674,APP02880,Income,Successful,50:46.3,10:59.8,3.05,,2
UP007675,APP02880,Additional Document,Successful,02:13.0,39:53.2,8.18,,1
UP007676,APP02881,Identity,Failed,19:59.3,37:41.8,5.98,TRANSFER_ERROR,1
UP007677,APP02881,Identity,Successful,23:02.3,46:32.2,7.74,,2
UP007678,APP02881,Income,Successful,19:41.7,41:21.5,5.89,,1
UP007679,APP02881,Additional Document,Successful,17:42.9,46:06.7,7.29,,1
UP007680,APP02882,Identity,Failed,56:30.4,32:30.8,3.98,FILE_TOO_LARGE,1
UP007681,APP02882,Identity,Successful,51:21.1,08:57.8,0.5,,2
UP007682,APP02882,Income,Successful,00:59.4,23:57.6,2.84,,1
UP007683,APP02882,Additional Document,Successful,04:43.3,29:18.0,3.74,,1
UP007684,APP02883,Identity,Failed,37:47.8,00:58.2,3.65,UPLOAD_TIMEOUT,1
UP007685,APP02883,Identity,Failed,36:14.3,51:21.3,2.3,UPLOAD_TIMEOUT,2
UP007686,APP02883,Identity,Successful,31:35.8,50:01.2,3.87,,3
UP007687,APP02883,Income,Successful,36:12.3,58:46.4,3.09,,1
UP007688,APP02883,Additional Document,Failed,48:10.6,17:54.7,8.64,UPLOAD_TIMEOUT,1
UP007689,APP02883,Additional Document,Failed,49:32.6,21:10.9,8.35,UPLOAD_TIMEOUT,2
UP007690,APP02883,Additional Document,Successful,37:29.0,16:27.5,5.58,,3
UP007691,APP02884,Identity,Successful,00:29.0,15:48.6,3.26,,1
UP007692,APP02884,Income,Failed,11:13.0,26:53.8,3.24,TRANSFER_ERROR,1
UP007693,APP02884,Income,Successful,08:15.1,27:20.2,4.5,,2
UP007694,APP02884,Additional Document,Successful,17:15.5,35:10.5,5.56,,1
UP007695,APP02885,Identity,Successful,18:18.3,43:43.8,2.33,,1
UP007696,APP02885,Income,Successful,25:30.3,43:24.9,4.63,,1
UP007697,APP02885,Additional Document,Successful,32:24.8,58:35.9,5.06,,1
UP007698,APP02886,Identity,Successful,09:49.0,25:06.9,6.6,,1
UP007699,APP02886,Income,Successful,07:49.3,27:51.9,5.21,,1
UP007700,APP02886,Additional Document,Successful,17:59.6,40:17.7,6.16,,1
UP007701,APP02887,Identity,Successful,56:48.1,15:19.6,5.87,,1
UP007702,APP02887,Income,Successful,55:51.6,14:40.9,1.59,,1
UP007703,APP02887,Additional Document,Successful,12:29.9,36:42.9,8.5,,1
UP007704,APP02888,Identity,Failed,20:55.3,37:51.6,0.76,FILE_TOO_LARGE,1
UP007705,APP02888,Identity,Successful,17:45.7,44:23.7,5.5,,2
UP007706,APP02888,Income,Failed,20:00.2,36:28.4,0.5,UPLOAD_TIMEOUT,1
UP007707,APP02888,Income,Successful,21:29.3,34:06.4,3.13,,2
UP007708,APP02888,Additional Document,Successful,33:20.4,08:00.4,6.36,,1
UP007709,APP02889,Identity,Successful,31:25.1,53:11.8,5.67,,1
UP007710,APP02889,Income,Successful,32:36.3,57:48.1,3,,1
UP007711,APP02889,Additional Document,Successful,37:32.5,10:06.8,5.53,,1
UP007712,APP02890,Identity,Successful,53:52.8,10:59.7,5,,1
UP007713,APP02890,Income,Successful,56:45.2,19:28.0,5.62,,1
UP007714,APP02890,Additional Document,Successful,01:57.3,26:31.6,5.32,,1
UP007715,APP02891,Identity,Successful,36:28.0,53:13.4,4.31,,1
UP007716,APP02891,Income,Failed,52:30.9,09:35.7,5.04,UPLOAD_TIMEOUT,1
UP007717,APP02891,Income,Failed,35:54.3,51:19.1,0.5,UPLOAD_TIMEOUT,2
UP007718,APP02891,Income,Successful,47:05.6,59:13.9,5.33,,3
UP007719,APP02891,Additional Document,Successful,44:18.0,14:59.7,7.08,,1
UP007720,APP02892,Identity,Successful,32:00.0,52:08.4,3.34,,1
UP007721,APP02892,Income,Successful,58:29.9,25:49.3,6.47,,1
UP007722,APP02892,Additional Document,Failed,51:46.2,18:24.1,6.72,UPLOAD_TIMEOUT,1
UP007723,APP02892,Additional Document,Successful,44:27.3,09:05.2,8.54,,2
UP007724,APP02893,Identity,Successful,27:21.7,49:37.3,3.34,,1
UP007725,APP02893,Income,Successful,27:40.6,49:05.6,2.28,,1
UP007726,APP02893,Additional Document,Successful,45:55.3,10:06.2,6.31,,1
UP007727,APP02894,Identity,Successful,55:52.4,19:58.8,5.44,,1
UP007728,APP02894,Income,Successful,52:31.6,11:27.3,6.35,,1
UP007729,APP02894,Additional Document,Successful,56:06.0,26:55.8,7.61,,1
UP007730,APP02895,Identity,Successful,03:17.8,14:49.9,2.19,,1
UP007731,APP02895,Income,Successful,57:48.3,09:44.9,2.45,,1
UP007732,APP02895,Additional Document,Successful,50:42.3,03:49.1,8.25,,1
UP007733,APP02896,Identity,Successful,41:41.5,58:04.2,2.87,,1
UP007734,APP02896,Income,Successful,40:47.0,56:24.7,5.34,,1
UP007735,APP02896,Additional Document,Successful,48:13.0,14:49.1,6.15,,1
UP007736,APP02897,Identity,Successful,36:16.2,57:45.0,3.37,,1
UP007737,APP02897,Income,Successful,40:51.3,58:25.2,3.09,,1
UP007738,APP02897,Additional Document,Successful,49:44.1,23:00.4,8.38,,1
UP007739,APP02898,Identity,Successful,42:37.6,57:58.7,6.28,,1
UP007740,APP02898,Income,Successful,45:18.9,05:12.8,3.19,,1
UP007741,APP02898,Additional Document,Failed,49:03.8,11:28.8,9.56,TRANSFER_ERROR,1
UP007742,APP02898,Additional Document,Successful,47:49.6,16:38.1,6.84,,2
UP007743,APP02899,Identity,Failed,35:25.5,57:46.1,6.26,TRANSFER_ERROR,1
UP007744,APP02899,Identity,Failed,24:20.8,38:06.6,4.59,UPLOAD_TIMEOUT,2
UP007745,APP02899,Identity,Successful,30:52.0,45:47.4,2.43,,3
UP007746,APP02899,Income,Successful,36:54.8,04:59.6,0.5,,1
UP007747,APP02899,Additional Document,Successful,44:47.4,07:57.8,3.23,,1
UP007748,APP02900,Identity,Successful,51:36.9,08:11.4,6.89,,1
UP007749,APP02900,Income,Failed,57:51.0,20:52.1,7.21,UPLOAD_TIMEOUT,1
UP007750,APP02900,Income,Successful,06:15.1,29:35.4,4.23,,2
UP007751,APP02900,Additional Document,Successful,10:04.8,37:03.5,7.8,,1
UP007752,APP02901,Identity,Successful,35:05.2,50:16.9,3.2,,1
UP007753,APP02901,Income,Successful,53:28.1,15:18.5,2.57,,1
UP007754,APP02901,Additional Document,Successful,56:07.6,18:00.2,7.59,,1
UP007755,APP02902,Identity,Successful,16:34.8,33:20.1,4,,1
UP007756,APP02902,Income,Successful,22:43.1,40:22.4,7.5,,1
UP007757,APP02902,Additional Document,Successful,20:20.8,37:17.1,11.86,,1
UP007758,APP02903,Identity,Successful,30:56.2,57:14.9,6.97,,1
UP007759,APP02903,Income,Successful,26:58.7,43:45.3,0.5,,1
UP007760,APP02903,Additional Document,Failed,39:07.1,04:28.9,5.85,TRANSFER_ERROR,1
UP007761,APP02903,Additional Document,Successful,48:36.2,07:58.9,8.56,,2
UP007762,APP02904,Identity,Successful,12:26.3,34:59.0,2.76,,1
UP007763,APP02904,Income,Successful,15:03.1,31:51.5,4.78,,1
UP007764,APP02904,Additional Document,Failed,20:01.1,44:25.9,8.53,UPLOAD_TIMEOUT,1
UP007765,APP02904,Additional Document,Failed,28:47.2,59:20.1,6.81,UPLOAD_TIMEOUT,2
UP007766,APP02904,Additional Document,Successful,28:42.4,03:58.9,8.16,,3
UP007767,APP02905,Identity,Successful,57:41.7,19:03.4,2.84,,1
UP007768,APP02905,Income,Successful,05:36.3,35:33.5,2.83,,1
UP007769,APP02905,Additional Document,Successful,08:27.8,32:04.3,3.71,,1
UP007770,APP02906,Identity,Successful,31:29.7,53:24.0,0.84,,1
UP007771,APP02906,Income,Successful,39:24.6,55:58.8,1.91,,1
UP007772,APP02906,Additional Document,Successful,46:25.0,17:13.9,7.93,,1
UP007773,APP02907,Identity,Successful,02:33.8,23:46.1,1.72,,1
UP007774,APP02907,Income,Successful,08:17.6,29:04.2,3.66,,1
UP007775,APP02907,Additional Document,Failed,06:49.8,26:37.3,7.16,UPLOAD_TIMEOUT,1
UP007776,APP02907,Additional Document,Successful,07:01.5,24:16.3,7.57,,2
UP007777,APP02908,Identity,Failed,33:17.5,57:49.4,4.88,FILE_TOO_LARGE,1
UP007778,APP02908,Identity,Failed,31:45.8,52:33.0,3.36,UPLOAD_TIMEOUT,2
UP007779,APP02908,Identity,Successful,24:14.3,44:01.2,6.02,,3
UP007780,APP02908,Income,Successful,25:35.3,45:21.3,2.19,,1
UP007781,APP02908,Additional Document,Failed,41:54.2,11:28.9,6.33,TRANSFER_ERROR,1
UP007782,APP02908,Additional Document,Successful,34:30.1,01:03.2,9.17,,2
UP007783,APP02909,Identity,Successful,46:02.8,01:59.6,5.53,,1
UP007784,APP02909,Income,Successful,39:43.0,01:50.7,4.91,,1
UP007785,APP02909,Additional Document,Successful,45:38.9,12:41.7,5.58,,1
UP007786,APP02910,Identity,Successful,39:30.6,59:37.8,2.76,,1
UP007787,APP02910,Income,Successful,45:48.0,00:58.9,3.49,,1
UP007788,APP02910,Additional Document,Successful,48:05.6,11:01.7,7.17,,1
UP007789,APP02911,Identity,Failed,55:43.2,07:58.1,3.74,TRANSFER_ERROR,1
UP007790,APP02911,Identity,Successful,01:29.4,17:24.4,3.27,,2
UP007791,APP02911,Income,Successful,01:08.6,13:18.4,3.79,,1
UP007792,APP02911,Additional Document,Successful,07:12.1,36:07.3,5.39,,1
UP007793,APP02912,Identity,Successful,22:23.9,42:52.7,1.33,,1
UP007794,APP02912,Income,Successful,28:58.9,49:57.0,6.01,,1
UP007795,APP02912,Additional Document,Successful,38:56.3,06:14.6,3.18,,1
UP007796,APP02913,Identity,Successful,48:35.4,13:47.1,5.79,,1
UP007797,APP02913,Income,Successful,54:36.2,16:46.5,3.29,,1
UP007798,APP02913,Additional Document,Successful,50:14.1,23:36.3,7.6,,1
UP007799,APP02914,Identity,Successful,42:14.8,56:31.8,0.6,,1
UP007800,APP02914,Income,Successful,51:33.0,14:02.7,3.04,,1
UP007801,APP02914,Additional Document,Successful,07:24.2,39:28.8,4.47,,1
UP007802,APP02915,Identity,Successful,39:00.5,54:23.3,5.79,,1
UP007803,APP02915,Income,Failed,43:59.0,58:08.4,5.54,TRANSFER_ERROR,1
UP007804,APP02915,Income,Successful,41:24.2,05:12.6,0.5,,2
UP007805,APP02915,Additional Document,Failed,39:19.4,56:23.0,5.86,TRANSFER_ERROR,1
UP007806,APP02915,Additional Document,Successful,48:48.2,18:39.4,7.13,,2
UP007807,APP02916,Identity,Successful,50:13.4,05:32.9,3.12,,1
UP007808,APP02916,Income,Successful,54:29.7,20:02.7,5.5,,1
UP007809,APP02916,Additional Document,Successful,56:26.5,28:06.9,5.84,,1
UP007810,APP02917,Identity,Successful,03:16.8,21:13.9,4.64,,1
UP007811,APP02917,Income,Failed,11:59.2,23:40.8,4.35,TRANSFER_ERROR,1
UP007812,APP02917,Income,Failed,16:26.1,31:18.9,0.5,TRANSFER_ERROR,2
UP007813,APP02917,Income,Successful,15:47.3,34:59.2,2.2,,3
UP007814,APP02917,Additional Document,Successful,10:21.0,20:17.5,6.23,,1
UP007815,APP02918,Identity,Successful,08:19.2,24:45.9,2.96,,1
UP007816,APP02918,Income,Successful,09:37.8,30:55.7,2.84,,1
UP007817,APP02918,Additional Document,Successful,24:03.4,43:03.2,4.63,,1
UP007818,APP02919,Identity,Failed,50:16.8,02:03.8,1.55,FILE_TOO_LARGE,1
UP007819,APP02919,Identity,Failed,54:44.0,05:16.9,7.28,UPLOAD_TIMEOUT,2
UP007820,APP02919,Identity,Successful,46:54.2,00:58.7,3.46,,3
UP007821,APP02919,Income,Successful,56:01.4,12:48.9,4.09,,1
UP007822,APP02919,Additional Document,Failed,04:02.3,21:35.7,7.07,UPLOAD_TIMEOUT,1
UP007823,APP02919,Additional Document,Successful,02:58.5,22:14.2,10.17,,2
UP007824,APP02920,Identity,Successful,33:08.3,43:51.0,3.57,,1
UP007825,APP02920,Income,Successful,39:36.4,56:23.4,5.07,,1
UP007826,APP02920,Additional Document,Successful,46:23.1,11:46.6,4.59,,1
UP007827,APP02921,Identity,Successful,38:39.6,58:07.4,3.2,,1
UP007828,APP02921,Income,Successful,46:34.6,52:58.9,5.84,,1
UP007829,APP02921,Additional Document,Successful,47:10.9,07:19.2,8.05,,1
UP007830,APP02922,Identity,Successful,22:11.8,46:42.7,1.81,,1
UP007831,APP02922,Income,Successful,28:14.8,46:18.4,2.33,,1
UP007832,APP02922,Additional Document,Failed,28:08.5,49:31.5,3.63,FILE_TOO_LARGE,1
UP007833,APP02922,Additional Document,Successful,28:45.0,58:38.7,6.42,,2
UP007834,APP02923,Identity,Failed,28:07.6,02:10.8,5.18,TRANSFER_ERROR,1
UP007835,APP02923,Identity,Failed,29:12.1,45:31.9,2.7,TRANSFER_ERROR,2
UP007836,APP02923,Identity,Successful,23:13.5,41:36.5,7.57,,3
UP007837,APP02923,Income,Successful,36:29.1,59:30.6,3.05,,1
UP007838,APP02923,Additional Document,Failed,35:00.3,53:29.8,7.56,TRANSFER_ERROR,1
UP007839,APP02923,Additional Document,Failed,34:00.6,59:38.2,3.94,UPLOAD_TIMEOUT,2
UP007840,APP02923,Additional Document,Successful,39:39.8,06:37.9,8.52,,3
UP007841,APP02924,Identity,Successful,27:21.4,40:34.7,5.28,,1
UP007842,APP02924,Income,Successful,34:27.0,51:32.7,5,,1
UP007843,APP02924,Additional Document,Successful,49:36.0,24:24.3,6.48,,1
UP007844,APP02925,Identity,Successful,16:23.3,36:39.2,2.75,,1
UP007845,APP02925,Income,Failed,26:44.4,49:18.3,2.04,UPLOAD_TIMEOUT,1
UP007846,APP02925,Income,Successful,31:17.7,45:48.7,4.49,,2
UP007847,APP02925,Additional Document,Successful,36:33.2,58:00.5,6.32,,1
UP007848,APP02926,Identity,Successful,38:22.7,03:30.5,3.29,,1
UP007849,APP02926,Income,Successful,54:00.5,13:40.6,4.87,,1
UP007850,APP02926,Additional Document,Successful,50:17.9,12:23.8,8.32,,1
UP007851,APP02927,Identity,Failed,50:12.4,08:31.0,4.34,UPLOAD_TIMEOUT,1
UP007852,APP02927,Identity,Successful,55:14.0,13:14.0,1.54,,2
UP007853,APP02927,Income,Successful,54:34.4,21:34.1,5.98,,1
UP007854,APP02927,Additional Document,Failed,11:39.0,37:11.3,8.04,UPLOAD_TIMEOUT,1
UP007855,APP02927,Additional Document,Successful,01:35.2,28:39.3,5.89,,2
UP007856,APP02928,Identity,Successful,38:39.7,59:05.1,5.64,,1
UP007857,APP02928,Income,Successful,54:49.4,10:24.5,4.1,,1
UP007858,APP02928,Additional Document,Successful,00:01.3,34:02.5,6.87,,1
UP007859,APP02929,Identity,Successful,29:43.6,54:20.4,4.29,,1
UP007860,APP02929,Income,Successful,28:07.1,47:19.9,2.08,,1
UP007861,APP02929,Additional Document,Successful,47:36.6,17:26.0,8.79,,1
UP007862,APP02930,Identity,Successful,59:01.0,09:18.8,2.85,,1
UP007863,APP02930,Income,Successful,52:42.0,08:22.2,2.02,,1
UP007864,APP02930,Additional Document,Successful,57:52.3,21:06.4,8.38,,1
UP007865,APP02931,Identity,Successful,04:16.0,16:40.2,3.22,,1
UP007866,APP02931,Income,Successful,10:33.0,24:04.8,4.7,,1
UP007867,APP02931,Additional Document,Successful,13:52.5,32:23.5,5.97,,1
UP007868,APP02932,Identity,Successful,17:49.6,34:41.5,4.96,,1
UP007869,APP02932,Income,Failed,17:46.7,41:54.0,4.81,UPLOAD_TIMEOUT,1
UP007870,APP02932,Income,Successful,20:43.8,36:59.2,5.62,,2
UP007871,APP02932,Additional Document,Successful,30:26.9,54:51.8,5.68,,1
UP007872,APP02933,Identity,Successful,17:23.7,43:21.0,2.19,,1
UP007873,APP02933,Income,Successful,20:08.0,37:23.8,4.46,,1
UP007874,APP02933,Additional Document,Successful,18:40.9,47:59.5,7.85,,1
UP007875,APP02934,Identity,Successful,21:38.8,42:55.2,5.14,,1
UP007876,APP02934,Income,Successful,14:21.0,26:39.3,3.01,,1
UP007877,APP02934,Additional Document,Successful,24:51.2,54:57.8,7.36,,1
UP007878,APP02935,Identity,Successful,14:11.8,30:44.0,4.95,,1
UP007879,APP02935,Income,Successful,06:18.7,25:07.4,0.5,,1
UP007880,APP02935,Additional Document,Successful,24:43.6,55:55.1,8.74,,1
UP007881,APP02936,Identity,Failed,11:40.3,23:48.4,1.34,TRANSFER_ERROR,1
UP007882,APP02936,Identity,Successful,23:40.7,38:16.8,1.95,,2
UP007883,APP02936,Income,Successful,26:38.1,39:27.6,0.5,,1
UP007884,APP02936,Additional Document,Successful,31:52.7,47:08.7,5.41,,1
UP007885,APP02937,Identity,Successful,29:16.8,56:48.9,0.51,,1
UP007886,APP02937,Income,Failed,35:22.8,54:05.7,5.65,TRANSFER_ERROR,1
UP007887,APP02937,Income,Failed,36:41.0,53:33.9,3.9,UPLOAD_TIMEOUT,2
UP007888,APP02937,Income,Successful,32:07.6,02:42.2,2.08,,3
UP007889,APP02937,Additional Document,Successful,39:23.3,03:57.8,6.37,,1
UP007890,APP02938,Identity,Failed,28:43.9,55:00.5,2.78,UPLOAD_TIMEOUT,1
UP007891,APP02938,Identity,Failed,35:00.2,50:38.6,8.17,FILE_TOO_LARGE,2
UP007892,APP02938,Identity,Successful,36:21.4,56:47.2,5.68,,3
UP007893,APP02938,Income,Successful,45:41.6,53:33.6,3.3,,1
UP007894,APP02938,Additional Document,Successful,42:26.6,09:26.5,4.45,,1
UP007895,APP02939,Identity,Successful,33:13.4,57:22.4,2.6,,1
UP007896,APP02939,Income,Successful,39:12.8,00:21.0,0.5,,1
UP007897,APP02939,Additional Document,Successful,48:30.5,17:17.3,11.74,,1
UP007898,APP02940,Identity,Successful,38:09.4,50:35.6,3.81,,1
UP007899,APP02940,Income,Successful,31:32.2,42:57.1,1.79,,1
UP007900,APP02940,Additional Document,Successful,47:39.3,02:50.2,8.82,,1
UP007901,APP02941,Identity,Successful,38:20.0,56:49.9,5.37,,1
UP007902,APP02941,Income,Successful,36:07.8,51:39.3,2.55,,1
UP007903,APP02941,Additional Document,Successful,46:34.1,04:00.3,8.81,,1
UP007904,APP02942,Identity,Successful,26:30.7,45:18.7,3.67,,1
UP007905,APP02942,Income,Failed,22:02.2,43:23.2,5.3,UPLOAD_TIMEOUT,1
UP007906,APP02942,Income,Failed,30:33.5,57:18.9,5.25,TRANSFER_ERROR,2
UP007907,APP02942,Income,Successful,28:38.0,50:27.4,1.62,,3
UP007908,APP02942,Additional Document,Successful,45:33.3,12:44.0,3.5,,1
UP007909,APP02943,Identity,Successful,07:13.1,29:11.7,4.15,,1
UP007910,APP02943,Income,Failed,18:14.5,41:24.2,3.92,TRANSFER_ERROR,1
UP007911,APP02943,Income,Successful,22:29.9,47:37.2,0.76,,2
UP007912,APP02943,Additional Document,Successful,21:27.4,53:08.1,7.33,,1
UP007913,APP02944,Identity,Successful,34:25.4,49:11.9,4.61,,1
UP007914,APP02944,Income,Successful,48:25.4,07:43.6,3.65,,1
UP007915,APP02944,Additional Document,Successful,45:20.9,11:17.3,4.92,,1
UP007916,APP02945,Identity,Successful,56:24.9,22:51.0,3.4,,1
UP007917,APP02945,Income,Failed,03:21.8,18:36.6,0.5,UPLOAD_TIMEOUT,1
UP007918,APP02945,Income,Successful,03:41.0,18:13.4,1.99,,2
UP007919,APP02945,Additional Document,Successful,05:03.9,27:44.7,6.2,,1
UP007920,APP02946,Identity,Successful,17:57.1,32:00.2,5.71,,1
UP007921,APP02946,Income,Successful,27:37.8,54:12.0,4.58,,1
UP007922,APP02946,Additional Document,Successful,32:34.4,55:08.8,4.92,,1
UP007923,APP02947,Identity,Failed,11:00.5,32:39.7,0.83,UPLOAD_TIMEOUT,1
UP007924,APP02947,Identity,Successful,12:43.7,35:23.3,1.9,,2
UP007925,APP02947,Income,Successful,15:16.0,37:14.7,4.07,,1
UP007926,APP02947,Additional Document,Successful,07:48.3,41:01.6,4.3,,1
UP007927,APP02948,Identity,Successful,43:54.0,00:15.0,2.4,,1
UP007928,APP02948,Income,Successful,50:34.1,01:32.3,3.89,,1
UP007929,APP02948,Additional Document,Failed,54:44.9,17:35.2,6.86,UPLOAD_TIMEOUT,1
UP007930,APP02948,Additional Document,Successful,55:40.1,13:44.5,7.94,,2
UP007931,APP02949,Identity,Failed,58:31.6,15:15.2,5.74,UPLOAD_TIMEOUT,1
UP007932,APP02949,Identity,Successful,00:26.1,17:03.5,2.55,,2
UP007933,APP02949,Income,Successful,11:38.1,29:22.4,0.5,,1
UP007934,APP02949,Additional Document,Successful,17:32.4,41:28.2,8.29,,1
UP007935,APP02950,Identity,Successful,28:04.6,49:33.5,5.02,,1
UP007936,APP02950,Income,Successful,33:52.4,41:41.6,3.27,,1
UP007937,APP02950,Additional Document,Successful,38:24.2,54:34.1,8.21,,1
UP007938,APP02951,Identity,Failed,50:09.7,06:43.7,2.27,UPLOAD_TIMEOUT,1
UP007939,APP02951,Identity,Successful,48:18.6,13:42.5,5.44,,2
UP007940,APP02951,Income,Successful,58:07.1,08:55.7,1.94,,1
UP007941,APP02951,Additional Document,Successful,55:33.9,19:55.3,4.87,,1
UP007942,APP02952,Identity,Successful,29:42.9,56:39.4,4.43,,1
UP007943,APP02952,Income,Failed,37:43.2,01:47.7,7.03,TRANSFER_ERROR,1
UP007944,APP02952,Income,Failed,44:46.8,04:27.7,2.29,UPLOAD_TIMEOUT,2
UP007945,APP02952,Income,Successful,41:34.0,04:18.8,5.96,,3
UP007946,APP02952,Additional Document,Successful,47:40.6,15:53.2,4.1,,1
UP007947,APP02953,Identity,Successful,58:53.9,18:06.2,3.4,,1
UP007948,APP02953,Income,Successful,06:16.7,26:17.5,5.01,,1
UP007949,APP02953,Additional Document,Successful,22:54.6,50:36.8,6.71,,1
UP007950,APP02954,Identity,Successful,21:20.5,41:04.6,2.29,,1
UP007951,APP02954,Income,Successful,19:54.4,48:33.2,5.53,,1
UP007952,APP02954,Additional Document,Successful,28:37.7,07:59.9,4.5,,1
UP007953,APP02955,Identity,Successful,55:12.7,09:29.2,5.66,,1
UP007954,APP02955,Income,Successful,57:58.8,04:41.0,2.88,,1
UP007955,APP02955,Additional Document,Successful,04:03.1,34:53.0,7.1,,1
UP007956,APP02956,Identity,Successful,03:43.8,27:47.3,0.5,,1
UP007957,APP02956,Income,Failed,11:21.0,30:56.2,6.49,TRANSFER_ERROR,1
UP007958,APP02956,Income,Successful,17:24.5,38:16.3,3.77,,2
UP007959,APP02956,Additional Document,Failed,21:04.0,43:09.6,8.61,UPLOAD_TIMEOUT,1
UP007960,APP02956,Additional Document,Failed,15:39.5,43:21.4,8.18,UPLOAD_TIMEOUT,2
UP007961,APP02956,Additional Document,Successful,21:57.2,50:39.6,2.98,,3
UP007962,APP02957,Identity,Successful,53:15.4,16:20.8,2.08,,1
UP007963,APP02957,Income,Successful,03:46.1,26:22.9,3.23,,1
UP007964,APP02957,Additional Document,Successful,54:37.1,18:33.7,7.36,,1
UP007965,APP02958,Identity,Successful,14:45.5,32:39.5,5.45,,1
UP007966,APP02958,Income,Failed,26:39.8,50:54.6,5.61,TRANSFER_ERROR,1
UP007967,APP02958,Income,Failed,24:36.8,42:51.6,4.55,UPLOAD_TIMEOUT,2
UP007968,APP02958,Income,Successful,19:35.6,43:39.7,0.5,,3
UP007969,APP02958,Additional Document,Failed,35:57.0,05:16.3,8.38,UPLOAD_TIMEOUT,1
UP007970,APP02958,Additional Document,Successful,25:19.7,41:52.9,7.23,,2
UP007971,APP02959,Identity,Successful,10:25.7,25:29.4,1.98,,1
UP007972,APP02959,Income,Successful,09:36.9,45:09.7,2.57,,1
UP007973,APP02959,Additional Document,Successful,04:20.3,37:25.5,2.95,,1
UP007974,APP02960,Identity,Successful,53:47.5,17:29.8,3.97,,1
UP007975,APP02960,Income,Successful,53:03.5,16:15.4,1.11,,1
UP007976,APP02960,Additional Document,Failed,54:10.5,18:02.9,8.83,UPLOAD_TIMEOUT,1
UP007977,APP02960,Additional Document,Successful,59:40.6,35:05.5,7.72,,2
UP007978,APP02961,Identity,Successful,22:37.8,46:18.3,2.9,,1
UP007979,APP02961,Income,Successful,21:20.6,51:35.2,2.43,,1
UP007980,APP02961,Additional Document,Successful,25:15.9,00:55.8,7.4,,1
UP007981,APP02962,Identity,Successful,18:13.9,40:47.4,3.64,,1
UP007982,APP02962,Income,Successful,31:04.7,55:45.0,2.45,,1
UP007983,APP02962,Additional Document,Successful,36:16.3,05:28.0,7.57,,1
UP007984,APP02963,Identity,Successful,53:50.5,15:51.2,6.74,,1
UP007985,APP02963,Income,Failed,58:35.7,13:55.6,4.25,TRANSFER_ERROR,1
UP007986,APP02963,Income,Failed,03:30.5,20:34.9,3.73,UPLOAD_TIMEOUT,2
UP007987,APP02963,Income,Successful,08:54.3,19:08.9,2.6,,3
UP007988,APP02963,Additional Document,Successful,13:26.1,28:20.3,5.86,,1
UP007989,APP02964,Identity,Successful,03:14.3,16:48.9,4.01,,1
UP007990,APP02964,Income,Successful,02:32.7,21:08.2,3.56,,1
UP007991,APP02964,Additional Document,Failed,10:48.8,40:21.3,9.73,TRANSFER_ERROR,1
UP007992,APP02964,Additional Document,Successful,04:00.2,38:06.4,2.88,,2
UP007993,APP02965,Identity,Successful,24:57.9,38:27.5,4.45,,1
UP007994,APP02965,Income,Successful,24:00.9,44:11.5,2.33,,1
UP007995,APP02965,Additional Document,Failed,23:44.4,58:53.7,4.44,UPLOAD_TIMEOUT,1
UP007996,APP02965,Additional Document,Successful,27:32.9,53:44.3,12.64,,2
UP007997,APP02966,Identity,Successful,20:01.5,37:47.4,2.79,,1
UP007998,APP02966,Income,Successful,31:07.2,52:09.2,4.85,,1
UP007999,APP02966,Additional Document,Successful,37:40.2,01:34.6,8.58,,1
UP008000,APP02967,Identity,Successful,57:54.5,19:21.6,3.45,,1
UP008001,APP02967,Income,Successful,59:01.8,23:27.2,4.91,,1
UP008002,APP02967,Additional Document,Successful,56:37.7,31:59.1,7.36,,1
UP008003,APP02968,Identity,Failed,18:18.0,38:08.1,2.67,FILE_TOO_LARGE,1
UP008004,APP02968,Identity,Successful,32:59.8,58:25.6,4.94,,2
UP008005,APP02968,Income,Failed,28:47.3,52:17.0,2,UPLOAD_TIMEOUT,1
UP008006,APP02968,Income,Successful,34:00.5,53:40.2,4.64,,2
UP008007,APP02968,Additional Document,Successful,36:47.5,05:13.9,6.68,,1
UP008008,APP02969,Identity,Failed,00:59.1,19:53.3,6.3,TRANSFER_ERROR,1
UP008009,APP02969,Identity,Successful,01:50.4,19:48.1,1.84,,2
UP008010,APP02969,Income,Successful,04:46.3,26:43.2,3.38,,1
UP008011,APP02969,Additional Document,Successful,09:14.8,42:48.7,6.57,,1
UP008012,APP02970,Identity,Successful,41:52.2,57:42.0,4.32,,1
UP008013,APP02970,Income,Successful,49:36.7,02:52.3,2.94,,1
UP008014,APP02970,Additional Document,Successful,58:16.6,25:50.4,7.88,,1
UP008015,APP02971,Identity,Successful,03:22.6,18:45.7,4.88,,1
UP008016,APP02971,Income,Successful,05:53.0,24:44.8,5.77,,1
UP008017,APP02971,Additional Document,Successful,18:53.4,38:12.4,7.5,,1
UP008018,APP02972,Identity,Successful,40:54.7,04:06.4,2.78,,1
UP008019,APP02972,Income,Successful,40:34.8,57:42.5,1.75,,1
UP008020,APP02972,Additional Document,Successful,50:33.1,18:56.1,7.87,,1
UP008021,APP02973,Identity,Successful,37:42.5,01:22.7,4.6,,1
UP008022,APP02973,Income,Failed,38:44.6,56:41.9,0.5,TRANSFER_ERROR,1
UP008023,APP02973,Income,Failed,46:56.2,12:46.6,1.06,UPLOAD_TIMEOUT,2
UP008024,APP02973,Income,Successful,50:46.1,02:48.3,2.89,,3
UP008025,APP02973,Additional Document,Successful,48:04.7,07:56.6,7.17,,1
UP008026,APP02974,Identity,Successful,15:47.4,35:17.2,1.63,,1
UP008027,APP02974,Income,Successful,25:07.6,44:06.6,3.3,,1
UP008028,APP02974,Additional Document,Successful,22:55.9,50:44.6,7.15,,1
UP008029,APP02975,Identity,Successful,21:03.4,35:42.2,6.4,,1
UP008030,APP02975,Income,Successful,32:24.0,45:34.3,2.5,,1
UP008031,APP02975,Additional Document,Successful,22:15.2,49:15.5,5.2,,1
UP008032,APP02976,Identity,Successful,25:21.3,48:17.0,2.45,,1
UP008033,APP02976,Income,Successful,31:12.1,55:18.3,3.34,,1
UP008034,APP02976,Additional Document,Successful,36:36.7,59:54.2,5.83,,1
UP008035,APP02977,Identity,Successful,39:58.5,03:28.9,4.64,,1
UP008036,APP02977,Income,Successful,49:40.5,09:23.9,2.5,,1
UP008037,APP02977,Additional Document,Successful,47:40.0,14:14.4,7.56,,1
UP008038,APP02978,Identity,Failed,27:15.4,35:56.3,5.2,UPLOAD_TIMEOUT,1
UP008039,APP02978,Identity,Successful,19:12.2,37:21.4,4.29,,2
UP008040,APP02978,Income,Successful,25:42.0,46:51.2,2.31,,1
UP008041,APP02978,Additional Document,Successful,33:54.5,01:27.3,5.78,,1
UP008042,APP02979,Identity,Successful,49:12.1,17:26.3,5.18,,1
UP008043,APP02979,Income,Successful,03:25.3,22:23.5,1.77,,1
UP008044,APP02979,Additional Document,Successful,06:13.5,36:06.9,12.57,,1
UP008045,APP02980,Identity,Successful,32:34.9,58:14.8,5.98,,1
UP008046,APP02980,Income,Successful,30:40.8,40:55.9,4.57,,1
UP008047,APP02980,Additional Document,Successful,34:44.8,58:29.7,9.46,,1
UP008048,APP02981,Identity,Successful,52:06.0,07:29.6,1.62,,1
UP008049,APP02981,Income,Successful,05:23.7,25:26.3,7.34,,1
UP008050,APP02981,Additional Document,Successful,02:45.5,10:20.7,9.07,,1
UP008051,APP02982,Identity,Successful,24:13.0,46:16.1,0.64,,1
UP008052,APP02982,Income,Successful,20:55.9,42:53.8,5.39,,1
UP008053,APP02982,Additional Document,Failed,24:47.9,56:36.8,7.5,UPLOAD_TIMEOUT,1
UP008054,APP02982,Additional Document,Successful,23:54.9,50:10.3,4.42,,2
UP008055,APP02983,Identity,Successful,02:35.5,22:29.9,6.35,,1
UP008056,APP02983,Income,Failed,09:11.6,24:15.7,1.23,FILE_TOO_LARGE,1
UP008057,APP02983,Income,Failed,12:20.5,29:54.4,4.75,UPLOAD_TIMEOUT,2
UP008058,APP02983,Income,Successful,04:40.5,25:48.2,1.19,,3
UP008059,APP02983,Additional Document,Successful,22:56.0,45:32.3,6.25,,1
UP008060,APP02984,Identity,Failed,09:13.7,21:20.1,4.39,UPLOAD_TIMEOUT,1
UP008061,APP02984,Identity,Failed,13:15.7,26:41.4,3.63,UPLOAD_TIMEOUT,2
UP008062,APP02984,Identity,Successful,04:33.1,30:23.5,3.5,,3
UP008063,APP02984,Income,Successful,19:13.7,31:17.2,6.23,,1
UP008064,APP02984,Additional Document,Successful,23:02.0,49:09.2,4.94,,1
UP008065,APP02985,Identity,Successful,44:12.7,01:09.7,2.83,,1
UP008066,APP02985,Income,Successful,05:00.3,18:13.1,8.16,,1
UP008067,APP02985,Additional Document,Successful,52:17.4,20:17.0,7.95,,1
UP008068,APP02986,Identity,Successful,29:31.6,49:46.3,5.46,,1
UP008069,APP02986,Income,Failed,36:34.1,04:13.5,1.91,TRANSFER_ERROR,1
UP008070,APP02986,Income,Successful,45:04.4,04:17.1,6.36,,2
UP008071,APP02986,Additional Document,Successful,37:27.3,05:23.2,8.76,,1
UP008072,APP02987,Identity,Successful,05:19.0,19:48.3,2.02,,1
UP008073,APP02987,Income,Successful,05:04.8,15:50.2,0.5,,1
UP008074,APP02987,Additional Document,Successful,22:21.6,48:43.6,3.96,,1
UP008075,APP02988,Identity,Successful,52:24.4,28:29.4,2.5,,1
UP008076,APP02988,Income,Failed,55:24.0,11:31.5,6.1,FILE_TOO_LARGE,1
UP008077,APP02988,Income,Successful,50:04.3,08:26.5,2.63,,2
UP008078,APP02988,Additional Document,Failed,02:33.3,37:43.3,4.94,FILE_TOO_LARGE,1
UP008079,APP02988,Additional Document,Successful,58:19.1,22:00.8,7.93,,2
UP008080,APP02989,Identity,Successful,15:19.1,46:51.3,5.72,,1
UP008081,APP02989,Income,Successful,22:13.3,33:27.8,4.79,,1
UP008082,APP02989,Additional Document,Successful,28:10.4,46:49.7,6.43,,1
UP008083,APP02990,Identity,Successful,14:47.8,37:33.1,5.33,,1
UP008084,APP02990,Income,Successful,28:54.9,56:38.3,3.85,,1
UP008085,APP02990,Additional Document,Failed,24:11.0,44:54.7,5.8,UPLOAD_TIMEOUT,1
UP008086,APP02990,Additional Document,Failed,33:03.9,52:23.0,5.98,UPLOAD_TIMEOUT,2
UP008087,APP02990,Additional Document,Successful,31:26.0,49:47.1,5.1,,3
UP008088,APP02991,Identity,Successful,16:27.3,32:37.0,0.62,,1
UP008089,APP02991,Income,Successful,11:15.0,24:12.9,4.91,,1
UP008090,APP02991,Additional Document,Failed,13:13.2,39:27.6,7.67,TRANSFER_ERROR,1
UP008091,APP02991,Additional Document,Successful,22:20.8,53:05.0,6.24,,2
UP008092,APP02992,Identity,Failed,33:14.8,44:34.5,5.29,FILE_TOO_LARGE,1
UP008093,APP02992,Identity,Successful,36:28.8,56:35.3,2.28,,2
UP008094,APP02992,Income,Successful,42:39.6,00:07.5,2.61,,1
UP008095,APP02992,Additional Document,Failed,47:33.2,06:38.8,6.4,UPLOAD_TIMEOUT,1
UP008096,APP02992,Additional Document,Failed,45:03.6,09:12.8,4.12,UPLOAD_TIMEOUT,2
UP008097,APP02992,Additional Document,Successful,35:25.3,52:22.9,7.71,,3
UP008098,APP02993,Identity,Successful,02:04.0,22:39.8,2.27,,1
UP008099,APP02993,Income,Successful,08:32.0,24:31.8,0.5,,1
UP008100,APP02993,Additional Document,Successful,14:59.3,34:44.3,8.19,,1
UP008101,APP02994,Identity,Successful,31:36.0,55:23.6,2.76,,1
UP008102,APP02994,Income,Successful,47:39.3,10:25.9,5.1,,1
UP008103,APP02994,Additional Document,Successful,47:59.4,24:59.3,10.33,,1
UP008104,APP02995,Identity,Successful,03:57.0,25:53.1,5.18,,1
UP008105,APP02995,Income,Failed,06:33.8,32:57.0,4.69,UPLOAD_TIMEOUT,1
UP008106,APP02995,Income,Failed,16:41.6,37:25.0,5.92,UPLOAD_TIMEOUT,2
UP008107,APP02995,Income,Successful,11:49.8,28:20.9,4.55,,3
UP008108,APP02995,Additional Document,Successful,23:56.7,49:05.5,7.07,,1
UP008109,APP02996,Identity,Successful,33:29.3,54:23.5,5.65,,1
UP008110,APP02996,Income,Successful,33:02.1,51:50.6,0.5,,1
UP008111,APP02996,Additional Document,Successful,52:04.7,19:45.3,8.58,,1
UP008112,APP02997,Identity,Successful,32:56.7,53:43.5,1.24,,1
UP008113,APP02997,Income,Successful,37:31.6,51:04.5,5.29,,1
UP008114,APP02997,Additional Document,Successful,33:52.6,54:23.7,6.39,,1
UP008115,APP02998,Identity,Successful,49:14.4,06:25.8,3.91,,1
UP008116,APP02998,Income,Successful,57:26.8,17:20.2,4.61,,1
UP008117,APP02998,Additional Document,Successful,57:12.7,23:46.5,5.25,,1
UP008118,APP02999,Identity,Successful,32:08.8,51:22.3,5.91,,1
UP008119,APP02999,Income,Successful,33:22.2,57:42.9,2.2,,1
UP008120,APP02999,Additional Document,Successful,35:21.7,01:04.9,6.98,,1
UP008121,APP03000,Identity,Successful,30:56.3,48:14.5,1.94,,1
UP008122,APP03000,Income,Failed,37:03.5,02:30.4,2.6,UPLOAD_TIMEOUT,1
UP008123,APP03000,Income,Successful,35:37.9,01:26.4,2.14,,2
UP008124,APP03000,Additional Document,Failed,41:11.8,11:32.4,4.95,TRANSFER_ERROR,1
UP008125,APP03000,Additional Document,Successful,28:59.6,02:37.3,7.86,,2
UP008126,APP03001,Identity,Successful,58:54.8,16:47.4,4.4,,1
UP008127,APP03001,Income,Successful,02:02.9,22:27.0,4.94,,1
UP008128,APP03001,Additional Document,Successful,04:32.2,37:24.4,6.76,,1
UP008129,APP03002,Identity,Successful,20:38.4,47:42.7,3.82,,1
UP008130,APP03002,Income,Successful,32:15.9,55:15.7,4.9,,1
UP008131,APP03002,Additional Document,Failed,26:07.9,55:19.8,6.53,UPLOAD_TIMEOUT,1
UP008132,APP03002,Additional Document,Failed,28:53.6,48:53.2,9.63,UPLOAD_TIMEOUT,2
UP008133,APP03002,Additional Document,Successful,27:45.8,51:06.6,8.38,,3
UP008134,APP03003,Identity,Successful,51:01.9,05:41.2,5.77,,1
UP008135,APP03003,Income,Successful,47:58.3,03:31.6,2.44,,1
UP008136,APP03003,Additional Document,Successful,05:05.7,30:46.0,7.43,,1
UP008137,APP03004,Identity,Successful,27:56.2,43:49.8,3.85,,1
UP008138,APP03004,Income,Successful,34:45.3,59:29.5,6.64,,1
UP008139,APP03004,Additional Document,Failed,36:17.2,06:41.9,6.62,FILE_TOO_LARGE,1
UP008140,APP03004,Additional Document,Failed,38:33.5,02:30.1,3.07,FILE_TOO_LARGE,2
UP008141,APP03004,Additional Document,Successful,29:49.3,01:38.0,5.42,,3
UP008142,APP03005,Identity,Successful,10:24.6,36:05.5,5.93,,1
UP008143,APP03005,Income,Failed,23:25.0,42:32.9,2.72,TRANSFER_ERROR,1
UP008144,APP03005,Income,Failed,13:57.2,31:55.8,8.29,FILE_TOO_LARGE,2
UP008145,APP03005,Income,Successful,13:42.5,34:39.6,1.12,,3
UP008146,APP03005,Additional Document,Successful,29:06.6,02:22.7,10.63,,1
UP008147,APP03006,Identity,Successful,54:36.1,06:07.7,3.59,,1
UP008148,APP03006,Income,Successful,58:07.3,18:43.3,3.82,,1
UP008149,APP03006,Additional Document,Successful,59:16.3,14:11.6,8.87,,1
UP008150,APP03007,Identity,Successful,18:29.8,26:55.3,0.68,,1
UP008151,APP03007,Income,Successful,25:50.9,42:09.6,5.13,,1
UP008152,APP03007,Additional Document,Successful,25:10.9,49:20.3,7.9,,1
UP008153,APP03008,Identity,Successful,16:32.8,35:38.2,3.61,,1
UP008154,APP03008,Income,Successful,25:15.1,03:47.7,4.02,,1
UP008155,APP03008,Additional Document,Failed,24:25.2,54:59.5,5.83,UPLOAD_TIMEOUT,1
UP008156,APP03008,Additional Document,Successful,30:45.5,46:50.4,4.74,,2
UP008157,APP03009,Identity,Successful,45:24.4,09:01.4,0.5,,1
UP008158,APP03009,Income,Failed,51:08.5,15:29.3,4.21,UPLOAD_TIMEOUT,1
UP008159,APP03009,Income,Successful,43:14.1,56:38.1,6.38,,2
UP008160,APP03009,Additional Document,Successful,57:01.9,31:50.6,9.11,,1
UP008161,APP03010,Identity,Successful,57:12.8,13:12.4,3.64,,1
UP008162,APP03010,Income,Successful,03:41.9,19:16.6,2.18,,1
UP008163,APP03010,Additional Document,Successful,16:03.2,44:27.5,6.83,,1
UP008164,APP03011,Identity,Successful,52:56.9,05:24.0,3.93,,1
UP008165,APP03011,Income,Successful,55:12.7,09:52.1,2.11,,1
UP008166,APP03011,Additional Document,Successful,02:59.4,30:44.4,3.42,,1
UP008167,APP03012,Identity,Successful,23:23.4,34:49.7,3.46,,1
UP008168,APP03012,Income,Successful,49:17.4,01:25.2,4.97,,1
UP008169,APP03012,Additional Document,Successful,37:43.3,58:46.6,6.87,,1
UP008170,APP03013,Identity,Successful,49:31.3,01:17.0,6.4,,1
UP008171,APP03013,Income,Successful,51:46.0,09:43.0,1.36,,1
UP008172,APP03013,Additional Document,Successful,01:45.8,16:40.2,9.13,,1
UP008173,APP03014,Identity,Successful,48:18.1,04:45.0,2.17,,1
UP008174,APP03014,Income,Successful,51:50.5,04:28.3,3.14,,1
UP008175,APP03014,Additional Document,Successful,02:13.5,24:18.3,8.83,,1
UP008176,APP03015,Identity,Successful,07:53.3,27:50.9,3.49,,1
UP008177,APP03015,Income,Successful,17:07.5,34:16.7,2.82,,1
UP008178,APP03015,Additional Document,Successful,16:44.9,36:40.1,6.93,,1
UP008179,APP03016,Identity,Successful,15:43.1,32:24.8,0.5,,1
UP008180,APP03016,Income,Successful,27:32.1,48:18.5,4.39,,1
UP008181,APP03016,Additional Document,Successful,32:27.2,06:03.8,6.68,,1
UP008182,APP03017,Identity,Successful,08:22.7,19:16.7,2.62,,1
UP008183,APP03017,Income,Successful,45:18.3,06:36.0,4.38,,1
UP008184,APP03017,Additional Document,Successful,06:53.5,26:26.5,6.17,,1
UP008185,APP03018,Identity,Failed,49:15.6,11:14.1,0.69,UPLOAD_TIMEOUT,1
UP008186,APP03018,Identity,Successful,39:22.9,50:26.8,5.71,,2
UP008187,APP03018,Income,Successful,53:37.1,12:38.5,4.97,,1
UP008188,APP03018,Additional Document,Failed,54:12.1,28:27.4,5.05,UPLOAD_TIMEOUT,1
UP008189,APP03018,Additional Document,Failed,00:37.2,34:12.6,6.99,UPLOAD_TIMEOUT,2
UP008190,APP03018,Additional Document,Successful,01:52.3,36:56.9,8,,3
UP008191,APP03019,Identity,Successful,07:00.6,23:02.4,5.45,,1
UP008192,APP03019,Income,Successful,10:47.1,14:37.7,1.11,,1
UP008193,APP03019,Additional Document,Failed,14:52.7,44:07.4,7.94,FILE_TOO_LARGE,1
UP008194,APP03019,Additional Document,Failed,17:52.2,49:58.8,7.81,TRANSFER_ERROR,2
UP008195,APP03019,Additional Document,Successful,11:27.2,30:36.6,6.12,,3
UP008196,APP03020,Identity,Successful,25:49.7,43:23.3,4.48,,1
UP008197,APP03020,Income,Successful,08:21.2,15:39.9,2.61,,1
UP008198,APP03020,Additional Document,Failed,15:59.0,39:43.9,3.84,TRANSFER_ERROR,1
UP008199,APP03020,Additional Document,Failed,27:00.3,56:52.0,9.29,UPLOAD_TIMEOUT,2
UP008200,APP03020,Additional Document,Successful,24:57.0,42:52.9,7.51,,3
UP008201,APP03021,Identity,Successful,55:14.4,08:25.4,1.42,,1
UP008202,APP03021,Income,Successful,09:26.5,15:47.3,2.1,,1
UP008203,APP03021,Additional Document,Successful,11:30.5,33:41.8,9.23,,1
UP008204,APP03022,Identity,Successful,18:20.4,27:38.3,0.5,,1
UP008205,APP03022,Income,Successful,25:00.1,31:28.2,4.18,,1
UP008206,APP03022,Additional Document,Successful,35:26.3,52:26.6,5.98,,1
UP008207,APP03023,Identity,Successful,15:22.5,25:28.5,0.52,,1
UP008208,APP03023,Income,Failed,23:06.5,41:49.1,0.5,TRANSFER_ERROR,1
UP008209,APP03023,Income,Successful,20:43.5,40:43.6,1.42,,2
UP008210,APP03023,Additional Document,Successful,23:21.9,40:02.1,6.77,,1
UP008211,APP03024,Identity,Successful,23:00.8,47:59.9,3.87,,1
UP008212,APP03024,Income,Successful,27:12.6,40:22.4,5.04,,1
UP008213,APP03024,Additional Document,Successful,29:41.5,47:32.5,6.27,,1
UP008214,APP03025,Identity,Successful,38:50.5,03:56.0,3.58,,1
UP008215,APP03025,Income,Failed,48:48.3,14:04.8,3.55,FILE_TOO_LARGE,1
UP008216,APP03025,Income,Failed,46:31.2,03:24.6,0.5,UPLOAD_TIMEOUT,2
UP008217,APP03025,Income,Successful,49:23.1,02:31.6,6.04,,3
UP008218,APP03025,Additional Document,Successful,57:54.3,25:18.0,9.54,,1
UP008219,APP03026,Identity,Successful,16:17.3,41:57.4,5.65,,1
UP008220,APP03026,Income,Successful,22:44.3,42:34.9,1.98,,1
UP008221,APP03026,Additional Document,Successful,25:58.6,45:07.3,5.09,,1
UP008222,APP03027,Identity,Successful,30:09.7,50:56.9,2.94,,1
UP008223,APP03027,Income,Failed,34:26.1,46:50.1,3.68,FILE_TOO_LARGE,1
UP008224,APP03027,Income,Successful,23:58.3,38:57.0,4.5,,2
UP008225,APP03027,Additional Document,Successful,38:54.7,01:15.4,10.08,,1
UP008226,APP03028,Identity,Successful,02:35.1,10:30.9,0.5,,1
UP008227,APP03028,Income,Successful,14:59.6,35:25.5,3.01,,1
UP008228,APP03028,Additional Document,Successful,11:44.8,36:25.0,6.48,,1
UP008229,APP03029,Identity,Successful,57:17.0,12:30.5,1.9,,1
UP008230,APP03029,Income,Successful,57:21.7,26:14.6,3.85,,1
UP008231,APP03029,Additional Document,Successful,01:41.2,31:55.7,5.78,,1
UP008232,APP03030,Identity,Successful,40:37.1,56:39.9,1.1,,1
UP008233,APP03030,Income,Successful,52:55.6,19:02.5,0.82,,1
UP008234,APP03030,Additional Document,Failed,49:11.6,19:29.3,3.74,TRANSFER_ERROR,1
UP008235,APP03030,Additional Document,Successful,44:01.1,09:39.9,5.41,,2
UP008236,APP03031,Identity,Failed,14:22.8,33:05.7,3.11,TRANSFER_ERROR,1
UP008237,APP03031,Identity,Successful,23:46.2,40:24.5,2.65,,2
UP008238,APP03031,Income,Successful,33:16.3,44:58.9,4.08,,1
UP008239,APP03031,Additional Document,Successful,30:43.5,49:41.7,5.94,,1
UP008240,APP03032,Identity,Successful,12:52.8,35:30.5,6.54,,1
UP008241,APP03032,Income,Successful,17:24.4,40:14.9,2.62,,1
UP008242,APP03032,Additional Document,Successful,14:53.9,30:52.7,7.39,,1
UP008243,APP03033,Identity,Successful,59:17.2,17:34.6,1.88,,1
UP008244,APP03033,Income,Successful,59:35.8,11:23.7,1.94,,1
UP008245,APP03033,Additional Document,Failed,11:03.4,35:43.3,3.76,UPLOAD_TIMEOUT,1
UP008246,APP03033,Additional Document,Successful,09:48.1,28:44.0,6.37,,2
UP008247,APP03034,Identity,Successful,10:55.1,26:46.4,2.23,,1
UP008248,APP03034,Income,Successful,12:18.1,19:43.5,4.04,,1
UP008249,APP03034,Additional Document,Successful,15:42.6,28:06.5,3.41,,1
UP008250,APP03035,Identity,Successful,51:02.6,57:45.6,4.64,,1
UP008251,APP03035,Income,Successful,09:09.7,22:59.6,3.33,,1
UP008252,APP03035,Additional Document,Successful,19:49.4,44:52.5,8.5,,1
UP008253,APP03036,Identity,Successful,43:05.1,11:04.3,1.11,,1
UP008254,APP03036,Income,Successful,42:39.9,58:59.6,2.17,,1
UP008255,APP03036,Additional Document,Failed,45:00.6,17:58.7,6.1,UPLOAD_TIMEOUT,1
UP008256,APP03036,Additional Document,Successful,53:09.8,12:23.5,7.67,,2
UP008257,APP03037,Identity,Successful,48:43.0,02:40.9,3.37,,1
UP008258,APP03037,Income,Successful,59:59.3,21:11.8,4.28,,1
UP008259,APP03037,Additional Document,Failed,02:24.1,42:20.9,7.62,UPLOAD_TIMEOUT,1
UP008260,APP03037,Additional Document,Successful,03:59.0,38:10.5,5.98,,2
UP008261,APP03038,Identity,Successful,00:20.8,20:34.7,3.22,,1
UP008262,APP03038,Income,Successful,22:20.3,38:34.3,2.04,,1
UP008263,APP03038,Additional Document,Successful,16:04.1,41:22.3,8.16,,1
UP008264,APP03039,Identity,Successful,55:19.8,08:44.4,1.11,,1
UP008265,APP03039,Income,Successful,58:46.2,15:17.2,4.46,,1
UP008266,APP03039,Additional Document,Successful,09:30.2,23:56.7,6.09,,1
UP008267,APP03040,Identity,Successful,22:37.1,46:56.9,3.35,,1
UP008268,APP03040,Income,Failed,13:21.9,27:18.9,4.46,TRANSFER_ERROR,1
UP008269,APP03040,Income,Successful,23:52.9,31:26.2,2.74,,2
UP008270,APP03040,Additional Document,Successful,29:12.4,45:06.7,5.48,,1
UP008271,APP03041,Identity,Successful,50:05.7,08:29.2,2.33,,1
UP008272,APP03041,Income,Successful,59:33.4,15:54.2,3.37,,1
UP008273,APP03041,Additional Document,Failed,07:05.2,25:12.0,6.56,FILE_TOO_LARGE,1
UP008274,APP03041,Additional Document,Successful,04:53.2,21:52.5,9.54,,2
UP008275,APP03042,Identity,Successful,46:46.5,05:44.1,4.54,,1
UP008276,APP03042,Income,Successful,03:57.8,15:30.0,6.86,,1
UP008277,APP03042,Additional Document,Failed,07:23.9,25:41.1,6.76,TRANSFER_ERROR,1
UP008278,APP03042,Additional Document,Successful,01:23.0,24:54.4,9.38,,2
UP008279,APP03043,Identity,Failed,48:55.9,05:20.4,0.5,UPLOAD_TIMEOUT,1
UP008280,APP03043,Identity,Successful,46:27.7,06:58.9,5.67,,2
UP008281,APP03043,Income,Successful,46:57.5,06:47.5,4.84,,1
UP008282,APP03043,Additional Document,Successful,01:20.9,15:34.3,5.9,,1
UP008283,APP03044,Identity,Successful,52:20.2,13:21.9,7.59,,1
UP008284,APP03044,Income,Successful,50:55.1,11:26.0,7.31,,1
UP008285,APP03044,Additional Document,Successful,55:31.1,20:44.3,7.07,,1
UP008286,APP03045,Identity,Successful,39:07.7,57:04.9,3.13,,1
UP008287,APP03045,Income,Failed,48:36.4,09:22.3,3.1,FILE_TOO_LARGE,1
UP008288,APP03045,Income,Failed,44:04.3,05:16.1,0.91,UPLOAD_TIMEOUT,2
UP008289,APP03045,Income,Successful,50:45.1,11:03.2,2.42,,3
UP008290,APP03045,Additional Document,Successful,01:05.5,27:42.3,7.83,,1
UP008291,APP03046,Identity,Successful,57:31.0,17:03.6,1.88,,1
UP008292,APP03046,Income,Successful,56:06.4,20:34.2,5.66,,1
UP008293,APP03046,Additional Document,Successful,04:44.2,25:46.4,6.4,,1
UP008294,APP03047,Identity,Successful,08:33.1,14:37.3,2.85,,1
UP008295,APP03047,Income,Successful,08:02.9,25:25.9,1.52,,1
UP008296,APP03047,Additional Document,Failed,28:55.3,50:41.0,4.47,FILE_TOO_LARGE,1
UP008297,APP03047,Additional Document,Failed,23:55.8,00:21.9,4.81,FILE_TOO_LARGE,2
UP008298,APP03047,Additional Document,Successful,20:46.4,55:56.9,8.2,,3
UP008299,APP03048,Identity,Successful,07:52.8,28:47.9,4.28,,1
UP008300,APP03048,Income,Successful,20:37.0,54:23.8,2.56,,1
UP008301,APP03048,Additional Document,Successful,20:25.9,48:02.5,7.79,,1
UP008302,APP03049,Identity,Successful,34:23.6,49:52.9,2.43,,1
UP008303,APP03049,Income,Successful,50:07.2,07:03.8,2.91,,1
UP008304,APP03049,Additional Document,Failed,53:30.4,13:25.1,7.68,TRANSFER_ERROR,1
UP008305,APP03049,Additional Document,Successful,52:44.4,14:16.3,5.71,,2
UP008306,APP03050,Identity,Successful,52:38.6,14:33.5,5.26,,1
UP008307,APP03050,Income,Failed,05:15.0,23:44.0,7.79,UPLOAD_TIMEOUT,1
UP008308,APP03050,Income,Successful,08:40.8,22:55.3,5.34,,2
UP008309,APP03050,Additional Document,Successful,08:53.4,30:26.6,5.81,,1
UP008310,APP03051,Identity,Failed,10:40.4,26:05.5,0.5,UPLOAD_TIMEOUT,1
UP008311,APP03051,Identity,Successful,12:09.4,36:40.9,6.86,,2
UP008312,APP03051,Income,Successful,18:25.8,41:51.3,2.98,,1
UP008313,APP03051,Additional Document,Successful,19:45.9,44:05.2,9.79,,1
UP008314,APP03052,Identity,Successful,56:06.6,17:05.4,1,,1
UP008315,APP03052,Income,Failed,06:18.6,35:31.6,2.1,UPLOAD_TIMEOUT,1
UP008316,APP03052,Income,Successful,07:06.7,19:57.4,3.03,,2
UP008317,APP03052,Additional Document,Successful,16:51.8,46:13.2,5.18,,1
UP008318,APP03053,Identity,Successful,16:25.5,30:21.7,0.5,,1
UP008319,APP03053,Income,Successful,14:03.5,21:33.2,1.59,,1
UP008320,APP03053,Additional Document,Successful,24:09.8,49:43.4,5.4,,1
UP008321,APP03054,Identity,Successful,21:26.5,35:38.6,3.24,,1
UP008322,APP03054,Income,Successful,24:15.3,37:03.8,4.33,,1
UP008323,APP03054,Additional Document,Failed,21:52.6,41:28.5,5.93,UPLOAD_TIMEOUT,1
UP008324,APP03054,Additional Document,Successful,30:41.5,52:42.5,6.11,,2
UP008325,APP03055,Identity,Successful,43:41.8,54:26.1,5.5,,1
UP008326,APP03055,Income,Successful,46:04.1,10:36.6,2.2,,1
UP008327,APP03055,Additional Document,Successful,54:16.4,12:04.4,5.03,,1
UP008328,APP03056,Identity,Successful,50:42.5,58:13.8,2.37,,1
UP008329,APP03056,Income,Successful,55:20.0,11:04.0,8,,1
UP008330,APP03056,Additional Document,Successful,05:28.4,33:00.7,6.05,,1
UP008331,APP03057,Identity,Successful,03:08.5,25:10.5,4.8,,1
UP008332,APP03057,Income,Successful,10:01.3,29:51.9,4.49,,1
UP008333,APP03057,Additional Document,Failed,30:04.0,58:25.0,8.64,UPLOAD_TIMEOUT,1
UP008334,APP03057,Additional Document,Failed,19:55.1,52:20.0,6.12,UPLOAD_TIMEOUT,2
UP008335,APP03057,Additional Document,Successful,21:10.4,44:38.1,7.98,,3
UP008336,APP03058,Identity,Successful,25:39.5,52:00.5,2.95,,1
UP008337,APP03058,Income,Successful,31:56.5,47:04.1,3.55,,1
UP008338,APP03058,Additional Document,Failed,34:19.3,03:27.5,8.57,UPLOAD_TIMEOUT,1
UP008339,APP03058,Additional Document,Failed,32:08.0,59:29.3,5.14,UPLOAD_TIMEOUT,2
UP008340,APP03058,Additional Document,Successful,35:33.5,11:31.7,7.09,,3
UP008341,APP03059,Identity,Successful,13:04.8,22:48.1,2.85,,1
UP008342,APP03059,Income,Failed,31:59.3,48:05.1,2.9,UPLOAD_TIMEOUT,1
UP008343,APP03059,Income,Successful,13:25.1,35:09.5,3.38,,2
UP008344,APP03059,Additional Document,Successful,26:18.9,49:13.7,7.62,,1
UP008345,APP03060,Identity,Successful,54:43.3,14:04.5,3.42,,1
UP008346,APP03060,Income,Successful,56:03.7,59:51.3,5.05,,1
UP008347,APP03060,Additional Document,Successful,47:38.6,07:47.6,6.29,,1
UP008348,APP03061,Identity,Successful,09:25.0,24:38.2,3.35,,1
UP008349,APP03061,Income,Failed,22:40.4,39:12.0,4.37,UPLOAD_TIMEOUT,1
UP008350,APP03061,Income,Successful,18:51.2,40:50.1,0.53,,2
UP008351,APP03061,Additional Document,Successful,21:25.2,51:20.8,5.63,,1
UP008352,APP03062,Identity,Successful,28:09.4,45:07.9,5.08,,1
UP008353,APP03062,Income,Failed,24:31.1,34:13.7,5.25,UPLOAD_TIMEOUT,1
UP008354,APP03062,Income,Failed,32:00.1,53:48.5,1.24,UPLOAD_TIMEOUT,2
UP008355,APP03062,Income,Successful,26:22.2,44:12.8,3.76,,3
UP008356,APP03062,Additional Document,Successful,31:13.5,56:27.7,9.07,,1
UP008357,APP03063,Identity,Successful,16:15.6,34:54.2,3.74,,1
UP008358,APP03063,Income,Successful,28:26.9,52:18.5,3.65,,1
UP008359,APP03063,Additional Document,Failed,31:40.1,06:09.3,5.65,UPLOAD_TIMEOUT,1
UP008360,APP03063,Additional Document,Failed,31:28.4,57:24.8,7.72,UPLOAD_TIMEOUT,2
UP008361,APP03063,Additional Document,Successful,34:50.8,01:22.0,6.11,,3
UP008362,APP03064,Identity,Successful,59:06.7,06:08.0,4.49,,1
UP008363,APP03064,Income,Successful,59:00.3,15:52.1,5.25,,1
UP008364,APP03064,Additional Document,Successful,00:59.9,25:34.4,7.32,,1
UP008365,APP03065,Identity,Successful,07:44.7,29:07.0,2.97,,1
UP008366,APP03065,Income,Failed,17:36.4,39:38.4,6.77,TRANSFER_ERROR,1
UP008367,APP03065,Income,Successful,10:08.6,28:14.8,4.83,,2
UP008368,APP03065,Additional Document,Failed,23:39.9,52:09.7,4.71,UPLOAD_TIMEOUT,1
UP008369,APP03065,Additional Document,Successful,21:35.9,52:07.9,3.36,,2
UP008370,APP03066,Identity,Successful,38:27.1,01:00.3,0.93,,1
UP008371,APP03066,Income,Successful,52:05.2,28:15.1,3.43,,1
UP008372,APP03066,Additional Document,Successful,48:50.9,18:54.0,6.39,,1
UP008373,APP03067,Identity,Successful,48:29.8,07:17.6,3.11,,1
UP008374,APP03067,Income,Successful,59:42.3,24:27.4,2.5,,1
UP008375,APP03067,Additional Document,Successful,53:35.8,20:06.5,9.68,,1
UP008376,APP03068,Identity,Failed,26:49.8,42:36.5,3.01,UPLOAD_TIMEOUT,1
UP008377,APP03068,Identity,Successful,22:50.5,47:28.9,2.29,,2
UP008378,APP03068,Income,Failed,29:53.6,52:20.6,1.95,UPLOAD_TIMEOUT,1
UP008379,APP03068,Income,Successful,31:30.5,49:12.2,1.11,,2
UP008380,APP03068,Additional Document,Failed,41:32.8,00:46.1,6.36,UPLOAD_TIMEOUT,1
UP008381,APP03068,Additional Document,Successful,34:32.7,03:36.3,5.93,,2
UP008382,APP03069,Identity,Successful,18:48.1,41:27.2,0.5,,1
UP008383,APP03069,Income,Successful,14:48.0,35:21.9,5.77,,1
UP008384,APP03069,Additional Document,Failed,19:18.5,42:59.4,6.37,UPLOAD_TIMEOUT,1
UP008385,APP03069,Additional Document,Successful,24:39.3,03:40.2,7.1,,2
UP008386,APP03070,Identity,Successful,52:32.8,22:01.6,3.04,,1
UP008387,APP03070,Income,Successful,45:56.5,01:33.7,2.36,,1
UP008388,APP03070,Additional Document,Successful,53:33.6,28:50.7,5.54,,1
UP008389,APP03071,Identity,Successful,59:35.4,08:34.7,5.15,,1
UP008390,APP03071,Income,Successful,09:51.2,26:10.1,7.35,,1
UP008391,APP03071,Additional Document,Successful,09:50.0,28:24.5,5.79,,1
UP008392,APP03072,Identity,Successful,30:13.6,54:54.5,4.47,,1
UP008393,APP03072,Income,Successful,27:06.6,48:38.6,7.59,,1
UP008394,APP03072,Additional Document,Failed,36:21.1,05:23.0,10,UPLOAD_TIMEOUT,1
UP008395,APP03072,Additional Document,Failed,31:46.9,03:08.3,4.36,UPLOAD_TIMEOUT,2
UP008396,APP03072,Additional Document,Successful,38:46.1,08:27.1,9.55,,3
UP008397,APP03073,Identity,Successful,30:26.1,52:40.3,1.73,,1
UP008398,APP03073,Income,Successful,22:57.0,48:47.5,2.56,,1
UP008399,APP03073,Additional Document,Successful,32:57.0,54:36.5,6.57,,1
UP008400,APP03074,Identity,Successful,10:38.8,26:55.5,1.07,,1
UP008401,APP03074,Income,Successful,27:38.8,38:22.3,2.07,,1
UP008402,APP03074,Additional Document,Failed,30:58.1,55:55.0,4.99,TRANSFER_ERROR,1
UP008403,APP03074,Additional Document,Successful,42:37.8,07:02.5,8.1,,2
UP008404,APP03075,Identity,Successful,52:42.4,11:44.9,4.54,,1
UP008405,APP03075,Income,Successful,48:21.6,04:25.5,2.97,,1
UP008406,APP03075,Additional Document,Failed,48:46.5,14:31.2,7.1,UPLOAD_TIMEOUT,1
UP008407,APP03075,Additional Document,Successful,45:06.4,10:02.3,6.93,,2
UP008408,APP03076,Identity,Successful,18:26.2,34:53.1,2.01,,1
UP008409,APP03076,Income,Successful,31:38.8,57:56.0,1.83,,1
UP008410,APP03076,Additional Document,Successful,31:28.6,57:17.4,4.74,,1
UP008411,APP03077,Identity,Successful,31:17.6,53:55.2,2.83,,1
UP008412,APP03077,Income,Successful,36:40.4,58:00.1,4.28,,1
UP008413,APP03077,Additional Document,Successful,49:32.4,13:15.0,6.32,,1
UP008414,APP03078,Identity,Successful,02:07.9,15:33.1,2.9,,1
UP008415,APP03078,Income,Successful,05:58.3,24:21.8,2.35,,1
UP008416,APP03078,Additional Document,Failed,19:31.2,42:51.1,8.97,UPLOAD_TIMEOUT,1
UP008417,APP03078,Additional Document,Failed,17:40.8,40:53.9,6.42,UPLOAD_TIMEOUT,2
UP008418,APP03078,Additional Document,Successful,25:51.3,49:19.8,6.87,,3
UP008419,APP03079,Identity,Successful,05:35.2,23:22.3,2.01,,1
UP008420,APP03079,Income,Successful,18:14.3,27:57.0,2.67,,1
UP008421,APP03079,Additional Document,Successful,24:31.0,47:24.6,5.59,,1
UP008422,APP03080,Identity,Successful,12:56.9,35:47.3,4.66,,1
UP008423,APP03080,Income,Successful,32:06.5,52:05.7,5.96,,1
UP008424,APP03080,Additional Document,Successful,24:50.4,50:48.2,9.82,,1
UP008425,APP03081,Identity,Successful,03:51.5,21:04.8,5.84,,1
UP008426,APP03081,Income,Successful,05:34.1,17:36.3,3.57,,1
UP008427,APP03081,Additional Document,Failed,13:45.8,28:13.0,4.76,TRANSFER_ERROR,1
UP008428,APP03081,Additional Document,Successful,14:23.2,50:00.7,7.28,,2
UP008429,APP03082,Identity,Successful,54:53.7,18:02.4,1.16,,1
UP008430,APP03082,Income,Successful,58:51.0,12:14.1,0.5,,1
UP008431,APP03082,Additional Document,Successful,09:47.7,42:01.8,9.39,,1
UP008432,APP03083,Identity,Successful,33:51.2,50:28.1,2.8,,1
UP008433,APP03083,Income,Successful,43:36.8,06:24.7,6.69,,1
UP008434,APP03083,Additional Document,Successful,41:51.0,06:58.5,4.94,,1
UP008435,APP03084,Identity,Successful,16:56.5,37:49.4,5.67,,1
UP008436,APP03084,Income,Successful,23:11.3,40:32.1,3.5,,1
UP008437,APP03084,Additional Document,Successful,33:55.5,07:39.8,7.24,,1
UP008438,APP03085,Identity,Successful,44:00.7,03:13.1,2.93,,1
UP008439,APP03085,Income,Successful,47:49.7,10:35.2,4.88,,1
UP008440,APP03085,Additional Document,Failed,52:08.3,25:05.8,8.05,TRANSFER_ERROR,1
UP008441,APP03085,Additional Document,Successful,47:17.0,17:47.7,7.89,,2
UP008442,APP03086,Identity,Successful,45:03.3,06:44.1,7.25,,1
UP008443,APP03086,Income,Failed,42:05.8,58:43.8,3.75,FILE_TOO_LARGE,1
UP008444,APP03086,Income,Successful,00:52.3,32:16.6,5.62,,2
UP008445,APP03086,Additional Document,Failed,52:33.9,23:50.3,5.74,UPLOAD_TIMEOUT,1
UP008446,APP03086,Additional Document,Successful,58:12.9,30:24.5,6.57,,2
UP008447,APP03087,Identity,Successful,09:50.3,26:29.8,3.47,,1
UP008448,APP03087,Income,Failed,23:49.4,44:06.4,3.3,UPLOAD_TIMEOUT,1
UP008449,APP03087,Income,Successful,18:33.2,51:00.4,5.01,,2
UP008450,APP03087,Additional Document,Successful,28:49.9,56:34.4,6.79,,1
UP008451,APP03088,Identity,Successful,32:09.5,57:23.7,4.82,,1
UP008452,APP03088,Income,Successful,36:56.1,54:33.4,1.57,,1
UP008453,APP03088,Additional Document,Successful,43:28.8,12:27.6,6.11,,1
UP008454,APP03089,Identity,Successful,25:26.5,43:39.2,2.29,,1
UP008455,APP03089,Income,Successful,35:44.5,55:57.8,5.6,,1
UP008456,APP03089,Additional Document,Successful,36:33.0,10:19.1,5.18,,1
UP008457,APP03090,Identity,Successful,26:50.0,42:24.3,3.02,,1
UP008458,APP03090,Income,Successful,27:35.3,37:37.4,5.39,,1
UP008459,APP03090,Additional Document,Successful,37:26.0,54:34.2,7.11,,1
UP008460,APP03091,Identity,Successful,27:15.4,46:07.2,4.43,,1
UP008461,APP03091,Income,Successful,38:54.4,08:11.6,5.66,,1
UP008462,APP03091,Additional Document,Failed,36:52.0,58:32.4,8.19,UPLOAD_TIMEOUT,1
UP008463,APP03091,Additional Document,Successful,48:35.1,21:24.4,7.08,,2
UP008464,APP03092,Identity,Successful,07:15.2,40:34.0,5.82,,1
UP008465,APP03092,Income,Successful,12:58.5,34:57.3,2.05,,1
UP008466,APP03092,Additional Document,Successful,13:22.7,40:29.3,7.62,,1
UP008467,APP03093,Identity,Successful,33:40.7,43:55.7,3.96,,1
UP008468,APP03093,Income,Successful,45:08.2,00:10.5,4.25,,1
UP008469,APP03093,Additional Document,Successful,40:12.2,09:36.0,6.22,,1
UP008470,APP03094,Identity,Successful,05:48.0,27:15.0,2.39,,1
UP008471,APP03094,Income,Successful,11:12.6,37:03.6,2.42,,1
UP008472,APP03094,Additional Document,Successful,12:39.2,43:20.4,5.86,,1
UP008473,APP03095,Identity,Successful,02:42.7,27:37.1,3.18,,1
UP008474,APP03095,Income,Successful,15:54.3,30:40.4,3.68,,1
UP008475,APP03095,Additional Document,Successful,12:32.9,40:08.7,7.62,,1
UP008476,APP03096,Identity,Failed,48:43.0,12:08.7,3.37,FILE_TOO_LARGE,1
UP008477,APP03096,Identity,Successful,47:31.4,17:17.4,5.36,,2
UP008478,APP03096,Income,Successful,55:09.0,14:12.9,6.54,,1
UP008479,APP03096,Additional Document,Failed,57:00.5,26:16.9,7.13,FILE_TOO_LARGE,1
UP008480,APP03096,Additional Document,Failed,55:18.2,26:21.8,9.19,FILE_TOO_LARGE,2
UP008481,APP03096,Additional Document,Successful,04:50.2,43:57.3,8.76,,3
UP008482,APP03097,Identity,Successful,46:18.8,04:55.6,3.24,,1
UP008483,APP03097,Income,Successful,57:37.9,10:36.2,3.29,,1
UP008484,APP03097,Additional Document,Successful,02:54.2,32:52.0,5.27,,1
UP008485,APP03098,Identity,Successful,12:15.5,29:33.5,4.72,,1
UP008486,APP03098,Income,Successful,13:27.1,38:44.4,6.93,,1
UP008487,APP03098,Additional Document,Successful,17:45.8,42:55.3,7.07,,1
UP008488,APP03099,Identity,Successful,50:10.5,02:33.3,3.24,,1
UP008489,APP03099,Income,Successful,46:35.6,59:30.6,3.06,,1
UP008490,APP03099,Additional Document,Successful,55:23.9,13:37.8,6.2,,1
UP008491,APP03100,Identity,Successful,58:12.7,22:14.8,4.95,,1
UP008492,APP03100,Income,Successful,18:22.6,46:06.3,2.99,,1
UP008493,APP03100,Additional Document,Successful,22:28.2,49:49.1,2.35,,1
UP008494,APP03101,Identity,Successful,32:24.8,39:27.3,7.46,,1
UP008495,APP03101,Income,Successful,37:23.7,58:02.2,2.68,,1
UP008496,APP03101,Additional Document,Successful,47:07.6,11:24.7,5.77,,1
UP008497,APP03102,Identity,Successful,23:21.0,29:28.1,1.04,,1
UP008498,APP03102,Income,Successful,23:31.1,34:22.9,2,,1
UP008499,APP03102,Additional Document,Failed,36:33.2,02:43.1,9.05,FILE_TOO_LARGE,1
UP008500,APP03102,Additional Document,Failed,35:24.3,53:17.0,8.04,TRANSFER_ERROR,2
UP008501,APP03102,Additional Document,Successful,27:26.8,56:10.2,8.49,,3
UP008502,APP03103,Identity,Failed,46:16.9,57:10.4,2.51,UPLOAD_TIMEOUT,1
UP008503,APP03103,Identity,Successful,49:36.0,08:49.6,6.33,,2
UP008504,APP03103,Income,Failed,39:49.4,58:01.4,3.35,FILE_TOO_LARGE,1
UP008505,APP03103,Income,Failed,39:43.8,03:28.9,8.16,TRANSFER_ERROR,2
UP008506,APP03103,Income,Successful,40:07.0,00:04.5,2.94,,3
UP008507,APP03103,Additional Document,Successful,55:03.9,22:49.1,5.45,,1
UP008508,APP03104,Identity,Successful,46:25.2,13:55.6,5.34,,1
UP008509,APP03104,Income,Successful,59:17.9,14:33.4,6.39,,1
UP008510,APP03104,Additional Document,Successful,57:14.0,31:31.2,6.73,,1
UP008511,APP03105,Identity,Successful,12:30.8,33:06.5,3.64,,1
UP008512,APP03105,Income,Successful,28:42.6,50:12.8,4.11,,1
UP008513,APP03105,Additional Document,Failed,27:36.3,03:18.6,7.3,UPLOAD_TIMEOUT,1
UP008514,APP03105,Additional Document,Failed,32:29.0,04:20.5,6.42,TRANSFER_ERROR,2
UP008515,APP03105,Additional Document,Successful,17:51.8,50:04.5,9.76,,3
UP008516,APP03106,Identity,Successful,21:21.7,37:45.0,5.01,,1
UP008517,APP03106,Income,Successful,23:29.4,39:55.7,6.27,,1
UP008518,APP03106,Additional Document,Successful,17:48.4,46:58.1,5.26,,1
UP008519,APP03107,Identity,Successful,14:35.8,23:13.4,4.21,,1
UP008520,APP03107,Income,Successful,30:43.1,33:34.1,4.15,,1
UP008521,APP03107,Additional Document,Successful,32:10.8,06:48.8,7.41,,1
UP008522,APP03108,Identity,Successful,07:49.9,26:22.5,3.24,,1
UP008523,APP03108,Income,Successful,15:34.8,42:00.0,3.3,,1
UP008524,APP03108,Additional Document,Successful,25:28.8,59:03.0,9.1,,1
UP008525,APP03109,Identity,Failed,51:00.2,10:13.2,0.67,TRANSFER_ERROR,1
UP008526,APP03109,Identity,Failed,48:05.5,12:25.3,4.54,UPLOAD_TIMEOUT,2
UP008527,APP03109,Identity,Successful,54:24.1,13:39.9,2.68,,3
UP008528,APP03109,Income,Successful,06:34.1,39:51.3,5.68,,1
UP008529,APP03109,Additional Document,Successful,55:22.4,24:12.3,8.03,,1
UP008530,APP03110,Identity,Successful,38:18.3,55:42.8,0.5,,1
UP008531,APP03110,Income,Successful,45:07.6,55:34.8,3.22,,1
UP008532,APP03110,Additional Document,Failed,38:45.2,59:59.6,8.33,TRANSFER_ERROR,1
UP008533,APP03110,Additional Document,Successful,51:08.8,19:19.9,5.29,,2
UP008534,APP03111,Identity,Successful,29:58.7,40:26.2,2.88,,1
UP008535,APP03111,Income,Successful,46:37.1,59:32.7,2.72,,1
UP008536,APP03111,Additional Document,Successful,40:55.0,03:30.8,6.29,,1
UP008537,APP03112,Identity,Successful,37:47.8,56:01.1,3.25,,1
UP008538,APP03112,Income,Successful,34:04.1,52:06.5,3.78,,1
UP008539,APP03112,Additional Document,Successful,40:05.2,54:08.7,8.79,,1
UP008540,APP03113,Identity,Successful,41:03.1,02:51.1,3.47,,1
UP008541,APP03113,Income,Successful,44:21.5,09:58.5,1.15,,1
UP008542,APP03113,Additional Document,Successful,51:48.5,27:06.4,5.41,,1
UP008543,APP03114,Identity,Failed,25:59.8,45:38.9,3.7,FILE_TOO_LARGE,1
UP008544,APP03114,Identity,Failed,30:22.4,45:31.1,5.13,UPLOAD_TIMEOUT,2
UP008545,APP03114,Identity,Successful,36:17.6,49:23.7,5.67,,3
UP008546,APP03114,Income,Successful,35:13.9,01:00.7,1.22,,1
UP008547,APP03114,Additional Document,Failed,46:27.1,06:17.8,8.25,UPLOAD_TIMEOUT,1
UP008548,APP03114,Additional Document,Successful,48:01.3,01:00.9,4.05,,2
UP008549,APP03115,Identity,Successful,57:49.1,24:01.6,1.12,,1
UP008550,APP03115,Income,Successful,58:19.1,23:55.4,3.74,,1
UP008551,APP03115,Additional Document,Successful,07:33.5,47:48.0,7.49,,1
UP008552,APP03116,Identity,Successful,28:12.3,46:05.0,5.46,,1
UP008553,APP03116,Income,Successful,28:54.9,33:50.6,2.49,,1
UP008554,APP03116,Additional Document,Failed,29:47.6,58:07.1,4.12,UPLOAD_TIMEOUT,1
UP008555,APP03116,Additional Document,Successful,25:12.4,54:02.5,4.79,,2
UP008556,APP03117,Identity,Failed,10:43.3,32:45.7,2.66,UPLOAD_TIMEOUT,1
UP008557,APP03117,Identity,Failed,58:26.0,17:22.8,3.12,UPLOAD_TIMEOUT,2
UP008558,APP03117,Identity,Successful,04:28.9,30:46.0,1.72,,3
UP008559,APP03117,Income,Successful,19:58.9,39:29.7,2.86,,1
UP008560,APP03117,Additional Document,Failed,09:10.0,40:16.1,6.77,UPLOAD_TIMEOUT,1
UP008561,APP03117,Additional Document,Successful,12:28.2,38:41.9,9.76,,2
UP008562,APP03118,Identity,Successful,52:40.4,09:02.6,6.55,,1
UP008563,APP03118,Income,Successful,59:39.1,12:48.5,5.19,,1
UP008564,APP03118,Additional Document,Successful,55:18.9,12:18.3,11.1,,1
UP008565,APP03119,Identity,Successful,15:38.3,37:34.2,3.06,,1
UP008566,APP03119,Income,Successful,17:13.4,27:07.7,3.19,,1
UP008567,APP03119,Additional Document,Successful,37:07.4,04:39.7,13.71,,1
UP008568,APP03120,Identity,Successful,38:23.1,47:38.7,3.47,,1
UP008569,APP03120,Income,Successful,56:05.6,12:40.9,0.5,,1
UP008570,APP03120,Additional Document,Successful,48:02.0,08:05.2,9.36,,1
UP008571,APP03121,Identity,Failed,34:55.1,49:40.0,2.18,FILE_TOO_LARGE,1
UP008572,APP03121,Identity,Failed,36:27.3,47:35.0,1.22,UPLOAD_TIMEOUT,2
UP008573,APP03121,Identity,Successful,32:17.9,44:40.2,0.93,,3
UP008574,APP03121,Income,Successful,43:24.2,58:51.1,4.45,,1
UP008575,APP03121,Additional Document,Successful,45:08.7,13:00.4,9.23,,1
UP008576,APP03122,Identity,Successful,47:34.7,09:28.3,1.59,,1
UP008577,APP03122,Income,Successful,42:47.0,06:06.7,5.27,,1
UP008578,APP03122,Additional Document,Successful,53:29.6,20:53.6,3.51,,1
UP008579,APP03123,Identity,Failed,52:39.5,19:00.6,4.91,TRANSFER_ERROR,1
UP008580,APP03123,Identity,Successful,01:35.7,17:15.4,4.9,,2
UP008581,APP03123,Income,Successful,52:20.8,12:31.0,3.8,,1
UP008582,APP03123,Additional Document,Failed,08:12.2,43:00.4,3.36,UPLOAD_TIMEOUT,1
UP008583,APP03123,Additional Document,Failed,13:36.5,41:32.5,6.47,UPLOAD_TIMEOUT,2
UP008584,APP03123,Additional Document,Successful,12:10.6,36:59.2,6.75,,3
UP008585,APP03124,Identity,Successful,28:16.3,39:29.2,2.64,,1
UP008586,APP03124,Income,Successful,31:51.3,54:23.4,5.22,,1
UP008587,APP03124,Additional Document,Successful,35:26.9,59:05.7,10.79,,1
UP008588,APP03125,Identity,Successful,53:17.2,22:13.5,1.69,,1
UP008589,APP03125,Income,Successful,54:28.7,24:52.4,7.95,,1
UP008590,APP03125,Additional Document,Failed,52:29.5,21:53.4,7.67,TRANSFER_ERROR,1
UP008591,APP03125,Additional Document,Successful,07:21.0,40:55.2,9.33,,2
UP008592,APP03126,Identity,Successful,09:41.8,25:56.4,4.88,,1
UP008593,APP03126,Income,Successful,13:03.8,29:44.5,3.68,,1
UP008594,APP03126,Additional Document,Failed,20:14.5,52:10.6,4.81,UPLOAD_TIMEOUT,1
UP008595,APP03126,Additional Document,Successful,35:17.9,56:33.5,7.18,,2
UP008596,APP03127,Identity,Successful,06:06.1,13:21.6,4.24,,1
UP008597,APP03127,Income,Successful,08:07.5,17:17.6,1.58,,1
UP008598,APP03127,Additional Document,Successful,19:36.2,37:55.8,9.65,,1
UP008599,APP03128,Identity,Successful,22:00.0,41:37.5,5.08,,1
UP008600,APP03128,Income,Failed,30:06.6,45:51.6,3.63,UPLOAD_TIMEOUT,1
UP008601,APP03128,Income,Successful,29:36.1,47:51.4,1.81,,2
UP008602,APP03128,Additional Document,Successful,36:42.5,01:32.4,4.62,,1
UP008603,APP03129,Identity,Successful,36:26.7,55:30.2,3.68,,1
UP008604,APP03129,Income,Successful,38:38.5,56:25.1,0.5,,1
UP008605,APP03129,Additional Document,Failed,33:39.1,00:49.9,4.03,UPLOAD_TIMEOUT,1
UP008606,APP03129,Additional Document,Successful,51:50.6,09:37.5,10.59,,2
UP008607,APP03130,Identity,Successful,58:04.1,16:22.8,3.7,,1
UP008608,APP03130,Income,Successful,03:52.1,20:30.8,3.46,,1
UP008609,APP03130,Additional Document,Successful,14:17.2,45:06.7,4.37,,1
UP008610,APP03131,Identity,Failed,28:41.7,43:22.7,7.66,UPLOAD_TIMEOUT,1
UP008611,APP03131,Identity,Successful,25:31.8,47:01.0,4.77,,2
UP008612,APP03131,Income,Successful,32:45.4,50:06.2,0.98,,1
UP008613,APP03131,Additional Document,Successful,40:13.5,05:02.7,5.75,,1
UP008614,APP03132,Identity,Failed,14:14.5,37:51.1,4.17,UPLOAD_TIMEOUT,1
UP008615,APP03132,Identity,Successful,04:54.4,15:44.9,2.83,,2
UP008616,APP03132,Income,Successful,17:33.8,32:56.9,5.71,,1
UP008617,APP03132,Additional Document,Successful,21:18.6,43:48.6,6.47,,1
UP008618,APP03133,Identity,Successful,47:21.0,12:33.1,5.21,,1
UP008619,APP03133,Income,Successful,54:13.5,15:37.0,3.49,,1
UP008620,APP03133,Additional Document,Failed,59:19.9,22:18.0,8.95,FILE_TOO_LARGE,1
UP008621,APP03133,Additional Document,Successful,57:45.5,32:37.5,6.54,,2
UP008622,APP03134,Identity,Successful,42:50.8,58:05.2,4.55,,1
UP008623,APP03134,Income,Successful,49:04.8,05:05.8,4.35,,1
UP008624,APP03134,Additional Document,Successful,49:19.7,05:07.0,5.8,,1
UP008625,APP03135,Identity,Successful,36:03.3,06:04.4,1.76,,1
UP008626,APP03135,Income,Failed,33:19.3,52:40.6,4.75,UPLOAD_TIMEOUT,1
UP008627,APP03135,Income,Failed,34:07.4,59:23.9,2.42,UPLOAD_TIMEOUT,2
UP008628,APP03135,Income,Successful,38:05.2,04:45.2,3.97,,3
UP008629,APP03135,Additional Document,Failed,39:35.5,11:17.8,9.26,TRANSFER_ERROR,1
UP008630,APP03135,Additional Document,Successful,43:18.4,14:43.5,8.4,,2
UP008631,APP03136,Identity,Successful,45:35.1,03:39.7,1.59,,1
UP008632,APP03136,Income,Successful,42:14.8,56:38.3,4.77,,1
UP008633,APP03136,Additional Document,Successful,48:54.3,19:34.5,5.92,,1
UP008634,APP03137,Identity,Successful,16:49.4,30:45.3,2.24,,1
UP008635,APP03137,Income,Successful,05:04.9,34:11.5,2.76,,1
UP008636,APP03137,Additional Document,Successful,24:45.0,51:28.8,5.98,,1
UP008637,APP03138,Identity,Successful,12:34.4,26:49.4,4.43,,1
UP008638,APP03138,Income,Successful,09:15.5,23:02.1,2.41,,1
UP008639,APP03138,Additional Document,Successful,14:38.1,37:37.4,7.88,,1
UP008640,APP03139,Identity,Successful,12:31.5,37:58.6,3.36,,1
UP008641,APP03139,Income,Failed,18:40.5,43:04.3,4.85,FILE_TOO_LARGE,1
UP008642,APP03139,Income,Successful,11:57.1,34:37.9,3.66,,2
UP008643,APP03139,Additional Document,Failed,25:18.5,46:57.6,8.67,FILE_TOO_LARGE,1
UP008644,APP03139,Additional Document,Successful,13:51.0,42:09.3,7.21,,2
UP008645,APP03140,Identity,Failed,35:47.6,54:05.1,0.6,FILE_TOO_LARGE,1
UP008646,APP03140,Identity,Failed,28:46.3,49:28.2,6.61,FILE_TOO_LARGE,2
UP008647,APP03140,Identity,Successful,33:30.4,50:09.2,3.86,,3
UP008648,APP03140,Income,Successful,41:17.9,56:06.9,4.12,,1
UP008649,APP03140,Additional Document,Successful,44:21.4,59:08.5,6.24,,1
UP008650,APP03141,Identity,Successful,35:55.6,53:19.3,4.82,,1
UP008651,APP03141,Income,Successful,42:54.4,00:46.0,0.5,,1
UP008652,APP03141,Additional Document,Successful,44:10.2,20:17.8,6.71,,1
UP008653,APP03142,Identity,Successful,27:42.4,46:08.4,2.31,,1
UP008654,APP03142,Income,Successful,29:01.8,45:14.0,4.34,,1
UP008655,APP03142,Additional Document,Successful,26:28.5,46:36.0,7.55,,1
UP008656,APP03143,Identity,Successful,10:17.6,30:08.0,2.61,,1
UP008657,APP03143,Income,Successful,11:27.2,35:21.4,3.35,,1
UP008658,APP03143,Additional Document,Successful,06:44.9,34:30.7,7.73,,1
UP008659,APP03144,Identity,Successful,11:39.3,29:02.7,4.94,,1
UP008660,APP03144,Income,Successful,10:13.0,33:42.3,3.33,,1
UP008661,APP03144,Additional Document,Successful,14:09.1,34:08.5,7.76,,1
UP008662,APP03145,Identity,Successful,10:00.0,32:22.1,2.28,,1
UP008663,APP03145,Income,Successful,26:47.3,48:05.1,2.51,,1
UP008664,APP03145,Additional Document,Successful,31:49.0,06:48.5,6.1,,1
UP008665,APP03146,Identity,Successful,44:03.7,12:47.1,5.31,,1
UP008666,APP03146,Income,Failed,43:58.0,02:33.7,5.55,TRANSFER_ERROR,1
UP008667,APP03146,Income,Failed,52:10.7,04:15.3,1.08,TRANSFER_ERROR,2
UP008668,APP03146,Income,Successful,53:58.5,16:33.4,2.83,,3
UP008669,APP03146,Additional Document,Successful,50:11.6,21:17.1,4.55,,1
UP008670,APP03147,Identity,Successful,59:47.2,12:19.5,5.04,,1
UP008671,APP03147,Income,Successful,58:46.3,16:16.0,4.58,,1
UP008672,APP03147,Additional Document,Successful,57:00.3,09:49.5,6.15,,1
UP008673,APP03148,Identity,Successful,43:30.1,55:54.9,3.43,,1
UP008674,APP03148,Income,Successful,48:15.0,53:28.9,0.5,,1
UP008675,APP03148,Additional Document,Successful,53:54.1,10:59.4,3.3,,1
UP008676,APP03149,Identity,Successful,02:30.4,24:38.2,5.66,,1
UP008677,APP03149,Income,Successful,16:28.4,21:43.2,4.87,,1
UP008678,APP03149,Additional Document,Successful,15:31.0,32:27.5,8.29,,1
UP008679,APP03150,Identity,Successful,14:41.3,34:38.1,2.41,,1
UP008680,APP03150,Income,Successful,19:25.3,40:19.2,6.56,,1
UP008681,APP03150,Additional Document,Successful,18:08.8,50:49.6,7.72,,1
UP008682,APP03151,Identity,Successful,05:21.3,28:05.5,3.53,,1
UP008683,APP03151,Income,Successful,08:29.3,28:56.1,5.13,,1
UP008684,APP03151,Additional Document,Successful,14:13.7,51:00.0,4.97,,1
UP008685,APP03152,Identity,Failed,22:59.4,37:54.9,3.72,TRANSFER_ERROR,1
UP008686,APP03152,Identity,Successful,18:57.2,31:25.1,4.78,,2
UP008687,APP03152,Income,Successful,22:06.4,36:43.4,4.22,,1
UP008688,APP03152,Additional Document,Successful,27:15.6,01:41.3,7.82,,1
UP008689,APP03153,Identity,Successful,30:31.4,36:18.4,7.84,,1
UP008690,APP03153,Income,Successful,35:19.3,42:39.7,3.74,,1
UP008691,APP03153,Additional Document,Successful,32:55.0,55:06.2,7.84,,1
UP008692,APP03154,Identity,Successful,36:52.5,52:01.7,6.66,,1
UP008693,APP03154,Income,Successful,36:16.6,57:20.3,2.83,,1
UP008694,APP03154,Additional Document,Failed,36:56.5,06:34.2,7.3,UPLOAD_TIMEOUT,1
UP008695,APP03154,Additional Document,Successful,46:58.2,12:55.5,5.13,,2
UP008696,APP03155,Identity,Successful,45:38.4,07:20.0,3.49,,1
UP008697,APP03155,Income,Successful,48:32.2,04:43.5,0.76,,1
UP008698,APP03155,Additional Document,Failed,45:51.2,15:49.7,5.53,UPLOAD_TIMEOUT,1
UP008699,APP03155,Additional Document,Failed,55:29.1,25:50.5,8.35,UPLOAD_TIMEOUT,2
UP008700,APP03155,Additional Document,Successful,56:49.1,27:56.5,9.56,,3
UP008701,APP03156,Identity,Successful,59:54.0,23:06.6,2.22,,1
UP008702,APP03156,Income,Successful,11:57.1,25:40.9,2.17,,1
UP008703,APP03156,Additional Document,Failed,56:38.6,33:18.8,8.85,UPLOAD_TIMEOUT,1
UP008704,APP03156,Additional Document,Failed,11:55.2,43:29.1,10.18,TRANSFER_ERROR,2
UP008705,APP03156,Additional Document,Successful,02:25.5,34:46.5,8.22,,3
UP008706,APP03157,Identity,Successful,52:10.0,07:14.0,3.27,,1
UP008707,APP03157,Income,Successful,54:47.5,09:26.8,4.73,,1
UP008708,APP03157,Additional Document,Failed,58:41.6,23:41.1,5.35,UPLOAD_TIMEOUT,1
UP008709,APP03157,Additional Document,Successful,03:40.0,20:12.7,7.65,,2
UP008710,APP03158,Identity,Successful,15:35.1,34:54.9,4.91,,1
UP008711,APP03158,Income,Successful,21:45.7,32:01.2,5.08,,1
UP008712,APP03158,Additional Document,Successful,33:42.4,57:56.5,6.95,,1
UP008713,APP03159,Identity,Successful,13:26.7,33:58.1,1.2,,1
UP008714,APP03159,Income,Successful,22:06.0,40:30.2,4.19,,1
UP008715,APP03159,Additional Document,Failed,24:21.4,53:37.2,8.14,UPLOAD_TIMEOUT,1
UP008716,APP03159,Additional Document,Successful,30:24.5,03:56.6,9.38,,2
UP008717,APP03160,Identity,Successful,52:56.1,15:12.7,8.39,,1
UP008718,APP03160,Income,Failed,59:52.9,21:10.3,1.51,TRANSFER_ERROR,1
UP008719,APP03160,Income,Successful,06:10.7,31:45.9,0.5,,2
UP008720,APP03160,Additional Document,Successful,16:05.7,48:56.0,4.13,,1
UP008721,APP03161,Identity,Successful,40:43.3,54:55.9,6.36,,1
UP008722,APP03161,Income,Successful,41:04.4,05:28.8,0.5,,1
UP008723,APP03161,Additional Document,Successful,46:25.4,07:34.6,7.54,,1
UP008724,APP03162,Identity,Successful,13:14.5,34:29.8,3.7,,1
UP008725,APP03162,Income,Successful,20:19.1,43:30.2,2.49,,1
UP008726,APP03162,Additional Document,Successful,32:57.1,58:43.2,4.45,,1
UP008727,APP03163,Identity,Successful,09:06.5,30:50.4,7.62,,1
UP008728,APP03163,Income,Successful,19:23.6,41:34.7,3.72,,1
UP008729,APP03163,Additional Document,Successful,27:55.4,00:28.8,6.48,,1
UP008730,APP03164,Identity,Failed,30:51.8,57:47.5,4.69,TRANSFER_ERROR,1
UP008731,APP03164,Identity,Successful,32:28.5,52:38.8,3.53,,2
UP008732,APP03164,Income,Successful,46:03.1,02:42.9,4.37,,1
UP008733,APP03164,Additional Document,Successful,35:36.5,59:42.9,7.3,,1
UP008734,APP03165,Identity,Failed,17:09.9,39:14.8,5.02,FILE_TOO_LARGE,1
UP008735,APP03165,Identity,Successful,21:42.8,42:00.4,7.05,,2
UP008736,APP03165,Income,Successful,34:22.3,01:04.1,2.85,,1
UP008737,APP03165,Additional Document,Failed,36:55.3,01:42.8,7.61,UPLOAD_TIMEOUT,1
UP008738,APP03165,Additional Document,Failed,35:58.6,03:57.9,8.79,TRANSFER_ERROR,2
UP008739,APP03165,Additional Document,Successful,42:35.9,07:00.6,6.01,,3
UP008740,APP03166,Identity,Successful,14:42.5,30:45.2,4.84,,1
UP008741,APP03166,Income,Successful,30:31.0,57:18.0,3.92,,1
UP008742,APP03166,Additional Document,Successful,30:10.5,02:31.0,4.59,,1
UP008743,APP03167,Identity,Successful,16:33.7,37:27.8,4.18,,1
UP008744,APP03167,Income,Successful,29:25.0,49:14.8,7.82,,1
UP008745,APP03167,Additional Document,Successful,36:26.1,57:52.7,5.46,,1
UP008746,APP03168,Identity,Successful,10:11.5,30:54.9,0.5,,1
UP008747,APP03168,Income,Failed,18:31.1,34:31.8,5.61,UPLOAD_TIMEOUT,1
UP008748,APP03168,Income,Failed,22:11.4,35:27.2,5.13,UPLOAD_TIMEOUT,2
UP008749,APP03168,Income,Successful,08:19.7,33:03.9,2.98,,3
UP008750,APP03168,Additional Document,Successful,16:40.6,45:45.5,10.8,,1
UP008751,APP03169,Identity,Failed,35:35.6,58:16.4,2.14,UPLOAD_TIMEOUT,1
UP008752,APP03169,Identity,Successful,33:33.0,43:37.5,4.73,,2
UP008753,APP03169,Income,Successful,58:57.3,13:19.9,2.83,,1
UP008754,APP03169,Additional Document,Failed,46:06.4,03:44.3,5.61,TRANSFER_ERROR,1
UP008755,APP03169,Additional Document,Successful,53:09.0,18:58.6,5.19,,2
UP008756,APP03170,Identity,Successful,47:47.3,04:12.5,1.3,,1
UP008757,APP03170,Income,Successful,48:05.6,14:27.4,3.44,,1
UP008758,APP03170,Additional Document,Failed,56:34.9,25:53.4,7.74,UPLOAD_TIMEOUT,1
UP008759,APP03170,Additional Document,Failed,53:45.6,24:57.0,8.9,UPLOAD_TIMEOUT,2
UP008760,APP03170,Additional Document,Successful,52:58.9,21:55.9,7.16,,3
UP008761,APP03171,Identity,Successful,02:09.9,22:25.2,5.22,,1
UP008762,APP03171,Income,Failed,07:25.4,25:45.9,1.66,FILE_TOO_LARGE,1
UP008763,APP03171,Income,Successful,14:15.0,39:10.9,3.28,,2
UP008764,APP03171,Additional Document,Failed,11:01.2,39:13.0,5.92,UPLOAD_TIMEOUT,1
UP008765,APP03171,Additional Document,Failed,12:34.0,39:42.2,3.95,TRANSFER_ERROR,2
UP008766,APP03171,Additional Document,Successful,09:30.0,26:54.0,4.54,,3
UP008767,APP03172,Identity,Successful,06:44.4,25:22.3,3.83,,1
UP008768,APP03172,Income,Failed,05:56.0,27:09.8,5.15,UPLOAD_TIMEOUT,1
UP008769,APP03172,Income,Successful,12:06.0,28:33.0,4.32,,2
UP008770,APP03172,Additional Document,Successful,13:12.4,25:44.4,4.88,,1
UP008771,APP03173,Identity,Failed,51:24.7,17:16.3,1.74,TRANSFER_ERROR,1
UP008772,APP03173,Identity,Successful,00:22.7,25:04.6,4.62,,2
UP008773,APP03173,Income,Successful,07:54.6,34:27.4,6.32,,1
UP008774,APP03173,Additional Document,Successful,06:10.9,28:31.3,9.36,,1
UP008775,APP03174,Identity,Successful,47:37.3,04:52.2,0.5,,1
UP008776,APP03174,Income,Successful,04:15.5,21:12.4,3.94,,1
UP008777,APP03174,Additional Document,Successful,13:51.0,36:17.0,7.98,,1
UP008778,APP03175,Identity,Successful,34:14.9,02:28.1,4.05,,1
UP008779,APP03175,Income,Successful,40:35.9,58:06.9,3.04,,1
UP008780,APP03175,Additional Document,Successful,46:02.4,13:06.0,8.5,,1
UP008781,APP03176,Identity,Successful,13:17.2,37:02.5,4.73,,1
UP008782,APP03176,Income,Successful,23:22.5,38:28.2,3.48,,1
UP008783,APP03176,Additional Document,Failed,31:37.3,52:38.0,4.66,TRANSFER_ERROR,1
UP008784,APP03176,Additional Document,Failed,31:00.9,55:12.0,8.38,TRANSFER_ERROR,2
UP008785,APP03176,Additional Document,Successful,35:33.5,05:50.4,5.42,,3
UP008786,APP03177,Identity,Successful,37:48.5,01:54.0,6.62,,1
UP008787,APP03177,Income,Successful,49:00.8,11:08.9,2.62,,1
UP008788,APP03177,Additional Document,Successful,47:33.2,12:01.5,5.2,,1
UP008789,APP03178,Identity,Failed,02:06.0,21:56.7,2.44,UPLOAD_TIMEOUT,1
UP008790,APP03178,Identity,Successful,00:57.1,08:46.4,2.52,,2
UP008791,APP03178,Income,Successful,56:13.3,08:05.0,3.01,,1
UP008792,APP03178,Additional Document,Successful,08:43.1,40:52.9,6.86,,1
UP008793,APP03179,Identity,Successful,27:32.6,53:19.9,5.02,,1
UP008794,APP03179,Income,Successful,29:26.7,48:24.7,0.5,,1
UP008795,APP03179,Additional Document,Successful,45:40.7,09:56.0,5.83,,1
UP008796,APP03180,Identity,Successful,59:12.9,19:07.8,3.41,,1
UP008797,APP03180,Income,Successful,13:00.9,19:29.4,2.6,,1
UP008798,APP03180,Additional Document,Successful,14:53.3,46:08.7,7.02,,1
UP008799,APP03181,Identity,Successful,31:59.1,56:19.9,4.7,,1
UP008800,APP03181,Income,Failed,29:04.3,43:40.3,1.54,FILE_TOO_LARGE,1
UP008801,APP03181,Income,Failed,33:51.3,53:45.9,4.42,TRANSFER_ERROR,2
UP008802,APP03181,Income,Successful,33:47.1,58:51.6,1.41,,3
UP008803,APP03181,Additional Document,Successful,42:10.6,13:59.0,5.89,,1
UP008804,APP03182,Identity,Successful,15:38.2,32:20.7,2.69,,1
UP008805,APP03182,Income,Successful,28:44.9,46:52.7,2.58,,1
UP008806,APP03182,Additional Document,Failed,30:47.8,55:38.2,7.22,TRANSFER_ERROR,1
UP008807,APP03182,Additional Document,Failed,21:44.1,43:31.0,5.58,UPLOAD_TIMEOUT,2
UP008808,APP03182,Additional Document,Successful,27:28.9,50:45.7,7.84,,3
UP008809,APP03183,Identity,Successful,46:42.9,11:47.7,2.28,,1
UP008810,APP03183,Income,Successful,50:41.5,09:11.9,3.51,,1
UP008811,APP03183,Additional Document,Failed,55:19.8,15:16.1,7.78,FILE_TOO_LARGE,1
UP008812,APP03183,Additional Document,Successful,49:10.9,15:01.5,6.53,,2
UP008813,APP03184,Identity,Successful,53:11.2,05:33.3,4.3,,1
UP008814,APP03184,Income,Successful,00:43.3,21:43.1,4.12,,1
UP008815,APP03184,Additional Document,Failed,07:37.8,32:27.2,7.23,UPLOAD_TIMEOUT,1
UP008816,APP03184,Additional Document,Failed,58:39.4,32:34.0,6.94,UPLOAD_TIMEOUT,2
UP008817,APP03184,Additional Document,Successful,57:11.4,16:40.8,9.59,,3
UP008818,APP03185,Identity,Successful,10:21.6,23:28.1,5.65,,1
UP008819,APP03185,Income,Successful,16:27.9,35:16.1,3.74,,1
UP008820,APP03185,Additional Document,Failed,24:54.9,49:30.4,11.09,UPLOAD_TIMEOUT,1
UP008821,APP03185,Additional Document,Successful,26:22.6,53:36.0,9.4,,2
UP008822,APP03186,Identity,Successful,01:18.7,23:52.0,2.41,,1
UP008823,APP03186,Income,Successful,06:33.3,35:06.6,3.37,,1
UP008824,APP03186,Additional Document,Successful,10:03.7,40:37.8,5.35,,1
UP008825,APP03187,Identity,Successful,56:43.5,26:36.8,4.2,,1
UP008826,APP03187,Income,Successful,10:41.2,29:32.0,3.7,,1
UP008827,APP03187,Additional Document,Successful,09:22.4,40:00.8,6.3,,1
UP008828,APP03188,Identity,Successful,01:02.2,15:45.7,3.6,,1
UP008829,APP03188,Income,Failed,03:34.9,21:02.3,5.05,UPLOAD_TIMEOUT,1
UP008830,APP03188,Income,Successful,09:34.6,25:04.3,1.06,,2
UP008831,APP03188,Additional Document,Failed,17:02.4,36:30.4,5.65,FILE_TOO_LARGE,1
UP008832,APP03188,Additional Document,Successful,12:14.2,38:52.6,6.88,,2
UP008833,APP03189,Identity,Successful,22:41.2,48:42.0,4.66,,1
UP008834,APP03189,Income,Successful,28:47.1,44:27.5,3.9,,1
UP008835,APP03189,Additional Document,Successful,28:28.9,52:40.2,4.4,,1
UP008836,APP03190,Identity,Successful,19:23.1,39:37.6,2.66,,1
UP008837,APP03190,Income,Successful,18:55.9,31:28.3,2.44,,1
UP008838,APP03190,Additional Document,Successful,32:31.1,54:51.5,7.37,,1
UP008839,APP03191,Identity,Successful,08:15.0,20:28.4,2.89,,1
UP008840,APP03191,Income,Successful,09:19.1,25:10.2,2.36,,1
UP008841,APP03191,Additional Document,Successful,21:13.8,44:15.5,7.88,,1
UP008842,APP03192,Identity,Successful,52:47.0,07:30.9,0.5,,1
UP008843,APP03192,Income,Successful,08:23.8,24:27.1,0.5,,1
UP008844,APP03192,Additional Document,Successful,59:26.3,25:15.9,8.7,,1
UP008845,APP03193,Identity,Successful,44:00.2,05:56.4,3.88,,1
UP008846,APP03193,Income,Successful,06:06.3,23:30.9,4.88,,1
UP008847,APP03193,Additional Document,Successful,18:24.0,52:36.9,7.05,,1
UP008848,APP03194,Identity,Successful,24:18.7,42:01.1,7.26,,1
UP008849,APP03194,Income,Successful,17:15.6,37:07.2,4.34,,1
UP008850,APP03194,Additional Document,Successful,27:03.1,55:41.1,5.91,,1
UP008851,APP03195,Identity,Successful,21:56.1,43:44.5,3.26,,1
UP008852,APP03195,Income,Failed,32:09.8,52:46.5,5.18,TRANSFER_ERROR,1
UP008853,APP03195,Income,Failed,29:45.8,52:26.7,4.29,FILE_TOO_LARGE,2
UP008854,APP03195,Income,Successful,30:04.5,50:11.0,4.79,,3
UP008855,APP03195,Additional Document,Failed,39:35.2,06:57.3,6.16,FILE_TOO_LARGE,1
UP008856,APP03195,Additional Document,Failed,30:57.2,59:08.2,11.79,TRANSFER_ERROR,2
UP008857,APP03195,Additional Document,Successful,41:37.2,08:08.8,6.94,,3
UP008858,APP03196,Identity,Successful,51:30.2,12:59.9,3.76,,1
UP008859,APP03196,Income,Failed,45:40.8,12:11.1,3.58,UPLOAD_TIMEOUT,1
UP008860,APP03196,Income,Failed,51:15.3,04:30.6,1.39,UPLOAD_TIMEOUT,2
UP008861,APP03196,Income,Successful,58:49.9,10:31.7,1.21,,3
UP008862,APP03196,Additional Document,Failed,59:58.5,36:00.1,4.68,UPLOAD_TIMEOUT,1
UP008863,APP03196,Additional Document,Successful,59:35.9,24:06.5,6.16,,2
UP008864,APP03197,Identity,Successful,29:27.7,41:51.4,0.5,,1
UP008865,APP03197,Income,Successful,28:53.2,45:11.1,5.77,,1
UP008866,APP03197,Additional Document,Successful,23:58.1,43:23.0,10.21,,1
UP008867,APP03198,Identity,Successful,51:00.0,08:07.6,7.06,,1
UP008868,APP03198,Income,Successful,03:17.6,29:06.6,3.41,,1
UP008869,APP03198,Additional Document,Successful,06:40.9,30:36.7,7.27,,1
UP008870,APP03199,Identity,Successful,01:39.0,13:51.3,3.45,,1
UP008871,APP03199,Income,Successful,17:02.8,44:44.0,5.88,,1
UP008872,APP03199,Additional Document,Successful,24:11.2,47:34.5,6.53,,1
UP008873,APP03200,Identity,Successful,14:33.9,38:05.0,3.53,,1
UP008874,APP03200,Income,Successful,12:07.3,31:36.9,3.4,,1
UP008875,APP03200,Additional Document,Successful,21:58.0,55:51.0,5.85,,1
UP008876,APP03201,Identity,Successful,37:46.9,59:24.5,6.54,,1
UP008877,APP03201,Income,Successful,33:26.4,58:15.6,2.14,,1
UP008878,APP03201,Additional Document,Successful,47:32.7,22:47.5,8.59,,1
UP008879,APP03202,Identity,Successful,50:27.8,16:44.1,2.38,,1
UP008880,APP03202,Income,Successful,46:20.4,03:36.7,2.51,,1
UP008881,APP03202,Additional Document,Successful,59:06.0,24:04.0,6.71,,1
UP008882,APP03203,Identity,Successful,44:17.6,57:46.1,4.4,,1
UP008883,APP03203,Income,Failed,42:47.8,55:03.3,2.38,UPLOAD_TIMEOUT,1
UP008884,APP03203,Income,Successful,47:37.3,03:41.2,3.66,,2
UP008885,APP03203,Additional Document,Successful,00:37.9,29:07.6,5.99,,1
UP008886,APP03204,Identity,Failed,09:54.4,28:20.6,1.95,UPLOAD_TIMEOUT,1
UP008887,APP03204,Identity,Successful,07:52.3,32:12.1,3.27,,2
UP008888,APP03204,Income,Successful,08:38.7,32:19.6,4.79,,1
UP008889,APP03204,Additional Document,Successful,13:41.0,49:12.1,8.46,,1
UP008890,APP03205,Identity,Successful,04:25.4,23:13.7,2.04,,1
UP008891,APP03205,Income,Successful,00:04.7,19:48.4,4.6,,1
UP008892,APP03205,Additional Document,Failed,58:57.3,33:55.4,8.26,FILE_TOO_LARGE,1
UP008893,APP03205,Additional Document,Failed,00:05.5,29:19.5,7.97,UPLOAD_TIMEOUT,2
UP008894,APP03205,Additional Document,Successful,12:30.2,47:20.0,7.25,,3
UP008895,APP03206,Identity,Failed,30:35.4,51:35.1,2.21,FILE_TOO_LARGE,1
UP008896,APP03206,Identity,Successful,35:31.5,52:50.2,1.89,,2
UP008897,APP03206,Income,Successful,37:26.4,53:13.5,5.48,,1
UP008898,APP03206,Additional Document,Successful,39:22.3,08:03.0,8.37,,1
UP008899,APP03207,Identity,Successful,12:53.7,27:21.9,0.5,,1
UP008900,APP03207,Income,Successful,15:44.3,31:38.6,3.53,,1
UP008901,APP03207,Additional Document,Successful,19:18.7,42:50.5,11.99,,1
UP008902,APP03208,Identity,Successful,29:37.3,51:33.9,5.25,,1
UP008903,APP03208,Income,Successful,40:08.3,01:07.8,5.47,,1
UP008904,APP03208,Additional Document,Successful,40:27.6,53:21.9,4.74,,1
UP008905,APP03209,Identity,Successful,33:32.2,52:35.5,3.36,,1
UP008906,APP03209,Income,Successful,40:36.0,57:51.2,5.18,,1
UP008907,APP03209,Additional Document,Failed,38:45.8,48:39.6,1.56,TRANSFER_ERROR,1
UP008908,APP03209,Additional Document,Successful,37:40.5,06:16.5,5.86,,2
UP008909,APP03210,Identity,Successful,52:01.9,12:46.6,4.61,,1
UP008910,APP03210,Income,Successful,02:06.5,21:47.7,2.32,,1
UP008911,APP03210,Additional Document,Successful,55:36.0,24:38.5,5.4,,1
UP008912,APP03211,Identity,Successful,20:55.7,47:45.9,6.24,,1
UP008913,APP03211,Income,Successful,30:59.6,49:46.0,4.6,,1
UP008914,APP03211,Additional Document,Successful,27:21.7,59:01.2,8.52,,1
UP008915,APP03212,Identity,Successful,56:01.3,18:46.2,3.34,,1
UP008916,APP03212,Income,Successful,55:38.1,10:11.8,4.47,,1
UP008917,APP03212,Additional Document,Successful,07:22.2,37:02.6,7.46,,1
UP008918,APP03213,Identity,Successful,25:47.7,42:56.1,3.76,,1
UP008919,APP03213,Income,Failed,36:01.6,58:55.4,2.62,FILE_TOO_LARGE,1
UP008920,APP03213,Income,Successful,30:28.9,40:18.7,5.41,,2
UP008921,APP03213,Additional Document,Successful,40:13.2,07:06.7,7.51,,1
UP008922,APP03214,Identity,Successful,35:10.0,51:45.9,5.97,,1
UP008923,APP03214,Income,Successful,38:19.5,03:20.1,2.25,,1
UP008924,APP03214,Additional Document,Successful,48:34.5,13:04.6,4.36,,1
UP008925,APP03215,Identity,Successful,20:49.0,44:03.8,4.89,,1
UP008926,APP03215,Income,Successful,15:58.4,38:25.9,4.5,,1
UP008927,APP03215,Additional Document,Successful,07:11.1,39:19.1,3.06,,1
UP008928,APP03216,Identity,Successful,17:02.4,31:32.6,0.5,,1
UP008929,APP03216,Income,Successful,39:52.9,53:05.4,2.82,,1
UP008930,APP03216,Additional Document,Successful,34:23.9,03:28.0,8.11,,1
UP008931,APP03217,Identity,Successful,27:53.9,41:38.3,6.46,,1
UP008932,APP03217,Income,Successful,28:24.8,43:05.2,2.61,,1
UP008933,APP03217,Additional Document,Successful,43:05.0,01:12.4,5.34,,1
UP008934,APP03218,Identity,Successful,00:53.7,24:15.4,3.21,,1
UP008935,APP03218,Income,Successful,02:48.3,24:53.4,4.61,,1
UP008936,APP03218,Additional Document,Failed,12:44.6,36:40.3,8.42,UPLOAD_TIMEOUT,1
UP008937,APP03218,Additional Document,Successful,10:46.1,40:11.2,5.92,,2
UP008938,APP03219,Identity,Successful,34:59.7,45:49.4,6.93,,1
UP008939,APP03219,Income,Successful,35:03.2,55:56.3,6.76,,1
UP008940,APP03219,Additional Document,Successful,38:08.8,00:22.5,8.96,,1
UP008941,APP03220,Identity,Successful,23:06.4,43:03.6,6.01,,1
UP008942,APP03220,Income,Successful,22:43.7,43:43.2,6.85,,1
UP008943,APP03220,Additional Document,Successful,21:20.5,40:12.7,5.39,,1
UP008944,APP03221,Identity,Failed,26:13.3,47:35.2,6.49,TRANSFER_ERROR,1
UP008945,APP03221,Identity,Successful,23:19.4,43:24.4,4.39,,2
UP008946,APP03221,Income,Successful,33:39.4,48:20.2,5.52,,1
UP008947,APP03221,Additional Document,Successful,38:27.8,50:48.7,3.31,,1
UP008948,APP03222,Identity,Successful,51:58.2,13:22.8,4.7,,1
UP008949,APP03222,Income,Failed,59:34.7,21:14.2,1.08,UPLOAD_TIMEOUT,1
UP008950,APP03222,Income,Successful,05:47.1,23:08.3,3.96,,2
UP008951,APP03222,Additional Document,Successful,03:08.7,27:46.5,8.85,,1
UP008952,APP03223,Identity,Successful,37:14.5,57:42.8,3.86,,1
UP008953,APP03223,Income,Successful,52:28.2,12:42.2,3.24,,1
UP008954,APP03223,Additional Document,Successful,51:07.0,17:12.3,6.69,,1
UP008955,APP03224,Identity,Successful,27:39.4,52:27.9,2.88,,1
UP008956,APP03224,Income,Successful,40:41.5,55:11.5,0.5,,1
UP008957,APP03224,Additional Document,Successful,39:34.4,00:54.4,5.75,,1
UP008958,APP03225,Identity,Successful,53:37.5,09:01.8,5.76,,1
UP008959,APP03225,Income,Failed,45:05.2,01:59.0,3.09,UPLOAD_TIMEOUT,1
UP008960,APP03225,Income,Failed,34:06.3,56:14.6,3.68,UPLOAD_TIMEOUT,2
UP008961,APP03225,Income,Successful,51:04.3,13:05.6,5.27,,3
UP008962,APP03225,Additional Document,Successful,47:55.3,17:44.4,9.03,,1
UP008963,APP03226,Identity,Successful,45:07.7,10:32.3,3.78,,1
UP008964,APP03226,Income,Successful,51:43.1,03:11.3,2.12,,1
UP008965,APP03226,Additional Document,Successful,07:02.6,27:03.7,4.08,,1
UP008966,APP03227,Identity,Successful,30:07.8,52:13.3,3.22,,1
UP008967,APP03227,Income,Failed,33:17.6,54:18.6,4.25,TRANSFER_ERROR,1
UP008968,APP03227,Income,Successful,40:21.9,48:23.2,1.7,,2
UP008969,APP03227,Additional Document,Successful,37:03.6,56:52.0,6.8,,1
UP008970,APP03228,Identity,Successful,45:32.9,52:11.2,2.14,,1
UP008971,APP03228,Income,Successful,45:38.5,59:41.7,0.5,,1
UP008972,APP03228,Additional Document,Successful,50:52.3,10:02.1,7.92,,1
UP008973,APP03229,Identity,Failed,21:13.5,50:31.7,2.33,UPLOAD_TIMEOUT,1
UP008974,APP03229,Identity,Successful,14:37.1,36:10.8,3.08,,2
UP008975,APP03229,Income,Failed,13:16.1,34:21.3,2.46,UPLOAD_TIMEOUT,1
UP008976,APP03229,Income,Failed,21:24.8,40:56.8,1.78,UPLOAD_TIMEOUT,2
UP008977,APP03229,Income,Successful,17:04.7,40:07.3,3.74,,3
UP008978,APP03229,Additional Document,Successful,20:40.2,52:22.7,6.04,,1
UP008979,APP03230,Identity,Successful,12:30.8,26:40.8,1.42,,1
UP008980,APP03230,Income,Successful,23:47.8,45:27.6,1.12,,1
UP008981,APP03230,Additional Document,Failed,21:47.1,43:14.6,3.43,UPLOAD_TIMEOUT,1
UP008982,APP03230,Additional Document,Failed,24:52.4,00:15.9,8.68,TRANSFER_ERROR,2
UP008983,APP03230,Additional Document,Successful,32:21.6,57:13.4,8.28,,3
UP008984,APP03231,Identity,Failed,56:37.1,23:56.6,4.39,FILE_TOO_LARGE,1
UP008985,APP03231,Identity,Successful,03:11.6,22:01.7,2.59,,2
UP008986,APP03231,Income,Successful,56:35.0,15:40.5,5.22,,1
UP008987,APP03231,Additional Document,Successful,06:18.3,31:05.7,7.99,,1
UP008988,APP03232,Identity,Successful,37:08.6,57:47.6,4.71,,1
UP008989,APP03232,Income,Successful,48:32.6,11:41.3,3.2,,1
UP008990,APP03232,Additional Document,Failed,41:32.3,14:09.9,7.85,UPLOAD_TIMEOUT,1
UP008991,APP03232,Additional Document,Failed,49:20.0,15:37.1,7.45,UPLOAD_TIMEOUT,2
UP008992,APP03232,Additional Document,Successful,54:26.2,29:00.9,10.93,,3
UP008993,APP03233,Identity,Successful,43:20.8,09:06.4,2.18,,1
UP008994,APP03233,Income,Failed,53:47.6,16:30.5,4.25,TRANSFER_ERROR,1
UP008995,APP03233,Income,Failed,50:14.7,14:30.0,3.38,UPLOAD_TIMEOUT,2
UP008996,APP03233,Income,Successful,54:21.3,15:58.3,3.75,,3
UP008997,APP03233,Additional Document,Successful,58:30.1,15:37.1,10.03,,1
UP008998,APP03234,Identity,Successful,52:53.7,11:19.3,7.03,,1
UP008999,APP03234,Income,Successful,04:03.8,27:47.5,3.19,,1
UP009000,APP03234,Additional Document,Failed,00:14.7,29:17.7,6.21,FILE_TOO_LARGE,1
UP009001,APP03234,Additional Document,Failed,02:59.9,32:06.5,6.87,UPLOAD_TIMEOUT,2
UP009002,APP03234,Additional Document,Successful,54:25.0,27:57.5,5.37,,3
UP009003,APP03235,Identity,Successful,34:42.4,57:38.5,3.26,,1
UP009004,APP03235,Income,Successful,44:26.9,06:27.1,4.45,,1
UP009005,APP03235,Additional Document,Successful,54:27.0,26:56.0,4.36,,1
UP009006,APP03236,Identity,Successful,58:54.2,14:43.9,3.27,,1
UP009007,APP03236,Income,Failed,05:17.5,24:24.4,4.95,UPLOAD_TIMEOUT,1
UP009008,APP03236,Income,Successful,05:05.3,23:36.3,4.87,,2
UP009009,APP03236,Additional Document,Failed,06:08.7,38:10.6,6.28,TRANSFER_ERROR,1
UP009010,APP03236,Additional Document,Successful,06:42.7,31:50.2,7.51,,2
UP009011,APP03237,Identity,Successful,36:15.8,47:36.1,3.22,,1
UP009012,APP03237,Income,Successful,20:30.1,30:14.8,4.79,,1
UP009013,APP03237,Additional Document,Successful,26:02.9,51:10.6,4.27,,1
UP009014,APP03238,Identity,Successful,34:46.3,48:29.9,2.47,,1
UP009015,APP03238,Income,Successful,43:01.3,59:31.7,1.54,,1
UP009016,APP03238,Additional Document,Successful,42:35.4,11:17.2,5.98,,1
UP009017,APP03239,Identity,Successful,49:03.0,19:52.9,6.91,,1
UP009018,APP03239,Income,Failed,52:45.9,17:05.0,5.5,FILE_TOO_LARGE,1
UP009019,APP03239,Income,Failed,56:27.7,08:38.1,2.38,UPLOAD_TIMEOUT,2
UP009020,APP03239,Income,Successful,49:38.2,07:21.0,5.7,,3
UP009021,APP03239,Additional Document,Successful,59:02.2,25:23.4,8,,1
UP009022,APP03240,Identity,Failed,07:23.5,29:11.8,5.27,TRANSFER_ERROR,1
UP009023,APP03240,Identity,Successful,13:20.1,40:24.0,3.22,,2
UP009024,APP03240,Income,Successful,16:13.6,38:16.4,2.96,,1
UP009025,APP03240,Additional Document,Successful,21:07.3,55:08.2,7.5,,1
UP009026,APP03241,Identity,Successful,21:08.7,34:54.1,5.08,,1
UP009027,APP03241,Income,Successful,30:16.7,39:48.9,2.35,,1
UP009028,APP03241,Additional Document,Successful,38:08.8,59:51.6,5.33,,1
UP009029,APP03242,Identity,Successful,40:12.3,54:39.6,6.13,,1
UP009030,APP03242,Income,Successful,44:55.2,58:19.2,2.7,,1
UP009031,APP03242,Additional Document,Successful,49:00.4,10:03.4,10.51,,1
UP009032,APP03243,Identity,Successful,16:38.7,37:57.3,3.04,,1
UP009033,APP03243,Income,Successful,26:04.8,50:59.1,1.46,,1
UP009034,APP03243,Additional Document,Failed,33:42.1,04:53.0,7.17,FILE_TOO_LARGE,1
UP009035,APP03243,Additional Document,Successful,31:07.4,03:24.7,6.34,,2
UP009036,APP03244,Identity,Successful,00:45.6,14:17.0,2.73,,1
UP009037,APP03244,Income,Successful,07:02.2,20:52.9,5.5,,1
UP009038,APP03244,Additional Document,Successful,16:11.8,43:38.7,4.63,,1
UP009039,APP03245,Identity,Successful,16:24.1,34:37.6,2.89,,1
UP009040,APP03245,Income,Successful,21:43.6,42:14.5,0.71,,1
UP009041,APP03245,Additional Document,Successful,22:07.7,51:03.6,1.77,,1
UP009042,APP03246,Identity,Successful,28:39.4,37:27.8,1.67,,1
UP009043,APP03246,Income,Successful,27:13.9,45:17.5,2.47,,1
UP009044,APP03246,Additional Document,Successful,27:54.8,52:54.0,7.17,,1
UP009045,APP03247,Identity,Successful,29:40.5,47:11.3,5.46,,1
UP009046,APP03247,Income,Successful,31:29.9,00:59.1,2.89,,1
UP009047,APP03247,Additional Document,Successful,39:57.1,02:30.6,10.98,,1
UP009048,APP03248,Identity,Successful,20:33.9,39:34.3,4.91,,1
UP009049,APP03248,Income,Successful,28:37.6,46:15.0,4.89,,1
UP009050,APP03248,Additional Document,Failed,31:38.5,55:20.5,8.03,TRANSFER_ERROR,1
UP009051,APP03248,Additional Document,Failed,38:50.4,04:02.2,3.81,TRANSFER_ERROR,2
UP009052,APP03248,Additional Document,Successful,27:14.4,43:58.6,6.77,,3
UP009053,APP03249,Identity,Successful,32:58.5,54:52.6,4.94,,1
UP009054,APP03249,Income,Successful,38:01.2,55:52.5,4.55,,1
UP009055,APP03249,Additional Document,Successful,44:22.1,09:58.4,7.41,,1
UP009056,APP03250,Identity,Successful,46:34.1,57:37.0,1.57,,1
UP009057,APP03250,Income,Successful,01:40.6,17:26.3,4.61,,1
UP009058,APP03250,Additional Document,Successful,56:02.8,24:28.2,7.9,,1
UP009059,APP03251,Identity,Successful,44:18.9,59:38.0,5.37,,1
UP009060,APP03251,Income,Successful,46:38.6,11:50.5,4.15,,1
UP009061,APP03251,Additional Document,Successful,53:07.6,25:39.8,9.58,,1
UP009062,APP03252,Identity,Successful,11:15.2,31:44.9,4.31,,1
UP009063,APP03252,Income,Failed,06:13.0,21:34.8,2.26,UPLOAD_TIMEOUT,1
UP009064,APP03252,Income,Failed,04:15.4,13:50.7,1.14,UPLOAD_TIMEOUT,2
UP009065,APP03252,Income,Successful,07:15.9,28:01.2,4.86,,3
UP009066,APP03252,Additional Document,Failed,20:25.9,48:18.2,8,TRANSFER_ERROR,1
UP009067,APP03252,Additional Document,Successful,09:27.1,44:30.2,6.32,,2
UP009068,APP03253,Identity,Successful,01:36.7,24:57.6,3.77,,1
UP009069,APP03253,Income,Successful,11:43.4,28:41.2,4.84,,1
UP009070,APP03253,Additional Document,Failed,20:20.5,47:54.8,6.26,UPLOAD_TIMEOUT,1
UP009071,APP03253,Additional Document,Failed,25:47.8,49:42.5,5.19,UPLOAD_TIMEOUT,2
UP009072,APP03253,Additional Document,Successful,14:29.2,40:42.8,5.83,,3
UP009073,APP03254,Identity,Successful,45:58.2,15:13.9,6.13,,1
UP009074,APP03254,Income,Successful,42:03.5,09:26.3,5.06,,1
UP009075,APP03254,Additional Document,Successful,33:41.9,03:50.3,7.01,,1
UP009076,APP03255,Identity,Failed,08:10.8,25:56.6,2.92,UPLOAD_TIMEOUT,1
UP009077,APP03255,Identity,Successful,13:59.3,35:14.9,2.08,,2
UP009078,APP03255,Income,Successful,23:37.0,46:05.7,1.8,,1
UP009079,APP03255,Additional Document,Successful,21:09.6,48:18.7,4.72,,1
UP009080,APP03256,Identity,Successful,33:28.4,00:05.6,6.5,,1
UP009081,APP03256,Income,Failed,35:03.5,56:16.2,3.57,UPLOAD_TIMEOUT,1
UP009082,APP03256,Income,Successful,19:07.6,33:56.7,3.55,,2
UP009083,APP03256,Additional Document,Successful,43:28.5,12:51.4,5.92,,1
UP009084,APP03257,Identity,Successful,25:39.4,53:13.4,3.77,,1
UP009085,APP03257,Income,Successful,22:13.3,46:10.4,4.92,,1
UP009086,APP03257,Additional Document,Failed,22:54.5,50:57.4,7.71,FILE_TOO_LARGE,1
UP009087,APP03257,Additional Document,Failed,18:50.6,37:59.2,6.48,TRANSFER_ERROR,2
UP009088,APP03257,Additional Document,Successful,26:12.3,48:27.3,8.62,,3
UP009089,APP03258,Identity,Successful,22:36.7,42:43.6,3.65,,1
UP009090,APP03258,Income,Successful,32:22.3,55:15.4,3.42,,1
UP009091,APP03258,Additional Document,Successful,24:34.8,54:18.7,5.32,,1
UP009092,APP03259,Identity,Successful,01:18.5,19:35.6,0.5,,1
UP009093,APP03259,Income,Successful,04:17.5,24:49.4,2.08,,1
UP009094,APP03259,Additional Document,Successful,04:57.2,30:34.9,2.48,,1
UP009095,APP03260,Identity,Successful,00:17.6,15:39.9,4.02,,1
UP009096,APP03260,Income,Successful,00:38.0,15:50.1,6.85,,1
UP009097,APP03260,Additional Document,Failed,00:42.9,28:32.7,7.03,FILE_TOO_LARGE,1
UP009098,APP03260,Additional Document,Failed,03:49.3,34:45.1,7.35,FILE_TOO_LARGE,2
UP009099,APP03260,Additional Document,Successful,08:21.5,30:32.3,8.52,,3
UP009100,APP03261,Identity,Successful,15:37.2,35:21.5,5.12,,1
UP009101,APP03261,Income,Successful,15:50.0,38:54.2,5.9,,1
UP009102,APP03261,Additional Document,Successful,29:46.6,03:03.5,6.48,,1
UP009103,APP03262,Identity,Failed,34:15.1,59:35.6,2.38,UPLOAD_TIMEOUT,1
UP009104,APP03262,Identity,Successful,38:51.3,57:53.1,3.33,,2
UP009105,APP03262,Income,Successful,48:43.6,07:29.0,4.23,,1
UP009106,APP03262,Additional Document,Successful,53:32.6,18:14.5,6.87,,1
UP009107,APP03263,Identity,Successful,46:03.1,08:27.3,2.96,,1
UP009108,APP03263,Income,Successful,53:23.8,21:06.7,2.3,,1
UP009109,APP03263,Additional Document,Successful,59:55.6,26:53.2,8.73,,1
UP009110,APP03264,Identity,Successful,19:47.3,40:30.0,4.58,,1
UP009111,APP03264,Income,Successful,24:55.7,45:10.8,2.73,,1
UP009112,APP03264,Additional Document,Failed,21:27.5,50:00.5,8.4,TRANSFER_ERROR,1
UP009113,APP03264,Additional Document,Successful,30:51.2,55:17.0,8.72,,2
UP009114,APP03265,Identity,Successful,30:56.7,53:22.9,3.16,,1
UP009115,APP03265,Income,Successful,36:44.2,08:22.7,3.41,,1
UP009116,APP03265,Additional Document,Successful,41:02.5,12:12.8,6.19,,1
UP009117,APP03266,Identity,Successful,31:03.1,56:14.8,0.5,,1
UP009118,APP03266,Income,Successful,47:08.0,03:16.3,2.94,,1
UP009119,APP03266,Additional Document,Successful,47:50.4,14:27.5,8.08,,1
UP009120,APP03267,Identity,Successful,40:48.6,03:06.0,4.23,,1
UP009121,APP03267,Income,Successful,54:12.3,10:14.0,4.04,,1
UP009122,APP03267,Additional Document,Failed,49:22.0,09:23.7,7.13,UPLOAD_TIMEOUT,1
UP009123,APP03267,Additional Document,Failed,59:23.1,40:28.1,6.82,UPLOAD_TIMEOUT,2
UP009124,APP03267,Additional Document,Successful,52:53.9,15:02.4,5.33,,3
UP009125,APP03268,Identity,Successful,41:50.9,52:29.3,4.14,,1
UP009126,APP03268,Income,Successful,46:18.0,05:27.5,6.24,,1
UP009127,APP03268,Additional Document,Successful,46:52.7,09:01.8,7.67,,1
UP009128,APP03269,Identity,Failed,17:39.4,44:26.9,2.57,FILE_TOO_LARGE,1
UP009129,APP03269,Identity,Successful,30:08.3,45:20.5,3.23,,2
UP009130,APP03269,Income,Successful,26:48.9,47:51.3,7.25,,1
UP009131,APP03269,Additional Document,Failed,30:26.5,51:51.0,5.49,UPLOAD_TIMEOUT,1
UP009132,APP03269,Additional Document,Failed,24:35.5,58:17.0,7.26,TRANSFER_ERROR,2
UP009133,APP03269,Additional Document,Successful,32:56.3,02:06.3,8.95,,3
UP009134,APP03270,Identity,Failed,44:21.2,06:41.0,3.28,UPLOAD_TIMEOUT,1
UP009135,APP03270,Identity,Failed,05:05.9,22:26.8,0.73,TRANSFER_ERROR,2
UP009136,APP03270,Identity,Successful,57:58.2,20:18.5,3.68,,3
UP009137,APP03270,Income,Successful,50:28.4,15:51.0,1.04,,1
UP009138,APP03270,Additional Document,Successful,10:34.6,37:35.6,8.76,,1
UP009139,APP03271,Identity,Successful,11:25.4,32:43.5,3.43,,1
UP009140,APP03271,Income,Successful,16:21.2,31:15.7,4.23,,1
UP009141,APP03271,Additional Document,Successful,20:31.0,45:29.5,6.56,,1
UP009142,APP03272,Identity,Successful,43:47.4,52:06.4,2.55,,1
UP009143,APP03272,Income,Failed,32:25.4,44:16.3,5.67,TRANSFER_ERROR,1
UP009144,APP03272,Income,Failed,35:45.3,50:13.6,3.53,FILE_TOO_LARGE,2
UP009145,APP03272,Income,Successful,37:05.7,59:16.1,3.01,,3
UP009146,APP03272,Additional Document,Successful,41:22.7,05:56.6,3.76,,1
UP009147,APP03273,Identity,Failed,25:00.0,45:17.7,5.09,UPLOAD_TIMEOUT,1
UP009148,APP03273,Identity,Successful,37:38.6,57:40.7,4.92,,2
UP009149,APP03273,Income,Successful,44:37.4,58:54.6,5.4,,1
UP009150,APP03273,Additional Document,Successful,46:19.7,11:22.4,8.36,,1
UP009151,APP03274,Identity,Successful,28:35.7,52:36.6,3.61,,1
UP009152,APP03274,Income,Successful,33:49.2,46:22.2,4.94,,1
UP009153,APP03274,Additional Document,Successful,31:57.8,56:44.3,8.5,,1
UP009154,APP03275,Identity,Successful,52:02.5,17:56.2,2.16,,1
UP009155,APP03275,Income,Successful,03:16.9,17:56.7,2.31,,1
UP009156,APP03275,Additional Document,Successful,09:00.3,39:33.3,6.93,,1
UP009157,APP03276,Identity,Successful,52:10.1,12:25.0,2.64,,1
UP009158,APP03276,Income,Successful,51:12.9,04:44.8,1.34,,1
UP009159,APP03276,Additional Document,Successful,55:36.2,28:48.0,3.22,,1
UP009160,APP03277,Identity,Failed,18:01.9,37:07.4,3.31,UPLOAD_TIMEOUT,1
UP009161,APP03277,Identity,Successful,11:14.7,29:45.4,3.21,,2
UP009162,APP03277,Income,Successful,17:58.3,38:39.0,3.93,,1
UP009163,APP03277,Additional Document,Failed,22:55.7,03:37.9,5.07,TRANSFER_ERROR,1
UP009164,APP03277,Additional Document,Successful,26:47.7,54:11.6,8.1,,2
UP009165,APP03278,Identity,Successful,19:29.7,38:32.0,3.62,,1
UP009166,APP03278,Income,Successful,24:03.9,38:14.1,3.93,,1
UP009167,APP03278,Additional Document,Successful,24:37.4,49:33.4,8.26,,1
UP009168,APP03279,Identity,Successful,14:52.3,24:41.4,3.74,,1
UP009169,APP03279,Income,Successful,04:20.3,16:05.6,0.5,,1
UP009170,APP03279,Additional Document,Successful,14:06.4,44:19.8,8.64,,1
UP009171,APP03280,Identity,Successful,57:18.7,28:36.5,3.46,,1
UP009172,APP03280,Income,Successful,58:47.3,17:08.8,3.31,,1
UP009173,APP03280,Additional Document,Successful,15:36.9,44:47.4,7.58,,1
UP009174,APP03281,Identity,Successful,19:59.5,42:19.4,2.59,,1
UP009175,APP03281,Income,Successful,27:34.8,52:32.9,3.33,,1
UP009176,APP03281,Additional Document,Failed,36:31.9,08:32.6,6.85,FILE_TOO_LARGE,1
UP009177,APP03281,Additional Document,Successful,29:26.3,55:25.2,8.99,,2
UP009178,APP03282,Identity,Successful,04:31.2,19:07.8,2.12,,1
UP009179,APP03282,Income,Successful,59:15.9,26:20.1,3.57,,1
UP009180,APP03282,Additional Document,Successful,19:50.1,44:53.8,6.69,,1
UP009181,APP03283,Identity,Successful,16:08.1,36:34.4,1,,1
UP009182,APP03283,Income,Failed,20:15.1,48:26.4,4.75,FILE_TOO_LARGE,1
UP009183,APP03283,Income,Failed,21:51.1,44:40.8,2.28,FILE_TOO_LARGE,2
UP009184,APP03283,Income,Successful,29:54.7,54:06.7,2.93,,3
UP009185,APP03283,Additional Document,Failed,31:39.5,00:01.0,4.35,TRANSFER_ERROR,1
UP009186,APP03283,Additional Document,Failed,29:36.5,04:29.1,6.83,TRANSFER_ERROR,2
UP009187,APP03283,Additional Document,Successful,40:01.7,05:23.8,4.98,,3
UP009188,APP03284,Identity,Successful,51:33.4,07:26.2,6.64,,1
UP009189,APP03284,Income,Successful,00:20.2,22:19.6,2.21,,1
UP009190,APP03284,Additional Document,Successful,01:55.6,30:13.6,10.38,,1
UP009191,APP03285,Identity,Successful,47:24.0,01:58.5,6.22,,1
UP009192,APP03285,Income,Successful,53:56.6,13:04.8,4.19,,1
UP009193,APP03285,Additional Document,Successful,58:46.0,26:50.2,8.06,,1
UP009194,APP03286,Identity,Successful,55:01.4,17:29.8,6.32,,1
UP009195,APP03286,Income,Successful,03:01.8,25:21.4,1.64,,1
UP009196,APP03286,Additional Document,Successful,06:41.6,31:51.4,4.71,,1
UP009197,APP03287,Identity,Failed,43:02.1,57:30.3,2.87,UPLOAD_TIMEOUT,1
UP009198,APP03287,Identity,Successful,46:44.9,05:35.2,1.79,,2
UP009199,APP03287,Income,Failed,47:11.4,10:34.7,2.59,UPLOAD_TIMEOUT,1
UP009200,APP03287,Income,Successful,53:51.8,06:34.1,3.14,,2
UP009201,APP03287,Additional Document,Failed,59:10.5,23:59.6,10.39,UPLOAD_TIMEOUT,1
UP009202,APP03287,Additional Document,Successful,01:41.2,29:17.4,6.19,,2
UP009203,APP03288,Identity,Successful,26:00.0,49:11.5,3.6,,1
UP009204,APP03288,Income,Successful,35:23.2,58:48.4,7.17,,1
UP009205,APP03288,Additional Document,Failed,50:37.4,27:14.7,8.08,TRANSFER_ERROR,1
UP009206,APP03288,Additional Document,Failed,38:46.3,59:20.0,5.17,UPLOAD_TIMEOUT,2
UP009207,APP03288,Additional Document,Successful,47:07.0,17:20.3,7.49,,3
UP009208,APP03289,Identity,Successful,11:28.6,29:43.9,6.9,,1
UP009209,APP03289,Income,Successful,25:55.3,45:24.8,7.58,,1
UP009210,APP03289,Additional Document,Failed,35:50.5,56:58.3,4.09,UPLOAD_TIMEOUT,1
UP009211,APP03289,Additional Document,Successful,41:38.9,58:17.3,2.8,,2
UP009212,APP03290,Identity,Successful,08:34.1,37:35.1,3.47,,1
UP009213,APP03290,Income,Successful,12:35.7,28:04.8,0.5,,1
UP009214,APP03290,Additional Document,Failed,19:55.0,52:46.5,9.09,UPLOAD_TIMEOUT,1
UP009215,APP03290,Additional Document,Successful,21:46.6,54:17.3,8.75,,2
UP009216,APP03291,Identity,Failed,35:56.6,03:38.3,1.61,TRANSFER_ERROR,1
UP009217,APP03291,Identity,Failed,41:58.5,05:56.9,2.84,TRANSFER_ERROR,2
UP009218,APP03291,Identity,Successful,38:31.3,01:31.5,2.37,,3
UP009219,APP03291,Income,Successful,41:43.9,02:38.7,5.04,,1
UP009220,APP03291,Additional Document,Failed,46:44.0,16:02.5,8.88,TRANSFER_ERROR,1
UP009221,APP03291,Additional Document,Successful,38:01.5,58:58.3,6.64,,2
UP009222,APP03292,Identity,Successful,13:49.9,39:40.7,4.11,,1
UP009223,APP03292,Income,Successful,11:41.5,36:22.0,4.28,,1
UP009224,APP03292,Additional Document,Successful,15:42.1,43:26.7,6.06,,1
UP009225,APP03293,Identity,Successful,23:34.0,44:41.5,2.56,,1
UP009226,APP03293,Income,Successful,13:31.4,19:20.6,3.29,,1
UP009227,APP03293,Additional Document,Successful,33:29.5,59:13.2,5.57,,1
UP009228,APP03294,Identity,Failed,31:48.6,45:38.7,3.77,UPLOAD_TIMEOUT,1
UP009229,APP03294,Identity,Successful,26:41.2,50:41.7,6.06,,2
UP009230,APP03294,Income,Successful,30:54.9,47:26.3,6.94,,1
UP009231,APP03294,Additional Document,Successful,40:42.8,07:11.3,7.89,,1
UP009232,APP03295,Identity,Failed,59:22.7,18:27.5,2.54,TRANSFER_ERROR,1
UP009233,APP03295,Identity,Failed,43:28.3,01:45.4,2.11,TRANSFER_ERROR,2
UP009234,APP03295,Identity,Successful,46:06.2,06:38.5,5.15,,3
UP009235,APP03295,Income,Successful,46:35.4,06:51.0,4.8,,1
UP009236,APP03295,Additional Document,Successful,08:18.1,26:59.6,9.08,,1
UP009237,APP03296,Identity,Failed,48:52.9,12:52.4,6.99,TRANSFER_ERROR,1
UP009238,APP03296,Identity,Successful,48:19.2,07:09.3,3.87,,2
UP009239,APP03296,Income,Successful,55:26.4,21:17.2,1.31,,1
UP009240,APP03296,Additional Document,Failed,49:13.0,07:29.6,6.5,UPLOAD_TIMEOUT,1
UP009241,APP03296,Additional Document,Successful,55:30.4,21:57.1,5.68,,2
UP009242,APP03297,Identity,Successful,45:44.5,03:42.5,6.21,,1
UP009243,APP03297,Income,Successful,43:49.4,03:29.6,1.19,,1
UP009244,APP03297,Additional Document,Failed,47:17.3,05:50.9,6.07,UPLOAD_TIMEOUT,1
UP009245,APP03297,Additional Document,Successful,54:12.8,24:34.5,6.21,,2
UP009246,APP03298,Identity,Successful,30:27.8,54:03.2,2.15,,1
UP009247,APP03298,Income,Successful,39:08.8,04:14.0,0.65,,1
UP009248,APP03298,Additional Document,Failed,39:29.6,13:44.8,5.3,TRANSFER_ERROR,1
UP009249,APP03298,Additional Document,Failed,40:20.0,59:32.1,6.54,TRANSFER_ERROR,2
UP009250,APP03298,Additional Document,Successful,54:13.3,25:11.7,8.26,,3
UP009251,APP03299,Identity,Failed,19:32.9,38:56.8,0.5,FILE_TOO_LARGE,1
UP009252,APP03299,Identity,Failed,18:58.3,41:31.8,2.6,UPLOAD_TIMEOUT,2
UP009253,APP03299,Identity,Successful,25:52.2,47:54.7,2.06,,3
UP009254,APP03299,Income,Successful,21:41.3,43:37.5,2.06,,1
UP009255,APP03299,Additional Document,Successful,24:06.2,52:49.2,4.95,,1
UP009256,APP03300,Identity,Successful,12:32.2,34:23.3,3.2,,1
UP009257,APP03300,Income,Failed,29:46.5,41:21.3,5.17,TRANSFER_ERROR,1
UP009258,APP03300,Income,Successful,32:04.4,53:21.0,6.68,,2
UP009259,APP03300,Additional Document,Successful,34:16.0,53:31.2,6.58,,1
UP009260,APP03301,Identity,Successful,05:36.5,36:02.7,1.84,,1
UP009261,APP03301,Income,Failed,12:10.4,36:08.1,7.96,UPLOAD_TIMEOUT,1
UP009262,APP03301,Income,Successful,13:42.1,41:38.3,4.46,,2
UP009263,APP03301,Additional Document,Failed,16:23.7,37:43.7,8.03,TRANSFER_ERROR,1
UP009264,APP03301,Additional Document,Successful,11:41.2,44:18.4,6.21,,2
UP009265,APP03302,Identity,Successful,06:17.6,22:52.6,3.16,,1
UP009266,APP03302,Income,Successful,16:54.7,32:20.5,1.77,,1
UP009267,APP03302,Additional Document,Failed,10:05.1,39:16.2,6.09,UPLOAD_TIMEOUT,1
UP009268,APP03302,Additional Document,Successful,18:55.5,38:12.9,6.56,,2
UP009269,APP03303,Identity,Failed,47:14.0,13:36.9,5.08,UPLOAD_TIMEOUT,1
UP009270,APP03303,Identity,Successful,58:14.3,27:18.3,1.88,,2
UP009271,APP03303,Income,Successful,58:05.8,21:43.0,2.11,,1
UP009272,APP03303,Additional Document,Failed,58:31.5,26:39.7,5.85,UPLOAD_TIMEOUT,1
UP009273,APP03303,Additional Document,Successful,00:57.1,27:38.0,4.11,,2
UP009274,APP03304,Identity,Successful,59:31.1,17:16.7,1.89,,1
UP009275,APP03304,Income,Successful,05:11.6,16:46.3,4.53,,1
UP009276,APP03304,Additional Document,Failed,56:52.1,24:02.2,6.27,FILE_TOO_LARGE,1
UP009277,APP03304,Additional Document,Successful,01:08.5,28:17.7,4.95,,2
UP009278,APP03305,Identity,Successful,05:43.1,25:01.0,4.39,,1
UP009279,APP03305,Income,Successful,12:58.0,25:41.5,7.4,,1
UP009280,APP03305,Additional Document,Successful,20:16.5,35:23.5,7.13,,1
UP009281,APP03306,Identity,Failed,35:00.3,49:13.5,4.9,TRANSFER_ERROR,1
UP009282,APP03306,Identity,Failed,36:11.3,50:03.1,2.02,FILE_TOO_LARGE,2
UP009283,APP03306,Identity,Successful,31:18.0,39:10.8,3.93,,3
UP009284,APP03306,Income,Successful,36:33.9,51:33.1,2.58,,1
UP009285,APP03306,Additional Document,Failed,43:18.9,55:59.8,4.56,FILE_TOO_LARGE,1
UP009286,APP03306,Additional Document,Successful,44:06.4,16:52.6,9.49,,2
UP009287,APP03307,Identity,Failed,52:00.0,14:37.7,1.61,FILE_TOO_LARGE,1
UP009288,APP03307,Identity,Successful,04:53.0,20:19.4,4.7,,2
UP009289,APP03307,Income,Successful,16:40.6,29:46.9,3.46,,1
UP009290,APP03307,Additional Document,Successful,19:15.2,54:18.7,4.5,,1
UP009291,APP03308,Identity,Successful,22:45.7,49:13.5,6.47,,1
UP009292,APP03308,Income,Successful,32:53.1,58:18.6,4.43,,1
UP009293,APP03308,Additional Document,Successful,29:33.1,59:19.1,5.99,,1
UP009294,APP03309,Identity,Successful,27:01.0,52:44.2,2.35,,1
UP009295,APP03309,Income,Successful,29:51.8,55:22.0,4.82,,1
UP009296,APP03309,Additional Document,Successful,44:34.6,58:26.6,9.22,,1
UP009297,APP03310,Identity,Successful,39:50.7,03:21.6,3.03,,1
UP009298,APP03310,Income,Successful,42:33.4,12:03.5,5.36,,1
UP009299,APP03310,Additional Document,Successful,48:51.8,07:22.9,5.68,,1
UP009300,APP03311,Identity,Successful,33:30.1,57:32.4,3,,1
UP009301,APP03311,Income,Successful,34:48.0,52:23.9,2.67,,1
UP009302,APP03311,Additional Document,Successful,42:47.4,55:40.1,9.11,,1
UP009303,APP03312,Identity,Successful,55:46.1,13:30.2,2.7,,1
UP009304,APP03312,Income,Successful,09:48.7,27:10.4,4.2,,1
UP009305,APP03312,Additional Document,Successful,21:48.0,37:10.1,10.05,,1
UP009306,APP03313,Identity,Failed,58:14.4,24:01.3,3.72,UPLOAD_TIMEOUT,1
UP009307,APP03313,Identity,Failed,44:58.3,14:39.1,2.57,UPLOAD_TIMEOUT,2
UP009308,APP03313,Identity,Successful,04:07.4,22:07.4,6.29,,3
UP009309,APP03313,Income,Failed,54:20.9,19:15.3,3.82,UPLOAD_TIMEOUT,1
UP009310,APP03313,Income,Successful,03:11.1,28:16.5,4.95,,2
UP009311,APP03313,Additional Document,Successful,00:05.5,20:08.5,8.05,,1
UP009312,APP03314,Identity,Successful,25:11.6,44:54.1,2.46,,1
UP009313,APP03314,Income,Failed,19:16.9,33:31.9,3.82,UPLOAD_TIMEOUT,1
UP009314,APP03314,Income,Successful,28:42.3,46:47.5,3.49,,2
UP009315,APP03314,Additional Document,Successful,34:39.8,01:31.1,6.99,,1
UP009316,APP03315,Identity,Successful,44:03.2,10:31.7,2.8,,1
UP009317,APP03315,Income,Successful,47:41.5,13:20.7,1.69,,1
UP009318,APP03315,Additional Document,Failed,48:05.0,07:02.1,6.29,UPLOAD_TIMEOUT,1
UP009319,APP03315,Additional Document,Successful,58:25.1,22:48.0,3.85,,2
UP009320,APP03316,Identity,Successful,48:52.4,14:38.4,3.42,,1
UP009321,APP03316,Income,Successful,05:39.8,29:57.5,4.36,,1
UP009322,APP03316,Additional Document,Successful,10:34.4,40:39.5,9.64,,1
UP009323,APP03317,Identity,Successful,38:07.8,56:03.7,3.63,,1
UP009324,APP03317,Income,Successful,39:17.9,50:24.1,5.54,,1
UP009325,APP03317,Additional Document,Successful,49:08.4,06:58.6,7.44,,1
UP009326,APP03318,Identity,Successful,39:50.9,00:51.0,1.91,,1
UP009327,APP03318,Income,Successful,46:41.8,09:59.4,0.88,,1
UP009328,APP03318,Additional Document,Failed,53:09.6,16:46.2,8.38,UPLOAD_TIMEOUT,1
UP009329,APP03318,Additional Document,Successful,01:17.9,20:28.4,9.64,,2
UP009330,APP03319,Identity,Successful,21:12.6,39:18.2,3.73,,1
UP009331,APP03319,Income,Successful,26:58.7,52:34.5,6,,1
UP009332,APP03319,Additional Document,Successful,35:34.4,53:16.5,5.4,,1
UP009333,APP03320,Identity,Successful,57:27.3,13:04.2,0.66,,1
UP009334,APP03320,Income,Failed,54:58.7,10:11.1,2.07,FILE_TOO_LARGE,1
UP009335,APP03320,Income,Successful,01:27.2,25:54.4,0.5,,2
UP009336,APP03320,Additional Document,Successful,05:50.2,33:27.8,8.51,,1
UP009337,APP03321,Identity,Successful,56:08.5,07:52.2,2.75,,1
UP009338,APP03321,Income,Successful,55:23.2,06:05.3,2.66,,1
UP009339,APP03321,Additional Document,Successful,15:13.3,28:30.6,8.32,,1
UP009340,APP03322,Identity,Successful,24:34.9,37:12.7,6.76,,1
UP009341,APP03322,Income,Successful,38:40.3,55:42.9,4.73,,1
UP009342,APP03322,Additional Document,Successful,45:05.7,25:07.0,6.46,,1
UP009343,APP03323,Identity,Successful,26:12.9,48:43.4,6.56,,1
UP009344,APP03323,Income,Successful,42:48.4,10:32.2,5.15,,1
UP009345,APP03323,Additional Document,Failed,40:53.9,09:34.9,6.56,UPLOAD_TIMEOUT,1
UP009346,APP03323,Additional Document,Failed,47:35.9,17:56.6,8.76,TRANSFER_ERROR,2
UP009347,APP03323,Additional Document,Successful,49:49.8,28:45.4,7.42,,3
UP009348,APP03324,Identity,Successful,43:10.1,05:53.1,2.49,,1
UP009349,APP03324,Income,Successful,49:13.1,08:55.0,1.87,,1
UP009350,APP03324,Additional Document,Successful,50:39.5,07:59.2,6.32,,1
UP009351,APP03325,Identity,Successful,29:07.5,48:52.7,1.86,,1
UP009352,APP03325,Income,Successful,41:50.2,52:56.8,2.63,,1
UP009353,APP03325,Additional Document,Successful,45:55.1,01:24.3,6.69,,1
UP009354,APP03326,Identity,Successful,40:42.7,49:34.9,2.65,,1
UP009355,APP03326,Income,Successful,48:36.8,54:09.8,6.43,,1
UP009356,APP03326,Additional Document,Successful,01:34.1,24:55.3,9.64,,1
UP009357,APP03327,Identity,Successful,09:52.0,32:42.8,2.01,,1
UP009358,APP03327,Income,Successful,14:59.6,25:50.8,2.42,,1
UP009359,APP03327,Additional Document,Failed,15:14.9,31:44.8,7.79,UPLOAD_TIMEOUT,1
UP009360,APP03327,Additional Document,Failed,22:09.1,44:33.0,9.08,TRANSFER_ERROR,2
UP009361,APP03327,Additional Document,Successful,22:07.8,45:00.5,9.33,,3
UP009362,APP03328,Identity,Successful,13:32.1,34:37.5,1.64,,1
UP009363,APP03328,Income,Successful,12:59.4,36:08.1,3.83,,1
UP009364,APP03328,Additional Document,Successful,20:47.1,49:29.0,8.21,,1
UP009365,APP03329,Identity,Successful,21:41.0,54:01.0,0.91,,1
UP009366,APP03329,Income,Failed,30:00.5,43:37.5,3.93,FILE_TOO_LARGE,1
UP009367,APP03329,Income,Successful,13:18.9,37:04.1,2.96,,2
UP009368,APP03329,Additional Document,Failed,25:23.1,45:42.9,7.28,UPLOAD_TIMEOUT,1
UP009369,APP03329,Additional Document,Successful,28:51.4,50:29.5,4.76,,2
UP009370,APP03330,Identity,Successful,10:06.3,35:22.9,4.61,,1
UP009371,APP03330,Income,Successful,16:44.7,38:11.4,4.08,,1
UP009372,APP03330,Additional Document,Successful,19:39.8,37:55.0,5.91,,1
UP009373,APP03331,Identity,Successful,04:53.6,20:04.0,5.82,,1
UP009374,APP03331,Income,Successful,17:08.4,32:37.8,5.49,,1
UP009375,APP03331,Additional Document,Successful,19:23.4,44:40.0,6.75,,1
UP009376,APP03332,Identity,Successful,35:43.2,50:28.6,0.5,,1
UP009377,APP03332,Income,Successful,43:28.1,56:09.9,2.4,,1
UP009378,APP03332,Additional Document,Failed,50:32.4,17:01.1,1.42,UPLOAD_TIMEOUT,1
UP009379,APP03332,Additional Document,Successful,39:05.3,01:40.0,6.75,,2
UP009380,APP03333,Identity,Successful,05:05.9,17:08.4,4.02,,1
UP009381,APP03333,Income,Successful,22:50.3,37:46.1,5.72,,1
UP009382,APP03333,Additional Document,Successful,16:56.7,41:01.0,7.56,,1
UP009383,APP03334,Identity,Successful,38:12.2,52:28.7,1.92,,1
UP009384,APP03334,Income,Successful,47:32.7,10:02.6,3.12,,1
UP009385,APP03334,Additional Document,Successful,54:58.2,33:34.7,6.68,,1
UP009386,APP03335,Identity,Successful,12:14.1,31:39.9,5.39,,1
UP009387,APP03335,Income,Successful,22:06.4,52:03.3,0.5,,1
UP009388,APP03335,Additional Document,Successful,19:53.2,50:15.7,3.94,,1
UP009389,APP03336,Identity,Failed,05:55.9,24:43.2,5.28,UPLOAD_TIMEOUT,1
UP009390,APP03336,Identity,Successful,00:51.9,21:14.7,4.99,,2
UP009391,APP03336,Income,Successful,04:43.6,31:16.1,4.75,,1
UP009392,APP03336,Additional Document,Successful,15:31.2,44:32.9,5.74,,1
UP009393,APP03337,Identity,Successful,55:33.1,17:49.1,3.87,,1
UP009394,APP03337,Income,Failed,53:22.7,03:27.7,0.88,FILE_TOO_LARGE,1
UP009395,APP03337,Income,Successful,58:06.6,09:17.6,2.61,,2
UP009396,APP03337,Additional Document,Failed,01:33.8,27:44.4,7.75,UPLOAD_TIMEOUT,1
UP009397,APP03337,Additional Document,Failed,02:04.7,32:20.5,6.92,TRANSFER_ERROR,2
UP009398,APP03337,Additional Document,Successful,06:08.8,23:18.7,5.06,,3
UP009399,APP03338,Identity,Successful,44:49.8,13:59.7,4.08,,1
UP009400,APP03338,Income,Successful,46:35.1,10:38.3,3.72,,1
UP009401,APP03338,Additional Document,Successful,04:39.9,33:17.3,5.5,,1
UP009402,APP03339,Identity,Successful,10:42.9,27:22.1,2.91,,1
UP009403,APP03339,Income,Failed,16:40.9,44:22.2,4.5,UPLOAD_TIMEOUT,1
UP009404,APP03339,Income,Failed,17:22.7,37:45.3,1.58,UPLOAD_TIMEOUT,2
UP009405,APP03339,Income,Successful,17:03.8,28:32.7,1.58,,3
UP009406,APP03339,Additional Document,Successful,25:19.5,02:12.3,3.47,,1
UP009407,APP03340,Identity,Successful,36:24.7,15:35.2,3.03,,1
UP009408,APP03340,Income,Failed,47:44.1,09:49.9,2.46,TRANSFER_ERROR,1
UP009409,APP03340,Income,Successful,54:25.3,14:51.0,2.51,,2
UP009410,APP03340,Additional Document,Failed,48:09.1,23:37.9,7.15,FILE_TOO_LARGE,1
UP009411,APP03340,Additional Document,Failed,47:07.3,21:02.2,7.21,UPLOAD_TIMEOUT,2
UP009412,APP03340,Additional Document,Successful,01:05.0,33:31.3,6.07,,3
UP009413,APP03341,Identity,Successful,18:58.4,36:31.0,1.12,,1
UP009414,APP03341,Income,Successful,29:37.8,39:22.1,1.21,,1
UP009415,APP03341,Additional Document,Successful,32:13.7,02:32.4,10.75,,1
UP009416,APP03342,Identity,Successful,46:40.3,06:36.8,3.3,,1
UP009417,APP03342,Income,Failed,49:34.9,14:47.4,5.11,UPLOAD_TIMEOUT,1
UP009418,APP03342,Income,Successful,46:23.3,00:25.3,3.03,,2
UP009419,APP03342,Additional Document,Failed,00:21.1,37:09.3,5.95,UPLOAD_TIMEOUT,1
UP009420,APP03342,Additional Document,Failed,49:30.9,17:24.2,7.9,FILE_TOO_LARGE,2
UP009421,APP03342,Additional Document,Successful,47:36.3,07:50.1,8.28,,3
UP009422,APP03343,Identity,Failed,21:30.0,51:13.4,5.19,UPLOAD_TIMEOUT,1
UP009423,APP03343,Identity,Failed,17:00.7,41:55.0,1.91,UPLOAD_TIMEOUT,2
UP009424,APP03343,Identity,Successful,12:19.0,23:17.0,3.64,,3
UP009425,APP03343,Income,Failed,22:28.3,43:14.9,3.85,UPLOAD_TIMEOUT,1
UP009426,APP03343,Income,Successful,19:46.6,41:18.8,3.33,,2
UP009427,APP03343,Additional Document,Successful,23:04.7,39:51.5,5.62,,1
UP009428,APP03344,Identity,Successful,44:52.1,06:53.2,2.87,,1
UP009429,APP03344,Income,Successful,51:36.7,05:13.0,3.01,,1
UP009430,APP03344,Additional Document,Successful,52:15.0,17:26.5,9.07,,1
UP009431,APP03345,Identity,Failed,00:24.0,14:19.5,3.45,TRANSFER_ERROR,1
UP009432,APP03345,Identity,Failed,00:35.5,24:22.1,5.06,FILE_TOO_LARGE,2
UP009433,APP03345,Identity,Successful,08:05.8,28:45.8,3.02,,3
UP009434,APP03345,Income,Failed,02:24.6,15:25.5,4.92,FILE_TOO_LARGE,1
UP009435,APP03345,Income,Failed,07:42.4,28:43.3,3.12,TRANSFER_ERROR,2
UP009436,APP03345,Income,Successful,58:31.6,14:01.8,2.23,,3
UP009437,APP03345,Additional Document,Successful,19:16.4,38:54.5,2.2,,1
UP009438,APP03346,Identity,Successful,07:12.9,25:38.3,2.46,,1
UP009439,APP03346,Income,Successful,09:46.0,31:11.9,3.81,,1
UP009440,APP03346,Additional Document,Successful,20:17.0,45:54.4,7.87,,1
UP009441,APP03347,Identity,Failed,54:48.4,23:42.9,3.86,FILE_TOO_LARGE,1
UP009442,APP03347,Identity,Failed,00:36.8,12:58.9,3.6,UPLOAD_TIMEOUT,2
UP009443,APP03347,Identity,Successful,49:51.1,11:21.6,4.51,,3
UP009444,APP03347,Income,Successful,54:29.5,17:46.7,2.72,,1
UP009445,APP03347,Additional Document,Successful,09:55.5,33:10.8,4.49,,1
UP009446,APP03348,Identity,Failed,50:15.5,05:47.8,3.37,UPLOAD_TIMEOUT,1
UP009447,APP03348,Identity,Successful,03:50.6,20:47.3,2.73,,2
UP009448,APP03348,Income,Successful,59:46.5,18:20.0,0.86,,1
UP009449,APP03348,Additional Document,Successful,57:43.8,24:40.9,8.87,,1
UP009450,APP03349,Identity,Successful,23:14.0,38:57.4,0.6,,1
UP009451,APP03349,Income,Successful,30:11.1,52:29.9,3.3,,1
UP009452,APP03349,Additional Document,Successful,36:40.9,05:03.9,6.41,,1
UP009453,APP03350,Identity,Failed,35:40.9,51:22.2,4.93,UPLOAD_TIMEOUT,1
UP009454,APP03350,Identity,Successful,32:09.8,48:11.2,2.57,,2
UP009455,APP03350,Income,Successful,44:31.5,05:06.8,0.54,,1
UP009456,APP03350,Additional Document,Successful,36:25.3,58:42.9,5.08,,1
UP009457,APP03351,Identity,Successful,23:09.2,41:21.4,5.93,,1
UP009458,APP03351,Income,Successful,35:20.8,56:26.1,2.94,,1
UP009459,APP03351,Additional Document,Successful,42:28.3,05:42.2,7.11,,1
UP009460,APP03352,Identity,Failed,41:07.8,56:53.8,1.12,TRANSFER_ERROR,1
UP009461,APP03352,Identity,Successful,48:26.2,14:24.0,5.26,,2
UP009462,APP03352,Income,Successful,52:06.9,16:01.7,1.65,,1
UP009463,APP03352,Additional Document,Successful,57:22.4,17:32.3,5.49,,1
UP009464,APP03353,Identity,Successful,48:46.0,07:41.1,2.55,,1
UP009465,APP03353,Income,Failed,46:56.9,03:23.8,4.03,UPLOAD_TIMEOUT,1
UP009466,APP03353,Income,Successful,56:22.3,16:46.4,2.68,,2
UP009467,APP03353,Additional Document,Failed,57:08.5,20:43.2,7.5,FILE_TOO_LARGE,1
UP009468,APP03353,Additional Document,Failed,54:46.8,18:26.6,6.06,TRANSFER_ERROR,2
UP009469,APP03353,Additional Document,Successful,48:20.4,07:00.2,5.64,,3
UP009470,APP03354,Identity,Failed,41:55.8,00:44.9,2.33,UPLOAD_TIMEOUT,1
UP009471,APP03354,Identity,Failed,40:58.7,07:02.8,4.8,UPLOAD_TIMEOUT,2
UP009472,APP03354,Identity,Successful,45:35.0,04:31.5,3.56,,3
UP009473,APP03354,Income,Successful,46:50.0,01:49.9,2.98,,1
UP009474,APP03354,Additional Document,Successful,44:56.7,17:12.3,5.75,,1
UP009475,APP03355,Identity,Successful,36:20.0,05:24.7,3.33,,1
UP009476,APP03355,Income,Successful,32:54.3,42:45.8,6.97,,1
UP009477,APP03355,Additional Document,Successful,55:50.8,19:28.6,7.99,,1
UP009478,APP03356,Identity,Successful,47:46.8,14:59.2,1.04,,1
UP009479,APP03356,Income,Successful,07:04.9,29:53.0,1.17,,1
UP009480,APP03356,Additional Document,Successful,56:32.1,26:16.6,7.15,,1
UP009481,APP03357,Identity,Failed,33:30.0,42:06.0,3.92,UPLOAD_TIMEOUT,1
UP009482,APP03357,Identity,Failed,33:19.5,46:07.5,2.29,FILE_TOO_LARGE,2
UP009483,APP03357,Identity,Successful,33:52.2,48:02.9,3.22,,3
UP009484,APP03357,Income,Successful,26:22.9,54:06.5,8.03,,1
UP009485,APP03357,Additional Document,Successful,42:55.9,56:15.9,9.14,,1
UP009486,APP03358,Identity,Successful,05:52.8,18:26.9,3.49,,1
UP009487,APP03358,Income,Failed,17:24.8,43:54.5,3.3,UPLOAD_TIMEOUT,1
UP009488,APP03358,Income,Successful,16:52.6,43:47.8,2.95,,2
UP009489,APP03358,Additional Document,Successful,19:25.7,52:00.5,4.19,,1
UP009490,APP03359,Identity,Successful,28:56.0,45:50.0,4.21,,1
UP009491,APP03359,Income,Successful,25:43.2,58:22.4,4.55,,1
UP009492,APP03359,Additional Document,Successful,27:17.6,55:07.1,8.72,,1
UP009493,APP03360,Identity,Successful,21:05.5,45:30.5,6.53,,1
UP009494,APP03360,Income,Successful,20:23.3,41:00.9,3.13,,1
UP009495,APP03360,Additional Document,Successful,24:21.6,49:00.3,6.81,,1
UP009496,APP03361,Identity,Successful,09:25.9,27:45.2,4.07,,1
UP009497,APP03361,Income,Successful,18:04.1,34:52.6,0.67,,1
UP009498,APP03361,Additional Document,Failed,25:57.3,47:55.7,8.77,FILE_TOO_LARGE,1
UP009499,APP03361,Additional Document,Successful,26:50.2,52:29.7,6.39,,2
UP009500,APP03362,Identity,Successful,35:38.7,49:27.2,2.07,,1
UP009501,APP03362,Income,Successful,44:27.5,57:28.7,2.13,,1
UP009502,APP03362,Additional Document,Successful,56:50.1,18:48.5,9.8,,1
UP009503,APP03363,Identity,Successful,16:02.2,31:51.8,5.25,,1
UP009504,APP03363,Income,Successful,16:22.3,34:45.5,0.95,,1
UP009505,APP03363,Additional Document,Successful,14:18.5,44:43.0,5.9,,1
UP009506,APP03364,Identity,Failed,26:10.7,49:55.1,4.93,TRANSFER_ERROR,1
UP009507,APP03364,Identity,Successful,34:28.2,00:53.1,6.53,,2
UP009508,APP03364,Income,Successful,37:17.2,56:57.9,4.92,,1
UP009509,APP03364,Additional Document,Successful,54:42.1,22:26.9,5.83,,1
UP009510,APP03365,Identity,Successful,32:17.7,49:30.8,4.28,,1
UP009511,APP03365,Income,Successful,41:56.1,58:15.0,4.92,,1
UP009512,APP03365,Additional Document,Successful,50:22.0,13:03.6,10.24,,1
UP009513,APP03366,Identity,Successful,15:01.8,31:54.6,4.52,,1
UP009514,APP03366,Income,Successful,10:00.0,29:49.3,3.42,,1
UP009515,APP03366,Additional Document,Successful,37:34.6,03:21.5,6.91,,1
UP009516,APP03367,Identity,Successful,49:03.0,00:43.6,2.46,,1
UP009517,APP03367,Income,Successful,08:06.4,26:32.3,2.82,,1
UP009518,APP03367,Additional Document,Successful,59:29.4,26:28.5,5.17,,1
UP009519,APP03368,Identity,Successful,36:54.8,50:21.0,5.06,,1
UP009520,APP03368,Income,Successful,46:46.4,04:58.9,7.73,,1
UP009521,APP03368,Additional Document,Successful,42:35.9,59:11.7,7.25,,1
UP009522,APP03369,Identity,Successful,50:36.6,07:29.8,3.73,,1
UP009523,APP03369,Income,Successful,04:28.9,30:16.7,0.5,,1
UP009524,APP03369,Additional Document,Failed,08:28.5,35:29.4,7.37,UPLOAD_TIMEOUT,1
UP009525,APP03369,Additional Document,Failed,59:37.2,35:17.5,7.38,UPLOAD_TIMEOUT,2
UP009526,APP03369,Additional Document,Successful,12:05.8,34:56.3,7.01,,3
UP009527,APP03370,Identity,Successful,06:06.1,25:52.1,5.64,,1
UP009528,APP03370,Income,Successful,07:04.5,28:56.2,2.92,,1
UP009529,APP03370,Additional Document,Successful,09:34.8,36:58.8,4.66,,1
UP009530,APP03371,Identity,Successful,11:22.1,27:50.5,2.69,,1
UP009531,APP03371,Income,Successful,11:06.6,27:52.8,4.68,,1
UP009532,APP03371,Additional Document,Failed,15:02.1,43:56.1,6.36,UPLOAD_TIMEOUT,1
UP009533,APP03371,Additional Document,Successful,19:14.0,40:15.2,8.73,,2
UP009534,APP03372,Identity,Failed,11:45.9,34:57.7,4.07,FILE_TOO_LARGE,1
UP009535,APP03372,Identity,Successful,15:37.0,42:23.0,1.38,,2
UP009536,APP03372,Income,Successful,19:02.3,34:21.3,8.45,,1
UP009537,APP03372,Additional Document,Failed,31:11.9,52:42.2,6.21,UPLOAD_TIMEOUT,1
UP009538,APP03372,Additional Document,Successful,31:02.7,57:04.9,6.73,,2
UP009539,APP03373,Identity,Successful,07:36.7,31:34.0,1.19,,1
UP009540,APP03373,Income,Successful,16:50.3,38:09.6,3.36,,1
UP009541,APP03373,Additional Document,Successful,13:01.4,43:47.1,11,,1
UP009542,APP03374,Identity,Successful,55:35.9,05:58.4,0.5,,1
UP009543,APP03374,Income,Successful,48:24.3,14:59.5,4.19,,1
UP009544,APP03374,Additional Document,Successful,52:26.1,14:38.5,4.75,,1
UP009545,APP03375,Identity,Successful,36:40.5,56:10.3,4.12,,1
UP009546,APP03375,Income,Successful,36:21.8,53:29.9,0.5,,1
UP009547,APP03375,Additional Document,Successful,47:10.2,13:59.8,8.53,,1
UP009548,APP03376,Identity,Failed,28:14.4,53:07.9,5.34,FILE_TOO_LARGE,1
UP009549,APP03376,Identity,Failed,28:24.0,43:08.5,0.96,FILE_TOO_LARGE,2
UP009550,APP03376,Identity,Successful,31:54.1,48:35.6,3.19,,3
UP009551,APP03376,Income,Failed,34:23.0,50:36.7,0.5,TRANSFER_ERROR,1
UP009552,APP03376,Income,Failed,44:03.9,04:09.5,0.5,UPLOAD_TIMEOUT,2
UP009553,APP03376,Income,Successful,29:59.6,50:54.7,2.23,,3
UP009554,APP03376,Additional Document,Failed,34:08.5,01:38.9,5.05,UPLOAD_TIMEOUT,1
UP009555,APP03376,Additional Document,Successful,53:22.2,24:47.8,9.31,,2
UP009556,APP03377,Identity,Successful,34:04.5,03:15.8,0.5,,1
UP009557,APP03377,Income,Successful,37:39.1,54:40.0,3.18,,1
UP009558,APP03377,Additional Document,Successful,47:06.5,21:36.8,6.36,,1
UP009559,APP03378,Identity,Successful,52:53.9,12:18.3,3.09,,1
UP009560,APP03378,Income,Successful,46:59.1,04:55.0,1.69,,1
UP009561,APP03378,Additional Document,Failed,01:09.9,31:35.3,3.65,UPLOAD_TIMEOUT,1
UP009562,APP03378,Additional Document,Successful,07:42.5,34:24.5,6.41,,2
UP009563,APP03379,Identity,Failed,40:49.4,00:45.3,2.53,TRANSFER_ERROR,1
UP009564,APP03379,Identity,Failed,35:56.1,49:05.2,0.92,TRANSFER_ERROR,2
UP009565,APP03379,Identity,Successful,43:06.8,08:16.8,3.93,,3
UP009566,APP03379,Income,Successful,43:18.1,02:26.9,1.54,,1
UP009567,APP03379,Additional Document,Successful,44:56.4,11:14.8,8.33,,1
UP009568,APP03380,Identity,Successful,44:09.7,04:28.3,0.5,,1
UP009569,APP03380,Income,Successful,32:43.2,52:37.5,2.67,,1
UP009570,APP03380,Additional Document,Successful,45:18.5,07:30.9,8.82,,1
UP009571,APP03381,Identity,Successful,00:10.1,20:45.6,6.21,,1
UP009572,APP03381,Income,Failed,50:43.6,04:48.3,2.14,UPLOAD_TIMEOUT,1
UP009573,APP03381,Income,Successful,00:26.6,15:35.8,7.75,,2
UP009574,APP03381,Additional Document,Failed,02:24.0,25:42.3,5.82,UPLOAD_TIMEOUT,1
UP009575,APP03381,Additional Document,Successful,10:24.5,37:35.3,8.43,,2
UP009576,APP03382,Identity,Successful,32:21.0,45:32.3,2.8,,1
UP009577,APP03382,Income,Failed,37:20.9,50:17.3,3.62,UPLOAD_TIMEOUT,1
UP009578,APP03382,Income,Successful,43:49.0,06:11.5,4.59,,2
UP009579,APP03382,Additional Document,Successful,48:38.2,19:12.5,9.82,,1
UP009580,APP03383,Identity,Successful,26:18.5,36:49.4,4.28,,1
UP009581,APP03383,Income,Successful,32:49.9,47:45.1,3.18,,1
UP009582,APP03383,Additional Document,Successful,38:08.9,03:03.6,6.75,,1
UP009583,APP03384,Identity,Successful,26:10.0,46:52.2,4.39,,1
UP009584,APP03384,Income,Failed,17:43.4,40:09.7,4.12,UPLOAD_TIMEOUT,1
UP009585,APP03384,Income,Successful,16:51.1,31:51.1,3.91,,2
UP009586,APP03384,Additional Document,Successful,33:02.4,59:03.7,8.85,,1
UP009587,APP03385,Identity,Successful,02:20.5,15:53.9,3.4,,1
UP009588,APP03385,Income,Failed,04:09.8,22:07.8,4.12,FILE_TOO_LARGE,1
UP009589,APP03385,Income,Failed,12:40.3,33:36.1,4.98,UPLOAD_TIMEOUT,2
UP009590,APP03385,Income,Successful,00:23.9,13:51.9,0.5,,3
UP009591,APP03385,Additional Document,Successful,05:10.6,21:09.9,3.3,,1
UP009592,APP03386,Identity,Successful,14:00.0,37:01.2,5.65,,1
UP009593,APP03386,Income,Successful,34:03.3,56:39.6,2.06,,1
UP009594,APP03386,Additional Document,Successful,24:04.6,48:06.5,5.19,,1
UP009595,APP03387,Identity,Successful,31:26.7,58:05.3,0.73,,1
UP009596,APP03387,Income,Successful,38:08.7,55:30.5,2.74,,1
UP009597,APP03387,Additional Document,Successful,42:15.4,10:16.9,8.14,,1
UP009598,APP03388,Identity,Failed,59:58.4,18:30.1,3.04,UPLOAD_TIMEOUT,1
UP009599,APP03388,Identity,Successful,05:05.2,24:36.7,3.77,,2
UP009600,APP03388,Income,Failed,14:38.8,28:13.6,4.45,UPLOAD_TIMEOUT,1
UP009601,APP03388,Income,Successful,07:57.6,27:23.2,3.38,,2
UP009602,APP03388,Additional Document,Failed,18:46.5,43:05.4,6.55,UPLOAD_TIMEOUT,1
UP009603,APP03388,Additional Document,Successful,24:55.7,46:15.8,7.13,,2
UP009604,APP03389,Identity,Successful,11:00.0,26:20.7,4.29,,1
UP009605,APP03389,Income,Successful,20:25.8,36:03.5,2.03,,1
UP009606,APP03389,Additional Document,Failed,13:59.0,39:31.1,7.37,UPLOAD_TIMEOUT,1
UP009607,APP03389,Additional Document,Failed,22:26.5,46:14.7,8.66,UPLOAD_TIMEOUT,2
UP009608,APP03389,Additional Document,Successful,21:00.4,37:12.7,5.46,,3
UP009609,APP03390,Identity,Successful,28:44.9,51:32.4,3.33,,1
UP009610,APP03390,Income,Successful,31:59.7,49:59.9,1.33,,1
UP009611,APP03390,Additional Document,Failed,41:24.5,00:24.2,2.69,FILE_TOO_LARGE,1
UP009612,APP03390,Additional Document,Successful,45:41.7,07:46.7,5.58,,2
UP009613,APP03391,Identity,Failed,19:35.6,27:03.1,4,UPLOAD_TIMEOUT,1
UP009614,APP03391,Identity,Successful,16:39.5,42:48.9,6.1,,2
UP009615,APP03391,Income,Successful,26:54.0,51:25.5,3.54,,1
UP009616,APP03391,Additional Document,Successful,34:08.2,58:31.1,6.99,,1
UP009617,APP03392,Identity,Successful,54:20.9,12:59.3,3.17,,1
UP009618,APP03392,Income,Successful,57:53.9,24:15.1,6.99,,1
UP009619,APP03392,Additional Document,Successful,57:44.8,25:23.4,8,,1
UP009620,APP03393,Identity,Successful,20:20.5,45:09.4,6.09,,1
UP009621,APP03393,Income,Successful,33:38.4,44:03.9,5.62,,1
UP009622,APP03393,Additional Document,Successful,32:29.7,53:33.4,3.69,,1
UP009623,APP03394,Identity,Successful,34:24.0,53:54.3,3.1,,1
UP009624,APP03394,Income,Successful,31:04.7,43:32.2,5.02,,1
UP009625,APP03394,Additional Document,Successful,39:44.5,01:56.4,6.7,,1
UP009626,APP03395,Identity,Successful,26:36.4,43:08.2,1.73,,1
UP009627,APP03395,Income,Successful,34:52.7,46:44.8,5.37,,1
UP009628,APP03395,Additional Document,Successful,41:04.6,13:29.9,6.06,,1
UP009629,APP03396,Identity,Successful,33:37.3,54:47.5,3.93,,1
UP009630,APP03396,Income,Successful,35:29.6,56:04.0,5.22,,1
UP009631,APP03396,Additional Document,Failed,29:16.0,48:13.4,5.14,TRANSFER_ERROR,1
UP009632,APP03396,Additional Document,Successful,30:49.0,55:02.0,8.59,,2
UP009633,APP03397,Identity,Successful,10:37.6,22:42.3,0.5,,1
UP009634,APP03397,Income,Successful,17:42.6,32:48.1,2.61,,1
UP009635,APP03397,Additional Document,Successful,21:03.0,39:52.9,9.89,,1
UP009636,APP03398,Identity,Failed,15:14.1,36:44.5,2.59,UPLOAD_TIMEOUT,1
UP009637,APP03398,Identity,Successful,09:36.6,24:05.9,3.24,,2
UP009638,APP03398,Income,Successful,17:48.2,35:12.5,1.65,,1
UP009639,APP03398,Additional Document,Successful,26:10.0,52:18.7,6.72,,1
UP009640,APP03399,Identity,Successful,41:46.2,08:09.5,1.65,,1
UP009641,APP03399,Income,Successful,41:30.6,03:48.9,5.13,,1
UP009642,APP03399,Additional Document,Failed,49:30.8,23:48.7,7.15,UPLOAD_TIMEOUT,1
UP009643,APP03399,Additional Document,Successful,44:18.9,09:13.2,6.26,,2
UP009644,APP03400,Identity,Successful,20:38.7,50:39.0,2.36,,1
UP009645,APP03400,Income,Successful,20:52.9,36:22.2,1.76,,1
UP009646,APP03400,Additional Document,Successful,15:52.8,31:30.8,10.53,,1
UP009647,APP03401,Identity,Successful,24:26.9,42:17.1,2.27,,1
UP009648,APP03401,Income,Successful,35:14.2,53:03.7,7.21,,1
UP009649,APP03401,Additional Document,Successful,40:32.6,03:24.8,6.35,,1
UP009650,APP03402,Identity,Successful,26:38.2,52:49.6,2.7,,1
UP009651,APP03402,Income,Successful,24:06.7,45:27.4,6.79,,1
UP009652,APP03402,Additional Document,Successful,26:52.6,46:05.7,5.83,,1
UP009653,APP03403,Identity,Successful,35:55.2,05:15.2,3.76,,1
UP009654,APP03403,Income,Successful,47:51.8,07:01.7,2.97,,1
UP009655,APP03403,Additional Document,Failed,48:40.9,16:34.2,9,UPLOAD_TIMEOUT,1
UP009656,APP03403,Additional Document,Failed,00:07.4,24:18.6,8.68,UPLOAD_TIMEOUT,2
UP009657,APP03403,Additional Document,Successful,56:48.1,19:23.6,4.56,,3
UP009658,APP03404,Identity,Successful,41:50.5,01:36.0,3.91,,1
UP009659,APP03404,Income,Successful,48:42.3,13:48.4,0.52,,1
UP009660,APP03404,Additional Document,Successful,58:50.9,27:06.8,4.72,,1
UP009661,APP03405,Identity,Successful,01:46.1,27:36.4,3.52,,1
UP009662,APP03405,Income,Successful,09:15.7,25:30.8,3.03,,1
UP009663,APP03405,Additional Document,Successful,10:02.1,41:46.6,6.2,,1
UP009664,APP03406,Identity,Failed,38:50.2,52:40.8,1.69,UPLOAD_TIMEOUT,1
UP009665,APP03406,Identity,Successful,47:09.7,13:18.1,5.46,,2
UP009666,APP03406,Income,Successful,57:14.6,18:56.2,4.16,,1
UP009667,APP03406,Additional Document,Successful,56:37.1,14:37.3,7.82,,1
UP009668,APP03407,Identity,Successful,17:27.4,36:12.6,3.26,,1
UP009669,APP03407,Income,Failed,30:34.7,59:21.8,3.78,TRANSFER_ERROR,1
UP009670,APP03407,Income,Successful,25:46.3,44:59.1,2.4,,2
UP009671,APP03407,Additional Document,Failed,26:05.3,58:17.7,3.59,TRANSFER_ERROR,1
UP009672,APP03407,Additional Document,Failed,32:58.5,00:01.4,3.21,TRANSFER_ERROR,2
UP009673,APP03407,Additional Document,Successful,37:14.0,05:17.6,10.91,,3
UP009674,APP03408,Identity,Failed,10:18.7,31:07.2,3.37,UPLOAD_TIMEOUT,1
UP009675,APP03408,Identity,Successful,26:29.9,37:36.9,3.89,,2
UP009676,APP03408,Income,Successful,21:00.1,35:34.5,4.38,,1
UP009677,APP03408,Additional Document,Successful,34:29.8,04:02.9,4.96,,1
UP009678,APP03409,Identity,Failed,25:23.5,48:36.4,2.23,FILE_TOO_LARGE,1
UP009679,APP03409,Identity,Successful,20:28.1,38:40.9,2.02,,2
UP009680,APP03409,Income,Successful,31:32.0,43:15.7,2.11,,1
UP009681,APP03409,Additional Document,Successful,36:04.3,58:05.3,7.84,,1
UP009682,APP03410,Identity,Successful,25:22.9,51:02.3,3.8,,1
UP009683,APP03410,Income,Successful,22:31.4,43:18.0,0.85,,1
UP009684,APP03410,Additional Document,Successful,23:10.8,45:06.7,9.01,,1
UP009685,APP03411,Identity,Successful,06:44.1,24:35.8,5.71,,1
UP009686,APP03411,Income,Successful,17:46.3,35:40.9,1.43,,1
UP009687,APP03411,Additional Document,Successful,18:36.4,45:16.2,6.57,,1
UP009688,APP03412,Identity,Successful,14:31.6,36:48.9,5.42,,1
UP009689,APP03412,Income,Failed,22:16.2,43:54.5,4.71,UPLOAD_TIMEOUT,1
UP009690,APP03412,Income,Successful,27:35.7,52:25.8,5.81,,2
UP009691,APP03412,Additional Document,Failed,19:59.7,43:53.5,6.87,FILE_TOO_LARGE,1
UP009692,APP03412,Additional Document,Successful,22:02.3,55:50.9,8.93,,2
UP009693,APP03413,Identity,Successful,23:50.3,36:45.5,5.19,,1
UP009694,APP03413,Income,Successful,25:48.0,51:03.9,2.81,,1
UP009695,APP03413,Additional Document,Failed,33:14.8,03:59.2,9.48,TRANSFER_ERROR,1
UP009696,APP03413,Additional Document,Successful,28:52.0,02:40.3,7.74,,2
UP009697,APP03414,Identity,Failed,39:43.9,54:29.5,7.03,UPLOAD_TIMEOUT,1
UP009698,APP03414,Identity,Successful,34:32.6,55:36.6,4.85,,2
UP009699,APP03414,Income,Successful,34:17.8,56:53.5,5.63,,1
UP009700,APP03414,Additional Document,Failed,41:48.5,02:00.1,9.61,TRANSFER_ERROR,1
UP009701,APP03414,Additional Document,Failed,47:29.8,17:02.4,4.62,UPLOAD_TIMEOUT,2
UP009702,APP03414,Additional Document,Successful,37:40.4,14:22.1,10.41,,3
UP009703,APP03415,Identity,Successful,00:59.3,22:01.5,3.16,,1
UP009704,APP03415,Income,Successful,08:31.3,31:49.0,0.5,,1
UP009705,APP03415,Additional Document,Failed,02:20.7,33:28.6,5.25,UPLOAD_TIMEOUT,1
UP009706,APP03415,Additional Document,Successful,23:58.3,43:26.7,7.06,,2
UP009707,APP03416,Identity,Successful,50:46.1,08:58.7,4.08,,1
UP009708,APP03416,Income,Successful,02:50.6,19:29.4,3.16,,1
UP009709,APP03416,Additional Document,Successful,09:10.5,40:59.6,3.87,,1
UP009710,APP03417,Identity,Successful,55:26.4,16:24.8,2.36,,1
UP009711,APP03417,Income,Successful,59:52.3,19:36.1,2.7,,1
UP009712,APP03417,Additional Document,Successful,08:18.9,41:20.4,6.36,,1
UP009713,APP03418,Identity,Successful,47:44.3,07:03.1,5.28,,1
UP009714,APP03418,Income,Failed,00:55.2,13:16.2,2.76,UPLOAD_TIMEOUT,1
UP009715,APP03418,Income,Successful,59:16.1,17:40.6,2.1,,2
UP009716,APP03418,Additional Document,Successful,08:17.1,31:06.9,7.47,,1
UP009717,APP03419,Identity,Successful,37:10.6,05:51.6,1.13,,1
UP009718,APP03419,Income,Successful,42:37.1,10:40.1,4.19,,1
UP009719,APP03419,Additional Document,Failed,55:50.5,23:09.2,5.6,UPLOAD_TIMEOUT,1
UP009720,APP03419,Additional Document,Successful,52:35.6,18:19.0,5.46,,2
UP009721,APP03420,Identity,Successful,23:53.6,43:31.9,3.17,,1
UP009722,APP03420,Income,Successful,35:36.8,57:35.4,0.5,,1
UP009723,APP03420,Additional Document,Successful,30:54.8,00:56.6,8.14,,1
UP009724,APP03421,Identity,Successful,46:25.6,12:27.2,2.51,,1
UP009725,APP03421,Income,Successful,46:09.8,01:20.5,5.91,,1
UP009726,APP03421,Additional Document,Successful,51:03.2,18:01.6,5.33,,1
UP009727,APP03422,Identity,Successful,45:00.0,01:47.9,3.54,,1
UP009728,APP03422,Income,Successful,07:53.6,24:10.1,6.07,,1
UP009729,APP03422,Additional Document,Successful,07:49.9,28:07.5,7.41,,1
UP009730,APP03423,Identity,Successful,05:43.2,30:43.8,5.42,,1
UP009731,APP03423,Income,Successful,21:17.3,33:15.3,3.38,,1
UP009732,APP03423,Additional Document,Failed,25:21.8,44:32.5,8.39,UPLOAD_TIMEOUT,1
UP009733,APP03423,Additional Document,Failed,20:48.1,42:31.0,6.28,TRANSFER_ERROR,2
UP009734,APP03423,Additional Document,Successful,21:24.2,51:57.3,7.46,,3
UP009735,APP03424,Identity,Successful,23:35.2,44:07.5,3.24,,1
UP009736,APP03424,Income,Successful,36:44.7,50:55.6,1.86,,1
UP009737,APP03424,Additional Document,Failed,39:15.1,07:43.6,5.07,UPLOAD_TIMEOUT,1
UP009738,APP03424,Additional Document,Failed,30:45.8,52:22.4,9.92,UPLOAD_TIMEOUT,2
UP009739,APP03424,Additional Document,Successful,32:37.0,53:12.6,4.18,,3
UP009740,APP03425,Identity,Successful,13:01.1,36:18.2,3.84,,1
UP009741,APP03425,Income,Successful,12:31.5,27:00.9,2.53,,1
UP009742,APP03425,Additional Document,Successful,15:01.5,45:48.3,4.67,,1
UP009743,APP03426,Identity,Failed,57:46.0,22:45.5,5.41,UPLOAD_TIMEOUT,1
UP009744,APP03426,Identity,Failed,03:14.3,18:54.2,1.49,UPLOAD_TIMEOUT,2
UP009745,APP03426,Identity,Successful,53:05.3,13:41.0,4.01,,3
UP009746,APP03426,Income,Successful,00:18.7,16:10.0,5.79,,1
UP009747,APP03426,Additional Document,Successful,15:19.3,37:23.0,5.07,,1
UP009748,APP03427,Identity,Failed,18:56.5,37:00.5,5.73,TRANSFER_ERROR,1
UP009749,APP03427,Identity,Successful,18:29.6,44:53.3,4.1,,2
UP009750,APP03427,Income,Successful,22:39.2,35:46.0,4.79,,1
UP009751,APP03427,Additional Document,Failed,32:15.8,02:39.6,7.02,UPLOAD_TIMEOUT,1
UP009752,APP03427,Additional Document,Successful,25:22.0,55:53.5,7.11,,2
UP009753,APP03428,Identity,Successful,11:27.6,30:09.7,3.87,,1
UP009754,APP03428,Income,Successful,12:49.9,33:25.1,6.96,,1
UP009755,APP03428,Additional Document,Successful,30:51.1,57:38.0,8.02,,1
UP009756,APP03429,Identity,Successful,21:09.8,42:56.0,3.78,,1
UP009757,APP03429,Income,Successful,16:05.5,36:17.9,3.38,,1
UP009758,APP03429,Additional Document,Successful,19:31.3,52:01.1,5.01,,1
UP009759,APP03430,Identity,Successful,29:21.0,51:49.5,4.39,,1
UP009760,APP03430,Income,Successful,28:52.8,48:52.1,2.6,,1
UP009761,APP03430,Additional Document,Successful,35:00.4,57:43.8,8.38,,1
UP009762,APP03431,Identity,Successful,15:24.8,28:46.5,4.4,,1
UP009763,APP03431,Income,Successful,23:03.7,42:54.7,0.5,,1
UP009764,APP03431,Additional Document,Failed,16:23.0,30:46.5,6.61,FILE_TOO_LARGE,1
UP009765,APP03431,Additional Document,Failed,24:51.4,48:00.1,8.1,TRANSFER_ERROR,2
UP009766,APP03431,Additional Document,Successful,26:34.2,52:38.8,3.57,,3
UP009767,APP03432,Identity,Successful,19:36.0,29:09.7,3.64,,1
UP009768,APP03432,Income,Successful,18:40.9,38:43.1,2.46,,1
UP009769,APP03432,Additional Document,Failed,19:22.0,45:16.3,6.64,UPLOAD_TIMEOUT,1
UP009770,APP03432,Additional Document,Successful,22:57.4,45:56.2,8.1,,2
UP009771,APP03433,Identity,Successful,50:32.9,01:16.5,4.11,,1
UP009772,APP03433,Income,Successful,04:46.7,28:07.2,2.02,,1
UP009773,APP03433,Additional Document,Failed,14:20.1,38:45.2,6.56,UPLOAD_TIMEOUT,1
UP009774,APP03433,Additional Document,Successful,50:35.2,21:40.1,9.29,,2
UP009775,APP03434,Identity,Failed,26:46.7,47:08.8,2.82,UPLOAD_TIMEOUT,1
UP009776,APP03434,Identity,Successful,18:34.4,41:23.7,0.5,,2
UP009777,APP03434,Income,Successful,23:41.9,49:37.8,3.83,,1
UP009778,APP03434,Additional Document,Successful,40:40.6,14:17.7,7.31,,1
UP009779,APP03435,Identity,Successful,54:15.4,16:24.6,3.04,,1
UP009780,APP03435,Income,Successful,53:35.9,14:05.5,8.07,,1
UP009781,APP03435,Additional Document,Successful,56:05.6,20:00.6,4.17,,1
UP009782,APP03436,Identity,Successful,57:42.9,18:00.9,3.41,,1
UP009783,APP03436,Income,Successful,03:53.0,26:29.2,4.53,,1
UP009784,APP03436,Additional Document,Failed,04:57.6,29:49.1,8.74,FILE_TOO_LARGE,1
UP009785,APP03436,Additional Document,Successful,05:03.2,29:46.8,9.47,,2
UP009786,APP03437,Identity,Successful,17:53.8,33:58.9,7.23,,1
UP009787,APP03437,Income,Successful,25:45.5,44:31.2,3.27,,1
UP009788,APP03437,Additional Document,Successful,23:26.5,53:26.0,6.5,,1
UP009789,APP03438,Identity,Successful,48:00.2,09:48.1,3.17,,1
UP009790,APP03438,Income,Successful,56:11.7,19:10.1,4.03,,1
UP009791,APP03438,Additional Document,Failed,58:35.9,23:10.8,6.84,TRANSFER_ERROR,1
UP009792,APP03438,Additional Document,Failed,02:20.1,37:08.1,5.38,UPLOAD_TIMEOUT,2
UP009793,APP03438,Additional Document,Successful,03:30.3,27:34.1,8.96,,3
UP009794,APP03439,Identity,Failed,04:40.3,30:00.6,4.3,UPLOAD_TIMEOUT,1
UP009795,APP03439,Identity,Failed,08:50.6,38:00.9,2.85,UPLOAD_TIMEOUT,2
UP009796,APP03439,Identity,Successful,57:00.0,29:54.8,2.42,,3
UP009797,APP03439,Income,Successful,13:19.7,32:02.3,5.49,,1
UP009798,APP03439,Additional Document,Successful,11:55.8,42:51.2,4.98,,1
UP009799,APP03440,Identity,Successful,53:50.6,09:16.9,2.23,,1
UP009800,APP03440,Income,Successful,01:00.5,18:26.7,5.75,,1
UP009801,APP03440,Additional Document,Successful,58:47.8,29:02.3,6.13,,1
UP009802,APP03441,Identity,Successful,53:13.5,18:42.5,2.61,,1
UP009803,APP03441,Income,Successful,02:00.5,17:38.2,3.38,,1
UP009804,APP03441,Additional Document,Successful,06:04.6,41:37.3,9.11,,1
UP009805,APP03442,Identity,Successful,34:36.3,55:48.6,3.73,,1
UP009806,APP03442,Income,Failed,32:23.4,52:43.7,1.59,FILE_TOO_LARGE,1
UP009807,APP03442,Income,Successful,46:10.8,58:45.0,5.02,,2
UP009808,APP03442,Additional Document,Successful,43:28.6,59:48.4,3.52,,1
UP009809,APP03443,Identity,Successful,00:05.2,22:02.1,3.78,,1
UP009810,APP03443,Income,Successful,01:04.1,16:35.9,4.64,,1
UP009811,APP03443,Additional Document,Successful,14:38.7,33:32.7,4.17,,1
UP009812,APP03444,Identity,Successful,33:41.1,52:33.7,3.22,,1
UP009813,APP03444,Income,Failed,42:56.1,07:36.4,3.42,UPLOAD_TIMEOUT,1
UP009814,APP03444,Income,Failed,43:53.5,07:16.7,2.12,FILE_TOO_LARGE,2
UP009815,APP03444,Income,Successful,42:23.6,08:31.3,1.65,,3
UP009816,APP03444,Additional Document,Successful,45:24.9,10:43.6,7.03,,1
UP009817,APP03445,Identity,Successful,19:06.5,42:14.6,3.89,,1
UP009818,APP03445,Income,Successful,16:11.2,23:06.7,1.78,,1
UP009819,APP03445,Additional Document,Successful,31:10.6,00:26.2,5.59,,1
UP009820,APP03446,Identity,Failed,02:25.5,28:13.7,1.17,UPLOAD_TIMEOUT,1
UP009821,APP03446,Identity,Successful,49:58.7,57:17.6,6.31,,2
UP009822,APP03446,Income,Successful,56:45.0,11:48.7,4.23,,1
UP009823,APP03446,Additional Document,Successful,00:15.2,20:08.6,8.22,,1
UP009824,APP03447,Identity,Successful,50:44.1,03:56.0,2.45,,1
UP009825,APP03447,Income,Successful,48:32.5,11:53.3,2.03,,1
UP009826,APP03447,Additional Document,Successful,57:50.0,21:17.9,5.88,,1
UP009827,APP03448,Identity,Successful,26:35.1,51:53.4,4.4,,1
UP009828,APP03448,Income,Successful,33:03.4,58:31.7,4.35,,1
UP009829,APP03448,Additional Document,Successful,31:54.7,03:04.4,4.27,,1
UP009830,APP03449,Identity,Successful,29:09.6,54:27.0,6.47,,1
UP009831,APP03449,Income,Successful,31:30.7,44:43.4,0.5,,1
UP009832,APP03449,Additional Document,Successful,44:18.6,15:18.3,5.92,,1
UP009833,APP03450,Identity,Successful,49:36.9,05:54.9,6.39,,1
UP009834,APP03450,Income,Successful,55:32.5,14:13.8,3.63,,1
UP009835,APP03450,Additional Document,Failed,59:55.0,17:03.5,5.6,UPLOAD_TIMEOUT,1
UP009836,APP03450,Additional Document,Successful,53:38.1,18:10.1,7.65,,2
UP009837,APP03451,Identity,Successful,48:13.6,18:41.9,3.41,,1
UP009838,APP03451,Income,Successful,57:37.7,27:46.1,4.13,,1
UP009839,APP03451,Additional Document,Successful,45:52.0,13:48.9,6.06,,1
UP009840,APP03452,Identity,Successful,16:49.7,29:39.9,0.67,,1
UP009841,APP03452,Income,Successful,20:46.6,34:47.8,4.52,,1
UP009842,APP03452,Additional Document,Failed,28:21.6,56:23.9,6.69,FILE_TOO_LARGE,1
UP009843,APP03452,Additional Document,Failed,31:54.9,52:45.0,5.48,UPLOAD_TIMEOUT,2
UP009844,APP03452,Additional Document,Successful,36:56.7,52:56.1,7.3,,3
UP009845,APP03453,Identity,Successful,03:40.1,21:01.5,4.18,,1
UP009846,APP03453,Income,Successful,09:50.6,32:44.6,5.57,,1
UP009847,APP03453,Additional Document,Successful,02:32.4,32:05.0,8.55,,1
UP009848,APP03454,Identity,Successful,37:31.1,59:57.6,0.5,,1
UP009849,APP03454,Income,Failed,45:19.5,59:56.6,4.22,UPLOAD_TIMEOUT,1
UP009850,APP03454,Income,Successful,39:04.0,58:05.2,1.51,,2
UP009851,APP03454,Additional Document,Successful,52:56.0,18:21.5,6.52,,1
UP009852,APP03455,Identity,Successful,57:34.1,03:45.6,1.09,,1
UP009853,APP03455,Income,Successful,09:48.6,22:25.9,4.58,,1
UP009854,APP03455,Additional Document,Successful,13:58.5,35:35.5,7.17,,1
UP009855,APP03456,Identity,Successful,43:57.7,09:44.0,3.97,,1
UP009856,APP03456,Income,Successful,52:47.4,02:31.6,4.99,,1
UP009857,APP03456,Additional Document,Successful,51:47.5,14:55.7,8.91,,1
UP009858,APP03457,Identity,Failed,59:34.7,22:57.3,2.16,UPLOAD_TIMEOUT,1
UP009859,APP03457,Identity,Failed,06:38.0,30:13.8,5.1,TRANSFER_ERROR,2
UP009860,APP03457,Identity,Successful,58:13.2,20:35.8,3.09,,3
UP009861,APP03457,Income,Failed,00:08.9,26:29.3,1.98,FILE_TOO_LARGE,1
UP009862,APP03457,Income,Failed,05:06.3,24:41.0,4.6,FILE_TOO_LARGE,2
UP009863,APP03457,Income,Successful,05:28.0,24:48.6,2.91,,3
UP009864,APP03457,Additional Document,Successful,11:00.6,46:25.5,7.48,,1
UP009865,APP03458,Identity,Failed,57:43.9,19:49.4,3.4,UPLOAD_TIMEOUT,1
UP009866,APP03458,Identity,Failed,56:26.7,20:40.9,1.52,UPLOAD_TIMEOUT,2
UP009867,APP03458,Identity,Successful,55:46.0,17:33.3,3.03,,3
UP009868,APP03458,Income,Successful,03:17.4,28:46.7,4.59,,1
UP009869,APP03458,Additional Document,Successful,03:21.9,32:48.7,8.74,,1
UP009870,APP03459,Identity,Successful,12:54.7,31:18.4,3.54,,1
UP009871,APP03459,Income,Successful,10:08.8,23:11.4,6.38,,1
UP009872,APP03459,Additional Document,Successful,09:42.4,23:30.0,8.26,,1
UP009873,APP03460,Identity,Successful,17:36.7,39:51.9,1.57,,1
UP009874,APP03460,Income,Successful,23:05.4,36:05.7,4.11,,1
UP009875,APP03460,Additional Document,Successful,30:02.7,52:31.8,6.35,,1
UP009876,APP03461,Identity,Successful,27:26.8,43:55.6,0.5,,1
UP009877,APP03461,Income,Failed,30:16.7,42:21.9,3.08,UPLOAD_TIMEOUT,1
UP009878,APP03461,Income,Successful,27:10.6,45:52.8,1.11,,2
UP009879,APP03461,Additional Document,Successful,40:53.3,07:52.1,5.05,,1
UP009880,APP03462,Identity,Successful,50:58.7,12:36.0,5.16,,1
UP009881,APP03462,Income,Successful,06:18.5,27:43.8,2.65,,1
UP009882,APP03462,Additional Document,Failed,10:41.9,35:10.2,9.42,UPLOAD_TIMEOUT,1
UP009883,APP03462,Additional Document,Successful,01:48.3,31:43.1,9.54,,2
UP009884,APP03463,Identity,Successful,50:54.1,13:10.3,1.08,,1
UP009885,APP03463,Income,Successful,37:27.0,54:25.2,4.25,,1
UP009886,APP03463,Additional Document,Successful,47:18.3,18:13.2,7.99,,1
UP009887,APP03464,Identity,Failed,23:17.5,36:18.9,0.5,UPLOAD_TIMEOUT,1
UP009888,APP03464,Identity,Failed,26:37.7,38:41.9,2.82,UPLOAD_TIMEOUT,2
UP009889,APP03464,Identity,Successful,24:01.6,40:00.3,4.32,,3
UP009890,APP03464,Income,Failed,27:06.2,39:13.4,5.14,UPLOAD_TIMEOUT,1
UP009891,APP03464,Income,Successful,34:46.3,40:25.0,3.83,,2
UP009892,APP03464,Additional Document,Successful,35:09.6,57:44.9,6.06,,1
UP009893,APP03465,Identity,Successful,00:32.6,18:13.1,1.1,,1
UP009894,APP03465,Income,Successful,57:34.5,25:46.5,4.17,,1
UP009895,APP03465,Additional Document,Successful,06:49.3,41:53.4,7.82,,1
UP009896,APP03466,Identity,Successful,15:46.7,45:00.5,3.18,,1
UP009897,APP03466,Income,Successful,23:03.7,49:21.6,1.72,,1
UP009898,APP03466,Additional Document,Successful,27:58.1,56:07.8,8.88,,1
UP009899,APP03467,Identity,Successful,01:51.6,23:11.7,1.32,,1
UP009900,APP03467,Income,Successful,58:07.7,11:26.4,2.35,,1
UP009901,APP03467,Additional Document,Failed,03:03.7,34:34.3,5.36,UPLOAD_TIMEOUT,1
UP009902,APP03467,Additional Document,Successful,07:00.6,39:33.8,5.41,,2
UP009903,APP03468,Identity,Successful,13:40.4,34:20.1,1.73,,1
UP009904,APP03468,Income,Failed,30:41.2,48:22.2,3.75,UPLOAD_TIMEOUT,1
UP009905,APP03468,Income,Successful,15:12.4,31:55.7,0.8,,2
UP009906,APP03468,Additional Document,Successful,31:18.8,59:21.5,5.57,,1
UP009907,APP03469,Identity,Successful,57:16.0,04:13.6,1.44,,1
UP009908,APP03469,Income,Successful,52:36.1,09:44.8,5.86,,1
UP009909,APP03469,Additional Document,Successful,08:54.1,22:38.1,8.33,,1
UP009910,APP03470,Identity,Successful,02:15.7,20:55.8,6.29,,1
UP009911,APP03470,Income,Successful,08:31.6,16:40.8,3.53,,1
UP009912,APP03470,Additional Document,Successful,14:05.6,36:30.7,9.39,,1
UP009913,APP03471,Identity,Successful,22:47.9,47:45.9,3.79,,1
UP009914,APP03471,Income,Successful,32:18.4,48:19.8,1.82,,1
UP009915,APP03471,Additional Document,Successful,30:06.5,57:05.7,5.84,,1
UP009916,APP03472,Identity,Successful,28:53.3,41:12.2,2.48,,1
UP009917,APP03472,Income,Successful,32:08.1,46:57.2,1.85,,1
UP009918,APP03472,Additional Document,Successful,47:32.2,12:35.9,5,,1
UP009919,APP03473,Identity,Successful,46:26.5,08:18.4,2.3,,1
UP009920,APP03473,Income,Successful,45:48.1,09:40.4,3.5,,1
UP009921,APP03473,Additional Document,Successful,50:51.0,11:13.2,8.51,,1
UP009922,APP03474,Identity,Successful,56:41.3,11:52.5,1.86,,1
UP009923,APP03474,Income,Successful,06:20.6,16:36.3,3.89,,1
UP009924,APP03474,Additional Document,Successful,02:57.8,19:25.6,6.23,,1
UP009925,APP03475,Identity,Successful,31:42.7,45:54.4,2.58,,1
UP009926,APP03475,Income,Successful,37:45.3,58:19.2,4.49,,1
UP009927,APP03475,Additional Document,Successful,41:17.8,05:02.5,7.39,,1
UP009928,APP03476,Identity,Successful,03:34.1,12:29.7,0.5,,1
UP009929,APP03476,Income,Failed,13:08.3,26:27.1,2.06,FILE_TOO_LARGE,1
UP009930,APP03476,Income,Failed,59:35.0,10:08.5,1.57,UPLOAD_TIMEOUT,2
UP009931,APP03476,Income,Successful,05:33.0,25:54.1,2.41,,3
UP009932,APP03476,Additional Document,Successful,11:56.5,29:11.8,8.38,,1
UP009933,APP03477,Identity,Successful,56:46.8,13:27.0,1.49,,1
UP009934,APP03477,Income,Failed,54:21.1,15:18.9,3.93,UPLOAD_TIMEOUT,1
UP009935,APP03477,Income,Failed,55:02.7,19:44.2,0.5,UPLOAD_TIMEOUT,2
UP009936,APP03477,Income,Successful,59:23.7,31:26.8,3.49,,3
UP009937,APP03477,Additional Document,Successful,00:46.1,28:42.5,3.98,,1
UP009938,APP03478,Identity,Successful,22:49.9,38:38.8,3.53,,1
UP009939,APP03478,Income,Successful,33:14.3,55:42.8,3.56,,1
UP009940,APP03478,Additional Document,Failed,34:30.5,02:01.8,8.05,UPLOAD_TIMEOUT,1
UP009941,APP03478,Additional Document,Failed,45:04.8,15:50.4,6.07,FILE_TOO_LARGE,2
UP009942,APP03478,Additional Document,Successful,27:52.0,59:29.2,5.97,,3
UP009943,APP03479,Identity,Successful,39:21.4,57:50.4,5.95,,1
UP009944,APP03479,Income,Successful,42:43.4,58:09.5,1.99,,1
UP009945,APP03479,Additional Document,Successful,41:59.1,09:27.9,6.37,,1
UP009946,APP03480,Identity,Successful,50:40.1,17:15.2,3.23,,1
UP009947,APP03480,Income,Successful,02:27.7,26:15.7,1.62,,1
UP009948,APP03480,Additional Document,Failed,57:54.6,28:16.7,5.99,FILE_TOO_LARGE,1
UP009949,APP03480,Additional Document,Successful,58:24.2,32:40.4,6.24,,2
UP009950,APP03481,Identity,Successful,35:40.9,47:09.2,3.29,,1
UP009951,APP03481,Income,Successful,38:25.0,06:44.1,3.06,,1
UP009952,APP03481,Additional Document,Failed,47:40.4,14:09.4,6.4,TRANSFER_ERROR,1
UP009953,APP03481,Additional Document,Successful,42:21.7,23:25.6,5.29,,2
UP009954,APP03482,Identity,Successful,17:13.2,35:44.9,1.42,,1
UP009955,APP03482,Income,Successful,26:48.2,36:12.9,2.72,,1
UP009956,APP03482,Additional Document,Successful,32:55.7,54:36.4,5.88,,1
UP009957,APP03483,Identity,Successful,01:21.9,29:19.0,3.51,,1
UP009958,APP03483,Income,Failed,55:43.1,17:40.9,2.67,TRANSFER_ERROR,1
UP009959,APP03483,Income,Successful,54:52.0,19:58.6,2.45,,2
UP009960,APP03483,Additional Document,Successful,08:55.8,29:54.2,8.59,,1
UP009961,APP03484,Identity,Failed,05:16.1,27:55.6,2.81,TRANSFER_ERROR,1
UP009962,APP03484,Identity,Successful,22:17.5,46:45.0,4.81,,2
UP009963,APP03484,Income,Successful,17:17.9,31:20.3,3.33,,1
UP009964,APP03484,Additional Document,Successful,17:51.6,47:59.3,10.22,,1
UP009965,APP03485,Identity,Successful,02:08.4,16:29.2,4.23,,1
UP009966,APP03485,Income,Successful,01:26.9,12:15.8,2.68,,1
UP009967,APP03485,Additional Document,Successful,59:18.7,24:02.9,9.55,,1
UP009968,APP03486,Identity,Successful,05:51.5,28:53.5,3.17,,1
UP009969,APP03486,Income,Failed,59:39.7,10:21.8,5.07,UPLOAD_TIMEOUT,1
UP009970,APP03486,Income,Failed,05:29.8,33:00.3,0.67,FILE_TOO_LARGE,2
UP009971,APP03486,Income,Successful,12:12.2,29:16.3,3.7,,3
UP009972,APP03486,Additional Document,Successful,21:32.6,50:59.3,8.03,,1
UP009973,APP03487,Identity,Successful,17:27.1,33:14.8,2.68,,1
UP009974,APP03487,Income,Failed,24:04.4,44:11.4,6.75,TRANSFER_ERROR,1
UP009975,APP03487,Income,Failed,27:08.7,30:22.0,3.61,UPLOAD_TIMEOUT,2
UP009976,APP03487,Income,Successful,24:13.7,45:00.8,2.91,,3
UP009977,APP03487,Additional Document,Failed,32:51.9,57:32.4,3.69,FILE_TOO_LARGE,1
UP009978,APP03487,Additional Document,Successful,31:30.9,50:14.6,4.74,,2
UP009979,APP03488,Identity,Successful,43:18.0,58:37.2,3.21,,1
UP009980,APP03488,Income,Successful,40:27.9,00:11.4,2.81,,1
UP009981,APP03488,Additional Document,Successful,53:02.6,22:07.7,7.61,,1
UP009982,APP03489,Identity,Successful,32:28.4,42:42.0,4.24,,1
UP009983,APP03489,Income,Successful,28:14.3,39:48.4,3.06,,1
UP009984,APP03489,Additional Document,Successful,43:32.0,09:37.0,6.47,,1
UP009985,APP03490,Identity,Failed,04:10.0,28:40.0,3.69,FILE_TOO_LARGE,1
UP009986,APP03490,Identity,Successful,16:51.0,36:09.9,5.16,,2
UP009987,APP03490,Income,Successful,12:26.8,35:37.4,1.82,,1
UP009988,APP03490,Additional Document,Failed,15:52.5,29:37.6,7.59,UPLOAD_TIMEOUT,1
UP009989,APP03490,Additional Document,Failed,22:21.4,53:48.8,8.32,FILE_TOO_LARGE,2
UP009990,APP03490,Additional Document,Successful,14:54.2,41:24.5,6.38,,3
UP009991,APP03491,Identity,Successful,24:33.7,47:42.3,6.64,,1
UP009992,APP03491,Income,Successful,39:13.3,58:26.6,3.89,,1
UP009993,APP03491,Additional Document,Successful,34:53.6,59:59.0,9.01,,1
UP009994,APP03492,Identity,Failed,58:15.2,23:21.4,4.35,FILE_TOO_LARGE,1
UP009995,APP03492,Identity,Successful,04:32.7,12:11.1,5.12,,2
UP009996,APP03492,Income,Successful,08:47.4,28:28.7,1.64,,1
UP009997,APP03492,Additional Document,Successful,20:15.4,52:21.7,8.41,,1
UP009998,APP03493,Identity,Successful,44:34.2,55:09.4,1.54,,1
UP009999,APP03493,Income,Successful,53:08.9,09:57.0,2.47,,1
UP010000,APP03493,Additional Document,Successful,50:09.6,17:29.7,7.57,,1
UP010001,APP03494,Identity,Successful,35:22.1,04:19.6,4.56,,1
UP010002,APP03494,Income,Successful,34:22.2,51:11.2,5.64,,1
UP010003,APP03494,Additional Document,Failed,34:55.4,01:07.3,8.39,TRANSFER_ERROR,1
UP010004,APP03494,Additional Document,Successful,41:43.8,06:15.2,8.02,,2
UP010005,APP03495,Identity,Successful,11:28.5,26:56.7,5.02,,1
UP010006,APP03495,Income,Successful,22:36.9,49:10.7,2.8,,1
UP010007,APP03495,Additional Document,Successful,19:17.8,43:12.7,5.76,,1
UP010008,APP03496,Identity,Successful,52:13.5,21:22.9,3.08,,1
UP010009,APP03496,Income,Successful,56:48.2,13:24.5,3.17,,1
UP010010,APP03496,Additional Document,Successful,13:28.3,43:35.0,6.01,,1
UP010011,APP03497,Identity,Successful,05:34.2,18:12.6,1.43,,1
UP010012,APP03497,Income,Failed,12:17.7,25:43.5,8.5,UPLOAD_TIMEOUT,1
UP010013,APP03497,Income,Failed,03:26.4,22:24.9,2.83,FILE_TOO_LARGE,2
UP010014,APP03497,Income,Successful,12:11.5,28:59.7,3.91,,3
UP010015,APP03497,Additional Document,Failed,06:53.0,29:31.7,5.15,FILE_TOO_LARGE,1
UP010016,APP03497,Additional Document,Successful,12:46.7,37:12.1,7.18,,2
UP010017,APP03498,Identity,Successful,40:24.1,55:20.1,4.53,,1
UP010018,APP03498,Income,Successful,40:43.9,05:19.0,0.5,,1
UP010019,APP03498,Additional Document,Successful,45:49.8,13:53.4,8.6,,1
UP010020,APP03499,Identity,Successful,25:47.9,47:26.6,2.66,,1
UP010021,APP03499,Income,Successful,28:40.1,47:36.7,4.4,,1
UP010022,APP03499,Additional Document,Successful,33:28.4,57:52.1,8.58,,1
UP010023,APP03500,Identity,Successful,39:06.9,58:01.6,3.73,,1
UP010024,APP03500,Income,Successful,41:58.8,05:43.7,4.72,,1
UP010025,APP03500,Additional Document,Successful,55:01.5,20:07.4,6.97,,1
UP010026,APP03501,Identity,Successful,59:17.7,17:37.5,4.55,,1
UP010027,APP03501,Income,Failed,12:42.1,35:31.6,2.52,UPLOAD_TIMEOUT,1
UP010028,APP03501,Income,Successful,08:23.8,30:02.9,3.63,,2
UP010029,APP03501,Additional Document,Failed,18:14.5,47:33.7,6.79,UPLOAD_TIMEOUT,1
UP010030,APP03501,Additional Document,Successful,21:48.9,37:49.0,6.7,,2
UP010031,APP03502,Identity,Failed,19:08.9,31:13.8,0.5,UPLOAD_TIMEOUT,1
UP010032,APP03502,Identity,Successful,19:21.6,43:30.4,3.31,,2
UP010033,APP03502,Income,Successful,27:48.9,46:45.4,3.69,,1
UP010034,APP03502,Additional Document,Successful,39:59.4,02:45.8,4.59,,1
UP010035,APP03503,Identity,Failed,59:50.6,27:31.6,0.61,UPLOAD_TIMEOUT,1
UP010036,APP03503,Identity,Successful,58:57.8,18:57.6,4.09,,2
UP010037,APP03503,Income,Successful,11:18.3,25:10.6,1.69,,1
UP010038,APP03503,Additional Document,Successful,13:02.4,41:58.8,9.39,,1
UP010039,APP03504,Identity,Failed,53:40.1,08:38.8,5.66,UPLOAD_TIMEOUT,1
UP010040,APP03504,Identity,Successful,37:42.9,02:32.8,2.49,,2
UP010041,APP03504,Income,Successful,45:50.5,08:57.9,2.68,,1
UP010042,APP03504,Additional Document,Successful,47:11.9,15:31.6,6.16,,1
UP010043,APP03505,Identity,Successful,15:32.2,32:07.6,6.52,,1
UP010044,APP03505,Income,Failed,29:42.4,52:49.4,3.06,UPLOAD_TIMEOUT,1
UP010045,APP03505,Income,Successful,21:09.4,45:43.4,3.68,,2
UP010046,APP03505,Additional Document,Failed,23:40.2,57:13.5,7.85,UPLOAD_TIMEOUT,1
UP010047,APP03505,Additional Document,Failed,35:41.0,58:43.6,8,UPLOAD_TIMEOUT,2
UP010048,APP03505,Additional Document,Successful,25:55.2,55:46.8,6.49,,3
UP010049,APP03506,Identity,Successful,10:14.6,29:47.7,3.02,,1
UP010050,APP03506,Income,Successful,13:25.1,33:01.2,4.2,,1
UP010051,APP03506,Additional Document,Successful,09:02.6,29:20.0,9.94,,1
UP010052,APP03507,Identity,Successful,14:54.7,35:50.5,1.09,,1
UP010053,APP03507,Income,Successful,22:57.6,37:01.5,4.55,,1
UP010054,APP03507,Additional Document,Successful,31:07.2,53:24.1,6.52,,1
UP010055,APP03508,Identity,Successful,29:47.7,57:57.2,4.15,,1
UP010056,APP03508,Income,Successful,34:12.2,01:42.2,0.5,,1
UP010057,APP03508,Additional Document,Successful,48:39.5,17:00.4,6.45,,1
UP010058,APP03509,Identity,Successful,48:11.4,12:07.5,4.28,,1
UP010059,APP03509,Income,Successful,44:29.1,05:09.0,6.88,,1
UP010060,APP03509,Additional Document,Successful,50:35.8,14:05.1,8.32,,1
UP010061,APP03510,Identity,Failed,43:54.8,58:58.5,2.8,TRANSFER_ERROR,1
UP010062,APP03510,Identity,Successful,47:35.7,04:38.8,3.85,,2
UP010063,APP03510,Income,Successful,43:49.6,55:54.7,5.32,,1
UP010064,APP03510,Additional Document,Successful,45:20.1,03:37.8,7.71,,1
UP010065,APP03511,Identity,Successful,15:41.7,49:26.9,3.69,,1
UP010066,APP03511,Income,Successful,26:25.1,40:11.1,2.4,,1
UP010067,APP03511,Additional Document,Failed,31:00.7,00:51.4,7.83,FILE_TOO_LARGE,1
UP010068,APP03511,Additional Document,Successful,25:16.8,52:49.3,4.81,,2
UP010069,APP03512,Identity,Successful,03:20.2,16:11.6,3.85,,1
UP010070,APP03512,Income,Successful,08:57.6,25:28.7,2.3,,1
UP010071,APP03512,Additional Document,Successful,17:01.7,51:28.2,5.75,,1
UP010072,APP03513,Identity,Successful,00:59.6,23:26.4,1.86,,1
UP010073,APP03513,Income,Successful,15:57.2,39:17.9,7.22,,1
UP010074,APP03513,Additional Document,Successful,08:44.2,43:49.2,9.08,,1
UP010075,APP03514,Identity,Successful,58:48.3,08:51.5,1.86,,1
UP010076,APP03514,Income,Failed,42:42.3,53:11.5,2.57,UPLOAD_TIMEOUT,1
UP010077,APP03514,Income,Failed,51:43.5,14:04.7,3.9,FILE_TOO_LARGE,2
UP010078,APP03514,Income,Successful,48:56.2,14:29.1,4.18,,3
UP010079,APP03514,Additional Document,Successful,54:37.9,11:51.6,6.81,,1
UP010080,APP03515,Identity,Failed,49:25.7,05:27.3,4.07,TRANSFER_ERROR,1
UP010081,APP03515,Identity,Successful,51:54.8,11:44.1,1.29,,2
UP010082,APP03515,Income,Successful,46:16.8,13:24.6,2.54,,1
UP010083,APP03515,Additional Document,Successful,09:05.5,34:41.1,7.1,,1
UP010084,APP03516,Identity,Failed,34:47.9,54:43.5,1.57,UPLOAD_TIMEOUT,1
UP010085,APP03516,Identity,Successful,39:38.4,55:14.9,0.5,,2
UP010086,APP03516,Income,Successful,42:48.7,05:14.5,4.19,,1
UP010087,APP03516,Additional Document,Successful,55:40.8,25:27.0,8.92,,1
UP010088,APP03517,Identity,Successful,32:40.5,49:20.2,0.5,,1
UP010089,APP03517,Income,Successful,38:48.4,53:29.9,4.34,,1
UP010090,APP03517,Additional Document,Failed,47:09.6,05:51.5,7.51,UPLOAD_TIMEOUT,1
UP010091,APP03517,Additional Document,Failed,43:18.4,06:15.7,5.48,UPLOAD_TIMEOUT,2
UP010092,APP03517,Additional Document,Successful,51:06.4,21:14.1,7.07,,3
UP010093,APP03518,Identity,Successful,06:04.9,21:57.3,2.8,,1
UP010094,APP03518,Income,Failed,29:12.7,53:34.4,3.99,UPLOAD_TIMEOUT,1
UP010095,APP03518,Income,Failed,14:40.9,30:36.7,3.33,FILE_TOO_LARGE,2
UP010096,APP03518,Income,Successful,13:31.1,32:25.5,6.74,,3
UP010097,APP03518,Additional Document,Successful,11:59.6,39:39.8,8.92,,1
UP010098,APP03519,Identity,Successful,11:16.2,31:26.5,4.11,,1
UP010099,APP03519,Income,Successful,08:20.2,23:59.4,4.23,,1
UP010100,APP03519,Additional Document,Successful,20:48.2,48:40.5,7.33,,1
UP010101,APP03520,Identity,Successful,46:43.8,06:24.4,5.57,,1
UP010102,APP03520,Income,Failed,54:36.4,07:09.6,2.8,UPLOAD_TIMEOUT,1
UP010103,APP03520,Income,Successful,52:00.6,09:23.8,0.8,,2
UP010104,APP03520,Additional Document,Failed,04:23.1,27:26.4,5.94,UPLOAD_TIMEOUT,1
UP010105,APP03520,Additional Document,Successful,07:52.9,25:19.4,10.75,,2
UP010106,APP03521,Identity,Successful,45:38.9,02:14.5,2.91,,1
UP010107,APP03521,Income,Successful,51:40.8,06:54.6,2.04,,1
UP010108,APP03521,Additional Document,Successful,57:43.2,17:34.5,8.45,,1
UP010109,APP03522,Identity,Successful,47:47.6,06:41.5,0.5,,1
UP010110,APP03522,Income,Failed,49:53.7,17:20.1,0.5,FILE_TOO_LARGE,1
UP010111,APP03522,Income,Successful,45:48.9,15:07.8,1.31,,2
UP010112,APP03522,Additional Document,Failed,51:25.7,10:56.6,7.35,UPLOAD_TIMEOUT,1
UP010113,APP03522,Additional Document,Successful,58:09.9,29:34.6,6.34,,2
UP010114,APP03523,Identity,Successful,07:59.6,22:45.0,3.51,,1
UP010115,APP03523,Income,Successful,13:22.6,27:49.1,5.47,,1
UP010116,APP03523,Additional Document,Successful,16:49.1,39:25.9,5.28,,1
UP010117,APP03524,Identity,Successful,08:49.0,30:47.7,3.98,,1
UP010118,APP03524,Income,Successful,16:44.4,24:54.5,2.2,,1
UP010119,APP03524,Additional Document,Successful,25:42.3,42:28.8,8.37,,1
UP010120,APP03525,Identity,Failed,56:37.1,11:51.6,3.85,UPLOAD_TIMEOUT,1
UP010121,APP03525,Identity,Failed,51:53.1,11:38.5,2.52,FILE_TOO_LARGE,2
UP010122,APP03525,Identity,Successful,43:00.0,57:27.8,2.09,,3
UP010123,APP03525,Income,Successful,59:51.6,22:06.7,3.28,,1
UP010124,APP03525,Additional Document,Successful,07:27.5,36:48.3,6.75,,1
UP010125,APP03526,Identity,Successful,45:26.5,02:32.8,2.42,,1
UP010126,APP03526,Income,Successful,51:23.7,09:34.8,3.91,,1
UP010127,APP03526,Additional Document,Successful,49:22.1,16:05.3,7.77,,1
UP010128,APP03527,Identity,Successful,14:04.3,31:07.5,1.81,,1
UP010129,APP03527,Income,Successful,09:19.2,33:11.4,4.54,,1
UP010130,APP03527,Additional Document,Successful,12:50.1,44:04.8,6.81,,1
UP010131,APP03528,Identity,Successful,21:48.9,28:36.9,4.04,,1
UP010132,APP03528,Income,Successful,16:06.1,30:05.3,2.68,,1
UP010133,APP03528,Additional Document,Successful,34:10.0,02:28.9,3.69,,1
UP010134,APP03529,Identity,Failed,04:21.6,30:24.0,2.79,UPLOAD_TIMEOUT,1
UP010135,APP03529,Identity,Successful,14:42.2,42:03.1,2.16,,2
UP010136,APP03529,Income,Successful,05:45.1,26:58.8,5.49,,1
UP010137,APP03529,Additional Document,Successful,18:04.1,43:05.5,3.85,,1
UP010138,APP03530,Identity,Successful,06:29.1,25:01.0,6.69,,1
UP010139,APP03530,Income,Successful,20:57.5,39:35.8,2.13,,1
UP010140,APP03530,Additional Document,Successful,11:36.9,29:18.7,11.56,,1
UP010141,APP03531,Identity,Successful,28:27.8,45:27.2,2.19,,1
UP010142,APP03531,Income,Successful,43:39.8,09:17.3,7.16,,1
UP010143,APP03531,Additional Document,Failed,47:47.2,12:06.9,8.22,FILE_TOO_LARGE,1
UP010144,APP03531,Additional Document,Successful,40:15.4,06:12.5,8.32,,2
UP010145,APP03532,Identity,Successful,22:07.9,45:32.1,5.27,,1
UP010146,APP03532,Income,Successful,32:28.7,41:04.5,4.37,,1
UP010147,APP03532,Additional Document,Failed,31:17.9,53:02.7,7.12,TRANSFER_ERROR,1
UP010148,APP03532,Additional Document,Successful,37:34.4,53:34.8,7.62,,2
UP010149,APP03533,Identity,Successful,33:12.0,55:48.8,2.67,,1
UP010150,APP03533,Income,Successful,38:11.5,02:40.1,6.18,,1
UP010151,APP03533,Additional Document,Successful,41:12.1,12:23.5,10.21,,1
UP010152,APP03534,Identity,Successful,40:20.8,57:14.9,3.28,,1
UP010153,APP03534,Income,Successful,47:10.7,00:03.4,7.29,,1
UP010154,APP03534,Additional Document,Successful,45:32.6,01:00.1,4.98,,1
UP010155,APP03535,Identity,Successful,59:04.1,17:15.4,5.13,,1
UP010156,APP03535,Income,Successful,53:10.9,05:30.2,1.96,,1
UP010157,APP03535,Additional Document,Successful,08:01.1,28:06.2,6.21,,1
UP010158,APP03536,Identity,Successful,18:49.2,29:13.0,6.32,,1
UP010159,APP03536,Income,Successful,23:57.8,42:15.6,2.3,,1
UP010160,APP03536,Additional Document,Successful,25:45.2,55:16.6,6.54,,1
UP010161,APP03537,Identity,Failed,26:31.0,42:34.1,2.8,UPLOAD_TIMEOUT,1
UP010162,APP03537,Identity,Successful,18:32.1,32:52.7,2.48,,2
UP010163,APP03537,Income,Successful,22:36.9,42:26.1,4.89,,1
UP010164,APP03537,Additional Document,Successful,33:06.2,56:17.7,5.43,,1
UP010165,APP03538,Identity,Failed,13:06.2,33:16.5,1.52,FILE_TOO_LARGE,1
UP010166,APP03538,Identity,Failed,04:22.3,18:23.9,3.77,UPLOAD_TIMEOUT,2
UP010167,APP03538,Identity,Successful,15:59.5,28:50.1,1.27,,3
UP010168,APP03538,Income,Successful,14:23.7,33:52.0,2.62,,1
UP010169,APP03538,Additional Document,Failed,09:33.8,36:56.3,4.52,TRANSFER_ERROR,1
UP010170,APP03538,Additional Document,Failed,13:17.9,40:25.5,12.53,FILE_TOO_LARGE,2
UP010171,APP03538,Additional Document,Successful,16:15.0,51:05.0,6.87,,3
UP010172,APP03539,Identity,Successful,14:15.7,25:01.1,6.43,,1
UP010173,APP03539,Income,Successful,28:09.8,38:32.8,6.02,,1
UP010174,APP03539,Additional Document,Successful,35:09.8,53:38.6,6.21,,1
UP010175,APP03540,Identity,Successful,54:24.8,15:50.8,3.39,,1
UP010176,APP03540,Income,Successful,48:32.4,06:45.5,2.7,,1
UP010177,APP03540,Additional Document,Successful,50:31.9,17:21.5,8.11,,1
UP010178,APP03541,Identity,Successful,31:42.4,55:52.6,5.32,,1
UP010179,APP03541,Income,Successful,43:16.4,10:10.3,3.25,,1
UP010180,APP03541,Additional Document,Failed,48:09.2,15:02.9,5.98,TRANSFER_ERROR,1
UP010181,APP03541,Additional Document,Successful,47:37.0,15:15.5,7.76,,2
UP010182,APP03542,Identity,Successful,01:51.4,13:44.6,5.7,,1
UP010183,APP03542,Income,Successful,16:34.4,35:48.2,1.93,,1
UP010184,APP03542,Additional Document,Failed,05:09.1,39:27.1,6.49,FILE_TOO_LARGE,1
UP010185,APP03542,Additional Document,Failed,15:10.4,38:55.2,6.44,UPLOAD_TIMEOUT,2
UP010186,APP03542,Additional Document,Successful,19:42.9,40:50.5,9.85,,3
UP010187,APP03543,Identity,Successful,01:43.4,24:24.3,2.23,,1
UP010188,APP03543,Income,Successful,11:25.2,33:49.1,1.47,,1
UP010189,APP03543,Additional Document,Successful,07:47.6,21:49.3,6.1,,1
UP010190,APP03544,Identity,Successful,28:07.6,45:45.2,4.04,,1
UP010191,APP03544,Income,Successful,25:21.1,42:08.8,3.01,,1
UP010192,APP03544,Additional Document,Failed,28:02.5,51:09.3,9.5,TRANSFER_ERROR,1
UP010193,APP03544,Additional Document,Successful,37:08.9,50:56.6,8.13,,2
UP010194,APP03545,Identity,Successful,40:02.4,02:59.4,2.34,,1
UP010195,APP03545,Income,Successful,41:29.2,53:46.8,7.45,,1
UP010196,APP03545,Additional Document,Failed,36:59.4,02:52.7,7.35,FILE_TOO_LARGE,1
UP010197,APP03545,Additional Document,Successful,40:40.4,00:48.2,5.42,,2
UP010198,APP03546,Identity,Successful,12:45.0,31:59.6,5.23,,1
UP010199,APP03546,Income,Successful,09:16.2,40:43.3,1.94,,1
UP010200,APP03546,Additional Document,Failed,16:41.2,44:34.9,5.86,UPLOAD_TIMEOUT,1
UP010201,APP03546,Additional Document,Successful,21:03.2,53:32.3,7.74,,2
UP010202,APP03547,Identity,Successful,44:02.6,05:14.3,3.89,,1
UP010203,APP03547,Income,Successful,43:52.8,52:50.0,3.28,,1
UP010204,APP03547,Additional Document,Successful,48:18.6,02:50.8,6.85,,1
UP010205,APP03548,Identity,Successful,43:34.5,59:58.7,2.81,,1
UP010206,APP03548,Income,Successful,53:50.5,14:54.8,6.19,,1
UP010207,APP03548,Additional Document,Successful,01:07.2,25:21.4,9.17,,1
UP010208,APP03549,Identity,Successful,00:34.4,16:10.3,3.94,,1
UP010209,APP03549,Income,Successful,09:53.6,27:10.6,3.44,,1
UP010210,APP03549,Additional Document,Successful,03:33.6,38:56.3,4.43,,1
UP010211,APP03550,Identity,Failed,34:11.3,54:49.2,5.41,UPLOAD_TIMEOUT,1
UP010212,APP03550,Identity,Successful,46:21.4,08:08.3,3.07,,2
UP010213,APP03550,Income,Successful,36:57.5,00:27.2,6,,1
UP010214,APP03550,Additional Document,Successful,46:36.3,59:05.3,6.48,,1
UP010215,APP03551,Identity,Successful,21:03.8,40:46.4,0.67,,1
UP010216,APP03551,Income,Failed,25:27.8,48:14.0,4.3,UPLOAD_TIMEOUT,1
UP010217,APP03551,Income,Successful,22:23.7,36:37.8,0.93,,2
UP010218,APP03551,Additional Document,Failed,24:18.9,54:22.6,4.71,UPLOAD_TIMEOUT,1
UP010219,APP03551,Additional Document,Successful,30:18.9,00:30.9,8.2,,2
UP010220,APP03552,Identity,Successful,13:04.1,30:06.0,6.87,,1
UP010221,APP03552,Income,Successful,19:54.5,49:18.0,3.84,,1
UP010222,APP03552,Additional Document,Successful,22:47.6,57:07.0,5.81,,1
UP010223,APP03553,Identity,Successful,56:12.8,17:19.3,2.53,,1
UP010224,APP03553,Income,Successful,08:39.8,26:28.5,5.05,,1
UP010225,APP03553,Additional Document,Failed,00:24.2,22:04.6,8.01,FILE_TOO_LARGE,1
UP010226,APP03553,Additional Document,Successful,14:37.9,35:46.5,6.3,,2
UP010227,APP03554,Identity,Successful,43:38.7,06:50.1,3.03,,1
UP010228,APP03554,Income,Successful,53:20.8,26:33.3,3.67,,1
UP010229,APP03554,Additional Document,Failed,53:56.2,21:50.5,8.36,UPLOAD_TIMEOUT,1
UP010230,APP03554,Additional Document,Successful,57:38.2,33:55.3,4.49,,2
UP010231,APP03555,Identity,Failed,46:06.4,53:01.9,1.29,FILE_TOO_LARGE,1
UP010232,APP03555,Identity,Successful,43:30.8,58:08.9,4.98,,2
UP010233,APP03555,Income,Successful,46:00.0,03:39.3,4.8,,1
UP010234,APP03555,Additional Document,Successful,49:50.8,12:18.2,7.15,,1
UP010235,APP03556,Identity,Failed,23:02.2,46:28.6,1.72,TRANSFER_ERROR,1
UP010236,APP03556,Identity,Successful,30:51.0,56:00.4,2.27,,2
UP010237,APP03556,Income,Successful,32:04.5,51:01.0,0.5,,1
UP010238,APP03556,Additional Document,Successful,34:25.3,00:32.5,7.98,,1
UP010239,APP03557,Identity,Successful,54:43.6,05:27.5,2.38,,1
UP010240,APP03557,Income,Successful,55:50.4,13:34.4,1.71,,1
UP010241,APP03557,Additional Document,Successful,53:26.0,15:15.4,9.63,,1
UP010242,APP03558,Identity,Successful,13:14.7,27:54.0,4.68,,1
UP010243,APP03558,Income,Successful,25:30.1,44:28.1,2.61,,1
UP010244,APP03558,Additional Document,Successful,25:23.1,59:42.1,5.6,,1
UP010245,APP03559,Identity,Successful,48:45.0,01:33.8,3.99,,1
UP010246,APP03559,Income,Successful,57:04.0,10:31.2,4.48,,1
UP010247,APP03559,Additional Document,Successful,02:28.7,24:05.0,5.32,,1
UP010248,APP03560,Identity,Failed,25:07.9,36:19.2,2.14,UPLOAD_TIMEOUT,1
UP010249,APP03560,Identity,Successful,15:30.5,35:33.8,4.38,,2
UP010250,APP03560,Income,Successful,16:09.2,35:53.2,2.23,,1
UP010251,APP03560,Additional Document,Successful,28:40.1,55:20.0,5.02,,1
UP010252,APP03561,Identity,Successful,19:44.3,35:28.3,6.45,,1
UP010253,APP03561,Income,Successful,19:11.4,40:08.8,5.58,,1
UP010254,APP03561,Additional Document,Failed,21:58.9,54:38.9,7.83,TRANSFER_ERROR,1
UP010255,APP03561,Additional Document,Successful,28:02.6,50:34.8,5.98,,2
UP010256,APP03562,Identity,Successful,49:26.6,06:41.1,2.49,,1
UP010257,APP03562,Income,Successful,48:47.0,10:31.4,10.46,,1
UP010258,APP03562,Additional Document,Failed,50:31.8,07:44.7,6.95,FILE_TOO_LARGE,1
UP010259,APP03562,Additional Document,Successful,53:04.0,14:55.3,6.47,,2
UP010260,APP03563,Identity,Successful,23:33.9,44:15.8,0.5,,1
UP010261,APP03563,Income,Successful,28:53.4,46:50.4,3.13,,1
UP010262,APP03563,Additional Document,Successful,37:41.9,03:06.4,4.85,,1
UP010263,APP03564,Identity,Successful,31:02.0,51:56.6,4.39,,1
UP010264,APP03564,Income,Successful,40:48.2,06:17.7,2.26,,1
UP010265,APP03564,Additional Document,Successful,43:28.5,07:07.4,5.78,,1
UP010266,APP03565,Identity,Successful,07:52.6,27:50.4,1.88,,1
UP010267,APP03565,Income,Successful,58:57.4,20:15.8,3.06,,1
UP010268,APP03565,Additional Document,Failed,58:56.3,21:38.4,6.27,UPLOAD_TIMEOUT,1
UP010269,APP03565,Additional Document,Successful,04:55.9,32:44.7,5.73,,2
UP010270,APP03566,Identity,Successful,47:53.4,02:48.5,2.46,,1
UP010271,APP03566,Income,Failed,45:11.6,09:40.0,4.96,UPLOAD_TIMEOUT,1
UP010272,APP03566,Income,Successful,46:46.8,11:58.5,7.54,,2
UP010273,APP03566,Additional Document,Failed,01:53.5,28:59.0,6.65,UPLOAD_TIMEOUT,1
UP010274,APP03566,Additional Document,Successful,00:44.5,29:09.4,6.53,,2
UP010275,APP03567,Identity,Successful,25:44.0,40:22.8,3.24,,1
UP010276,APP03567,Income,Failed,31:18.3,40:40.9,2.38,TRANSFER_ERROR,1
UP010277,APP03567,Income,Successful,31:02.7,44:02.7,2,,2
UP010278,APP03567,Additional Document,Successful,42:54.4,03:49.9,5.38,,1
UP010279,APP03568,Identity,Successful,18:00.6,39:58.7,4.08,,1
UP010280,APP03568,Income,Successful,19:28.1,39:10.1,5.45,,1
UP010281,APP03568,Additional Document,Successful,33:55.4,08:56.2,7.39,,1
UP010282,APP03569,Identity,Successful,37:56.4,48:50.2,1.57,,1
UP010283,APP03569,Income,Successful,46:56.1,08:45.6,2.57,,1
UP010284,APP03569,Additional Document,Failed,47:50.3,19:32.4,6.99,FILE_TOO_LARGE,1
UP010285,APP03569,Additional Document,Successful,43:57.6,07:27.9,4.1,,2
UP010286,APP03570,Identity,Successful,56:42.2,10:52.6,2.21,,1
UP010287,APP03570,Income,Successful,56:52.5,14:00.1,3.43,,1
UP010288,APP03570,Additional Document,Successful,03:10.7,27:56.2,7.85,,1
UP010289,APP03571,Identity,Successful,31:34.8,51:06.7,4.53,,1
UP010290,APP03571,Income,Successful,29:29.3,41:42.1,0.73,,1
UP010291,APP03571,Additional Document,Successful,37:24.4,04:43.7,5.26,,1
UP010292,APP03572,Identity,Successful,34:15.9,58:07.2,1.51,,1
UP010293,APP03572,Income,Successful,32:33.9,59:55.0,5.88,,1
UP010294,APP03572,Additional Document,Successful,41:22.8,14:16.9,6,,1
UP010295,APP03573,Identity,Failed,30:57.1,42:56.8,1.72,UPLOAD_TIMEOUT,1
UP010296,APP03573,Identity,Successful,39:26.4,59:24.7,7.03,,2
UP010297,APP03573,Income,Successful,45:48.7,03:44.3,2.52,,1
UP010298,APP03573,Additional Document,Successful,58:39.0,16:50.5,9.16,,1
UP010299,APP03574,Identity,Successful,32:21.9,00:19.1,1.15,,1
UP010300,APP03574,Income,Successful,36:53.2,56:57.6,0.5,,1
UP010301,APP03574,Additional Document,Successful,49:50.6,16:41.4,7.79,,1
UP010302,APP03575,Identity,Successful,27:28.1,44:20.0,3.54,,1
UP010303,APP03575,Income,Successful,30:09.1,43:21.6,5.5,,1
UP010304,APP03575,Additional Document,Successful,29:39.0,03:20.3,10.19,,1
UP010305,APP03576,Identity,Successful,01:51.7,12:12.1,4.13,,1
UP010306,APP03576,Income,Successful,22:01.2,34:22.7,1.48,,1
UP010307,APP03576,Additional Document,Failed,12:17.6,37:01.6,8.09,UPLOAD_TIMEOUT,1
UP010308,APP03576,Additional Document,Failed,19:57.5,47:25.3,6.83,TRANSFER_ERROR,2
UP010309,APP03576,Additional Document,Successful,27:31.7,50:45.1,8.5,,3
UP010310,APP03577,Identity,Successful,14:05.2,27:04.3,3.83,,1
UP010311,APP03577,Income,Successful,58:28.3,26:02.9,2.84,,1
UP010312,APP03577,Additional Document,Failed,12:41.2,29:38.0,8.61,UPLOAD_TIMEOUT,1
UP010313,APP03577,Additional Document,Successful,19:13.3,46:16.9,6.5,,2
UP010314,APP03578,Identity,Successful,14:57.9,28:08.7,3.58,,1
UP010315,APP03578,Income,Successful,00:05.8,15:17.4,3.32,,1
UP010316,APP03578,Additional Document,Successful,13:24.6,33:54.5,6.77,,1
UP010317,APP03579,Identity,Successful,58:50.6,13:37.5,3.21,,1
UP010318,APP03579,Income,Successful,15:05.1,33:09.8,3.14,,1
UP010319,APP03579,Additional Document,Successful,25:24.5,52:58.5,6.77,,1
UP010320,APP03580,Identity,Successful,27:06.9,45:12.7,4.57,,1
UP010321,APP03580,Income,Successful,50:03.6,59:03.9,3.84,,1
UP010322,APP03580,Additional Document,Successful,49:32.5,17:31.1,4.9,,1
UP010323,APP03581,Identity,Successful,27:57.4,45:03.2,0.74,,1
UP010324,APP03581,Income,Successful,40:58.2,57:19.6,0.5,,1
UP010325,APP03581,Additional Document,Successful,52:30.0,07:31.0,9.92,,1
UP010326,APP03582,Identity,Failed,01:23.2,16:04.8,0.57,UPLOAD_TIMEOUT,1
UP010327,APP03582,Identity,Successful,10:09.4,16:42.4,1.32,,2
UP010328,APP03582,Income,Successful,10:38.9,26:01.3,0.69,,1
UP010329,APP03582,Additional Document,Successful,15:56.3,26:05.1,8.99,,1
UP010330,APP03583,Identity,Successful,54:31.5,05:23.6,3.77,,1
UP010331,APP03583,Income,Successful,52:53.9,01:52.6,0.53,,1
UP010332,APP03583,Additional Document,Successful,56:58.7,19:41.3,3.18,,1
UP010333,APP03584,Identity,Failed,01:49.1,19:54.8,1.42,UPLOAD_TIMEOUT,1
UP010334,APP03584,Identity,Successful,15:16.8,30:22.8,4.34,,2
UP010335,APP03584,Income,Successful,15:35.4,24:30.3,4.08,,1
UP010336,APP03584,Additional Document,Successful,11:40.6,33:36.6,10.56,,1
UP010337,APP03585,Identity,Successful,16:29.4,29:43.6,5.25,,1
UP010338,APP03585,Income,Successful,29:04.6,52:03.8,3.36,,1
UP010339,APP03585,Additional Document,Successful,23:13.6,46:04.1,6.68,,1
UP010340,APP03586,Identity,Successful,34:47.3,02:14.9,2.5,,1
UP010341,APP03586,Income,Successful,35:36.5,55:29.5,2.08,,1
UP010342,APP03586,Additional Document,Successful,35:19.2,57:32.1,10.93,,1
UP010343,APP03587,Identity,Successful,16:11.2,42:54.7,5.11,,1
UP010344,APP03587,Income,Successful,25:28.6,43:27.4,2.78,,1
UP010345,APP03587,Additional Document,Successful,24:02.0,51:19.2,6.9,,1
UP010346,APP03588,Identity,Failed,41:36.4,01:21.0,4,FILE_TOO_LARGE,1
UP010347,APP03588,Identity,Failed,32:23.7,47:38.1,1.97,TRANSFER_ERROR,2
UP010348,APP03588,Identity,Successful,34:22.4,50:25.4,2.13,,3
UP010349,APP03588,Income,Successful,42:47.4,00:12.5,2.6,,1
UP010350,APP03588,Additional Document,Successful,36:12.4,03:53.4,6.62,,1
UP010351,APP03589,Identity,Failed,05:21.9,07:35.9,3.02,FILE_TOO_LARGE,1
UP010352,APP03589,Identity,Successful,01:58.0,27:56.8,0.67,,2
UP010353,APP03589,Income,Successful,04:40.1,17:24.2,7.43,,1
UP010354,APP03589,Additional Document,Successful,15:55.6,46:23.0,6.62,,1
UP010355,APP03590,Identity,Failed,27:37.0,53:19.8,0.57,UPLOAD_TIMEOUT,1
UP010356,APP03590,Identity,Successful,31:32.1,52:31.8,2.52,,2
UP010357,APP03590,Income,Successful,20:01.3,42:58.3,2.87,,1
UP010358,APP03590,Additional Document,Successful,41:30.4,06:45.5,7.58,,1
UP010359,APP03591,Identity,Successful,51:35.0,13:29.5,0.5,,1
UP010360,APP03591,Income,Successful,51:16.4,10:53.0,2.5,,1
UP010361,APP03591,Additional Document,Successful,55:23.5,27:38.5,6.92,,1
UP010362,APP03592,Identity,Successful,00:10.5,13:44.3,4.77,,1
UP010363,APP03592,Income,Successful,00:40.3,25:48.0,3.2,,1
UP010364,APP03592,Additional Document,Successful,15:23.8,41:25.3,8.14,,1
UP010365,APP03593,Identity,Successful,49:24.5,19:45.2,4.91,,1
UP010366,APP03593,Income,Successful,58:25.2,17:49.9,4.65,,1
UP010367,APP03593,Additional Document,Failed,07:38.3,36:18.5,10.4,UPLOAD_TIMEOUT,1
UP010368,APP03593,Additional Document,Successful,01:13.6,31:14.2,6.4,,2
UP010369,APP03594,Identity,Successful,03:24.7,22:04.3,2.86,,1
UP010370,APP03594,Income,Successful,10:18.6,34:49.3,2.39,,1
UP010371,APP03594,Additional Document,Successful,11:11.1,34:04.3,6.26,,1
UP010372,APP03595,Identity,Successful,13:12.3,39:17.6,3.94,,1
UP010373,APP03595,Income,Successful,08:53.0,37:57.0,2.78,,1
UP010374,APP03595,Additional Document,Successful,21:20.7,59:26.3,8.16,,1
UP010375,APP03596,Identity,Failed,46:50.7,08:07.3,2.59,TRANSFER_ERROR,1
UP010376,APP03596,Identity,Successful,44:47.3,59:38.8,7.09,,2
UP010377,APP03596,Income,Failed,50:02.3,15:56.5,0.5,UPLOAD_TIMEOUT,1
UP010378,APP03596,Income,Successful,54:34.4,12:57.4,6.6,,2
UP010379,APP03596,Additional Document,Failed,03:46.8,30:55.6,6.8,UPLOAD_TIMEOUT,1
UP010380,APP03596,Additional Document,Successful,03:08.5,35:46.9,5.14,,2
UP010381,APP03597,Identity,Successful,33:49.6,59:00.3,0.5,,1
UP010382,APP03597,Income,Successful,44:41.5,06:09.7,0.74,,1
UP010383,APP03597,Additional Document,Failed,52:45.7,24:43.1,5.66,TRANSFER_ERROR,1
UP010384,APP03597,Additional Document,Successful,44:56.2,07:20.2,8.25,,2
UP010385,APP03598,Identity,Successful,13:49.6,28:11.8,3.7,,1
UP010386,APP03598,Income,Successful,09:38.9,35:41.0,2.3,,1
UP010387,APP03598,Additional Document,Successful,19:09.0,46:28.3,2.29,,1
UP010388,APP03599,Identity,Failed,25:01.2,50:31.2,5.18,UPLOAD_TIMEOUT,1
UP010389,APP03599,Identity,Successful,23:54.8,48:06.1,3.73,,2
UP010390,APP03599,Income,Successful,23:21.9,46:08.3,3.27,,1
UP010391,APP03599,Additional Document,Successful,32:47.8,03:41.4,6.93,,1
UP010392,APP03600,Identity,Successful,39:41.1,48:52.1,1.34,,1
UP010393,APP03600,Income,Successful,50:00.1,02:11.9,4.52,,1
UP010394,APP03600,Additional Document,Successful,47:27.8,06:57.8,8.09,,1
UP010395,APP03601,Identity,Successful,26:01.5,47:23.8,4.06,,1
UP010396,APP03601,Income,Successful,24:25.4,40:43.0,3.2,,1
UP010397,APP03601,Additional Document,Successful,26:01.4,02:36.1,6.17,,1
UP010398,APP03602,Identity,Successful,31:09.0,44:28.9,3.85,,1
UP010399,APP03602,Income,Successful,37:55.6,50:52.3,3.89,,1
UP010400,APP03602,Additional Document,Successful,40:06.3,05:23.6,10.3,,1
UP010401,APP03603,Identity,Failed,46:40.2,06:02.4,4.77,UPLOAD_TIMEOUT,1
UP010402,APP03603,Identity,Successful,44:01.5,54:35.7,4.18,,2
UP010403,APP03603,Income,Successful,52:48.1,09:36.5,1.8,,1
UP010404,APP03603,Additional Document,Successful,46:02.2,16:19.8,5.08,,1
UP010405,APP03604,Identity,Successful,41:06.3,57:09.1,4.07,,1
UP010406,APP03604,Income,Successful,38:21.1,50:13.0,3.9,,1
UP010407,APP03604,Additional Document,Successful,38:18.1,05:15.7,4.72,,1
UP010408,APP03605,Identity,Successful,50:46.5,05:32.1,2.5,,1
UP010409,APP03605,Income,Failed,48:59.5,55:51.4,6.17,FILE_TOO_LARGE,1
UP010410,APP03605,Income,Failed,01:13.4,11:59.1,1.35,TRANSFER_ERROR,2
UP010411,APP03605,Income,Successful,50:58.9,10:53.2,5.41,,3
UP010412,APP03605,Additional Document,Successful,57:11.9,22:09.0,9.61,,1
UP010413,APP03606,Identity,Successful,09:01.8,23:14.2,0.89,,1
UP010414,APP03606,Income,Failed,18:31.4,42:08.4,3.01,TRANSFER_ERROR,1
UP010415,APP03606,Income,Failed,20:16.4,32:30.3,1.65,UPLOAD_TIMEOUT,2
UP010416,APP03606,Income,Successful,20:21.2,29:46.7,3.69,,3
UP010417,APP03606,Additional Document,Successful,17:25.6,35:17.4,7.46,,1
UP010418,APP03607,Identity,Successful,15:07.4,45:48.7,3.38,,1
UP010419,APP03607,Income,Successful,23:41.6,43:07.1,0.5,,1
UP010420,APP03607,Additional Document,Successful,24:57.5,49:46.9,6.15,,1
UP010421,APP03608,Identity,Successful,20:41.6,41:46.7,1.17,,1
UP010422,APP03608,Income,Failed,29:55.2,53:43.3,2.19,TRANSFER_ERROR,1
UP010423,APP03608,Income,Successful,24:11.4,46:38.2,3.64,,2
UP010424,APP03608,Additional Document,Successful,30:38.3,06:39.8,7.07,,1
UP010425,APP03609,Identity,Successful,21:13.9,38:55.0,5.21,,1
UP010426,APP03609,Income,Successful,23:17.5,41:36.6,1.31,,1
UP010427,APP03609,Additional Document,Failed,27:43.9,01:26.8,9.48,FILE_TOO_LARGE,1
UP010428,APP03609,Additional Document,Failed,27:29.4,53:02.6,9.41,UPLOAD_TIMEOUT,2
UP010429,APP03609,Additional Document,Successful,27:30.3,53:40.9,8.25,,3
UP010430,APP03610,Identity,Failed,47:52.7,09:31.4,1.75,TRANSFER_ERROR,1
UP010431,APP03610,Identity,Successful,54:59.4,13:07.4,3.03,,2
UP010432,APP03610,Income,Successful,51:49.1,10:08.9,1.85,,1
UP010433,APP03610,Additional Document,Successful,58:48.3,29:02.9,8.3,,1
UP010434,APP03611,Identity,Successful,36:12.6,57:11.3,0.5,,1
UP010435,APP03611,Income,Successful,35:17.8,47:42.4,4.44,,1
UP010436,APP03611,Additional Document,Failed,40:32.8,00:45.5,5.4,FILE_TOO_LARGE,1
UP010437,APP03611,Additional Document,Successful,37:41.5,06:43.0,6.08,,2
UP010438,APP03612,Identity,Successful,45:24.9,08:05.7,5.13,,1
UP010439,APP03612,Income,Successful,55:19.1,12:48.7,0.99,,1
UP010440,APP03612,Additional Document,Successful,48:02.7,10:31.1,4.63,,1
UP010441,APP03613,Identity,Successful,15:51.3,40:08.3,4.73,,1
UP010442,APP03613,Income,Failed,03:32.3,22:45.9,5.59,UPLOAD_TIMEOUT,1
UP010443,APP03613,Income,Successful,16:13.6,41:18.1,4.4,,2
UP010444,APP03613,Additional Document,Successful,26:01.5,58:55.1,5.44,,1
UP010445,APP03614,Identity,Failed,33:18.3,51:28.7,2.2,TRANSFER_ERROR,1
UP010446,APP03614,Identity,Failed,37:24.3,56:51.8,2.66,TRANSFER_ERROR,2
UP010447,APP03614,Identity,Successful,25:00.0,51:45.0,4,,3
UP010448,APP03614,Income,Failed,33:39.4,51:25.3,4.04,UPLOAD_TIMEOUT,1
UP010449,APP03614,Income,Failed,32:43.3,46:07.2,2.95,FILE_TOO_LARGE,2
UP010450,APP03614,Income,Successful,36:44.7,54:16.1,3.9,,3
UP010451,APP03614,Additional Document,Failed,42:30.1,02:18.0,10.38,UPLOAD_TIMEOUT,1
UP010452,APP03614,Additional Document,Successful,44:41.1,03:46.5,6.08,,2
UP010453,APP03615,Identity,Successful,24:51.2,38:11.7,2.55,,1
UP010454,APP03615,Income,Successful,29:26.2,48:10.6,4.15,,1
UP010455,APP03615,Additional Document,Successful,34:01.8,07:28.8,4.47,,1
UP010456,APP03616,Identity,Successful,51:01.6,09:34.6,1.97,,1
UP010457,APP03616,Income,Successful,55:58.9,13:06.5,2.47,,1
UP010458,APP03616,Additional Document,Successful,58:12.2,32:28.3,7.74,,1
UP010459,APP03617,Identity,Failed,02:58.4,17:38.6,6.08,UPLOAD_TIMEOUT,1
UP010460,APP03617,Identity,Successful,03:47.9,17:21.9,3.49,,2
UP010461,APP03617,Income,Successful,18:51.3,29:03.1,5.37,,1
UP010462,APP03617,Additional Document,Successful,28:06.0,51:59.0,5.89,,1
UP010463,APP03618,Identity,Successful,31:10.1,48:03.2,4.61,,1
UP010464,APP03618,Income,Successful,36:35.3,48:47.5,5.06,,1
UP010465,APP03618,Additional Document,Successful,40:26.0,11:21.6,6.95,,1
UP010466,APP03619,Identity,Successful,36:54.9,57:51.8,4.79,,1
UP010467,APP03619,Income,Successful,39:12.8,55:03.0,3.68,,1
UP010468,APP03619,Additional Document,Successful,41:25.5,05:40.6,6.29,,1
UP010469,APP03620,Identity,Successful,28:49.4,41:26.8,4.43,,1
UP010470,APP03620,Income,Successful,32:52.9,51:58.8,3.44,,1
UP010471,APP03620,Additional Document,Successful,31:56.1,52:17.0,10.45,,1
UP010472,APP03621,Identity,Successful,00:58.7,28:25.5,6.7,,1
UP010473,APP03621,Income,Successful,58:21.7,20:49.1,0.58,,1
UP010474,APP03621,Additional Document,Successful,17:57.8,47:25.6,5.16,,1
UP010475,APP03622,Identity,Successful,25:22.1,44:52.1,4.52,,1
UP010476,APP03622,Income,Successful,41:20.1,00:29.2,3.47,,1
UP010477,APP03622,Additional Document,Successful,47:32.4,15:26.2,8.66,,1
UP010478,APP03623,Identity,Successful,09:48.5,27:48.5,5.69,,1
UP010479,APP03623,Income,Successful,08:22.6,27:40.7,1.62,,1
UP010480,APP03623,Additional Document,Successful,13:14.1,41:46.1,4.85,,1
UP010481,APP03624,Identity,Successful,11:10.7,25:57.0,2.47,,1
UP010482,APP03624,Income,Successful,02:21.2,22:56.7,3.73,,1
UP010483,APP03624,Additional Document,Successful,11:44.1,43:04.2,3.34,,1
UP010484,APP03625,Identity,Successful,16:12.3,31:32.9,5.09,,1
UP010485,APP03625,Income,Successful,26:19.9,47:41.2,4.26,,1
UP010486,APP03625,Additional Document,Failed,24:49.3,44:28.5,7.42,TRANSFER_ERROR,1
UP010487,APP03625,Additional Document,Failed,30:01.1,02:03.2,11.12,FILE_TOO_LARGE,2
UP010488,APP03625,Additional Document,Successful,18:54.3,57:29.5,6,,3
UP010489,APP03626,Identity,Failed,19:54.9,41:24.5,6.2,UPLOAD_TIMEOUT,1
UP010490,APP03626,Identity,Failed,24:35.2,43:56.2,2.2,TRANSFER_ERROR,2
UP010491,APP03626,Identity,Successful,34:36.6,50:40.2,4.2,,3
UP010492,APP03626,Income,Successful,30:28.6,51:44.9,2.37,,1
UP010493,APP03626,Additional Document,Successful,31:55.4,01:36.2,7.95,,1
UP010494,APP03627,Identity,Failed,09:24.4,23:52.4,4.83,TRANSFER_ERROR,1
UP010495,APP03627,Identity,Failed,10:42.5,17:17.5,4.53,TRANSFER_ERROR,2
UP010496,APP03627,Identity,Successful,06:04.5,22:39.0,3.43,,3
UP010497,APP03627,Income,Successful,06:33.7,25:36.2,1.54,,1
UP010498,APP03627,Additional Document,Successful,08:12.8,34:00.5,6.36,,1
UP010499,APP03628,Identity,Successful,45:30.7,03:46.8,0.79,,1
UP010500,APP03628,Income,Successful,50:13.4,03:15.5,5.29,,1
UP010501,APP03628,Additional Document,Successful,54:29.9,36:48.1,7.18,,1
UP010502,APP03629,Identity,Successful,12:36.6,36:08.9,2.12,,1
UP010503,APP03629,Income,Successful,07:50.0,27:59.8,4,,1
UP010504,APP03629,Additional Document,Successful,18:37.0,40:37.8,7.97,,1
UP010505,APP03630,Identity,Successful,46:21.9,15:16.9,3.43,,1
UP010506,APP03630,Income,Failed,52:56.9,15:17.0,6.62,TRANSFER_ERROR,1
UP010507,APP03630,Income,Failed,36:43.1,57:38.1,4.22,TRANSFER_ERROR,2
UP010508,APP03630,Income,Successful,49:40.7,09:35.3,1.53,,3
UP010509,APP03630,Additional Document,Successful,44:56.1,21:23.8,9.3,,1
UP010510,APP03631,Identity,Successful,58:16.7,09:16.2,0.75,,1
UP010511,APP03631,Income,Successful,09:09.2,20:04.1,5.81,,1
UP010512,APP03631,Additional Document,Successful,14:25.5,43:25.3,7.72,,1
UP010513,APP03632,Identity,Successful,03:00.0,26:26.0,1.73,,1
UP010514,APP03632,Income,Successful,11:07.5,29:23.4,4.42,,1
UP010515,APP03632,Additional Document,Failed,23:59.3,42:18.8,7.43,UPLOAD_TIMEOUT,1
UP010516,APP03632,Additional Document,Failed,25:12.9,50:16.9,6.79,FILE_TOO_LARGE,2
UP010517,APP03632,Additional Document,Successful,25:42.0,52:31.8,3.1,,3
UP010518,APP03633,Identity,Successful,01:31.0,16:55.3,5.83,,1
UP010519,APP03633,Income,Successful,00:58.2,14:01.5,4.7,,1
UP010520,APP03633,Additional Document,Failed,21:54.7,43:48.1,6.01,UPLOAD_TIMEOUT,1
UP010521,APP03633,Additional Document,Successful,12:49.0,37:15.1,3.9,,2
UP010522,APP03634,Identity,Successful,30:45.5,47:00.5,1.36,,1
UP010523,APP03634,Income,Successful,23:35.1,37:04.9,3.58,,1
UP010524,APP03634,Additional Document,Successful,31:32.2,55:53.2,4.6,,1
UP010525,APP03635,Identity,Successful,11:19.2,42:53.1,3.24,,1
UP010526,APP03635,Income,Successful,05:33.7,22:41.6,1.08,,1
UP010527,APP03635,Additional Document,Successful,17:47.5,48:44.1,6.89,,1
UP010528,APP03636,Identity,Successful,48:03.4,04:42.2,4.75,,1
UP010529,APP03636,Income,Successful,57:33.6,04:22.7,7.67,,1
UP010530,APP03636,Additional Document,Failed,07:53.2,28:26.3,5.61,UPLOAD_TIMEOUT,1
UP010531,APP03636,Additional Document,Failed,46:01.5,08:30.8,7.01,UPLOAD_TIMEOUT,2
UP010532,APP03636,Additional Document,Successful,04:03.1,23:37.1,8.38,,3
UP010533,APP03637,Identity,Successful,25:10.8,40:29.7,3.13,,1
UP010534,APP03637,Income,Failed,27:44.1,48:06.2,4.15,FILE_TOO_LARGE,1
UP010535,APP03637,Income,Failed,35:33.1,02:18.0,3.49,TRANSFER_ERROR,2
UP010536,APP03637,Income,Successful,20:49.5,40:53.8,5.49,,3
UP010537,APP03637,Additional Document,Failed,34:53.5,07:02.8,6.4,UPLOAD_TIMEOUT,1
UP010538,APP03637,Additional Document,Successful,29:59.5,55:24.7,6.83,,2
UP010539,APP03638,Identity,Successful,05:28.7,24:40.9,2.96,,1
UP010540,APP03638,Income,Successful,02:14.5,25:29.0,4.01,,1
UP010541,APP03638,Additional Document,Successful,10:34.7,39:07.8,7.97,,1
UP010542,APP03639,Identity,Successful,53:36.7,17:24.3,4.8,,1
UP010543,APP03639,Income,Successful,05:50.6,21:33.3,3.42,,1
UP010544,APP03639,Additional Document,Successful,06:55.3,37:48.4,7.76,,1
UP010545,APP03640,Identity,Failed,31:11.2,45:52.9,1.09,UPLOAD_TIMEOUT,1
UP010546,APP03640,Identity,Successful,37:53.0,52:24.4,6.14,,2
UP010547,APP03640,Income,Successful,25:33.8,43:52.7,1.77,,1
UP010548,APP03640,Additional Document,Successful,46:13.3,17:06.9,5.29,,1
UP010549,APP03641,Identity,Failed,25:12.3,46:21.7,4.45,UPLOAD_TIMEOUT,1
UP010550,APP03641,Identity,Failed,29:22.1,43:06.1,2.89,FILE_TOO_LARGE,2
UP010551,APP03641,Identity,Successful,28:23.7,48:44.7,3.79,,3
UP010552,APP03641,Income,Successful,34:07.8,43:49.7,4.24,,1
UP010553,APP03641,Additional Document,Successful,25:43.1,50:15.2,2.75,,1
UP010554,APP03642,Identity,Failed,08:04.5,26:06.5,4.33,UPLOAD_TIMEOUT,1
UP010555,APP03642,Identity,Successful,09:19.6,25:39.0,4.08,,2
UP010556,APP03642,Income,Successful,13:22.0,36:02.1,0.99,,1
UP010557,APP03642,Additional Document,Successful,12:18.8,34:51.5,7.36,,1
UP010558,APP03643,Identity,Successful,14:51.0,42:21.1,6.06,,1
UP010559,APP03643,Income,Failed,11:26.2,34:47.2,1.61,UPLOAD_TIMEOUT,1
UP010560,APP03643,Income,Failed,04:52.0,28:18.5,4.92,UPLOAD_TIMEOUT,2
UP010561,APP03643,Income,Successful,08:42.8,25:59.6,4.17,,3
UP010562,APP03643,Additional Document,Successful,01:51.0,28:32.2,8.43,,1
UP010563,APP03644,Identity,Successful,54:41.4,13:12.3,4.87,,1
UP010564,APP03644,Income,Successful,54:05.3,22:34.2,4.62,,1
UP010565,APP03644,Additional Document,Failed,13:35.9,44:09.1,4.83,TRANSFER_ERROR,1
UP010566,APP03644,Additional Document,Successful,07:49.6,30:35.3,6.37,,2
UP010567,APP03645,Identity,Successful,33:04.5,54:57.4,2.62,,1
UP010568,APP03645,Income,Successful,33:28.7,51:45.4,5.1,,1
UP010569,APP03645,Additional Document,Successful,42:18.6,15:13.3,5.88,,1
UP010570,APP03646,Identity,Successful,39:33.6,03:25.2,5.85,,1
UP010571,APP03646,Income,Failed,44:17.7,02:55.5,0.5,UPLOAD_TIMEOUT,1
UP010572,APP03646,Income,Successful,42:34.2,06:48.3,3.48,,2
UP010573,APP03646,Additional Document,Successful,49:51.3,14:05.4,5.23,,1
UP010574,APP03647,Identity,Successful,44:10.7,19:49.1,2.21,,1
UP010575,APP03647,Income,Failed,06:01.4,16:17.0,2.11,FILE_TOO_LARGE,1
UP010576,APP03647,Income,Successful,59:05.7,13:15.7,3.62,,2
UP010577,APP03647,Additional Document,Successful,56:02.6,23:08.4,3.59,,1
UP010578,APP03648,Identity,Successful,11:03.3,41:48.9,2.69,,1
UP010579,APP03648,Income,Failed,10:19.9,33:03.8,3.01,UPLOAD_TIMEOUT,1
UP010580,APP03648,Income,Successful,13:35.2,31:48.6,4.21,,2
UP010581,APP03648,Additional Document,Successful,07:57.6,32:59.5,6.97,,1
UP010582,APP03649,Identity,Successful,24:24.3,40:03.1,4.57,,1
UP010583,APP03649,Income,Successful,40:37.6,02:09.7,2.46,,1
UP010584,APP03649,Additional Document,Successful,43:20.8,03:55.4,9.33,,1
UP010585,APP03650,Identity,Successful,11:10.2,27:21.7,3.51,,1
UP010586,APP03650,Income,Successful,00:13.7,14:44.1,0.59,,1
UP010587,APP03650,Additional Document,Failed,10:40.6,32:22.8,2.51,FILE_TOO_LARGE,1
UP010588,APP03650,Additional Document,Successful,06:21.7,28:49.6,6.8,,2
UP010589,APP03651,Identity,Successful,00:03.7,21:16.4,5.8,,1
UP010590,APP03651,Income,Successful,05:42.3,18:21.8,5.72,,1
UP010591,APP03651,Additional Document,Successful,09:03.6,46:58.8,9.12,,1
UP010592,APP03652,Identity,Failed,22:59.3,41:13.6,4.46,TRANSFER_ERROR,1
UP010593,APP03652,Identity,Successful,34:55.1,55:33.8,6.34,,2
UP010594,APP03652,Income,Successful,41:30.3,04:29.2,5.86,,1
UP010595,APP03652,Additional Document,Successful,30:04.4,55:12.5,5.44,,1
UP010596,APP03653,Identity,Failed,22:15.8,38:57.7,1.27,TRANSFER_ERROR,1
UP010597,APP03653,Identity,Successful,23:06.7,43:03.4,4.71,,2
UP010598,APP03653,Income,Successful,31:41.8,47:10.8,3.59,,1
UP010599,APP03653,Additional Document,Successful,36:32.7,07:45.6,6.76,,1
UP010600,APP03654,Identity,Successful,02:45.1,19:35.7,0.5,,1
UP010601,APP03654,Income,Successful,03:16.7,32:22.4,0.5,,1
UP010602,APP03654,Additional Document,Successful,17:04.0,46:34.8,7.98,,1
UP010603,APP03655,Identity,Successful,29:06.3,41:41.2,5.38,,1
UP010604,APP03655,Income,Successful,27:44.1,46:53.4,4.7,,1
UP010605,APP03655,Additional Document,Failed,41:07.3,04:03.6,7.32,TRANSFER_ERROR,1
UP010606,APP03655,Additional Document,Successful,39:03.0,13:29.4,6.23,,2
UP010607,APP03656,Identity,Successful,53:53.5,20:26.7,2.35,,1
UP010608,APP03656,Income,Failed,05:51.2,16:14.6,0.5,TRANSFER_ERROR,1
UP010609,APP03656,Income,Successful,09:48.3,26:55.3,4.54,,2
UP010610,APP03656,Additional Document,Successful,06:19.1,33:55.9,7.13,,1
UP010611,APP03657,Identity,Successful,31:39.7,54:08.7,0.56,,1
UP010612,APP03657,Income,Successful,45:07.7,58:37.0,4.83,,1
UP010613,APP03657,Additional Document,Successful,51:53.9,22:15.6,6.79,,1
UP010614,APP03658,Identity,Successful,22:44.0,29:32.6,3.87,,1
UP010615,APP03658,Income,Successful,39:01.7,49:44.3,3.92,,1
UP010616,APP03658,Additional Document,Successful,39:17.3,57:30.1,6.39,,1
UP010617,APP03659,Identity,Successful,42:18.1,05:49.6,3.4,,1
UP010618,APP03659,Income,Successful,46:41.2,11:21.1,3.05,,1
UP010619,APP03659,Additional Document,Failed,58:46.1,22:55.7,6.26,UPLOAD_TIMEOUT,1
UP010620,APP03659,Additional Document,Failed,59:10.0,18:15.6,5.19,UPLOAD_TIMEOUT,2
UP010621,APP03659,Additional Document,Successful,04:01.7,38:19.1,6.89,,3
UP010622,APP03660,Identity,Successful,27:05.4,40:58.9,4.96,,1
UP010623,APP03660,Income,Failed,32:23.5,48:35.8,1.9,TRANSFER_ERROR,1
UP010624,APP03660,Income,Successful,35:17.2,43:07.2,0.5,,2
UP010625,APP03660,Additional Document,Failed,40:03.2,00:35.4,9.1,UPLOAD_TIMEOUT,1
UP010626,APP03660,Additional Document,Failed,50:49.5,12:18.4,5.37,FILE_TOO_LARGE,2
UP010627,APP03660,Additional Document,Successful,41:38.4,05:10.4,8.98,,3
UP010628,APP03661,Identity,Successful,38:39.9,47:45.4,4.89,,1
UP010629,APP03661,Income,Failed,41:17.5,10:53.3,1.28,TRANSFER_ERROR,1
UP010630,APP03661,Income,Failed,45:33.2,10:46.9,3.6,UPLOAD_TIMEOUT,2
UP010631,APP03661,Income,Successful,52:34.3,12:14.6,2.03,,3
UP010632,APP03661,Additional Document,Successful,51:59.1,15:14.4,6.08,,1
UP010633,APP03662,Identity,Successful,43:19.5,57:46.5,5.11,,1
UP010634,APP03662,Income,Successful,54:08.0,16:20.1,4.94,,1
UP010635,APP03662,Additional Document,Failed,54:05.2,10:27.3,5.88,UPLOAD_TIMEOUT,1
UP010636,APP03662,Additional Document,Successful,00:36.7,26:49.5,7.67,,2
UP010637,APP03663,Identity,Successful,39:41.9,04:50.8,2.06,,1
UP010638,APP03663,Income,Successful,44:58.8,10:25.2,2.87,,1
UP010639,APP03663,Additional Document,Successful,46:20.6,13:39.2,7.72,,1
UP010640,APP03664,Identity,Successful,10:28.9,32:13.8,3.39,,1
UP010641,APP03664,Income,Successful,15:29.2,38:21.6,1.38,,1
UP010642,APP03664,Additional Document,Failed,18:25.6,57:38.9,11.27,UPLOAD_TIMEOUT,1
UP010643,APP03664,Additional Document,Successful,33:29.8,55:09.0,5.41,,2
UP010644,APP03665,Identity,Failed,36:31.7,46:36.1,1.93,UPLOAD_TIMEOUT,1
UP010645,APP03665,Identity,Successful,34:40.9,55:04.7,2.39,,2
UP010646,APP03665,Income,Successful,36:10.8,48:07.9,3.45,,1
UP010647,APP03665,Additional Document,Successful,35:31.0,58:07.1,3.28,,1
UP010648,APP03666,Identity,Successful,50:20.6,08:20.4,1.3,,1
UP010649,APP03666,Income,Failed,50:58.2,20:49.8,4.52,TRANSFER_ERROR,1
UP010650,APP03666,Income,Failed,52:59.7,10:59.4,3.34,UPLOAD_TIMEOUT,2
UP010651,APP03666,Income,Successful,57:20.5,23:02.0,2.38,,3
UP010652,APP03666,Additional Document,Successful,02:43.4,24:37.7,6.01,,1
UP010653,APP03667,Identity,Successful,30:02.0,39:19.1,2.1,,1
UP010654,APP03667,Income,Successful,29:14.8,45:08.6,2.93,,1
UP010655,APP03667,Additional Document,Successful,32:50.4,50:08.8,8.91,,1
UP010656,APP03668,Identity,Successful,11:46.9,27:56.3,4.34,,1
UP010657,APP03668,Income,Successful,13:16.7,35:31.1,4.08,,1
UP010658,APP03668,Additional Document,Successful,23:55.5,47:56.0,7.31,,1
UP010659,APP03669,Identity,Failed,20:45.8,41:06.9,3.61,UPLOAD_TIMEOUT,1
UP010660,APP03669,Identity,Failed,01:00.0,18:01.8,6.29,UPLOAD_TIMEOUT,2
UP010661,APP03669,Identity,Successful,15:14.9,36:12.5,4.03,,3
UP010662,APP03669,Income,Successful,19:35.0,53:09.8,2.43,,1
UP010663,APP03669,Additional Document,Successful,23:29.0,57:41.7,10.8,,1
UP010664,APP03670,Identity,Successful,25:33.8,42:00.6,5.35,,1
UP010665,APP03670,Income,Successful,17:44.2,27:22.5,2.66,,1
UP010666,APP03670,Additional Document,Failed,34:34.4,47:07.8,7.04,TRANSFER_ERROR,1
UP010667,APP03670,Additional Document,Successful,40:10.9,52:44.8,7.17,,2
UP010668,APP03671,Identity,Failed,14:25.1,28:38.9,3.9,UPLOAD_TIMEOUT,1
UP010669,APP03671,Identity,Successful,08:54.6,38:37.3,4.24,,2
UP010670,APP03671,Income,Failed,11:44.5,28:08.3,1.77,UPLOAD_TIMEOUT,1
UP010671,APP03671,Income,Successful,10:42.7,30:40.5,0.5,,2
UP010672,APP03671,Additional Document,Successful,08:09.5,27:31.7,7.89,,1
UP010673,APP03672,Identity,Successful,11:23.4,33:27.8,1.01,,1
UP010674,APP03672,Income,Successful,08:48.3,26:51.5,4.44,,1
UP010675,APP03672,Additional Document,Successful,31:58.1,54:33.3,7.09,,1
UP010676,APP03673,Identity,Failed,36:06.3,07:18.4,3.14,UPLOAD_TIMEOUT,1
UP010677,APP03673,Identity,Failed,37:43.9,02:34.5,3.56,UPLOAD_TIMEOUT,2
UP010678,APP03673,Identity,Successful,29:07.2,51:23.8,1.25,,3
UP010679,APP03673,Income,Successful,45:56.5,01:06.1,1.46,,1
UP010680,APP03673,Additional Document,Successful,52:14.8,24:26.9,9.45,,1
UP010681,APP03674,Identity,Successful,46:13.5,04:06.1,3.58,,1
UP010682,APP03674,Income,Successful,35:38.1,54:02.7,3.72,,1
UP010683,APP03674,Additional Document,Failed,39:20.9,02:58.5,5.67,UPLOAD_TIMEOUT,1
UP010684,APP03674,Additional Document,Successful,44:18.2,10:12.8,6.18,,2
UP010685,APP03675,Identity,Successful,41:54.6,50:05.7,4.55,,1
UP010686,APP03675,Income,Successful,58:39.6,17:53.0,3.74,,1
UP010687,APP03675,Additional Document,Successful,00:22.1,21:19.6,8.5,,1
UP010688,APP03676,Identity,Successful,41:26.5,02:49.6,2.26,,1
UP010689,APP03676,Income,Successful,52:48.1,13:17.4,3.4,,1
UP010690,APP03676,Additional Document,Successful,50:02.4,14:21.6,7.07,,1
UP010691,APP03677,Identity,Successful,03:54.6,16:08.9,2.37,,1
UP010692,APP03677,Income,Successful,06:58.8,28:07.6,0.5,,1
UP010693,APP03677,Additional Document,Successful,26:52.7,53:51.6,8.81,,1
UP010694,APP03678,Identity,Successful,03:01.5,24:09.0,0.95,,1
UP010695,APP03678,Income,Successful,06:01.2,26:18.8,3.12,,1
UP010696,APP03678,Additional Document,Successful,13:50.9,46:22.3,6.56,,1
UP010697,APP03679,Identity,Failed,20:33.7,48:44.2,3.27,TRANSFER_ERROR,1
UP010698,APP03679,Identity,Successful,22:58.9,44:50.3,5.4,,2
UP010699,APP03679,Income,Successful,27:55.0,57:39.5,1.35,,1
UP010700,APP03679,Additional Document,Successful,28:53.6,01:21.7,7.77,,1
UP010701,APP03680,Identity,Failed,19:48.7,28:15.7,3.86,TRANSFER_ERROR,1
UP010702,APP03680,Identity,Successful,12:37.2,29:39.0,2.21,,2
UP010703,APP03680,Income,Successful,25:59.6,41:36.8,3.23,,1
UP010704,APP03680,Additional Document,Successful,27:23.3,53:31.8,8.82,,1
UP010705,APP03681,Identity,Successful,35:33.0,50:29.8,2.7,,1
UP010706,APP03681,Income,Failed,27:12.8,42:47.3,6.72,UPLOAD_TIMEOUT,1
UP010707,APP03681,Income,Successful,36:32.4,45:44.8,5.96,,2
UP010708,APP03681,Additional Document,Successful,48:02.7,13:37.6,7.29,,1
UP010709,APP03682,Identity,Successful,49:40.6,08:11.1,5.53,,1
UP010710,APP03682,Income,Successful,54:43.3,06:15.7,4.39,,1
UP010711,APP03682,Additional Document,Successful,01:56.6,25:45.2,7.58,,1
UP010712,APP03683,Identity,Successful,17:33.5,36:30.9,3.06,,1
UP010713,APP03683,Income,Successful,31:56.4,56:28.2,5.55,,1
UP010714,APP03683,Additional Document,Successful,22:28.8,47:04.0,7.96,,1
UP010715,APP03684,Identity,Failed,26:46.9,52:35.8,2.11,UPLOAD_TIMEOUT,1
UP010716,APP03684,Identity,Failed,16:21.0,38:25.1,2.24,UPLOAD_TIMEOUT,2
UP010717,APP03684,Identity,Successful,13:40.6,36:24.2,4.19,,3
UP010718,APP03684,Income,Successful,13:31.1,36:19.7,4.94,,1
UP010719,APP03684,Additional Document,Failed,33:01.8,01:44.9,9.39,FILE_TOO_LARGE,1
UP010720,APP03684,Additional Document,Successful,41:30.6,05:57.2,6.42,,2
UP010721,APP03685,Identity,Successful,46:58.5,02:44.5,3.64,,1
UP010722,APP03685,Income,Successful,52:13.4,08:29.1,4.36,,1
UP010723,APP03685,Additional Document,Successful,58:22.3,21:00.9,8.84,,1
UP010724,APP03686,Identity,Successful,20:26.3,54:40.7,3.26,,1
UP010725,APP03686,Income,Successful,22:56.1,37:56.6,1.48,,1
UP010726,APP03686,Additional Document,Successful,18:53.0,39:58.4,9.18,,1
UP010727,APP03687,Identity,Successful,27:10.3,41:35.1,2.85,,1
UP010728,APP03687,Income,Successful,27:54.4,45:11.1,2.76,,1
UP010729,APP03687,Additional Document,Successful,48:57.7,22:14.3,3.01,,1
UP010730,APP03688,Identity,Successful,58:07.8,20:47.3,1.46,,1
UP010731,APP03688,Income,Successful,08:16.3,20:49.1,2.91,,1
UP010732,APP03688,Additional Document,Successful,09:34.4,41:00.2,9.96,,1
UP010733,APP03689,Identity,Successful,09:15.8,29:41.7,2.92,,1
UP010734,APP03689,Income,Successful,21:50.8,34:54.6,3.76,,1
UP010735,APP03689,Additional Document,Successful,23:17.7,45:26.6,4.94,,1
UP010736,APP03690,Identity,Successful,11:22.5,28:18.5,4.02,,1
UP010737,APP03690,Income,Successful,08:39.0,26:56.0,3.06,,1
UP010738,APP03690,Additional Document,Successful,18:24.2,43:34.8,8.61,,1
UP010739,APP03691,Identity,Successful,32:24.7,48:48.4,3.56,,1
UP010740,APP03691,Income,Successful,32:44.0,46:37.7,3.67,,1
UP010741,APP03691,Additional Document,Failed,41:19.4,03:59.5,1.81,UPLOAD_TIMEOUT,1
UP010742,APP03691,Additional Document,Successful,43:06.2,53:22.0,8.63,,2
UP010743,APP03692,Identity,Successful,45:45.6,04:04.5,5.29,,1
UP010744,APP03692,Income,Successful,45:50.0,00:42.3,2.18,,1
UP010745,APP03692,Additional Document,Successful,00:49.0,26:34.7,6.62,,1
UP010746,APP03693,Identity,Failed,54:52.2,13:52.1,2.4,UPLOAD_TIMEOUT,1
UP010747,APP03693,Identity,Failed,05:00.5,27:46.8,4.05,TRANSFER_ERROR,2
UP010748,APP03693,Identity,Successful,05:16.1,22:51.5,1.51,,3
UP010749,APP03693,Income,Successful,03:46.2,19:12.1,5.7,,1
UP010750,APP03693,Additional Document,Successful,12:47.9,32:36.7,5.99,,1
UP010751,APP03694,Identity,Successful,59:07.0,20:33.6,5.45,,1
UP010752,APP03694,Income,Successful,55:58.2,09:53.9,2.1,,1
UP010753,APP03694,Additional Document,Successful,04:23.7,30:42.6,6.23,,1
UP010754,APP03695,Identity,Successful,47:22.7,09:53.6,3.35,,1
UP010755,APP03695,Income,Successful,56:38.9,14:37.0,1.69,,1
UP010756,APP03695,Additional Document,Successful,02:34.6,30:48.2,7.76,,1
UP010757,APP03696,Identity,Successful,33:48.0,49:36.4,2.17,,1
UP010758,APP03696,Income,Failed,41:25.1,59:28.6,3.86,FILE_TOO_LARGE,1
UP010759,APP03696,Income,Failed,53:04.1,04:03.3,3.53,UPLOAD_TIMEOUT,2
UP010760,APP03696,Income,Successful,36:28.0,50:51.4,3.04,,3
UP010761,APP03696,Additional Document,Successful,46:48.7,52:46.2,8.22,,1
UP010762,APP03697,Identity,Successful,31:09.1,51:24.4,5.37,,1
UP010763,APP03697,Income,Successful,35:10.9,00:33.3,3.3,,1
UP010764,APP03697,Additional Document,Failed,31:17.7,52:03.0,6.86,UPLOAD_TIMEOUT,1
UP010765,APP03697,Additional Document,Failed,29:08.3,02:37.5,7.14,FILE_TOO_LARGE,2
UP010766,APP03697,Additional Document,Successful,29:31.3,10:04.0,7.45,,3
UP010767,APP03698,Identity,Successful,07:21.1,34:40.0,0.86,,1
UP010768,APP03698,Income,Failed,07:58.2,35:36.5,2.23,UPLOAD_TIMEOUT,1
UP010769,APP03698,Income,Successful,16:08.9,45:43.4,6.48,,2
UP010770,APP03698,Additional Document,Successful,26:03.9,53:39.5,5.05,,1
UP010771,APP03699,Identity,Successful,43:23.7,54:06.5,1.17,,1
UP010772,APP03699,Income,Successful,48:14.9,12:54.1,4.83,,1
UP010773,APP03699,Additional Document,Successful,53:25.0,25:36.7,8.43,,1
UP010774,APP03700,Identity,Failed,24:06.2,46:00.1,6.01,TRANSFER_ERROR,1
UP010775,APP03700,Identity,Successful,21:36.9,37:25.0,4.26,,2
UP010776,APP03700,Income,Successful,27:53.2,45:45.3,4.5,,1
UP010777,APP03700,Additional Document,Failed,31:12.0,02:14.0,8.4,FILE_TOO_LARGE,1
UP010778,APP03700,Additional Document,Successful,26:33.6,04:30.6,8.95,,2
UP010779,APP03701,Identity,Successful,53:54.2,17:25.8,0.84,,1
UP010780,APP03701,Income,Failed,04:31.2,27:20.9,3.24,FILE_TOO_LARGE,1
UP010781,APP03701,Income,Successful,59:18.9,15:57.3,3.85,,2
UP010782,APP03701,Additional Document,Successful,09:10.3,30:56.9,7.27,,1
UP010783,APP03702,Identity,Successful,16:16.1,38:41.5,1.47,,1
UP010784,APP03702,Income,Failed,21:42.9,31:40.8,5.76,TRANSFER_ERROR,1
UP010785,APP03702,Income,Failed,18:32.4,37:26.0,4.82,UPLOAD_TIMEOUT,2
UP010786,APP03702,Income,Successful,20:36.8,48:10.2,3.68,,3
UP010787,APP03702,Additional Document,Successful,27:26.5,58:47.2,9.02,,1
UP010788,APP03703,Identity,Successful,38:23.4,57:05.4,1.66,,1
UP010789,APP03703,Income,Successful,45:21.7,01:58.3,3.74,,1
UP010790,APP03703,Additional Document,Failed,49:55.0,12:30.8,5.2,UPLOAD_TIMEOUT,1
UP010791,APP03703,Additional Document,Failed,48:07.4,08:39.0,8.16,UPLOAD_TIMEOUT,2
UP010792,APP03703,Additional Document,Successful,47:19.7,03:30.6,8.64,,3
UP010793,APP03704,Identity,Successful,47:35.3,05:43.9,5.41,,1
UP010794,APP03704,Income,Successful,54:28.2,12:48.8,3.4,,1
UP010795,APP03704,Additional Document,Successful,01:55.4,24:26.5,7.7,,1
UP010796,APP03705,Identity,Successful,16:46.6,36:16.0,3.41,,1
UP010797,APP03705,Income,Successful,21:57.7,39:54.5,2.08,,1
UP010798,APP03705,Additional Document,Failed,23:38.2,52:56.7,5.94,UPLOAD_TIMEOUT,1
UP010799,APP03705,Additional Document,Successful,34:24.7,55:51.5,6.07,,2
UP010800,APP03706,Identity,Successful,02:14.4,21:13.9,4.77,,1
UP010801,APP03706,Income,Successful,05:52.8,27:34.4,5.49,,1
UP010802,APP03706,Additional Document,Successful,24:59.5,51:30.8,6.09,,1
UP010803,APP03707,Identity,Failed,48:05.6,10:00.4,2.06,FILE_TOO_LARGE,1
UP010804,APP03707,Identity,Successful,50:33.3,11:07.4,6.61,,2
UP010805,APP03707,Income,Successful,46:56.9,03:22.9,5.34,,1
UP010806,APP03707,Additional Document,Failed,48:19.4,11:01.9,7.63,UPLOAD_TIMEOUT,1
UP010807,APP03707,Additional Document,Successful,55:34.3,22:03.5,8.59,,2
UP010808,APP03708,Identity,Successful,45:43.9,01:21.9,5.29,,1
UP010809,APP03708,Income,Successful,52:25.7,15:43.3,5.83,,1
UP010810,APP03708,Additional Document,Failed,47:32.3,00:55.0,8.42,TRANSFER_ERROR,1
UP010811,APP03708,Additional Document,Failed,05:20.2,27:39.9,4.05,UPLOAD_TIMEOUT,2
UP010812,APP03708,Additional Document,Successful,57:57.9,17:31.8,8.46,,3
UP010813,APP03709,Identity,Successful,34:46.4,01:22.0,4.55,,1
UP010814,APP03709,Income,Successful,38:42.4,04:07.8,2,,1
UP010815,APP03709,Additional Document,Failed,41:03.1,09:54.3,6.08,TRANSFER_ERROR,1
UP010816,APP03709,Additional Document,Successful,45:44.7,19:07.5,5.8,,2
UP010817,APP03710,Identity,Successful,07:02.9,16:51.4,3.07,,1
UP010818,APP03710,Income,Successful,12:37.6,36:45.5,2.57,,1
UP010819,APP03710,Additional Document,Failed,24:17.6,44:36.9,5.38,UPLOAD_TIMEOUT,1
UP010820,APP03710,Additional Document,Failed,21:49.4,45:12.5,1.07,UPLOAD_TIMEOUT,2
UP010821,APP03710,Additional Document,Successful,21:59.6,40:39.3,9.02,,3
UP010822,APP03711,Identity,Successful,21:23.6,35:35.6,2.82,,1
UP010823,APP03711,Income,Successful,35:30.0,48:53.9,3.11,,1
UP010824,APP03711,Additional Document,Failed,34:11.7,48:06.3,6.08,TRANSFER_ERROR,1
UP010825,APP03711,Additional Document,Failed,40:02.7,08:06.8,6.32,FILE_TOO_LARGE,2
UP010826,APP03711,Additional Document,Successful,31:18.1,53:07.9,9.1,,3
UP010827,APP03712,Identity,Successful,40:45.2,00:49.0,2.81,,1
UP010828,APP03712,Income,Successful,44:16.2,11:09.3,5.17,,1
UP010829,APP03712,Additional Document,Successful,44:54.0,06:30.6,9.43,,1
UP010830,APP03713,Identity,Successful,18:30.8,33:24.1,4.63,,1
UP010831,APP03713,Income,Failed,30:12.1,50:28.9,4.91,UPLOAD_TIMEOUT,1
UP010832,APP03713,Income,Successful,35:45.1,57:06.2,3.95,,2
UP010833,APP03713,Additional Document,Failed,25:16.5,51:09.5,8.27,FILE_TOO_LARGE,1
UP010834,APP03713,Additional Document,Successful,39:03.5,57:06.5,5.99,,2
UP010835,APP03714,Identity,Successful,28:03.0,33:47.7,4.75,,1
UP010836,APP03714,Income,Successful,27:47.7,45:19.1,3.4,,1
UP010837,APP03714,Additional Document,Successful,41:40.7,06:28.9,6.89,,1
UP010838,APP03715,Identity,Successful,05:33.1,26:12.2,5.01,,1
UP010839,APP03715,Income,Successful,16:48.1,39:18.6,2.59,,1
UP010840,APP03715,Additional Document,Successful,21:13.3,41:33.2,5.77,,1
UP010841,APP03716,Identity,Successful,54:52.9,19:53.2,2.54,,1
UP010842,APP03716,Income,Successful,02:58.0,27:32.9,1.12,,1
UP010843,APP03716,Additional Document,Failed,12:22.9,50:56.4,5.15,UPLOAD_TIMEOUT,1
UP010844,APP03716,Additional Document,Failed,15:50.8,40:34.6,6.29,UPLOAD_TIMEOUT,2
UP010845,APP03716,Additional Document,Successful,08:09.0,35:32.8,6.22,,3
UP010846,APP03717,Identity,Successful,22:20.8,29:15.4,0.97,,1
UP010847,APP03717,Income,Successful,32:57.4,48:57.0,4.59,,1
UP010848,APP03717,Additional Document,Successful,36:52.2,53:50.3,7.29,,1
UP010849,APP03718,Identity,Successful,38:57.6,59:48.4,3.17,,1
UP010850,APP03718,Income,Successful,52:50.3,10:29.3,3.77,,1
UP010851,APP03718,Additional Document,Successful,49:52.9,33:39.6,5.62,,1
UP010852,APP03719,Identity,Successful,32:10.3,00:44.6,2.88,,1
UP010853,APP03719,Income,Successful,46:51.6,59:24.0,4.52,,1
UP010854,APP03719,Additional Document,Successful,36:32.8,06:15.4,5.94,,1
UP010855,APP03720,Identity,Successful,55:18.4,17:14.5,5.02,,1
UP010856,APP03720,Income,Successful,58:16.7,08:59.4,3.46,,1
UP010857,APP03720,Additional Document,Failed,10:29.5,39:26.2,9.51,UPLOAD_TIMEOUT,1
UP010858,APP03720,Additional Document,Successful,59:11.7,25:20.0,4.99,,2
UP010859,APP03721,Identity,Successful,58:36.8,24:27.0,3.08,,1
UP010860,APP03721,Income,Failed,07:30.5,29:31.6,3.44,TRANSFER_ERROR,1
UP010861,APP03721,Income,Successful,02:51.7,29:04.3,6.15,,2
UP010862,APP03721,Additional Document,Successful,12:23.7,39:01.7,7.09,,1
UP010863,APP03722,Identity,Successful,25:01.4,43:22.7,0.54,,1
UP010864,APP03722,Income,Successful,14:49.2,36:27.2,1.95,,1
UP010865,APP03722,Additional Document,Failed,25:17.5,55:55.8,3.39,UPLOAD_TIMEOUT,1
UP010866,APP03722,Additional Document,Failed,24:03.0,48:32.1,6.43,UPLOAD_TIMEOUT,2
UP010867,APP03722,Additional Document,Successful,27:47.2,54:18.2,8.16,,3
UP010868,APP03723,Identity,Successful,31:03.0,48:53.3,5.27,,1
UP010869,APP03723,Income,Successful,42:41.9,06:26.4,5.61,,1
UP010870,APP03723,Additional Document,Successful,46:03.9,15:19.7,6.34,,1
UP010871,APP03724,Identity,Failed,02:43.7,15:52.8,2.71,UPLOAD_TIMEOUT,1
UP010872,APP03724,Identity,Failed,59:47.3,23:15.3,4.21,UPLOAD_TIMEOUT,2
UP010873,APP03724,Identity,Successful,09:17.8,22:54.9,4.67,,3
UP010874,APP03724,Income,Failed,08:38.1,20:03.1,4.55,UPLOAD_TIMEOUT,1
UP010875,APP03724,Income,Successful,11:53.4,35:15.0,3.56,,2
UP010876,APP03724,Additional Document,Successful,09:42.9,37:52.6,6.57,,1
UP010877,APP03725,Identity,Failed,18:00.7,41:03.9,3.45,UPLOAD_TIMEOUT,1
UP010878,APP03725,Identity,Successful,18:18.7,43:18.7,3.75,,2
UP010879,APP03725,Income,Successful,22:37.7,35:29.5,0.58,,1
UP010880,APP03725,Additional Document,Successful,29:06.4,05:48.2,9.23,,1
UP010881,APP03726,Identity,Failed,54:32.8,12:45.1,1.84,TRANSFER_ERROR,1
UP010882,APP03726,Identity,Successful,53:24.8,19:18.6,2.68,,2
UP010883,APP03726,Income,Successful,53:06.8,07:22.4,3.2,,1
UP010884,APP03726,Additional Document,Successful,57:43.3,10:13.6,5.16,,1
UP010885,APP03727,Identity,Successful,57:00.0,15:54.7,3.54,,1
UP010886,APP03727,Income,Successful,57:00.0,17:49.1,4.04,,1
UP010887,APP03727,Additional Document,Successful,20:24.6,39:35.0,6.66,,1
UP010888,APP03728,Identity,Successful,12:45.4,25:55.0,1.59,,1
UP010889,APP03728,Income,Successful,20:51.6,40:22.6,2.91,,1
UP010890,APP03728,Additional Document,Failed,25:52.2,57:59.5,10.17,UPLOAD_TIMEOUT,1
UP010891,APP03728,Additional Document,Failed,20:08.4,48:31.8,3.64,TRANSFER_ERROR,2
UP010892,APP03728,Additional Document,Successful,36:32.7,00:03.4,5.67,,3
UP010893,APP03729,Identity,Successful,52:19.4,11:06.7,1.15,,1
UP010894,APP03729,Income,Successful,54:54.8,13:28.5,4.87,,1
UP010895,APP03729,Additional Document,Successful,57:54.4,18:05.6,7.92,,1
UP010896,APP03730,Identity,Failed,46:29.9,55:34.6,2.92,UPLOAD_TIMEOUT,1
UP010897,APP03730,Identity,Failed,49:57.3,02:54.4,1.93,TRANSFER_ERROR,2
UP010898,APP03730,Identity,Successful,49:04.3,01:19.3,1.72,,3
UP010899,APP03730,Income,Successful,49:35.2,06:08.4,4.28,,1
UP010900,APP03730,Additional Document,Successful,55:44.3,15:50.9,10.26,,1
UP010901,APP03731,Identity,Successful,15:38.0,43:25.3,3.65,,1
UP010902,APP03731,Income,Successful,09:39.8,32:54.8,4.44,,1
UP010903,APP03731,Additional Document,Successful,23:40.6,59:06.7,7.46,,1
UP010904,APP03732,Identity,Successful,37:09.2,59:58.7,2.43,,1
UP010905,APP03732,Income,Successful,40:45.3,55:09.5,1.71,,1
UP010906,APP03732,Additional Document,Successful,48:39.2,12:51.4,5.46,,1
UP010907,APP03733,Identity,Successful,31:53.7,59:50.4,6.04,,1
UP010908,APP03733,Income,Successful,33:10.5,54:36.9,5.78,,1
UP010909,APP03733,Additional Document,Successful,38:57.0,10:59.1,8.63,,1
UP010910,APP03734,Identity,Successful,03:11.5,11:40.5,1.67,,1
UP010911,APP03734,Income,Successful,07:59.4,22:17.3,3.31,,1
UP010912,APP03734,Additional Document,Failed,23:00.0,49:46.7,3.63,FILE_TOO_LARGE,1
UP010913,APP03734,Additional Document,Failed,13:09.7,44:22.3,4.07,TRANSFER_ERROR,2
UP010914,APP03734,Additional Document,Successful,24:22.9,54:45.2,7.15,,3
UP010915,APP03735,Identity,Successful,21:02.0,50:07.1,6.67,,1
UP010916,APP03735,Income,Successful,27:45.5,44:29.6,6.12,,1
UP010917,APP03735,Additional Document,Successful,32:46.4,59:22.4,6.22,,1
UP010918,APP03736,Identity,Successful,39:15.1,58:46.3,5.55,,1
UP010919,APP03736,Income,Successful,39:56.8,51:20.1,3.6,,1
UP010920,APP03736,Additional Document,Successful,50:17.4,17:56.0,3.08,,1
UP010921,APP03737,Identity,Successful,00:02.3,20:43.5,3.48,,1
UP010922,APP03737,Income,Successful,02:12.4,28:41.2,3.59,,1
UP010923,APP03737,Additional Document,Successful,08:06.8,29:21.1,7.06,,1
UP010924,APP03738,Identity,Successful,45:31.0,01:24.4,2.86,,1
UP010925,APP03738,Income,Successful,53:14.8,13:27.6,2.43,,1
UP010926,APP03738,Additional Document,Successful,58:03.9,26:51.9,2.55,,1
UP010927,APP03739,Identity,Successful,21:24.1,46:30.1,1.41,,1
UP010928,APP03739,Income,Successful,22:55.9,33:35.4,6.19,,1
UP010929,APP03739,Additional Document,Failed,26:14.8,51:31.3,3.05,UPLOAD_TIMEOUT,1
UP010930,APP03739,Additional Document,Successful,28:05.8,50:56.4,9.52,,2
UP010931,APP03740,Identity,Successful,55:21.1,11:51.9,2.57,,1
UP010932,APP03740,Income,Successful,07:07.3,23:13.0,1.02,,1
UP010933,APP03740,Additional Document,Successful,08:13.7,28:47.5,8.24,,1
UP010934,APP03741,Identity,Successful,29:36.9,47:25.7,5.81,,1
UP010935,APP03741,Income,Successful,25:25.9,42:49.3,2.19,,1
UP010936,APP03741,Additional Document,Successful,43:01.3,58:39.8,6.37,,1
UP010937,APP03742,Identity,Failed,55:17.5,10:12.2,4.16,UPLOAD_TIMEOUT,1
UP010938,APP03742,Identity,Failed,50:23.3,01:08.5,5.74,UPLOAD_TIMEOUT,2
UP010939,APP03742,Identity,Successful,56:58.2,09:36.0,4.79,,3
UP010940,APP03742,Income,Successful,50:05.3,00:39.5,2.29,,1
UP010941,APP03742,Additional Document,Successful,03:21.9,27:46.5,6.29,,1
UP010942,APP03743,Identity,Successful,40:26.5,55:14.5,4.1,,1
UP010943,APP03743,Income,Successful,58:57.7,17:31.9,3.64,,1
UP010944,APP03743,Additional Document,Failed,59:04.5,29:33.5,7.76,UPLOAD_TIMEOUT,1
UP010945,APP03743,Additional Document,Failed,56:24.6,25:15.1,4.32,FILE_TOO_LARGE,2
UP010946,APP03743,Additional Document,Successful,55:49.3,21:19.3,8.6,,3
UP010947,APP03744,Identity,Successful,26:14.6,54:21.1,3.38,,1
UP010948,APP03744,Income,Failed,23:11.0,47:37.7,4.31,UPLOAD_TIMEOUT,1
UP010949,APP03744,Income,Failed,40:17.9,10:27.5,1.99,UPLOAD_TIMEOUT,2
UP010950,APP03744,Income,Successful,36:51.2,50:10.9,2.77,,3
UP010951,APP03744,Additional Document,Successful,34:35.9,55:00.3,7.15,,1
UP010952,APP03745,Identity,Successful,02:43.0,21:50.3,6.27,,1
UP010953,APP03745,Income,Successful,14:31.7,33:07.4,0.5,,1
UP010954,APP03745,Additional Document,Successful,21:52.5,40:58.0,6.44,,1
UP010955,APP03746,Identity,Successful,38:15.2,03:54.8,6.32,,1
UP010956,APP03746,Income,Successful,44:53.6,07:22.0,1.88,,1
UP010957,APP03746,Additional Document,Failed,45:50.6,12:09.3,6.13,TRANSFER_ERROR,1
UP010958,APP03746,Additional Document,Successful,41:39.5,54:17.3,7.62,,2
UP010959,APP03747,Identity,Successful,29:43.9,49:43.3,5.78,,1
UP010960,APP03747,Income,Successful,38:19.7,59:18.1,4.04,,1
UP010961,APP03747,Additional Document,Successful,40:43.6,06:22.2,8.8,,1
UP010962,APP03748,Identity,Failed,44:38.1,01:59.0,4.18,TRANSFER_ERROR,1
UP010963,APP03748,Identity,Failed,42:52.4,04:42.2,3.05,UPLOAD_TIMEOUT,2
UP010964,APP03748,Identity,Successful,48:37.2,12:58.1,4.1,,3
UP010965,APP03748,Income,Successful,48:40.1,09:36.0,9.09,,1
UP010966,APP03748,Additional Document,Successful,01:27.5,30:43.3,7.35,,1
UP010967,APP03749,Identity,Successful,53:01.2,09:09.5,2.38,,1
UP010968,APP03749,Income,Successful,50:24.8,05:27.0,4.55,,1
UP010969,APP03749,Additional Document,Successful,10:13.9,31:57.1,7.17,,1
UP010970,APP03750,Identity,Successful,13:52.6,30:40.3,6.27,,1
UP010971,APP03750,Income,Successful,20:01.0,37:58.7,4.96,,1
UP010972,APP03750,Additional Document,Successful,18:11.5,55:02.4,8.63,,1
UP010973,APP03751,Identity,Successful,29:04.0,48:12.5,2.19,,1
UP010974,APP03751,Income,Successful,35:02.0,46:59.9,4.52,,1
UP010975,APP03751,Additional Document,Successful,48:19.7,07:53.1,9.82,,1
UP010976,APP03752,Identity,Successful,29:04.7,48:13.9,5.32,,1
UP010977,APP03752,Income,Successful,39:41.0,53:20.8,4.34,,1
UP010978,APP03752,Additional Document,Successful,45:41.7,06:04.2,9.19,,1
UP010979,APP03753,Identity,Successful,42:03.5,58:52.4,3.45,,1
UP010980,APP03753,Income,Successful,36:59.4,54:55.9,1.76,,1
UP010981,APP03753,Additional Document,Successful,55:34.5,19:14.4,6.71,,1
UP010982,APP03754,Identity,Successful,44:15.0,57:50.9,1.77,,1
UP010983,APP03754,Income,Successful,50:14.0,10:59.1,1.86,,1
UP010984,APP03754,Additional Document,Failed,49:44.6,16:44.8,6.85,UPLOAD_TIMEOUT,1
UP010985,APP03754,Additional Document,Successful,55:35.3,25:24.6,9.16,,2
UP010986,APP03755,Identity,Successful,24:09.8,40:50.9,0.5,,1
UP010987,APP03755,Income,Failed,33:54.9,57:47.0,1.27,UPLOAD_TIMEOUT,1
UP010988,APP03755,Income,Failed,42:59.3,03:05.1,1.33,UPLOAD_TIMEOUT,2
UP010989,APP03755,Income,Successful,41:45.0,09:03.3,1.2,,3
UP010990,APP03755,Additional Document,Successful,40:01.8,05:56.3,6.35,,1
UP010991,APP03756,Identity,Failed,07:02.3,22:24.7,4.62,UPLOAD_TIMEOUT,1
UP010992,APP03756,Identity,Failed,19:21.1,40:41.1,1.41,TRANSFER_ERROR,2
UP010993,APP03756,Identity,Successful,21:15.3,43:08.4,2.8,,3
UP010994,APP03756,Income,Successful,23:58.1,43:54.4,0.5,,1
UP010995,APP03756,Additional Document,Successful,27:58.1,41:04.9,9.18,,1
UP010996,APP03757,Identity,Successful,19:13.8,38:41.7,3.03,,1
UP010997,APP03757,Income,Failed,19:38.8,36:03.0,2.83,UPLOAD_TIMEOUT,1
UP010998,APP03757,Income,Successful,16:41.3,31:45.0,2.1,,2
UP010999,APP03757,Additional Document,Successful,23:08.9,55:54.2,8.28,,1
UP011000,APP03758,Identity,Failed,10:30.4,26:43.3,0.5,FILE_TOO_LARGE,1
UP011001,APP03758,Identity,Successful,57:59.6,26:19.0,1.32,,2
UP011002,APP03758,Income,Failed,09:52.3,23:53.6,7.24,UPLOAD_TIMEOUT,1
UP011003,APP03758,Income,Failed,06:49.9,22:50.5,3.01,UPLOAD_TIMEOUT,2
UP011004,APP03758,Income,Successful,21:34.3,37:06.2,3.3,,3
UP011005,APP03758,Additional Document,Successful,18:27.4,43:58.0,5.09,,1
UP011006,APP03759,Identity,Failed,51:25.3,05:08.4,2.31,FILE_TOO_LARGE,1
UP011007,APP03759,Identity,Successful,40:36.6,53:51.8,2.65,,2
UP011008,APP03759,Income,Successful,38:07.8,54:11.4,4.62,,1
UP011009,APP03759,Additional Document,Successful,47:47.3,12:04.0,4.08,,1
UP011010,APP03760,Identity,Successful,05:50.8,19:46.1,2.61,,1
UP011011,APP03760,Income,Successful,12:55.9,28:32.3,4.6,,1
UP011012,APP03760,Additional Document,Successful,13:57.6,34:36.5,7.04,,1
UP011013,APP03761,Identity,Successful,05:20.9,22:07.5,3.89,,1
UP011014,APP03761,Income,Failed,05:14.9,27:34.6,3.64,UPLOAD_TIMEOUT,1
UP011015,APP03761,Income,Successful,08:56.6,29:35.9,3.81,,2
UP011016,APP03761,Additional Document,Successful,17:37.1,41:32.4,8.21,,1
UP011017,APP03762,Identity,Successful,24:45.0,44:57.3,5.86,,1
UP011018,APP03762,Income,Failed,35:27.0,55:41.5,5.06,FILE_TOO_LARGE,1
UP011019,APP03762,Income,Failed,30:51.5,55:27.3,3.9,UPLOAD_TIMEOUT,2
UP011020,APP03762,Income,Successful,39:39.5,58:46.9,3.88,,3
UP011021,APP03762,Additional Document,Successful,20:36.0,54:37.7,6.26,,1
UP011022,APP03763,Identity,Successful,13:46.3,41:55.7,5.52,,1
UP011023,APP03763,Income,Failed,11:06.4,31:54.8,3.89,TRANSFER_ERROR,1
UP011024,APP03763,Income,Successful,11:24.5,36:40.8,2.27,,2
UP011025,APP03763,Additional Document,Successful,19:24.6,44:51.6,7.64,,1
UP011026,APP03764,Identity,Successful,55:08.5,11:52.4,1.28,,1
UP011027,APP03764,Income,Successful,45:41.6,03:45.3,3.19,,1
UP011028,APP03764,Additional Document,Successful,51:41.5,22:59.8,7.19,,1
UP011029,APP03765,Identity,Successful,23:27.4,47:42.3,2.05,,1
UP011030,APP03765,Income,Successful,31:21.3,48:18.1,1.64,,1
UP011031,APP03765,Additional Document,Failed,39:46.3,02:23.8,7.28,UPLOAD_TIMEOUT,1
UP011032,APP03765,Additional Document,Successful,30:42.8,56:29.0,9.59,,2
UP011033,APP03766,Identity,Successful,21:03.0,43:37.5,4.08,,1
UP011034,APP03766,Income,Successful,39:35.3,53:06.5,3.68,,1
UP011035,APP03766,Additional Document,Failed,36:05.2,10:57.6,8.49,TRANSFER_ERROR,1
UP011036,APP03766,Additional Document,Failed,43:27.3,06:19.6,6.57,UPLOAD_TIMEOUT,2
UP011037,APP03766,Additional Document,Successful,41:22.9,03:32.4,6.53,,3
UP011038,APP03767,Identity,Successful,06:27.0,28:09.0,0.61,,1
UP011039,APP03767,Income,Successful,13:26.4,32:10.1,5.38,,1
UP011040,APP03767,Additional Document,Successful,26:53.7,55:34.6,6.45,,1
UP011041,APP03768,Identity,Successful,47:10.7,06:54.8,4.44,,1
UP011042,APP03768,Income,Successful,47:05.2,57:36.8,1.94,,1
UP011043,APP03768,Additional Document,Successful,58:04.6,22:08.6,6.22,,1
UP011044,APP03769,Identity,Successful,29:30.2,49:16.5,2.74,,1
UP011045,APP03769,Income,Successful,26:29.6,44:12.6,7.91,,1
UP011046,APP03769,Additional Document,Successful,38:14.6,06:41.8,7.11,,1
UP011047,APP03770,Identity,Successful,08:09.2,33:14.2,4.44,,1
UP011048,APP03770,Income,Successful,17:17.3,39:12.1,2.06,,1
UP011049,APP03770,Additional Document,Successful,21:36.9,59:25.5,5.47,,1
UP011050,APP03771,Identity,Successful,09:58.1,26:46.3,2.63,,1
UP011051,APP03771,Income,Failed,09:34.6,24:33.4,5.7,UPLOAD_TIMEOUT,1
UP011052,APP03771,Income,Failed,10:22.8,22:52.8,5.17,UPLOAD_TIMEOUT,2
UP011053,APP03771,Income,Successful,07:55.8,22:00.1,0.5,,3
UP011054,APP03771,Additional Document,Successful,10:38.3,31:16.0,7.85,,1
UP011055,APP03772,Identity,Successful,01:40.9,26:08.6,4.22,,1
UP011056,APP03772,Income,Failed,02:26.6,16:20.8,0.54,TRANSFER_ERROR,1
UP011057,APP03772,Income,Failed,56:22.6,13:04.2,1.71,TRANSFER_ERROR,2
UP011058,APP03772,Income,Successful,07:46.8,30:47.4,2.34,,3
UP011059,APP03772,Additional Document,Successful,02:59.1,24:32.5,5.73,,1
UP011060,APP03773,Identity,Successful,09:35.1,30:12.9,3.32,,1
UP011061,APP03773,Income,Failed,14:09.0,38:58.3,5.5,UPLOAD_TIMEOUT,1
UP011062,APP03773,Income,Successful,13:59.4,30:31.3,1.29,,2
UP011063,APP03773,Additional Document,Successful,12:15.2,36:09.5,10.24,,1
UP011064,APP03774,Identity,Successful,27:24.6,46:31.5,4.79,,1
UP011065,APP03774,Income,Failed,26:34.7,50:29.2,4.21,UPLOAD_TIMEOUT,1
UP011066,APP03774,Income,Successful,28:49.0,51:07.1,2.66,,2
UP011067,APP03774,Additional Document,Successful,28:29.8,00:27.7,8,,1
UP011068,APP03775,Identity,Failed,16:55.0,44:55.5,2.51,UPLOAD_TIMEOUT,1
UP011069,APP03775,Identity,Successful,29:23.7,43:36.4,4.72,,2
UP011070,APP03775,Income,Successful,27:51.9,51:33.0,3.31,,1
UP011071,APP03775,Additional Document,Failed,27:00.3,43:54.6,8.71,UPLOAD_TIMEOUT,1
UP011072,APP03775,Additional Document,Failed,33:02.7,02:03.4,8.6,FILE_TOO_LARGE,2
UP011073,APP03775,Additional Document,Successful,38:02.2,09:21.7,5.59,,3
UP011074,APP03776,Identity,Successful,54:05.1,05:08.5,1.03,,1
UP011075,APP03776,Income,Successful,12:56.4,35:41.6,1.92,,1
UP011076,APP03776,Additional Document,Successful,14:27.9,26:23.4,8.97,,1
UP011077,APP03777,Identity,Successful,36:11.6,55:51.5,1.08,,1
UP011078,APP03777,Income,Successful,39:27.2,03:04.8,1.83,,1
UP011079,APP03777,Additional Document,Failed,42:57.9,03:05.3,10.3,UPLOAD_TIMEOUT,1
UP011080,APP03777,Additional Document,Failed,45:40.4,15:24.6,7.39,UPLOAD_TIMEOUT,2
UP011081,APP03777,Additional Document,Successful,52:06.6,22:44.6,5.79,,3
UP011082,APP03778,Identity,Successful,21:02.4,47:55.4,1.26,,1
UP011083,APP03778,Income,Successful,25:18.2,43:53.6,1.49,,1
UP011084,APP03778,Additional Document,Failed,34:13.6,01:22.0,6.84,TRANSFER_ERROR,1
UP011085,APP03778,Additional Document,Successful,34:41.9,57:21.8,10.47,,2
UP011086,APP03779,Identity,Successful,32:08.2,56:56.4,4.11,,1
UP011087,APP03779,Income,Successful,33:41.5,03:06.8,4.08,,1
UP011088,APP03779,Additional Document,Successful,43:21.9,09:41.5,3.72,,1
UP011089,APP03780,Identity,Failed,55:28.2,12:25.4,4.08,UPLOAD_TIMEOUT,1
UP011090,APP03780,Identity,Successful,46:53.5,06:47.7,1.37,,2
UP011091,APP03780,Income,Successful,00:46.8,21:48.3,7.1,,1
UP011092,APP03780,Additional Document,Successful,07:47.5,31:30.1,7.77,,1
UP011093,APP03781,Identity,Successful,59:14.6,24:20.9,2.68,,1
UP011094,APP03781,Income,Successful,52:18.6,22:39.0,2.86,,1
UP011095,APP03781,Additional Document,Successful,05:35.6,32:30.3,5.31,,1
UP011096,APP03782,Identity,Successful,13:27.1,33:30.3,0.96,,1
UP011097,APP03782,Income,Successful,14:38.2,37:48.5,0.95,,1
UP011098,APP03782,Additional Document,Successful,17:31.4,39:32.3,6.27,,1
UP011099,APP03783,Identity,Successful,14:50.4,33:51.4,1.46,,1
UP011100,APP03783,Income,Successful,23:35.1,37:24.4,4.11,,1
UP011101,APP03783,Additional Document,Successful,33:40.1,49:52.6,8.66,,1
UP011102,APP03784,Identity,Successful,26:52.3,52:47.1,3.17,,1
UP011103,APP03784,Income,Successful,33:21.0,04:38.0,6.56,,1
UP011104,APP03784,Additional Document,Successful,33:49.7,02:03.4,6.57,,1
UP011105,APP03785,Identity,Successful,40:29.8,02:44.6,2.02,,1
UP011106,APP03785,Income,Successful,39:03.2,56:47.9,4.39,,1
UP011107,APP03785,Additional Document,Successful,58:26.2,24:44.8,8.37,,1
UP011108,APP03786,Identity,Successful,47:00.2,12:08.4,1.3,,1
UP011109,APP03786,Income,Successful,43:34.8,59:24.5,0.79,,1
UP011110,APP03786,Additional Document,Successful,58:59.1,23:10.3,6.85,,1
UP011111,APP03787,Identity,Successful,06:09.5,32:52.5,5.41,,1
UP011112,APP03787,Income,Successful,23:03.5,44:26.5,1.44,,1
UP011113,APP03787,Additional Document,Failed,33:27.7,56:54.0,5.36,TRANSFER_ERROR,1
UP011114,APP03787,Additional Document,Successful,21:33.4,59:29.2,11.52,,2
UP011115,APP03788,Identity,Successful,14:29.5,34:07.5,5.92,,1
UP011116,APP03788,Income,Failed,21:58.6,42:21.3,4.08,UPLOAD_TIMEOUT,1
UP011117,APP03788,Income,Failed,25:10.1,33:22.2,3.37,UPLOAD_TIMEOUT,2
UP011118,APP03788,Income,Successful,25:34.8,37:47.6,3.16,,3
UP011119,APP03788,Additional Document,Successful,22:18.7,51:55.3,6,,1
UP011120,APP03789,Identity,Successful,37:54.9,53:48.2,5.56,,1
UP011121,APP03789,Income,Successful,45:12.5,56:31.3,3.12,,1
UP011122,APP03789,Additional Document,Successful,52:37.3,13:42.6,7.16,,1
UP011123,APP03790,Identity,Successful,01:17.9,19:49.0,3.02,,1
UP011124,APP03790,Income,Failed,11:24.7,21:28.3,1.9,TRANSFER_ERROR,1
UP011125,APP03790,Income,Successful,06:15.1,24:48.5,5.75,,2
UP011126,APP03790,Additional Document,Successful,02:55.5,26:50.5,5.53,,1
UP011127,APP03791,Identity,Successful,05:03.1,25:28.0,2.88,,1
UP011128,APP03791,Income,Successful,09:47.4,21:12.0,2.45,,1
UP011129,APP03791,Additional Document,Successful,28:51.0,02:54.3,4.82,,1
UP011130,APP03792,Identity,Successful,40:12.6,59:28.6,4.61,,1
UP011131,APP03792,Income,Successful,39:44.3,57:21.0,1.69,,1
UP011132,APP03792,Additional Document,Failed,52:56.9,23:55.5,8.03,FILE_TOO_LARGE,1
UP011133,APP03792,Additional Document,Failed,44:19.5,20:56.1,8.74,FILE_TOO_LARGE,2
UP011134,APP03792,Additional Document,Successful,53:22.3,18:14.0,6.87,,3
UP011135,APP03793,Identity,Successful,07:19.3,22:45.3,2.39,,1
UP011136,APP03793,Income,Successful,07:59.1,20:02.3,7.91,,1
UP011137,APP03793,Additional Document,Successful,13:27.3,43:25.2,6.37,,1
UP011138,APP03794,Identity,Successful,32:40.8,52:19.9,1.35,,1
UP011139,APP03794,Income,Failed,32:42.9,54:19.6,3.97,FILE_TOO_LARGE,1
UP011140,APP03794,Income,Successful,38:03.9,02:19.7,2,,2
UP011141,APP03794,Additional Document,Successful,45:40.7,14:09.3,5.99,,1
UP011142,APP03795,Identity,Successful,49:45.0,06:33.3,6.04,,1
UP011143,APP03795,Income,Successful,48:54.9,10:35.1,1.95,,1
UP011144,APP03795,Additional Document,Successful,59:41.6,27:06.9,5.35,,1
UP011145,APP03796,Identity,Successful,51:49.3,07:14.7,2.31,,1
UP011146,APP03796,Income,Successful,58:17.0,21:47.7,1.32,,1
UP011147,APP03796,Additional Document,Successful,59:12.3,21:00.0,7.57,,1
UP011148,APP03797,Identity,Failed,27:02.7,42:28.8,6.02,UPLOAD_TIMEOUT,1
UP011149,APP03797,Identity,Failed,29:20.1,42:45.4,3.07,FILE_TOO_LARGE,2
UP011150,APP03797,Identity,Successful,28:35.5,52:13.5,3.44,,3
UP011151,APP03797,Income,Failed,31:06.8,55:04.6,4.61,TRANSFER_ERROR,1
UP011152,APP03797,Income,Successful,31:53.4,44:38.1,1.89,,2
UP011153,APP03797,Additional Document,Successful,39:29.0,01:34.0,8.99,,1
UP011154,APP03798,Identity,Successful,11:43.7,35:28.3,3.16,,1
UP011155,APP03798,Income,Successful,20:02.5,32:17.4,4.07,,1
UP011156,APP03798,Additional Document,Failed,19:13.3,40:43.5,5.5,FILE_TOO_LARGE,1
UP011157,APP03798,Additional Document,Successful,27:05.9,53:50.2,10.12,,2
UP011158,APP03799,Identity,Successful,01:58.5,18:02.9,2.55,,1
UP011159,APP03799,Income,Successful,11:14.5,28:38.2,2.18,,1
UP011160,APP03799,Additional Document,Successful,16:02.6,35:20.6,4.71,,1
UP011161,APP03800,Identity,Successful,40:25.0,08:41.1,5.46,,1
UP011162,APP03800,Income,Successful,50:53.4,13:44.3,3,,1
UP011163,APP03800,Additional Document,Successful,56:29.9,15:43.2,9.12,,1
UP011164,APP03801,Identity,Successful,19:04.1,36:14.4,4.74,,1
UP011165,APP03801,Income,Successful,19:32.0,28:59.6,4.66,,1
UP011166,APP03801,Additional Document,Failed,21:20.6,43:41.2,5.69,UPLOAD_TIMEOUT,1
UP011167,APP03801,Additional Document,Successful,20:32.7,48:07.3,4.6,,2
UP011168,APP03802,Identity,Successful,24:26.1,45:43.5,4.18,,1
UP011169,APP03802,Income,Successful,24:03.0,35:41.0,4.38,,1
UP011170,APP03802,Additional Document,Successful,33:08.4,58:32.4,9.92,,1
UP011171,APP03803,Identity,Failed,47:09.3,04:43.1,0.88,UPLOAD_TIMEOUT,1
UP011172,APP03803,Identity,Successful,52:22.2,10:54.2,2.24,,2
UP011173,APP03803,Income,Successful,59:47.0,19:06.6,1.08,,1
UP011174,APP03803,Additional Document,Failed,04:15.9,34:27.8,6.78,FILE_TOO_LARGE,1
UP011175,APP03803,Additional Document,Failed,14:22.7,44:25.4,3.9,TRANSFER_ERROR,2
UP011176,APP03803,Additional Document,Successful,04:28.7,37:16.2,8.82,,3
UP011177,APP03804,Identity,Successful,59:58.9,32:34.4,1.21,,1
UP011178,APP03804,Income,Successful,11:22.2,41:56.0,3.91,,1
UP011179,APP03804,Additional Document,Successful,05:36.4,32:48.5,5.03,,1
UP011180,APP03805,Identity,Successful,15:01.4,33:06.2,3.59,,1
UP011181,APP03805,Income,Failed,07:58.2,22:52.6,4.91,TRANSFER_ERROR,1
UP011182,APP03805,Income,Successful,07:19.9,20:49.2,0.65,,2
UP011183,APP03805,Additional Document,Successful,16:38.7,38:52.7,9.71,,1
UP011184,APP03806,Identity,Successful,47:15.0,08:17.8,2.29,,1
UP011185,APP03806,Income,Successful,53:02.9,15:32.4,3.99,,1
UP011186,APP03806,Additional Document,Successful,54:37.7,26:28.2,8.4,,1
UP011187,APP03807,Identity,Successful,11:04.3,29:18.8,4.23,,1
UP011188,APP03807,Income,Successful,31:49.6,48:34.4,3.51,,1
UP011189,APP03807,Additional Document,Successful,18:15.4,50:32.9,8.32,,1
UP011190,APP03808,Identity,Successful,36:06.8,47:28.1,3.79,,1
UP011191,APP03808,Income,Successful,54:44.0,13:23.5,3.52,,1
UP011192,APP03808,Additional Document,Successful,47:02.1,21:03.3,7.37,,1
UP011193,APP03809,Identity,Successful,34:57.8,46:49.8,2.78,,1
UP011194,APP03809,Income,Successful,40:10.8,49:41.2,3.05,,1
UP011195,APP03809,Additional Document,Successful,40:07.4,02:25.3,5.59,,1
UP011196,APP03810,Identity,Successful,35:38.6,52:22.4,3.07,,1
UP011197,APP03810,Income,Successful,02:56.7,28:54.5,5.44,,1
UP011198,APP03810,Additional Document,Successful,48:41.4,21:40.0,4.75,,1
UP011199,APP03811,Identity,Successful,00:59.6,23:28.5,3.67,,1
UP011200,APP03811,Income,Successful,08:00.0,27:51.9,7.01,,1
UP011201,APP03811,Additional Document,Successful,17:06.7,49:52.6,6.31,,1
UP011202,APP03812,Identity,Successful,30:11.1,59:18.0,6.92,,1
UP011203,APP03812,Income,Failed,37:41.2,57:35.3,3.39,TRANSFER_ERROR,1
UP011204,APP03812,Income,Successful,42:08.2,06:24.1,1.8,,2
UP011205,APP03812,Additional Document,Failed,41:53.5,03:28.8,6.72,FILE_TOO_LARGE,1
UP011206,APP03812,Additional Document,Successful,43:23.6,11:16.7,8.27,,2
UP011207,APP03813,Identity,Failed,40:41.8,04:52.9,4.25,UPLOAD_TIMEOUT,1
UP011208,APP03813,Identity,Successful,30:35.7,55:44.5,0.5,,2
UP011209,APP03813,Income,Successful,36:47.6,58:10.5,1.78,,1
UP011210,APP03813,Additional Document,Successful,37:14.5,08:00.6,5.83,,1
UP011211,APP03814,Identity,Successful,49:39.7,13:59.5,4.87,,1
UP011212,APP03814,Income,Successful,51:08.2,12:04.4,0.5,,1
UP011213,APP03814,Additional Document,Failed,06:51.6,36:17.6,7.49,FILE_TOO_LARGE,1
UP011214,APP03814,Additional Document,Successful,05:28.8,35:57.3,7.26,,2
UP011215,APP03815,Identity,Successful,25:05.8,48:06.4,4.35,,1
UP011216,APP03815,Income,Successful,43:07.1,00:30.7,6.89,,1
UP011217,APP03815,Additional Document,Failed,49:13.5,08:32.5,5.99,UPLOAD_TIMEOUT,1
UP011218,APP03815,Additional Document,Successful,44:56.6,11:24.4,8.72,,2
UP011219,APP03816,Identity,Failed,40:56.5,59:51.1,5.96,FILE_TOO_LARGE,1
UP011220,APP03816,Identity,Successful,50:21.8,07:07.5,1.7,,2
UP011221,APP03816,Income,Successful,50:25.0,07:43.9,3.57,,1
UP011222,APP03816,Additional Document,Successful,57:34.8,22:45.5,4.02,,1
UP011223,APP03817,Identity,Successful,29:21.5,53:52.3,2.01,,1
UP011224,APP03817,Income,Successful,38:06.3,51:30.1,5.24,,1
UP011225,APP03817,Additional Document,Failed,34:04.3,02:49.2,7.57,UPLOAD_TIMEOUT,1
UP011226,APP03817,Additional Document,Successful,37:01.8,07:05.3,7.02,,2
UP011227,APP03818,Identity,Successful,07:48.4,29:42.1,2.77,,1
UP011228,APP03818,Income,Successful,17:24.8,32:45.7,3.12,,1
UP011229,APP03818,Additional Document,Successful,18:03.0,46:39.0,6.27,,1
UP011230,APP03819,Identity,Successful,04:29.0,26:04.9,3.88,,1
UP011231,APP03819,Income,Failed,21:59.2,45:26.2,5.68,TRANSFER_ERROR,1
UP011232,APP03819,Income,Successful,16:13.9,31:39.8,3.01,,2
UP011233,APP03819,Additional Document,Failed,21:05.5,52:13.8,4.3,UPLOAD_TIMEOUT,1
UP011234,APP03819,Additional Document,Successful,17:06.5,50:18.7,7.63,,2
UP011235,APP03820,Identity,Successful,03:30.6,30:07.4,3.42,,1
UP011236,APP03820,Income,Successful,10:41.3,31:36.8,0.5,,1
UP011237,APP03820,Additional Document,Failed,03:36.5,30:00.2,7.34,FILE_TOO_LARGE,1
UP011238,APP03820,Additional Document,Successful,06:27.3,31:25.7,7.36,,2
UP011239,APP03821,Identity,Successful,52:50.2,27:42.0,3.3,,1
UP011240,APP03821,Income,Successful,49:55.6,04:28.4,2.96,,1
UP011241,APP03821,Additional Document,Successful,00:58.5,33:51.8,5.65,,1
UP011242,APP03822,Identity,Successful,36:36.9,58:52.7,5.76,,1
UP011243,APP03822,Income,Successful,40:46.2,54:16.4,1.35,,1
UP011244,APP03822,Additional Document,Successful,51:10.8,13:22.3,7.34,,1
UP011245,APP03823,Identity,Successful,45:05.7,58:57.9,5.06,,1
UP011246,APP03823,Income,Successful,32:49.3,46:17.5,2.61,,1
UP011247,APP03823,Additional Document,Successful,35:29.6,07:40.0,7.98,,1
UP011248,APP03824,Identity,Successful,20:52.7,33:42.8,4.69,,1
UP011249,APP03824,Income,Successful,17:52.5,43:34.7,1.27,,1
UP011250,APP03824,Additional Document,Successful,26:38.7,58:29.2,7.15,,1
UP011251,APP03825,Identity,Successful,19:18.6,35:01.3,4.55,,1
UP011252,APP03825,Income,Successful,18:35.0,40:48.5,3.53,,1
UP011253,APP03825,Additional Document,Successful,21:46.8,53:02.2,7.07,,1
UP011254,APP03826,Identity,Successful,29:40.2,51:48.8,5.37,,1
UP011255,APP03826,Income,Successful,35:00.7,57:38.4,2.58,,1
UP011256,APP03826,Additional Document,Successful,43:56.6,21:50.0,8.43,,1
UP011257,APP03827,Identity,Successful,24:16.5,43:31.2,3.42,,1
UP011258,APP03827,Income,Successful,25:18.9,46:43.3,3.86,,1
UP011259,APP03827,Additional Document,Successful,36:24.8,59:13.0,4.55,,1
UP011260,APP03828,Identity,Successful,04:27.2,31:27.7,6.02,,1
UP011261,APP03828,Income,Successful,13:00.6,29:37.4,4.4,,1
UP011262,APP03828,Additional Document,Successful,16:31.8,44:29.8,10.52,,1
UP011263,APP03829,Identity,Successful,54:56.5,12:40.8,3.71,,1
UP011264,APP03829,Income,Failed,50:16.6,03:47.2,3.04,UPLOAD_TIMEOUT,1
UP011265,APP03829,Income,Successful,56:51.2,09:55.2,6.47,,2
UP011266,APP03829,Additional Document,Failed,07:37.6,31:13.5,7.91,FILE_TOO_LARGE,1
UP011267,APP03829,Additional Document,Successful,02:55.0,24:21.0,3.01,,2
UP011268,APP03830,Identity,Successful,28:35.0,48:31.0,2.03,,1
UP011269,APP03830,Income,Successful,41:50.9,07:12.7,3.09,,1
UP011270,APP03830,Additional Document,Failed,38:14.2,04:25.5,9.46,UPLOAD_TIMEOUT,1
UP011271,APP03830,Additional Document,Failed,48:21.1,12:40.6,4.27,UPLOAD_TIMEOUT,2
UP011272,APP03830,Additional Document,Successful,38:31.9,07:01.4,7.23,,3
UP011273,APP03831,Identity,Successful,46:59.9,02:24.0,0.5,,1
UP011274,APP03831,Income,Successful,10:25.8,31:25.8,3.6,,1
UP011275,APP03831,Additional Document,Successful,59:45.6,18:30.7,4.86,,1
UP011276,APP03832,Identity,Failed,11:51.3,24:48.7,3.92,TRANSFER_ERROR,1
UP011277,APP03832,Identity,Successful,11:40.1,29:05.1,4.94,,2
UP011278,APP03832,Income,Successful,15:59.9,38:36.0,1.99,,1
UP011279,APP03832,Additional Document,Successful,22:29.0,41:24.6,6.39,,1
UP011280,APP03833,Identity,Successful,28:57.7,38:22.4,3.13,,1
UP011281,APP03833,Income,Successful,37:00.5,55:00.2,2.37,,1
UP011282,APP03833,Additional Document,Successful,47:06.4,06:40.5,5.96,,1
UP011283,APP03834,Identity,Failed,24:13.7,29:25.9,0.68,FILE_TOO_LARGE,1
UP011284,APP03834,Identity,Successful,31:53.0,49:16.0,6.95,,2
UP011285,APP03834,Income,Successful,31:31.3,46:14.5,4.06,,1
UP011286,APP03834,Additional Document,Successful,37:57.1,03:39.3,7.66,,1
UP011287,APP03835,Identity,Successful,09:47.5,18:21.7,2.92,,1
UP011288,APP03835,Income,Successful,17:58.8,34:42.9,3.01,,1
UP011289,APP03835,Additional Document,Successful,25:57.4,47:06.6,5.32,,1
UP011290,APP03836,Identity,Successful,34:56.9,55:29.7,4.18,,1
UP011291,APP03836,Income,Successful,51:03.4,09:28.3,3.93,,1
UP011292,APP03836,Additional Document,Successful,58:06.2,29:36.5,6.08,,1
UP011293,APP03837,Identity,Successful,09:29.7,19:53.5,4.99,,1
UP011294,APP03837,Income,Successful,26:48.5,46:34.8,7.6,,1
UP011295,APP03837,Additional Document,Failed,09:08.6,21:50.8,6.47,TRANSFER_ERROR,1
UP011296,APP03837,Additional Document,Successful,28:48.5,47:05.5,6.87,,2
UP011297,APP03838,Identity,Successful,52:44.3,09:20.4,3.16,,1
UP011298,APP03838,Income,Successful,44:06.2,02:24.9,5.1,,1
UP011299,APP03838,Additional Document,Successful,45:20.0,04:15.8,7.04,,1
UP011300,APP03839,Identity,Successful,58:54.1,07:48.2,1.55,,1
UP011301,APP03839,Income,Successful,07:44.0,24:46.0,2.79,,1
UP011302,APP03839,Additional Document,Successful,18:18.0,33:07.2,2.65,,1
UP011303,APP03840,Identity,Failed,26:29.3,41:31.2,1.5,UPLOAD_TIMEOUT,1
UP011304,APP03840,Identity,Successful,20:23.7,36:44.7,5.98,,2
UP011305,APP03840,Income,Successful,22:09.2,31:28.2,4.55,,1
UP011306,APP03840,Additional Document,Successful,25:22.5,43:40.6,7.31,,1
UP011307,APP03841,Identity,Successful,42:01.2,08:53.6,6.14,,1
UP011308,APP03841,Income,Successful,44:10.4,08:52.4,3.25,,1
UP011309,APP03841,Additional Document,Failed,51:59.5,11:04.4,10.66,UPLOAD_TIMEOUT,1
UP011310,APP03841,Additional Document,Successful,47:11.7,14:46.7,6.18,,2
UP011311,APP03842,Identity,Successful,08:38.7,24:51.9,1.94,,1
UP011312,APP03842,Income,Successful,13:33.8,26:42.0,4.75,,1
UP011313,APP03842,Additional Document,Successful,16:59.7,38:40.0,7.31,,1
UP011314,APP03843,Identity,Successful,04:49.2,14:35.1,2.9,,1
UP011315,APP03843,Income,Failed,05:13.6,29:45.7,7.64,FILE_TOO_LARGE,1
UP011316,APP03843,Income,Successful,09:38.5,35:36.1,5.36,,2
UP011317,APP03843,Additional Document,Successful,11:10.8,26:08.6,7.55,,1
UP011318,APP03844,Identity,Failed,59:52.5,28:33.2,4.12,UPLOAD_TIMEOUT,1
UP011319,APP03844,Identity,Failed,52:38.0,16:28.9,4.04,FILE_TOO_LARGE,2
UP011320,APP03844,Identity,Successful,58:10.0,16:51.4,4.56,,3
UP011321,APP03844,Income,Successful,06:22.4,34:12.8,5.06,,1
UP011322,APP03844,Additional Document,Failed,04:45.3,28:23.6,8.58,UPLOAD_TIMEOUT,1
UP011323,APP03844,Additional Document,Successful,07:50.0,43:11.5,4.35,,2
UP011324,APP03845,Identity,Successful,07:52.6,31:13.9,0.55,,1
UP011325,APP03845,Income,Successful,19:22.5,52:01.7,4.17,,1
UP011326,APP03845,Additional Document,Successful,22:36.3,40:07.5,5.75,,1
UP011327,APP03846,Identity,Failed,57:18.5,10:14.5,6.68,UPLOAD_TIMEOUT,1
UP011328,APP03846,Identity,Failed,47:00.0,51:56.6,2.86,UPLOAD_TIMEOUT,2
UP011329,APP03846,Identity,Successful,55:09.5,08:24.1,4.74,,3
UP011330,APP03846,Income,Successful,03:50.6,19:33.4,1.95,,1
UP011331,APP03846,Additional Document,Successful,10:32.7,32:31.8,4.22,,1
UP011332,APP03847,Identity,Successful,31:31.2,45:27.0,4.5,,1
UP011333,APP03847,Income,Successful,41:34.0,01:42.2,4.22,,1
UP011334,APP03847,Additional Document,Successful,50:45.7,18:36.3,5.01,,1
UP011335,APP03848,Identity,Successful,24:12.4,40:03.9,4.57,,1
UP011336,APP03848,Income,Successful,20:21.2,37:28.1,5.26,,1
UP011337,APP03848,Additional Document,Successful,20:15.4,44:19.7,6.94,,1
UP011338,APP03849,Identity,Successful,41:49.5,01:52.6,5.04,,1
UP011339,APP03849,Income,Successful,43:34.2,04:07.1,2.6,,1
UP011340,APP03849,Additional Document,Successful,32:21.4,55:54.1,5.63,,1
UP011341,APP03850,Identity,Failed,55:26.4,13:09.5,4.6,UPLOAD_TIMEOUT,1
UP011342,APP03850,Identity,Failed,59:06.1,15:21.7,2.62,UPLOAD_TIMEOUT,2
UP011343,APP03850,Identity,Successful,07:18.4,21:00.7,3,,3
UP011344,APP03850,Income,Successful,02:10.8,21:51.4,2.9,,1
UP011345,APP03850,Additional Document,Successful,22:14.2,43:20.8,6.37,,1
UP011346,APP03851,Identity,Successful,49:51.9,14:46.2,4.62,,1
UP011347,APP03851,Income,Successful,51:46.1,14:10.7,4.87,,1
UP011348,APP03851,Additional Document,Successful,56:05.7,22:37.7,7.32,,1
UP011349,APP03852,Identity,Successful,40:36.5,54:11.2,4.32,,1
UP011350,APP03852,Income,Successful,04:10.9,20:56.4,3.68,,1
UP011351,APP03852,Additional Document,Successful,55:30.4,14:53.5,7.71,,1
UP011352,APP03853,Identity,Successful,29:45.6,50:46.7,2.04,,1
UP011353,APP03853,Income,Successful,28:08.1,34:22.2,0.5,,1
UP011354,APP03853,Additional Document,Successful,34:21.0,56:27.9,8.2,,1
UP011355,APP03854,Identity,Successful,16:42.0,40:07.5,2.61,,1
UP011356,APP03854,Income,Successful,19:20.9,31:46.5,1.83,,1
UP011357,APP03854,Additional Document,Successful,34:08.2,09:14.8,6.8,,1
UP011358,APP03855,Identity,Successful,32:56.3,03:28.5,3.48,,1
UP011359,APP03855,Income,Successful,38:22.4,54:42.5,4.06,,1
UP011360,APP03855,Additional Document,Successful,37:11.9,58:59.6,10.75,,1
UP011361,APP03856,Identity,Successful,32:38.5,57:08.3,2.67,,1
UP011362,APP03856,Income,Successful,35:48.7,54:35.9,4.06,,1
UP011363,APP03856,Additional Document,Successful,39:12.0,07:49.8,6.7,,1
UP011364,APP03857,Identity,Successful,32:16.1,56:56.1,1.94,,1
UP011365,APP03857,Income,Successful,38:28.3,58:31.9,8.19,,1
UP011366,APP03857,Additional Document,Successful,50:09.6,15:13.4,6.37,,1
UP011367,APP03858,Identity,Successful,17:45.3,35:31.6,7.23,,1
UP011368,APP03858,Income,Successful,30:56.6,46:45.0,2.25,,1
UP011369,APP03858,Additional Document,Successful,36:53.9,01:31.9,8.84,,1
UP011370,APP03859,Identity,Successful,12:40.7,19:43.5,1.64,,1
UP011371,APP03859,Income,Failed,20:29.3,48:14.2,3.66,UPLOAD_TIMEOUT,1
UP011372,APP03859,Income,Failed,30:35.4,50:06.8,0.5,TRANSFER_ERROR,2
UP011373,APP03859,Income,Successful,20:50.2,43:47.6,1,,3
UP011374,APP03859,Additional Document,Successful,32:16.2,57:51.9,7.13,,1
UP011375,APP03860,Identity,Successful,05:51.7,18:06.4,3.33,,1
UP011376,APP03860,Income,Successful,17:59.3,25:44.0,2.37,,1
UP011377,APP03860,Additional Document,Successful,13:46.7,37:52.3,5.05,,1
UP011378,APP03861,Identity,Successful,46:46.3,04:15.8,3.93,,1
UP011379,APP03861,Income,Failed,49:28.0,59:48.1,3.14,UPLOAD_TIMEOUT,1
UP011380,APP03861,Income,Failed,51:10.7,20:07.0,2.78,UPLOAD_TIMEOUT,2
UP011381,APP03861,Income,Successful,56:54.9,14:42.9,0.5,,3
UP011382,APP03861,Additional Document,Successful,52:55.9,18:58.0,7.41,,1
UP011383,APP03862,Identity,Successful,02:08.5,25:11.6,3.64,,1
UP011384,APP03862,Income,Successful,59:22.7,18:31.1,0.5,,1
UP011385,APP03862,Additional Document,Successful,07:53.6,31:00.3,2.59,,1
UP011386,APP03863,Identity,Successful,48:41.1,11:42.1,1.75,,1
UP011387,APP03863,Income,Failed,59:39.6,14:49.6,2.3,UPLOAD_TIMEOUT,1
UP011388,APP03863,Income,Failed,51:59.9,12:05.6,2.62,UPLOAD_TIMEOUT,2
UP011389,APP03863,Income,Successful,08:28.9,32:12.1,3.7,,3
UP011390,APP03863,Additional Document,Successful,11:17.5,43:20.2,7.81,,1
UP011391,APP03864,Identity,Successful,47:50.3,03:58.4,3.07,,1
UP011392,APP03864,Income,Successful,50:44.2,04:05.3,2.36,,1
UP011393,APP03864,Additional Document,Successful,54:47.0,16:41.3,8.03,,1
UP011394,APP03865,Identity,Successful,44:33.6,01:51.9,5.53,,1
UP011395,APP03865,Income,Successful,58:11.4,12:39.9,1.42,,1
UP011396,APP03865,Additional Document,Successful,44:15.5,07:15.8,8.36,,1
UP011397,APP03866,Identity,Successful,52:32.2,15:26.8,4.08,,1
UP011398,APP03866,Income,Successful,52:29.7,04:45.2,3.25,,1
UP011399,APP03866,Additional Document,Failed,50:53.0,15:27.1,7.03,UPLOAD_TIMEOUT,1
UP011400,APP03866,Additional Document,Failed,00:57.3,19:22.0,7.54,UPLOAD_TIMEOUT,2
UP011401,APP03866,Additional Document,Successful,05:03.1,36:39.4,6.02,,3
UP011402,APP03867,Identity,Failed,08:25.4,25:07.1,5.87,UPLOAD_TIMEOUT,1
UP011403,APP03867,Identity,Successful,14:04.7,30:35.8,1.57,,2
UP011404,APP03867,Income,Failed,14:10.5,30:43.5,1.47,UPLOAD_TIMEOUT,1
UP011405,APP03867,Income,Failed,19:23.8,36:19.2,3.77,UPLOAD_TIMEOUT,2
UP011406,APP03867,Income,Successful,12:12.5,35:07.9,2.23,,3
UP011407,APP03867,Additional Document,Successful,16:40.5,48:53.4,10.82,,1
UP011408,APP03868,Identity,Successful,08:41.4,22:23.9,4.16,,1
UP011409,APP03868,Income,Successful,01:37.2,20:09.5,3.37,,1
UP011410,APP03868,Additional Document,Successful,06:42.5,24:28.0,2.99,,1
UP011411,APP03869,Identity,Successful,04:48.2,14:54.3,3.3,,1
UP011412,APP03869,Income,Successful,10:55.5,30:07.6,3.37,,1
UP011413,APP03869,Additional Document,Successful,20:05.3,42:56.7,8.73,,1
UP011414,APP03870,Identity,Successful,43:39.1,02:06.7,3.81,,1
UP011415,APP03870,Income,Successful,48:41.3,59:07.4,5.28,,1
UP011416,APP03870,Additional Document,Successful,54:32.9,21:12.5,8.59,,1
UP011417,APP03871,Identity,Successful,53:18.6,17:06.4,1.68,,1
UP011418,APP03871,Income,Successful,01:50.1,20:44.2,3.45,,1
UP011419,APP03871,Additional Document,Successful,15:26.8,46:53.7,8.81,,1
UP011420,APP03872,Identity,Successful,48:23.4,07:07.9,4.38,,1
UP011421,APP03872,Income,Successful,44:50.6,08:59.1,3.96,,1
UP011422,APP03872,Additional Document,Successful,53:45.8,23:00.1,7.3,,1
UP011423,APP03873,Identity,Successful,18:07.3,27:32.8,5.78,,1
UP011424,APP03873,Income,Successful,25:42.5,40:17.0,7.16,,1
UP011425,APP03873,Additional Document,Successful,20:13.2,49:31.3,3.94,,1
UP011426,APP03874,Identity,Failed,23:11.0,53:44.3,3.65,FILE_TOO_LARGE,1
UP011427,APP03874,Identity,Failed,09:32.3,31:54.1,1.62,UPLOAD_TIMEOUT,2
UP011428,APP03874,Identity,Successful,13:26.0,37:54.2,1.91,,3
UP011429,APP03874,Income,Successful,16:51.5,32:55.8,7.27,,1
UP011430,APP03874,Additional Document,Successful,19:55.7,46:02.0,6.97,,1
UP011431,APP03875,Identity,Successful,08:44.4,20:04.2,2.22,,1
UP011432,APP03875,Income,Successful,11:20.0,24:54.5,2.74,,1
UP011433,APP03875,Additional Document,Successful,27:51.7,54:57.2,4.82,,1
UP011434,APP03876,Identity,Successful,44:12.7,08:11.8,2.46,,1
UP011435,APP03876,Income,Successful,47:18.5,03:41.8,1.5,,1
UP011436,APP03876,Additional Document,Failed,53:46.7,17:08.7,4.18,UPLOAD_TIMEOUT,1
UP011437,APP03876,Additional Document,Successful,47:25.6,07:31.7,8.29,,2
UP011438,APP03877,Identity,Successful,45:46.1,10:03.9,3.08,,1
UP011439,APP03877,Income,Successful,47:53.1,11:31.7,4.87,,1
UP011440,APP03877,Additional Document,Failed,54:29.0,27:15.1,6.43,UPLOAD_TIMEOUT,1
UP011441,APP03877,Additional Document,Successful,49:46.7,17:37.5,7.02,,2
UP011442,APP03878,Identity,Successful,02:40.5,14:15.7,1.62,,1
UP011443,APP03878,Income,Successful,07:06.8,19:38.9,3.09,,1
UP011444,APP03878,Additional Document,Successful,18:23.8,56:12.4,6.5,,1
UP011445,APP03879,Identity,Successful,11:44.8,30:49.4,3.75,,1
UP011446,APP03879,Income,Successful,10:36.0,26:01.3,3.98,,1
UP011447,APP03879,Additional Document,Successful,24:31.0,53:00.7,6.8,,1
UP011448,APP03880,Identity,Successful,48:59.5,02:39.6,2.81,,1
UP011449,APP03880,Income,Successful,56:44.1,16:16.0,3.86,,1
UP011450,APP03880,Additional Document,Successful,02:43.7,16:23.9,7.47,,1
UP011451,APP03881,Identity,Successful,47:53.7,04:07.9,3.03,,1
UP011452,APP03881,Income,Successful,55:10.3,21:55.3,5.63,,1
UP011453,APP03881,Additional Document,Successful,00:59.2,23:17.0,7.44,,1
UP011454,APP03882,Identity,Successful,39:22.6,05:27.2,3.54,,1
UP011455,APP03882,Income,Successful,40:13.6,09:24.3,0.5,,1
UP011456,APP03882,Additional Document,Successful,37:23.1,12:44.9,4.3,,1
UP011457,APP03883,Identity,Successful,55:39.7,20:43.1,4.7,,1
UP011458,APP03883,Income,Failed,53:11.4,12:36.8,4.15,UPLOAD_TIMEOUT,1
UP011459,APP03883,Income,Successful,53:51.5,20:54.7,5.93,,2
UP011460,APP03883,Additional Document,Successful,08:04.1,44:49.5,7.69,,1
UP011461,APP03884,Identity,Successful,09:55.6,34:14.5,2.78,,1
UP011462,APP03884,Income,Successful,07:18.7,29:44.1,5.93,,1
UP011463,APP03884,Additional Document,Successful,11:48.2,36:01.0,7,,1
UP011464,APP03885,Identity,Successful,53:30.4,18:04.6,3.46,,1
UP011465,APP03885,Income,Successful,53:14.1,15:52.9,7.42,,1
UP011466,APP03885,Additional Document,Successful,10:23.4,33:42.1,4.76,,1
UP011467,APP03886,Identity,Successful,02:55.3,14:06.4,3.36,,1
UP011468,APP03886,Income,Failed,59:33.4,20:46.2,2.48,FILE_TOO_LARGE,1
UP011469,APP03886,Income,Failed,18:58.3,33:25.5,2.82,UPLOAD_TIMEOUT,2
UP011470,APP03886,Income,Successful,11:02.0,31:12.0,5.63,,3
UP011471,APP03886,Additional Document,Successful,12:16.1,38:58.3,7.42,,1
UP011472,APP03887,Identity,Successful,16:27.0,36:45.5,4.74,,1
UP011473,APP03887,Income,Successful,25:50.3,44:08.5,3.21,,1
UP011474,APP03887,Additional Document,Successful,24:39.5,55:32.2,2.7,,1
UP011475,APP03888,Identity,Successful,34:32.9,54:26.1,2.7,,1
UP011476,APP03888,Income,Successful,39:35.2,58:16.3,2.49,,1
UP011477,APP03888,Additional Document,Successful,42:24.6,09:12.6,6.45,,1
UP011478,APP03889,Identity,Failed,21:37.3,43:03.1,2.53,FILE_TOO_LARGE,1
UP011479,APP03889,Identity,Successful,36:38.1,01:39.3,2.85,,2
UP011480,APP03889,Income,Successful,24:45.5,49:23.2,4.37,,1
UP011481,APP03889,Additional Document,Failed,40:04.6,12:47.3,6.68,UPLOAD_TIMEOUT,1
UP011482,APP03889,Additional Document,Successful,34:02.1,58:09.4,3.52,,2
UP011483,APP03890,Identity,Successful,35:00.2,45:30.7,3.9,,1
UP011484,APP03890,Income,Successful,42:33.8,56:23.5,2.16,,1
UP011485,APP03890,Additional Document,Successful,48:58.4,24:31.8,4.07,,1
UP011486,APP03891,Identity,Successful,22:45.5,45:16.9,0.5,,1
UP011487,APP03891,Income,Successful,28:58.4,40:42.2,4.42,,1
UP011488,APP03891,Additional Document,Failed,29:55.0,44:53.5,7.85,UPLOAD_TIMEOUT,1
UP011489,APP03891,Additional Document,Failed,33:19.6,53:08.8,9.22,UPLOAD_TIMEOUT,2
UP011490,APP03891,Additional Document,Successful,33:26.9,59:10.4,8.74,,3
UP011491,APP03892,Identity,Failed,53:25.3,12:58.5,0.5,FILE_TOO_LARGE,1
UP011492,APP03892,Identity,Successful,07:20.7,19:15.1,4.12,,2
UP011493,APP03892,Income,Successful,01:30.4,16:42.3,0.77,,1
UP011494,APP03892,Additional Document,Successful,11:48.0,35:59.7,8.09,,1
UP011495,APP03893,Identity,Successful,01:38.5,32:38.1,1.23,,1
UP011496,APP03893,Income,Successful,56:24.0,11:05.2,3.34,,1
UP011497,APP03893,Additional Document,Successful,13:11.7,37:47.9,3.7,,1
UP011498,APP03894,Identity,Successful,23:21.6,45:48.1,4.77,,1
UP011499,APP03894,Income,Successful,28:40.1,45:52.6,4.11,,1
UP011500,APP03894,Additional Document,Successful,35:12.6,05:44.3,6.07,,1
UP011501,APP03895,Identity,Successful,15:14.2,27:12.6,3.69,,1
UP011502,APP03895,Income,Successful,27:13.0,47:38.1,0.5,,1
UP011503,APP03895,Additional Document,Successful,25:37.4,37:04.5,6.3,,1
UP011504,APP03896,Identity,Successful,28:31.9,56:23.1,2.55,,1
UP011505,APP03896,Income,Failed,40:22.2,58:13.5,3.54,UPLOAD_TIMEOUT,1
UP011506,APP03896,Income,Successful,38:44.8,56:25.9,0.58,,2
UP011507,APP03896,Additional Document,Failed,37:38.9,13:20.5,5.21,UPLOAD_TIMEOUT,1
UP011508,APP03896,Additional Document,Successful,42:07.0,06:31.1,9.66,,2
UP011509,APP03897,Identity,Successful,39:47.6,59:21.5,4.46,,1
UP011510,APP03897,Income,Successful,46:28.0,08:57.3,1.05,,1
UP011511,APP03897,Additional Document,Successful,01:31.7,20:25.7,6.83,,1
UP011512,APP03898,Identity,Failed,33:08.1,00:37.0,5.07,UPLOAD_TIMEOUT,1
UP011513,APP03898,Identity,Failed,34:10.0,57:52.2,1,FILE_TOO_LARGE,2
UP011514,APP03898,Identity,Successful,23:00.0,46:27.2,1.1,,3
UP011515,APP03898,Income,Successful,49:48.1,00:59.0,3.36,,1
UP011516,APP03898,Additional Document,Successful,43:10.3,06:37.5,9.96,,1
UP011517,APP03899,Identity,Failed,17:50.2,46:54.6,2.09,UPLOAD_TIMEOUT,1
UP011518,APP03899,Identity,Failed,25:28.9,41:15.1,1.64,UPLOAD_TIMEOUT,2
UP011519,APP03899,Identity,Successful,25:40.3,45:00.1,3.45,,3
UP011520,APP03899,Income,Successful,24:51.2,52:52.1,4.32,,1
UP011521,APP03899,Additional Document,Successful,35:02.8,02:59.4,8.3,,1
UP011522,APP03900,Identity,Successful,08:42.1,29:00.6,0.5,,1
UP011523,APP03900,Income,Failed,18:16.0,34:14.9,1.93,UPLOAD_TIMEOUT,1
UP011524,APP03900,Income,Successful,05:35.3,29:12.7,1.96,,2
UP011525,APP03900,Additional Document,Successful,24:48.8,52:41.0,5.13,,1
UP011526,APP03901,Identity,Successful,55:20.7,02:21.2,4.2,,1
UP011527,APP03901,Income,Successful,05:41.7,15:28.4,4.89,,1
UP011528,APP03901,Additional Document,Successful,52:44.5,10:11.2,6.14,,1
UP011529,APP03902,Identity,Successful,17:58.0,47:49.7,5.57,,1
UP011530,APP03902,Income,Successful,23:40.3,41:41.3,0.5,,1
UP011531,APP03902,Additional Document,Successful,28:53.2,52:14.6,6.64,,1
UP011532,APP03903,Identity,Successful,14:03.0,34:59.6,5.23,,1
UP011533,APP03903,Income,Successful,20:23.0,32:01.9,3.46,,1
UP011534,APP03903,Additional Document,Successful,20:14.7,35:57.3,8.57,,1
UP011535,APP03904,Identity,Successful,32:00.0,56:01.8,4.61,,1
UP011536,APP03904,Income,Successful,43:24.6,06:50.4,2.41,,1
UP011537,APP03904,Additional Document,Successful,45:15.5,19:09.4,7.64,,1
UP011538,APP03905,Identity,Successful,57:31.8,15:23.7,4.11,,1
UP011539,APP03905,Income,Successful,52:38.0,18:32.7,2.54,,1
UP011540,APP03905,Additional Document,Successful,05:19.6,41:48.0,4.49,,1
UP011541,APP03906,Identity,Failed,57:53.4,24:36.8,1.14,FILE_TOO_LARGE,1
UP011542,APP03906,Identity,Successful,54:10.0,14:48.1,2.84,,2
UP011543,APP03906,Income,Failed,10:32.3,34:45.8,1.15,UPLOAD_TIMEOUT,1
UP011544,APP03906,Income,Successful,18:41.4,32:39.9,3.6,,2
UP011545,APP03906,Additional Document,Successful,13:06.8,40:35.9,10.89,,1
UP011546,APP03907,Identity,Successful,12:39.1,26:02.2,2.26,,1
UP011547,APP03907,Income,Successful,17:42.4,32:49.1,5.48,,1
UP011548,APP03907,Additional Document,Successful,28:07.3,50:32.2,9.11,,1
UP011549,APP03908,Identity,Successful,56:19.8,15:11.3,0.5,,1
UP011550,APP03908,Income,Successful,54:10.3,22:20.3,5.84,,1
UP011551,APP03908,Additional Document,Successful,07:44.5,37:00.7,7.7,,1
UP011552,APP03909,Identity,Successful,41:20.4,01:07.2,4.2,,1
UP011553,APP03909,Income,Successful,35:56.5,01:20.3,6.23,,1
UP011554,APP03909,Additional Document,Successful,46:16.7,15:34.5,6.35,,1
UP011555,APP03910,Identity,Failed,48:03.3,08:56.8,3.32,UPLOAD_TIMEOUT,1
UP011556,APP03910,Identity,Failed,43:42.6,08:06.6,3.8,UPLOAD_TIMEOUT,2
UP011557,APP03910,Identity,Successful,51:47.7,17:06.1,0.91,,3
UP011558,APP03910,Income,Successful,53:30.1,13:34.0,2.11,,1
UP011559,APP03910,Additional Document,Failed,01:15.2,28:15.8,5.51,TRANSFER_ERROR,1
UP011560,APP03910,Additional Document,Successful,04:23.9,20:17.5,7.05,,2
UP011561,APP03911,Identity,Successful,50:36.9,04:09.2,4.33,,1
UP011562,APP03911,Income,Successful,54:14.2,15:03.6,2.83,,1
UP011563,APP03911,Additional Document,Successful,01:11.7,32:54.4,6.78,,1
UP011564,APP03912,Identity,Successful,44:24.4,55:45.2,4.65,,1
UP011565,APP03912,Income,Failed,54:56.1,19:41.6,4.16,UPLOAD_TIMEOUT,1
UP011566,APP03912,Income,Successful,49:18.1,58:45.2,3.38,,2
UP011567,APP03912,Additional Document,Failed,57:49.4,24:24.7,7.51,FILE_TOO_LARGE,1
UP011568,APP03912,Additional Document,Successful,58:05.5,24:34.6,6.84,,2
UP011569,APP03913,Identity,Successful,55:30.3,17:10.2,7.31,,1
UP011570,APP03913,Income,Successful,54:49.6,13:20.3,3.58,,1
UP011571,APP03913,Additional Document,Successful,02:05.4,17:16.5,7.46,,1
UP011572,APP03914,Identity,Successful,42:54.1,03:05.9,4.16,,1
UP011573,APP03914,Income,Successful,51:57.9,07:38.6,2.06,,1
UP011574,APP03914,Additional Document,Successful,00:26.7,24:00.4,5.24,,1
UP011575,APP03915,Identity,Successful,00:51.1,16:13.3,4.5,,1
UP011576,APP03915,Income,Successful,05:34.1,17:02.7,4.67,,1
UP011577,APP03915,Additional Document,Successful,04:43.4,34:32.3,7.85,,1
UP011578,APP03916,Identity,Successful,14:51.7,34:29.5,1.11,,1
UP011579,APP03916,Income,Successful,16:51.7,42:21.6,4,,1
UP011580,APP03916,Additional Document,Successful,15:19.2,43:02.2,7.41,,1
UP011581,APP03917,Identity,Successful,29:29.6,44:38.1,4.6,,1
UP011582,APP03917,Income,Failed,37:04.1,49:51.2,1.1,FILE_TOO_LARGE,1
UP011583,APP03917,Income,Successful,40:53.8,01:21.7,2.18,,2
UP011584,APP03917,Additional Document,Successful,51:41.1,13:01.8,5.32,,1
UP011585,APP03918,Identity,Successful,20:57.2,36:25.0,2.9,,1
UP011586,APP03918,Income,Successful,28:05.9,46:12.4,4.28,,1
UP011587,APP03918,Additional Document,Successful,28:51.4,56:16.9,7.86,,1
UP011588,APP03919,Identity,Failed,30:00.7,48:51.5,4.66,UPLOAD_TIMEOUT,1
UP011589,APP03919,Identity,Failed,28:00.1,45:51.3,2.62,UPLOAD_TIMEOUT,2
UP011590,APP03919,Identity,Successful,31:55.3,01:15.4,1.95,,3
UP011591,APP03919,Income,Successful,27:32.7,50:41.8,3.78,,1
UP011592,APP03919,Additional Document,Successful,33:37.2,00:24.3,5.72,,1
UP011593,APP03920,Identity,Successful,59:43.5,24:29.0,3.18,,1
UP011594,APP03920,Income,Successful,52:02.0,12:33.5,1.01,,1
UP011595,APP03920,Additional Document,Successful,04:12.7,28:38.2,6.36,,1
UP011596,APP03921,Identity,Successful,56:43.3,10:18.2,3.4,,1
UP011597,APP03921,Income,Successful,05:16.6,11:48.8,2.48,,1
UP011598,APP03921,Additional Document,Failed,06:04.4,37:49.1,6.56,TRANSFER_ERROR,1
UP011599,APP03921,Additional Document,Failed,59:31.3,15:34.0,7.69,UPLOAD_TIMEOUT,2
UP011600,APP03921,Additional Document,Successful,00:55.0,22:57.1,8.21,,3
UP011601,APP03922,Identity,Successful,40:57.3,56:21.6,5.05,,1
UP011602,APP03922,Income,Successful,44:16.6,00:25.0,0.77,,1
UP011603,APP03922,Additional Document,Successful,51:00.0,15:35.1,8.55,,1
UP011604,APP03923,Identity,Successful,13:24.4,31:34.9,4.97,,1
UP011605,APP03923,Income,Successful,13:28.0,33:03.5,1.97,,1
UP011606,APP03923,Additional Document,Successful,28:25.9,45:22.7,7,,1
UP011607,APP03924,Identity,Successful,14:45.8,31:16.0,4.23,,1
UP011608,APP03924,Income,Successful,10:46.3,27:29.9,3.24,,1
UP011609,APP03924,Additional Document,Successful,16:26.9,40:47.4,7.93,,1
UP011610,APP03925,Identity,Successful,35:10.3,53:03.1,0.5,,1
UP011611,APP03925,Income,Successful,31:45.4,50:29.9,5.54,,1
UP011612,APP03925,Additional Document,Successful,36:59.3,58:22.9,7.67,,1
UP011613,APP03926,Identity,Failed,36:51.5,56:32.8,3.23,UPLOAD_TIMEOUT,1
UP011614,APP03926,Identity,Failed,22:14.1,37:28.3,1.71,UPLOAD_TIMEOUT,2
UP011615,APP03926,Identity,Successful,27:35.7,49:22.1,3.42,,3
UP011616,APP03926,Income,Successful,35:07.2,02:59.7,3.66,,1
UP011617,APP03926,Additional Document,Successful,44:04.3,12:30.1,4.39,,1
UP011618,APP03927,Identity,Failed,24:51.0,36:57.1,5.69,UPLOAD_TIMEOUT,1
UP011619,APP03927,Identity,Failed,28:41.4,43:02.5,2.6,UPLOAD_TIMEOUT,2
UP011620,APP03927,Identity,Successful,33:45.1,46:31.6,3.83,,3
UP011621,APP03927,Income,Successful,28:14.1,38:42.1,2.42,,1
UP011622,APP03927,Additional Document,Successful,29:58.3,03:17.8,8.45,,1
UP011623,APP03928,Identity,Successful,16:02.6,44:20.4,2.7,,1
UP011624,APP03928,Income,Successful,19:33.2,43:18.5,4.29,,1
UP011625,APP03928,Additional Document,Successful,30:41.6,58:18.8,4.51,,1
UP011626,APP03929,Identity,Successful,15:41.3,32:15.9,4.14,,1
UP011627,APP03929,Income,Successful,24:53.1,41:20.9,3.67,,1
UP011628,APP03929,Additional Document,Successful,32:00.2,57:41.7,7.98,,1
UP011629,APP03930,Identity,Failed,45:28.7,59:56.6,3.81,UPLOAD_TIMEOUT,1
UP011630,APP03930,Identity,Successful,47:26.8,56:38.5,5.52,,2
UP011631,APP03930,Income,Successful,43:41.3,50:53.8,3.5,,1
UP011632,APP03930,Additional Document,Failed,56:51.7,18:59.8,8.76,UPLOAD_TIMEOUT,1
UP011633,APP03930,Additional Document,Failed,03:38.5,19:07.1,5.85,FILE_TOO_LARGE,2
UP011634,APP03930,Additional Document,Successful,59:03.3,16:47.1,8.53,,3
UP011635,APP03931,Identity,Successful,06:03.6,28:13.5,3.25,,1
UP011636,APP03931,Income,Successful,16:04.6,42:09.2,5.59,,1
UP011637,APP03931,Additional Document,Successful,14:59.8,44:24.1,8.9,,1
UP011638,APP03932,Identity,Successful,15:10.1,36:27.2,2.11,,1
UP011639,APP03932,Income,Failed,19:15.8,38:12.0,3.44,TRANSFER_ERROR,1
UP011640,APP03932,Income,Successful,12:52.3,29:26.3,4.15,,2
UP011641,APP03932,Additional Document,Failed,25:08.4,57:24.8,4.44,UPLOAD_TIMEOUT,1
UP011642,APP03932,Additional Document,Successful,24:34.8,52:02.6,7.09,,2
UP011643,APP03933,Identity,Successful,50:52.9,03:30.1,5.49,,1
UP011644,APP03933,Income,Successful,53:23.4,15:45.9,4.98,,1
UP011645,APP03933,Additional Document,Successful,53:29.8,10:03.8,5.65,,1
UP011646,APP03934,Identity,Successful,02:32.4,23:01.8,0.5,,1
UP011647,APP03934,Income,Successful,07:38.9,25:37.2,1.98,,1
UP011648,APP03934,Additional Document,Failed,13:59.3,42:56.5,8.46,UPLOAD_TIMEOUT,1
UP011649,APP03934,Additional Document,Failed,12:51.7,37:55.9,5.59,TRANSFER_ERROR,2
UP011650,APP03934,Additional Document,Successful,13:32.4,36:27.4,3.38,,3
UP011651,APP03935,Identity,Successful,42:49.6,02:49.6,3.87,,1
UP011652,APP03935,Income,Successful,46:25.3,02:48.0,6.39,,1
UP011653,APP03935,Additional Document,Successful,44:57.6,03:51.1,4.68,,1
UP011654,APP03936,Identity,Failed,01:13.2,18:58.4,2.9,FILE_TOO_LARGE,1
UP011655,APP03936,Identity,Failed,01:13.6,13:59.6,3.21,UPLOAD_TIMEOUT,2
UP011656,APP03936,Identity,Successful,00:54.0,21:19.3,2.4,,3
UP011657,APP03936,Income,Successful,16:40.3,26:12.3,2.61,,1
UP011658,APP03936,Additional Document,Successful,23:41.4,51:31.8,4.64,,1
UP011659,APP03937,Identity,Successful,30:00.4,54:27.9,4.1,,1
UP011660,APP03937,Income,Successful,38:48.2,09:48.3,2.45,,1
UP011661,APP03937,Additional Document,Successful,35:01.8,59:52.7,9.28,,1
UP011662,APP03938,Identity,Successful,50:13.3,12:29.5,0.63,,1
UP011663,APP03938,Income,Successful,03:09.8,20:44.4,3.38,,1
UP011664,APP03938,Additional Document,Successful,10:03.2,46:16.2,7.77,,1
UP011665,APP03939,Identity,Successful,10:10.7,34:09.7,3.88,,1
UP011666,APP03939,Income,Successful,23:46.4,41:06.3,0.5,,1
UP011667,APP03939,Additional Document,Successful,20:26.7,52:37.9,5.19,,1
UP011668,APP03940,Identity,Successful,26:06.5,37:23.0,2.9,,1
UP011669,APP03940,Income,Successful,33:58.0,58:59.8,4.67,,1
UP011670,APP03940,Additional Document,Successful,24:56.1,57:18.6,8.75,,1
UP011671,APP03941,Identity,Successful,53:22.0,04:10.3,6.38,,1
UP011672,APP03941,Income,Failed,00:38.3,27:13.1,0.5,TRANSFER_ERROR,1
UP011673,APP03941,Income,Successful,01:39.1,19:13.3,3.74,,2
UP011674,APP03941,Additional Document,Successful,05:48.2,31:22.9,9.52,,1
UP011675,APP03942,Identity,Successful,37:43.3,00:09.7,6.59,,1
UP011676,APP03942,Income,Successful,44:13.9,02:24.0,7.72,,1
UP011677,APP03942,Additional Document,Successful,41:09.8,05:07.7,4.29,,1
UP011678,APP03943,Identity,Successful,16:00.0,35:23.1,4.29,,1
UP011679,APP03943,Income,Successful,36:24.6,48:20.9,2.62,,1
UP011680,APP03943,Additional Document,Successful,34:00.2,58:18.1,4.82,,1
UP011681,APP03944,Identity,Successful,59:02.4,03:55.7,3.08,,1
UP011682,APP03944,Income,Successful,04:55.1,19:17.9,3.2,,1
UP011683,APP03944,Additional Document,Successful,07:03.1,30:44.6,10.51,,1
UP011684,APP03945,Identity,Successful,02:01.5,15:04.4,4,,1
UP011685,APP03945,Income,Successful,06:35.2,26:12.2,1.32,,1
UP011686,APP03945,Additional Document,Successful,17:31.4,47:02.1,5.58,,1
UP011687,APP03946,Identity,Successful,13:44.5,30:38.5,0.5,,1
UP011688,APP03946,Income,Successful,21:31.2,37:21.0,4.32,,1
UP011689,APP03946,Additional Document,Successful,24:22.8,46:32.6,9.09,,1
UP011690,APP03947,Identity,Successful,19:14.5,28:58.1,2.13,,1
UP011691,APP03947,Income,Failed,24:51.0,48:53.7,3.82,UPLOAD_TIMEOUT,1
UP011692,APP03947,Income,Failed,25:25.5,34:25.4,4,UPLOAD_TIMEOUT,2
UP011693,APP03947,Income,Successful,33:35.8,46:50.7,5.84,,3
UP011694,APP03947,Additional Document,Successful,27:18.8,47:57.9,5.81,,1
UP011695,APP03948,Identity,Successful,00:29.5,22:22.4,1.7,,1
UP011696,APP03948,Income,Successful,55:16.1,24:09.4,5.65,,1
UP011697,APP03948,Additional Document,Successful,05:05.0,40:05.6,8.66,,1
UP011698,APP03949,Identity,Failed,54:48.8,14:53.5,3.23,UPLOAD_TIMEOUT,1
UP011699,APP03949,Identity,Successful,43:59.4,03:19.9,1.88,,2
UP011700,APP03949,Income,Failed,54:54.0,13:36.1,5.88,FILE_TOO_LARGE,1
UP011701,APP03949,Income,Successful,54:14.7,08:36.6,5.02,,2
UP011702,APP03949,Additional Document,Successful,55:55.5,22:52.4,5.1,,1
UP011703,APP03950,Identity,Failed,16:23.5,37:43.7,4.07,UPLOAD_TIMEOUT,1
UP011704,APP03950,Identity,Successful,14:09.4,31:55.8,2.26,,2
UP011705,APP03950,Income,Failed,26:05.8,47:27.7,6.16,TRANSFER_ERROR,1
UP011706,APP03950,Income,Failed,14:44.5,33:23.7,0.5,UPLOAD_TIMEOUT,2
UP011707,APP03950,Income,Successful,25:06.5,50:34.0,0.5,,3
UP011708,APP03950,Additional Document,Failed,33:24.9,56:41.9,4.69,TRANSFER_ERROR,1
UP011709,APP03950,Additional Document,Successful,24:33.7,44:39.6,6.25,,2
UP011710,APP03951,Identity,Successful,49:42.6,07:01.4,4.38,,1
UP011711,APP03951,Income,Successful,47:32.1,04:07.4,5.48,,1
UP011712,APP03951,Additional Document,Successful,00:17.1,22:07.2,8.22,,1
UP011713,APP03952,Identity,Successful,00:22.1,16:53.0,2.86,,1
UP011714,APP03952,Income,Successful,01:18.0,24:13.3,0.85,,1
UP011715,APP03952,Additional Document,Successful,13:22.5,28:58.2,6.88,,1
UP011716,APP03953,Identity,Successful,28:00.0,49:06.4,2.96,,1
UP011717,APP03953,Income,Successful,47:01.5,09:42.9,6.6,,1
UP011718,APP03953,Additional Document,Successful,42:53.7,15:33.5,5.71,,1
UP011719,APP03954,Identity,Successful,58:55.3,21:03.5,0.5,,1
UP011720,APP03954,Income,Failed,06:33.1,21:10.9,1.58,FILE_TOO_LARGE,1
UP011721,APP03954,Income,Successful,01:50.4,18:27.5,4.29,,2
UP011722,APP03954,Additional Document,Failed,13:37.1,32:47.3,7.08,UPLOAD_TIMEOUT,1
UP011723,APP03954,Additional Document,Failed,13:23.9,35:13.1,4.49,FILE_TOO_LARGE,2
UP011724,APP03954,Additional Document,Successful,08:52.4,36:10.9,7.14,,3
UP011725,APP03955,Identity,Successful,31:04.2,47:25.4,4.89,,1
UP011726,APP03955,Income,Successful,35:01.4,51:08.2,4.18,,1
UP011727,APP03955,Additional Document,Successful,39:11.0,12:45.6,9.73,,1
UP011728,APP03956,Identity,Successful,32:57.0,49:05.6,3.9,,1
UP011729,APP03956,Income,Successful,38:11.7,54:55.8,4.15,,1
UP011730,APP03956,Additional Document,Successful,40:35.8,10:54.4,10.11,,1
UP011731,APP03957,Identity,Successful,12:20.7,23:13.7,2.69,,1
UP011732,APP03957,Income,Successful,13:18.2,30:14.1,3,,1
UP011733,APP03957,Additional Document,Failed,24:12.1,48:48.6,6.96,UPLOAD_TIMEOUT,1
UP011734,APP03957,Additional Document,Failed,27:27.5,45:05.7,7.66,FILE_TOO_LARGE,2
UP011735,APP03957,Additional Document,Successful,23:20.7,52:44.7,10.67,,3
UP011736,APP03958,Identity,Successful,57:20.3,16:24.5,2.09,,1
UP011737,APP03958,Income,Successful,56:40.6,20:04.2,8.54,,1
UP011738,APP03958,Additional Document,Successful,56:59.4,24:11.7,7.9,,1
UP011739,APP03959,Identity,Successful,25:49.0,52:01.0,3.34,,1
UP011740,APP03959,Income,Successful,33:31.7,01:26.5,1.83,,1
UP011741,APP03959,Additional Document,Successful,22:50.6,42:16.4,7,,1
UP011742,APP03960,Identity,Successful,48:37.5,02:07.5,4.46,,1
UP011743,APP03960,Income,Successful,52:53.5,21:01.8,2.55,,1
UP011744,APP03960,Additional Document,Failed,58:30.3,26:13.4,5.22,FILE_TOO_LARGE,1
UP011745,APP03960,Additional Document,Failed,05:13.9,41:02.0,7.59,UPLOAD_TIMEOUT,2
UP011746,APP03960,Additional Document,Successful,06:55.6,24:07.7,9.34,,3
UP011747,APP03961,Identity,Successful,00:31.2,24:32.5,3.94,,1
UP011748,APP03961,Income,Successful,05:20.7,21:00.0,3.93,,1
UP011749,APP03961,Additional Document,Successful,12:02.0,35:25.3,7.66,,1
UP011750,APP03962,Identity,Successful,07:00.6,30:28.1,4.96,,1
UP011751,APP03962,Income,Successful,06:04.2,28:24.2,4.62,,1
UP011752,APP03962,Additional Document,Successful,07:02.6,30:06.7,8.71,,1
UP011753,APP03963,Identity,Successful,30:47.2,52:45.6,5,,1
UP011754,APP03963,Income,Successful,37:59.5,01:11.3,3.79,,1
UP011755,APP03963,Additional Document,Failed,36:59.9,07:49.4,6.41,FILE_TOO_LARGE,1
UP011756,APP03963,Additional Document,Failed,46:55.2,26:16.9,5.22,UPLOAD_TIMEOUT,2
UP011757,APP03963,Additional Document,Successful,43:08.5,06:14.2,2.87,,3
UP011758,APP03964,Identity,Successful,49:00.0,55:52.6,2.06,,1
UP011759,APP03964,Income,Successful,02:29.6,23:56.8,3.25,,1
UP011760,APP03964,Additional Document,Successful,13:15.6,36:22.9,8.78,,1
UP011761,APP03965,Identity,Successful,20:42.1,34:34.4,2.11,,1
UP011762,APP03965,Income,Failed,22:36.0,43:17.9,3.62,FILE_TOO_LARGE,1
UP011763,APP03965,Income,Successful,20:25.7,38:57.8,3.35,,2
UP011764,APP03965,Additional Document,Successful,27:43.9,50:26.5,7.88,,1
UP011765,APP03966,Identity,Failed,28:28.7,54:02.2,2.28,TRANSFER_ERROR,1
UP011766,APP03966,Identity,Successful,27:51.9,51:20.6,3.65,,2
UP011767,APP03966,Income,Successful,35:43.6,00:20.8,1.98,,1
UP011768,APP03966,Additional Document,Successful,34:34.9,47:20.8,7.35,,1
UP011769,APP03967,Identity,Successful,05:42.0,25:44.5,2.35,,1
UP011770,APP03967,Income,Successful,16:13.2,29:52.8,0.5,,1
UP011771,APP03967,Additional Document,Successful,15:31.5,36:51.7,4.05,,1
UP011772,APP03968,Identity,Successful,13:09.4,36:53.3,6.62,,1
UP011773,APP03968,Income,Failed,14:09.4,40:05.4,1.19,TRANSFER_ERROR,1
UP011774,APP03968,Income,Failed,08:07.5,28:42.9,2.65,UPLOAD_TIMEOUT,2
UP011775,APP03968,Income,Successful,25:28.3,42:19.6,5.32,,3
UP011776,APP03968,Additional Document,Successful,24:22.0,40:44.4,6.36,,1
UP011777,APP03969,Identity,Successful,53:31.3,08:59.3,2.9,,1
UP011778,APP03969,Income,Successful,59:19.9,09:24.8,6.66,,1
UP011779,APP03969,Additional Document,Successful,53:45.9,07:25.1,9.57,,1
UP011780,APP03970,Identity,Successful,44:44.1,07:00.0,3.93,,1
UP011781,APP03970,Income,Successful,53:23.1,13:27.2,0.5,,1
UP011782,APP03970,Additional Document,Failed,01:06.1,29:18.7,8.2,UPLOAD_TIMEOUT,1
UP011783,APP03970,Additional Document,Successful,02:29.4,31:29.6,5.75,,2
UP011784,APP03971,Identity,Successful,36:07.9,55:05.7,2.34,,1
UP011785,APP03971,Income,Failed,38:32.0,56:23.2,6.64,FILE_TOO_LARGE,1
UP011786,APP03971,Income,Successful,33:51.0,52:03.2,4.06,,2
UP011787,APP03971,Additional Document,Successful,41:23.1,04:29.8,8.1,,1
UP011788,APP03972,Identity,Successful,13:01.7,46:10.4,6.27,,1
UP011789,APP03972,Income,Successful,19:06.3,42:23.5,2.7,,1
UP011790,APP03972,Additional Document,Successful,20:18.0,43:20.2,5.87,,1
UP011791,APP03973,Identity,Successful,40:35.1,04:39.8,3.55,,1
UP011792,APP03973,Income,Successful,39:45.5,00:40.0,4.89,,1
UP011793,APP03973,Additional Document,Failed,43:12.0,08:24.7,5.92,FILE_TOO_LARGE,1
UP011794,APP03973,Additional Document,Successful,48:55.1,14:00.9,8.68,,2
UP011795,APP03974,Identity,Successful,56:07.8,14:00.5,3.02,,1
UP011796,APP03974,Income,Successful,03:28.2,18:10.6,0.5,,1
UP011797,APP03974,Additional Document,Successful,11:45.5,35:57.2,8.42,,1
UP011798,APP03975,Identity,Successful,53:04.8,25:50.5,3.48,,1
UP011799,APP03975,Income,Successful,49:55.7,13:37.5,6.93,,1
UP011800,APP03975,Additional Document,Successful,55:29.9,27:45.7,5.59,,1
UP011801,APP03976,Identity,Successful,19:20.4,23:18.5,3.13,,1
UP011802,APP03976,Income,Failed,19:12.8,42:16.0,4.66,TRANSFER_ERROR,1
UP011803,APP03976,Income,Successful,22:53.0,27:45.3,1.8,,2
UP011804,APP03976,Additional Document,Failed,26:26.9,02:14.4,4.94,UPLOAD_TIMEOUT,1
UP011805,APP03976,Additional Document,Successful,32:57.2,56:57.5,11.06,,2
UP011806,APP03977,Identity,Successful,43:15.7,06:14.3,2.98,,1
UP011807,APP03977,Income,Successful,56:24.5,30:51.7,6.81,,1
UP011808,APP03977,Additional Document,Failed,57:42.5,28:08.6,4.73,UPLOAD_TIMEOUT,1
UP011809,APP03977,Additional Document,Failed,54:26.4,23:07.1,9.04,UPLOAD_TIMEOUT,2
UP011810,APP03977,Additional Document,Successful,59:34.4,27:27.3,5.33,,3
UP011811,APP03978,Identity,Successful,44:14.5,08:34.5,5.27,,1
UP011812,APP03978,Income,Successful,46:40.5,13:56.4,1.81,,1
UP011813,APP03978,Additional Document,Failed,49:09.4,19:15.0,4.47,UPLOAD_TIMEOUT,1
UP011814,APP03978,Additional Document,Successful,56:19.0,29:43.4,5.33,,2
UP011815,APP03979,Identity,Successful,11:44.3,40:40.5,2.03,,1
UP011816,APP03979,Income,Successful,22:03.4,39:05.3,2.91,,1
UP011817,APP03979,Additional Document,Successful,26:28.1,54:28.1,7.68,,1
UP011818,APP03980,Identity,Successful,40:54.9,55:37.6,3.7,,1
UP011819,APP03980,Income,Successful,38:25.2,51:05.1,1.74,,1
UP011820,APP03980,Additional Document,Successful,35:55.9,59:18.3,5.75,,1
UP011821,APP03981,Identity,Successful,40:50.6,03:51.4,0.5,,1
UP011822,APP03981,Income,Successful,45:27.6,08:25.0,2.79,,1
UP011823,APP03981,Additional Document,Failed,50:16.2,06:04.6,4.72,TRANSFER_ERROR,1
UP011824,APP03981,Additional Document,Failed,55:09.5,19:40.5,6.04,FILE_TOO_LARGE,2
UP011825,APP03981,Additional Document,Successful,53:24.3,22:36.6,6.26,,3
UP011826,APP03982,Identity,Failed,40:57.3,52:01.1,2.11,UPLOAD_TIMEOUT,1
UP011827,APP03982,Identity,Successful,42:47.2,53:58.5,3.62,,2
UP011828,APP03982,Income,Successful,53:35.4,05:33.8,1.2,,1
UP011829,APP03982,Additional Document,Failed,57:25.7,25:11.8,6.23,FILE_TOO_LARGE,1
UP011830,APP03982,Additional Document,Failed,05:27.8,25:20.1,6.21,UPLOAD_TIMEOUT,2
UP011831,APP03982,Additional Document,Successful,57:37.8,26:11.4,6.42,,3
UP011832,APP03983,Identity,Successful,32:01.8,35:14.4,4.99,,1
UP011833,APP03983,Income,Successful,39:31.5,50:44.5,4.18,,1
UP011834,APP03983,Additional Document,Successful,39:22.9,05:43.9,6.5,,1
UP011835,APP03984,Identity,Successful,19:23.9,41:50.3,3.73,,1
UP011836,APP03984,Income,Successful,21:43.9,37:48.5,2.8,,1
UP011837,APP03984,Additional Document,Successful,17:36.7,33:01.6,2.64,,1
UP011838,APP03985,Identity,Successful,09:13.6,30:12.1,0.5,,1
UP011839,APP03985,Income,Successful,14:13.5,35:07.3,3.05,,1
UP011840,APP03985,Additional Document,Successful,29:55.7,49:27.2,4.72,,1
UP011841,APP03986,Identity,Successful,42:18.2,03:19.6,2.08,,1
UP011842,APP03986,Income,Successful,57:04.3,22:50.5,2.43,,1
UP011843,APP03986,Additional Document,Successful,56:00.6,32:22.4,7.9,,1
UP011844,APP03987,Identity,Successful,52:29.5,11:16.1,3.23,,1
UP011845,APP03987,Income,Successful,58:08.9,19:37.0,1.97,,1
UP011846,APP03987,Additional Document,Successful,07:51.0,42:42.7,6.82,,1
UP011847,APP03988,Identity,Failed,21:48.9,42:03.2,3.67,UPLOAD_TIMEOUT,1
UP011848,APP03988,Identity,Failed,08:26.5,16:51.3,4.72,UPLOAD_TIMEOUT,2
UP011849,APP03988,Identity,Successful,11:23.7,28:28.8,3.2,,3
UP011850,APP03988,Income,Successful,18:14.1,28:44.8,3.58,,1
UP011851,APP03988,Additional Document,Failed,12:23.4,30:46.3,11.08,FILE_TOO_LARGE,1
UP011852,APP03988,Additional Document,Successful,13:35.8,42:02.8,12.28,,2
UP011853,APP03989,Identity,Successful,12:48.1,32:47.7,5.19,,1
UP011854,APP03989,Income,Successful,17:06.2,37:47.3,4.34,,1
UP011855,APP03989,Additional Document,Successful,18:48.1,49:43.1,8.08,,1
UP011856,APP03990,Identity,Successful,53:05.8,12:20.7,5.95,,1
UP011857,APP03990,Income,Successful,55:11.0,20:08.2,3.91,,1
UP011858,APP03990,Additional Document,Successful,59:49.1,29:26.2,8.16,,1
UP011859,APP03991,Identity,Successful,33:30.1,49:28.6,1.73,,1
UP011860,APP03991,Income,Successful,28:19.6,44:17.6,4.58,,1
UP011861,APP03991,Additional Document,Successful,36:01.2,59:02.9,7.87,,1
UP011862,APP03992,Identity,Successful,30:14.8,42:28.3,4.62,,1
UP011863,APP03992,Income,Successful,23:46.2,39:24.6,6.2,,1
UP011864,APP03992,Additional Document,Successful,46:08.1,02:32.1,8.52,,1
UP011865,APP03993,Identity,Successful,50:39.4,16:07.9,7.3,,1
UP011866,APP03993,Income,Successful,06:28.2,14:51.9,2.39,,1
UP011867,APP03993,Additional Document,Failed,03:29.1,21:07.4,8.19,UPLOAD_TIMEOUT,1
UP011868,APP03993,Additional Document,Successful,07:42.6,25:40.4,5.98,,2
UP011869,APP03994,Identity,Successful,41:07.8,02:35.1,7.68,,1
UP011870,APP03994,Income,Successful,51:07.2,13:32.9,7.76,,1
UP011871,APP03994,Additional Document,Successful,58:23.2,17:31.0,7.26,,1
UP011872,APP03995,Identity,Successful,04:44.8,31:43.8,5.89,,1
UP011873,APP03995,Income,Successful,01:05.5,26:35.3,0.5,,1
UP011874,APP03995,Additional Document,Successful,11:34.7,39:11.7,4.54,,1
UP011875,APP03996,Identity,Successful,03:24.3,28:16.9,3.43,,1
UP011876,APP03996,Income,Successful,11:46.0,29:27.1,1.69,,1
UP011877,APP03996,Additional Document,Failed,21:30.7,54:15.4,9.9,UPLOAD_TIMEOUT,1
UP011878,APP03996,Additional Document,Successful,31:32.7,02:27.7,7.33,,2
UP011879,APP03997,Identity,Successful,30:41.3,52:52.5,1.74,,1
UP011880,APP03997,Income,Successful,39:41.3,11:18.9,1.05,,1
UP011881,APP03997,Additional Document,Successful,48:30.5,19:20.7,6.92,,1
UP011882,APP03998,Identity,Successful,00:44.8,19:55.0,1.18,,1
UP011883,APP03998,Income,Successful,01:09.4,30:56.7,1.15,,1
UP011884,APP03998,Additional Document,Successful,16:47.6,44:00.6,9,,1
UP011885,APP03999,Identity,Successful,38:16.1,01:13.9,6.3,,1
UP011886,APP03999,Income,Failed,46:46.1,05:04.8,4.56,UPLOAD_TIMEOUT,1
UP011887,APP03999,Income,Successful,46:27.7,01:17.2,0.5,,2
UP011888,APP03999,Additional Document,Successful,57:09.7,23:11.7,6.41,,1
UP011889,APP04000,Identity,Successful,58:53.3,27:05.9,2.9,,1
UP011890,APP04000,Income,Successful,57:17.3,14:05.6,1.31,,1
UP011891,APP04000,Additional Document,Successful,01:30.2,33:02.3,2.77,,1
